# cell_offsets: u32, 107108 values. See README.md.
values 107108
0 31 62 93 124 155 186 217
248 279 310 341 372 403 434 465
496 527 558 589 620 651 682 713
744 775 806 837 868 899 930 961
992 1023 1054 1085 1116 1147 1178 1209
1240 1271 1302 1333 1364 1395 1426 1457
1488 1519 1550 1581 1612 1643 1674 1705
1736 1767 1798 1829 1860 1891 1922 1953
1984 2015 2046 2077 2108 2139 2170 2201
2232 2263 2294 2325 2356 2387 2418 2449
2480 2511 2542 2573 2604 2635 2666 2697
2728 2759 2790 2821 2852 2883 2914 2945
2976 3007 3038 3069 3100 3131 3162 3193
3224 3255 3286 3317 3348 3379 3410 3441
3472 3503 3534 3565 3596 3627 3658 3689
3720 3751 3782 3813 3844 3875 3906 3937
3968 3999 4030 4061 4092 4123 4154 4185
4216 4247 4278 4309 4340 4371 4402 4433
4464 4495 4526 4557 4588 4619 4650 4681
4712 4743 4774 4805 4836 4867 4898 4929
4960 4991 5022 5053 5084 5115 5146 5177
5208 5239 5270 5301 5332 5363 5394 5425
5456 5487 5518 5549 5580 5611 5642 5673
5704 5735 5766 5797 5828 5859 5890 5921
5952 5983 6014 6045 6076 6107 6138 6169
6200 6231 6262 6293 6324 6355 6386 6417
6448 6479 6510 6541 6572 6603 6634 6665
6696 6727 6758 6789 6820 6851 6882 6913
6944 6975 7006 7037 7068 7099 7130 7161
7192 7223 7254 7285 7316 7347 7378 7409
7440 7471 7502 7533 7564 7595 7626 7657
7688 7719 7750 7781 7812 7843 7874 7905
7936 7967 7998 8029 8060 8091 8122 8153
8184 8215 8246 8277 8308 8339 8370 8401
8432 8463 8494 8525 8556 8587 8618 8649
8680 8711 8742 8773 8804 8835 8866 8897
8928 8959 8990 9021 9052 9083 9114 9145
9176 9207 9238 9269 9300 9331 9362 9393
9424 9455 9486 9517 9548 9579 9610 9641
9672 9703 9734 9765 9796 9827 9858 9889
9920 9951 9982 10013 10044 10075 10106 10137
10168 10199 10230 10261 10292 10323 10354 10385
10416 10447 10478 10509 10540 10571 10602 10633
10664 10695 10726 10757 10788 10819 10850 10881
10912 10943 10974 11005 11036 11067 11098 11129
11160 11191 11222 11253 11284 11315 11346 11377
11408 11439 11470 11501 11532 11563 11594 11625
11656 11687 11718 11749 11780 11811 11842 11873
11904 11935 11966 11997 12028 12059 12090 12121
12152 12183 12214 12245 12276 12307 12338 12369
12400 12431 12462 12493 12524 12555 12586 12617
12648 12679 12710 12741 12772 12803 12834 12865
12896 12927 12958 12989 13020 13051 13082 13113
13144 13175 13206 13237 13268 13299 13330 13361
13392 13423 13454 13485 13516 13547 13578 13609
13640 13671 13702 13733 13764 13795 13826 13857
13888 13919 13950 13981 14012 14043 14075 14107
14139 14171 14203 14235 14267 14299 14331 14363
14395 14427 14459 14491 14523 14555 14587 14619
14651 14683 14715 14747 14779 14811 14843 14875
14907 14939 14971 15003 15035 15067 15099 15131
15163 15195 15227 15259 15291 15323 15355 15387
15419 15451 15483 15515 15547 15579 15611 15643
15675 15707 15739 15771 15803 15835 15867 15899
15931 15963 15995 16027 16059 16091 16123 16155
16187 16219 16251 16283 16315 16347 16379 16411
16443 16475 16507 16539 16571 16603 16635 16667
16699 16731 16763 16795 16827 16859 16891 16923
16955 16987 17019 17051 17083 17115 17147 17179
17211 17243 17275 17307 17339 17371 17403 17435
17467 17499 17531 17563 17595 17627 17659 17691
17723 17755 17787 17819 17851 17883 17915 17947
17979 18011 18043 18075 18107 18139 18171 18203
18235 18267 18299 18331 18363 18395 18427 18459
18491 18523 18555 18587 18619 18651 18683 18715
18747 18779 18811 18843 18875 18907 18939 18971
19003 19035 19067 19099 19131 19163 19195 19227
19259 19291 19323 19355 19387 19419 19451 19483
19515 19547 19579 19611 19643 19675 19707 19739
19771 19803 19835 19867 19899 19931 19963 19995
20027 20059 20091 20123 20155 20187 20219 20251
20283 20315 20347 20379 20411 20443 20475 20507
20539 20571 20603 20635 20667 20699 20731 20763
20795 20827 20859 20891 20923 20955 20987 21019
21051 21083 21115 21147 21179 21211 21243 21275
21307 21339 21371 21403 21435 21467 21499 21531
21563 21595 21627 21659 21691 21723 21755 21787
21819 21851 21883 21915 21947 21979 22011 22043
22075 22107 22139 22171 22203 22235 22267 22299
22331 22363 22395 22427 22459 22491 22523 22555
22587 22619 22651 22683 22715 22747 22779 22811
22843 22875 22907 22939 22971 23003 23035 23067
23099 23131 23163 23195 23227 23259 23291 23323
23355 23387 23419 23451 23483 23515 23547 23579
23611 23643 23675 23707 23739 23771 23803 23835
23867 23899 23931 23963 23995 24027 24059 24091
24123 24155 24187 24219 24251 24283 24315 24347
24379 24411 24443 24475 24507 24539 24571 24603
24635 24667 24699 24731 24763 24795 24827 24859
24891 24923 24955 24987 25019 25051 25083 25115
25147 25179 25211 25243 25275 25307 25339 25371
25403 25435 25467 25499 25531 25563 25595 25627
25659 25691 25723 25755 25787 25819 25851 25883
25915 25947 25979 26011 26043 26075 26107 26139
26171 26203 26235 26267 26299 26331 26363 26395
26427 26459 26491 26523 26555 26587 26619 26651
26683 26715 26747 26779 26811 26843 26875 26907
26939 26971 27003 27035 27067 27099 27131 27163
27195 27227 27259 27291 27323 27355 27387 27419
27451 27483 27515 27547 27579 27611 27643 27675
27707 27739 27771 27803 27835 27867 27899 27931
27963 27995 28027 28059 28091 28123 28155 28187
28219 28251 28283 28315 28347 28379 28411 28443
28475 28507 28539 28571 28603 28635 28667 28699
28731 28763 28795 28827 28859 28891 28923 28955
28987 29019 29051 29083 29115 29147 29179 29211
29243 29275 29307 29339 29371 29403 29435 29467
29499 29531 29563 29595 29627 29659 29691 29723
29755 29787 29819 29851 29883 29915 29947 29979
30011 30043 30075 30107 30139 30171 30203 30235
30267 30299 30331 30363 30395 30427 30459 30491
30523 30555 30587 30619 30651 30683 30715 30747
30779 30811 30843 30875 30907 30939 30971 31003
31035 31067 31099 31131 31163 31195 31227 31259
31291 31323 31355 31387 31419 31451 31483 31515
31547 31579 31611 31643 31675 31707 31739 31771
31803 31835 31867 31899 31931 31963 31995 32027
32059 32091 32123 32155 32187 32219 32251 32283
32315 32347 32379 32411 32443 32475 32507 32539
32571 32603 32635 32667 32699 32731 32763 32795
32827 32859 32891 32923 32955 32987 33019 33051
33083 33115 33147 33179 33211 33243 33275 33307
33339 33371 33403 33435 33467 33499 33531 33563
33595 33627 33659 33691 33723 33755 33787 33819
33851 33883 33915 33947 33979 34011 34043 34075
34107 34139 34171 34203 34235 34267 34299 34331
34363 34395 34427 34459 34491 34523 34555 34587
34619 34651 34683 34715 34747 34779 34811 34843
34875 34907 34939 34971 35003 35035 35067 35099
35131 35163 35195 35227 35259 35291 35323 35355
35387 35419 35451 35483 35515 35547 35579 35611
35643 35675 35707 35739 35771 35803 35835 35867
35899 35931 35963 35995 36027 36059 36091 36123
36155 36187 36219 36251 36283 36315 36347 36379
36411 36443 36475 36507 36539 36571 36603 36635
36667 36699 36731 36763 36795 36827 36859 36891
36923 36955 36987 37019 37051 37083 37115 37147
37179 37211 37243 37275 37307 37339 37371 37403
37435 37467 37499 37531 37563 37595 37627 37659
37691 37723 37755 37787 37819 37851 37883 37915
37947 37979 38011 38043 38075 38107 38139 38171
38203 38235 38267 38299 38331 38363 38395 38427
38459 38491 38523 38555 38587 38619 38651 38683
38715 38747 38779 38811 38843 38875 38907 38939
38971 39003 39035 39067 39099 39131 39163 39195
39227 39259 39291 39323 39355 39387 39419 39451
39483 39515 39547 39579 39611 39643 39675 39707
39739 39771 39803 39835 39867 39899 39931 39963
39995 40027 40059 40091 40123 40155 40187 40219
40251 40283 40315 40347 40379 40411 40443 40475
40507 40539 40571 40603 40635 40667 40699 40731
40763 40795 40827 40859 40891 40923 40955 40987
41019 41051 41083 41115 41147 41179 41211 41243
41275 41307 41339 41371 41403 41435 41467 41499
41531 41563 41595 41627 41659 41691 41723 41755
41787 41819 41851 41883 41915 41947 41979 42011
42043 42075 42107 42139 42171 42203 42235 42267
42299 42331 42363 42395 42427 42459 42491 42523
42555 42587 42619 42651 42683 42715 42747 42779
42811 42843 42875 42907 42939 42971 43003 43035
43067 43099 43131 43163 43195 43227 43259 43291
43323 43355 43387 43419 43451 43483 43515 43547
43579 43611 43643 43675 43707 43739 43771 43803
43835 43867 43899 43931 43963 43995 44027 44059
44091 44123 44155 44187 44219 44251 44283 44315
44347 44379 44411 44443 44475 44507 44539 44571
44603 44635 44667 44699 44731 44763 44795 44827
44859 44891 44923 44955 44987 45019 45051 45083
45115 45147 45179 45211 45243 45275 45307 45339
45371 45403 45435 45467 45499 45531 45563 45595
45627 45659 45691 45723 45755 45787 45819 45851
45883 45915 45947 45979 46011 46043 46075 46107
46139 46171 46203 46235 46267 46299 46331 46363
46395 46427 46459 46491 46523 46555 46587 46619
46651 46683 46715 46747 46779 46811 46843 46875
46907 46939 46971 47003 47035 47067 47099 47131
47163 47195 47227 47259 47291 47323 47355 47387
47419 47451 47483 47515 47547 47579 47611 47643
47675 47707 47739 47771 47803 47835 47867 47899
47931 47963 47995 48027 48059 48091 48123 48155
48187 48219 48251 48283 48315 48347 48379 48411
48443 48475 48507 48539 48571 48603 48635 48667
48699 48731 48763 48795 48827 48859 48891 48923
48955 48987 49019 49051 49083 49115 49147 49179
49211 49243 49275 49307 49339 49371 49403 49435
49467 49499 49531 49563 49595 49627 49659 49691
49723 49755 49787 49819 49851 49883 49915 49947
49979 50011 50043 50075 50107 50139 50171 50203
50235 50267 50299 50331 50363 50395 50427 50459
50491 50523 50555 50587 50619 50651 50683 50715
50747 50779 50811 50843 50875 50907 50939 50971
51003 51035 51067 51099 51131 51163 51195 51227
51259 51291 51323 51355 51387 51419 51451 51483
51515 51547 51579 51611 51643 51675 51707 51739
51771 51803 51835 51867 51899 51931 51963 51995
52027 52059 52091 52123 52155 52187 52219 52251
52283 52315 52347 52379 52411 52443 52475 52507
52539 52571 52603 52635 52667 52699 52731 52763
52795 52827 52859 52891 52923 52955 52987 53019
53051 53083 53115 53147 53179 53211 53243 53275
53307 53339 53371 53403 53435 53467 53499 53531
53563 53595 53627 53659 53691 53723 53755 53787
53819 53851 53883 53915 53947 53979 54011 54043
54075 54107 54139 54171 54203 54235 54267 54299
54331 54363 54395 54427 54459 54491 54523 54555
54587 54619 54651 54683 54715 54747 54779 54811
54843 54875 54907 54939 54971 55003 55035 55067
55099 55131 55163 55195 55227 55259 55291 55323
55355 55387 55419 55451 55483 55515 55547 55579
55611 55643 55675 55707 55739 55771 55803 55835
55867 55899 55931 55963 55995 56027 56059 56091
56123 56155 56187 56219 56251 56283 56315 56347
56379 56411 56443 56475 56507 56539 56571 56603
56635 56667 56699 56731 56763 56795 56827 56859
56891 56923 56955 56987 57019 57051 57083 57115
57147 57179 57211 57243 57275 57307 57339 57371
57403 57435 57467 57499 57531 57563 57595 57627
57659 57691 57723 57755 57787 57819 57851 57883
57915 57947 57979 58011 58043 58075 58107 58139
58171 58203 58235 58267 58299 58331 58363 58395
58427 58459 58491 58523 58555 58587 58619 58651
58683 58715 58747 58779 58811 58843 58875 58907
58939 58971 59003 59035 59067 59099 59131 59163
59195 59227 59259 59291 59323 59355 59387 59419
59451 59483 59515 59547 59579 59611 59643 59675
59707 59739 59771 59803 59835 59867 59899 59931
59963 59995 60027 60059 60091 60123 60155 60187
60219 60251 60283 60315 60347 60379 60411 60443
60475 60507 60539 60571 60603 60635 60667 60699
60731 60763 60795 60827 60859 60891 60923 60955
60987 61019 61051 61083 61115 61147 61179 61211
61243 61275 61307 61339 61371 61403 61435 61467
61499 61531 61563 61595 61627 61659 61691 61723
61755 61787 61819 61851 61883 61915 61947 61979
62011 62043 62075 62107 62139 62171 62203 62235
62267 62299 62331 62363 62395 62427 62459 62491
62523 62555 62587 62619 62651 62683 62715 62747
62779 62811 62843 62875 62907 62939 62971 63003
63035 63067 63099 63131 63163 63195 63227 63259
63291 63323 63355 63387 63419 63451 63483 63515
63547 63579 63611 63643 63675 63707 63739 63771
63803 63835 63867 63899 63931 63963 63995 64027
64059 64091 64123 64155 64187 64219 64251 64283
64315 64347 64379 64411 64443 64475 64507 64539
64571 64603 64635 64667 64699 64731 64763 64795
64827 64859 64891 64923 64955 64987 65019 65051
65083 65115 65147 65179 65211 65243 65275 65307
65339 65371 65403 65435 65467 65499 65531 65563
65595 65627 65659 65691 65723 65755 65787 65819
65851 65883 65915 65947 65979 66011 66043 66075
66107 66139 66171 66203 66235 66267 66299 66331
66363 66395 66427 66459 66491 66523 66555 66587
66619 66651 66683 66715 66747 66779 66811 66843
66875 66907 66939 66971 67003 67035 67067 67099
67131 67163 67195 67227 67259 67291 67323 67355
67387 67419 67451 67483 67515 67547 67579 67611
67643 67675 67707 67739 67771 67803 67835 67867
67899 67931 67963 67995 68027 68059 68091 68123
68155 68187 68219 68251 68283 68315 68347 68379
68411 68443 68475 68507 68539 68571 68603 68635
68667 68699 68731 68763 68795 68827 68859 68891
68923 68955 68987 69019 69051 69083 69115 69147
69179 69211 69243 69275 69307 69339 69371 69403
69435 69467 69499 69531 69563 69595 69627 69659
69691 69723 69755 69787 69819 69851 69883 69915
69947 69979 70011 70043 70075 70107 70139 70171
70203 70235 70267 70299 70331 70363 70395 70427
70459 70491 70523 70555 70587 70619 70651 70683
70715 70747 70779 70811 70843 70875 70907 70939
70971 71003 71035 71067 71099 71131 71163 71195
71227 71259 71291 71323 71355 71387 71419 71451
71483 71515 71547 71579 71611 71643 71675 71707
71739 71771 71803 71835 71867 71899 71931 71963
71995 72027 72059 72091 72123 72155 72187 72219
72251 72283 72315 72347 72379 72411 72443 72475
72507 72539 72571 72603 72635 72667 72699 72731
72763 72795 72827 72859 72891 72923 72955 72987
73019 73051 73083 73115 73147 73179 73211 73243
73275 73307 73339 73371 73403 73435 73467 73499
73531 73563 73595 73627 73659 73691 73723 73755
73787 73819 73851 73883 73915 73947 73979 74011
74043 74075 74107 74139 74171 74203 74235 74267
74299 74331 74363 74395 74427 74459 74491 74523
74555 74587 74619 74651 74683 74715 74747 74779
74811 74843 74875 74907 74939 74971 75003 75035
75067 75099 75131 75163 75195 75227 75259 75291
75323 75355 75387 75419 75451 75483 75515 75547
75579 75611 75643 75675 75707 75739 75771 75803
75835 75867 75899 75931 75963 75995 76027 76059
76091 76123 76155 76187 76219 76251 76283 76315
76347 76379 76411 76443 76475 76507 76539 76571
76603 76635 76667 76699 76731 76763 76795 76827
76859 76891 76923 76955 76987 77019 77051 77083
77115 77147 77179 77211 77243 77275 77307 77339
77371 77403 77435 77467 77499 77531 77563 77595
77627 77659 77691 77723 77755 77787 77819 77851
77883 77915 77947 77979 78011 78043 78075 78107
78139 78171 78203 78235 78267 78299 78331 78363
78395 78427 78459 78491 78523 78555 78587 78619
78651 78683 78715 78747 78779 78811 78843 78875
78907 78939 78971 79003 79035 79067 79099 79131
79163 79195 79227 79259 79291 79323 79355 79387
79419 79451 79483 79515 79547 79579 79611 79643
79675 79707 79739 79771 79803 79835 79867 79899
79931 79963 79995 80027 80059 80091 80123 80155
80187 80219 80251 80283 80315 80347 80379 80411
80443 80475 80507 80539 80571 80603 80635 80667
80699 80731 80763 80795 80827 80859 80891 80923
80955 80987 81019 81051 81083 81115 81147 81179
81211 81243 81275 81307 81339 81371 81403 81435
81467 81499 81531 81563 81595 81627 81659 81691
81723 81755 81787 81819 81851 81883 81915 81947
81979 82011 82043 82075 82107 82139 82171 82203
82235 82267 82299 82331 82363 82395 82427 82459
82491 82523 82555 82587 82619 82651 82683 82715
82747 82779 82811 82843 82875 82907 82939 82971
83003 83035 83067 83099 83131 83163 83195 83227
83259 83291 83323 83355 83387 83419 83451 83483
83515 83547 83579 83611 83643 83675 83707 83739
83771 83803 83835 83867 83899 83931 83963 83995
84027 84059 84091 84123 84155 84187 84219 84251
84283 84315 84347 84379 84411 84443 84475 84507
84539 84571 84603 84635 84667 84699 84731 84763
84795 84827 84859 84891 84923 84955 84987 85019
85051 85083 85115 85147 85179 85211 85243 85275
85307 85339 85371 85403 85435 85467 85499 85531
85563 85595 85627 85659 85691 85723 85755 85787
85819 85851 85883 85915 85947 85979 86011 86043
86075 86107 86139 86171 86203 86235 86267 86299
86331 86363 86395 86427 86459 86491 86523 86555
86587 86619 86651 86683 86715 86747 86779 86811
86843 86875 86907 86939 86971 87003 87035 87067
87099 87131 87163 87195 87227 87259 87291 87323
87355 87387 87419 87451 87483 87515 87547 87579
87611 87643 87675 87707 87739 87771 87803 87835
87867 87899 87931 87963 87995 88027 88059 88091
88123 88155 88187 88219 88251 88283 88315 88347
88379 88411 88443 88475 88507 88539 88571 88603
88635 88667 88699 88731 88763 88795 88827 88859
88891 88923 88955 88987 89019 89051 89083 89115
89147 89179 89211 89243 89275 89307 89339 89371
89403 89435 89467 89499 89531 89563 89595 89627
89659 89691 89723 89755 89787 89819 89851 89883
89915 89947 89979 90011 90043 90075 90107 90139
90171 90203 90235 90267 90299 90331 90363 90395
90427 90459 90491 90523 90555 90587 90619 90651
90683 90715 90747 90779 90811 90843 90875 90907
90939 90971 91003 91035 91067 91099 91131 91163
91195 91227 91259 91291 91323 91355 91387 91419
91451 91483 91515 91547 91579 91611 91643 91675
91707 91739 91771 91803 91835 91867 91899 91931
91963 91995 92027 92059 92091 92123 92155 92187
92219 92251 92283 92315 92347 92379 92411 92443
92475 92507 92539 92571 92603 92635 92667 92699
92731 92763 92795 92827 92859 92891 92923 92955
92987 93019 93051 93083 93115 93147 93179 93211
93243 93275 93307 93339 93371 93403 93435 93467
93499 93531 93563 93595 93627 93659 93691 93723
93755 93787 93819 93851 93883 93915 93947 93979
94011 94043 94075 94107 94139 94171 94203 94235
94267 94299 94331 94363 94395 94427 94459 94491
94523 94555 94587 94619 94651 94683 94715 94747
94779 94811 94843 94875 94907 94940 94973 95006
95039 95072 95105 95138 95171 95204 95237 95270
95303 95336 95369 95402 95435 95468 95501 95534
95567 95600 95633 95666 95699 95732 95765 95798
95831 95864 95897 95930 95963 95996 96029 96062
96095 96128 96161 96194 96227 96260 96293 96326
96359 96392 96425 96458 96491 96524 96557 96590
96623 96656 96689 96722 96755 96788 96821 96854
96887 96920 96953 96986 97019 97052 97085 97118
97151 97184 97217 97250 97283 97316 97349 97382
97415 97448 97481 97514 97547 97580 97613 97646
97679 97712 97745 97778 97811 97844 97877 97910
97943 97976 98009 98042 98075 98108 98141 98174
98207 98240 98273 98306 98339 98372 98405 98438
98471 98504 98537 98570 98603 98636 98669 98702
98735 98768 98801 98834 98867 98900 98933 98966
98999 99032 99065 99098 99131 99164 99197 99230
99263 99296 99329 99362 99395 99428 99461 99494
99527 99560 99593 99626 99659 99692 99725 99758
99791 99824 99857 99890 99923 99956 99989 100022
100055 100088 100121 100154 100187 100220 100253 100286
100319 100352 100385 100418 100451 100484 100517 100550
100583 100616 100649 100682 100715 100748 100781 100814
100847 100880 100913 100946 100979 101012 101045 101078
101111 101144 101177 101210 101243 101276 101309 101342
101375 101408 101441 101474 101507 101540 101573 101606
101639 101672 101705 101738 101771 101804 101837 101870
101903 101936 101969 102002 102035 102068 102101 102134
102167 102200 102233 102266 102299 102332 102365 102398
102431 102464 102497 102530 102563 102596 102629 102662
102695 102728 102761 102794 102827 102860 102893 102926
102959 102992 103025 103058 103091 103124 103157 103190
103223 103256 103289 103322 103355 103388 103421 103454
103487 103520 103553 103586 103619 103652 103685 103718
103751 103784 103817 103850 103883 103916 103949 103982
104015 104048 104081 104114 104147 104180 104213 104246
104279 104312 104345 104378 104411 104444 104477 104510
104543 104576 104609 104642 104675 104708 104741 104774
104807 104840 104873 104906 104939 104972 105005 105038
105071 105104 105137 105170 105203 105236 105269 105302
105335 105368 105401 105434 105467 105500 105533 105566
105599 105632 105665 105698 105731 105764 105797 105830
105863 105896 105929 105962 105995 106028 106061 106094
106127 106160 106193 106226 106259 106292 106325 106358
106391 106424 106457 106490 106523 106556 106589 106622
106655 106688 106721 106754 106787 106820 106853 106886
106919 106952 106985 107018 107051 107084 107117 107150
107183 107216 107249 107282 107315 107348 107381 107414
107447 107480 107513 107546 107579 107612 107645 107678
107711 107744 107777 107810 107843 107876 107909 107942
107975 108008 108041 108074 108107 108140 108173 108206
108239 108272 108305 108338 108371 108404 108437 108470
108503 108536 108569 108602 108635 108668 108701 108734
108767 108800 108833 108866 108899 108932 108965 108998
109031 109064 109097 109130 109163 109196 109229 109262
109295 109328 109361 109394 109427 109460 109493 109526
109559 109592 109625 109658 109691 109724 109757 109790
109823 109856 109889 109922 109955 109988 110021 110054
110087 110120 110153 110186 110219 110252 110285 110318
110351 110384 110417 110450 110483 110516 110549 110582
110615 110648 110681 110714 110747 110780 110813 110846
110879 110912 110945 110978 111011 111044 111077 111110
111143 111176 111209 111242 111275 111308 111341 111374
111407 111440 111473 111506 111539 111572 111605 111638
111671 111704 111737 111770 111803 111836 111869 111902
111935 111968 112001 112034 112067 112100 112133 112166
112199 112232 112265 112298 112331 112364 112397 112430
112463 112496 112529 112562 112595 112628 112661 112694
112727 112760 112793 112826 112859 112892 112925 112958
112991 113024 113057 113090 113123 113156 113189 113222
113255 113288 113321 113354 113387 113420 113453 113486
113519 113552 113585 113618 113651 113684 113717 113750
113783 113816 113849 113882 113915 113948 113981 114014
114047 114080 114113 114146 114179 114212 114245 114278
114311 114344 114377 114410 114443 114476 114509 114542
114575 114608 114641 114674 114707 114740 114773 114806
114839 114872 114905 114938 114971 115004 115037 115070
115103 115136 115169 115202 115235 115268 115301 115334
115367 115400 115433 115466 115499 115532 115565 115598
115631 115664 115697 115730 115763 115796 115829 115862
115895 115928 115961 115994 116027 116060 116093 116126
116159 116192 116225 116258 116291 116324 116357 116390
116423 116456 116489 116522 116555 116588 116621 116654
116687 116720 116753 116786 116819 116852 116885 116918
116951 116984 117017 117050 117083 117116 117149 117182
117215 117248 117281 117314 117347 117380 117413 117446
117479 117512 117545 117578 117611 117644 117677 117710
117743 117776 117809 117842 117875 117908 117941 117974
118007 118040 118073 118106 118139 118172 118205 118238
118271 118304 118337 118370 118403 118436 118469 118502
118535 118568 118601 118634 118667 118700 118733 118766
118799 118832 118865 118898 118931 118964 118997 119030
119063 119096 119129 119162 119195 119228 119261 119294
119327 119360 119393 119426 119459 119492 119525 119558
119591 119624 119657 119690 119723 119756 119789 119822
119855 119888 119921 119954 119987 120020 120053 120086
120119 120152 120185 120218 120251 120284 120317 120350
120383 120416 120449 120482 120515 120548 120581 120614
120647 120680 120713 120746 120779 120812 120845 120878
120911 120944 120977 121010 121043 121076 121109 121142
121175 121208 121241 121274 121307 121340 121373 121406
121439 121472 121505 121538 121571 121604 121637 121670
121703 121736 121769 121802 121835 121868 121901 121934
121967 122000 122033 122066 122099 122132 122165 122198
122231 122264 122297 122330 122363 122396 122429 122462
122495 122528 122561 122594 122627 122660 122693 122726
122759 122792 122825 122858 122891 122924 122957 122990
123023 123056 123089 123122 123155 123188 123221 123254
123287 123320 123353 123386 123419 123452 123485 123518
123551 123584 123617 123650 123683 123716 123749 123782
123815 123848 123881 123914 123947 123980 124013 124046
124079 124112 124145 124178 124211 124244 124277 124310
124343 124376 124409 124442 124475 124508 124541 124574
124607 124640 124673 124706 124739 124772 124805 124838
124871 124904 124937 124970 125003 125036 125069 125102
125135 125168 125201 125234 125267 125300 125333 125366
125399 125432 125465 125498 125531 125564 125597 125630
125663 125696 125729 125762 125795 125828 125861 125894
125927 125960 125993 126026 126059 126092 126125 126158
126191 126224 126257 126290 126323 126356 126389 126422
126455 126488 126521 126554 126587 126620 126653 126686
126719 126752 126785 126818 126851 126884 126917 126950
126983 127016 127049 127082 127115 127148 127181 127214
127247 127280 127313 127346 127379 127412 127445 127478
127511 127544 127577 127610 127643 127676 127709 127742
127775 127808 127841 127874 127907 127940 127973 128006
128039 128072 128105 128138 128171 128204 128237 128270
128303 128336 128369 128402 128435 128468 128501 128534
128567 128600 128633 128666 128699 128732 128765 128798
128831 128864 128897 128930 128963 128996 129029 129062
129095 129128 129161 129194 129227 129260 129293 129326
129359 129393 129427 129461 129495 129529 129563 129597
129631 129665 129699 129733 129767 129801 129835 129869
129903 129937 129971 130005 130039 130073 130107 130141
130175 130209 130243 130277 130311 130345 130379 130413
130447 130481 130515 130549 130583 130617 130651 130685
130719 130753 130787 130821 130855 130889 130923 130957
130991 131025 131059 131093 131127 131161 131195 131229
131263 131297 131331 131365 131399 131433 131467 131501
131535 131569 131603 131637 131671 131705 131739 131773
131807 131841 131875 131909 131943 131977 132011 132045
132079 132113 132147 132181 132215 132249 132283 132317
132351 132385 132419 132453 132487 132521 132555 132589
132623 132657 132691 132725 132759 132793 132827 132861
132895 132929 132963 132997 133031 133065 133099 133133
133167 133201 133235 133269 133303 133337 133371 133405
133439 133473 133507 133541 133575 133609 133643 133677
133711 133745 133779 133813 133847 133881 133915 133949
133983 134017 134051 134085 134119 134153 134187 134221
134255 134289 134323 134357 134391 134425 134459 134493
134527 134561 134595 134629 134663 134697 134731 134765
134799 134833 134867 134901 134935 134969 135003 135037
135071 135105 135139 135173 135207 135241 135275 135309
135343 135377 135411 135445 135479 135513 135547 135581
135615 135649 135683 135717 135751 135785 135819 135853
135887 135921 135955 135989 136023 136057 136091 136125
136159 136193 136227 136261 136295 136329 136363 136397
136431 136465 136499 136533 136567 136601 136635 136669
136703 136737 136771 136805 136839 136873 136907 136941
136975 137009 137043 137077 137111 137145 137179 137213
137247 137281 137315 137349 137383 137417 137451 137485
137519 137553 137587 137621 137655 137689 137723 137757
137791 137825 137859 137893 137927 137961 137995 138029
138063 138097 138131 138165 138199 138233 138267 138301
138335 138369 138403 138437 138471 138505 138539 138573
138607 138641 138675 138709 138743 138777 138811 138845
138879 138913 138947 138981 139015 139049 139083 139117
139151 139185 139219 139253 139287 139321 139355 139389
139423 139457 139491 139525 139559 139593 139627 139661
139695 139729 139763 139797 139831 139865 139899 139933
139967 140001 140035 140069 140103 140137 140171 140205
140239 140273 140307 140341 140375 140409 140443 140477
140511 140545 140579 140613 140647 140681 140715 140749
140783 140817 140851 140885 140919 140953 140987 141021
141055 141089 141123 141157 141191 141225 141259 141293
141327 141361 141395 141429 141463 141497 141531 141565
141599 141633 141667 141701 141735 141769 141803 141837
141871 141905 141939 141973 142007 142041 142075 142109
142143 142177 142211 142245 142279 142313 142347 142381
142415 142449 142483 142517 142551 142585 142619 142653
142687 142721 142755 142789 142823 142857 142891 142925
142959 142993 143027 143061 143095 143129 143163 143197
143231 143265 143299 143333 143367 143401 143435 143469
143503 143537 143571 143605 143639 143673 143707 143741
143775 143809 143843 143877 143911 143945 143979 144013
144047 144081 144115 144149 144183 144217 144251 144285
144319 144353 144387 144421 144455 144489 144523 144557
144591 144625 144659 144693 144727 144761 144795 144829
144863 144897 144931 144965 144999 145033 145067 145101
145135 145169 145203 145237 145271 145305 145339 145373
145407 145441 145475 145509 145543 145577 145611 145645
145679 145713 145747 145781 145815 145849 145883 145917
145951 145985 146019 146053 146087 146121 146155 146189
146223 146257 146291 146325 146359 146393 146427 146461
146495 146529 146563 146597 146631 146665 146699 146733
146767 146801 146835 146869 146903 146937 146971 147005
147039 147073 147107 147141 147175 147209 147243 147277
147311 147345 147379 147413 147447 147481 147515 147549
147583 147617 147651 147685 147719 147753 147787 147821
147855 147889 147923 147957 147991 148025 148059 148093
148127 148161 148195 148229 148263 148297 148331 148365
148399 148433 148467 148501 148535 148569 148603 148637
148671 148705 148739 148773 148807 148841 148875 148909
148943 148977 149011 149045 149079 149113 149147 149181
149215 149249 149283 149317 149351 149385 149419 149453
149487 149521 149555 149589 149623 149657 149691 149725
149759 149793 149827 149861 149895 149929 149963 149997
150031 150065 150099 150133 150167 150201 150235 150269
150303 150337 150371 150405 150439 150473 150507 150541
150575 150609 150643 150677 150711 150745 150779 150813
150847 150881 150915 150949 150983 151017 151051 151085
151119 151153 151187 151221 151255 151289 151323 151357
151391 151425 151459 151493 151527 151561 151595 151629
151663 151697 151731 151765 151799 151833 151867 151901
151935 151969 152003 152037 152071 152105 152139 152173
152207 152241 152275 152309 152343 152377 152411 152445
152479 152513 152547 152581 152615 152649 152683 152717
152751 152785 152819 152853 152887 152921 152955 152989
153023 153057 153091 153125 153159 153193 153227 153261
153295 153329 153363 153397 153431 153465 153499 153533
153567 153601 153635 153669 153703 153737 153771 153805
153839 153873 153907 153941 153975 154009 154043 154077
154111 154145 154179 154213 154247 154281 154315 154349
154383 154417 154451 154485 154519 154553 154587 154621
154655 154689 154723 154757 154791 154825 154859 154893
154927 154961 154995 155029 155063 155097 155131 155165
155199 155233 155267 155301 155335 155369 155403 155437
155471 155505 155539 155573 155607 155641 155675 155709
155743 155777 155811 155845 155879 155913 155947 155981
156015 156049 156083 156117 156151 156185 156219 156253
156287 156321 156355 156389 156423 156457 156491 156525
156559 156593 156627 156661 156695 156729 156763 156797
156831 156865 156899 156933 156967 157001 157035 157069
157103 157137 157171 157205 157239 157273 157307 157341
157375 157409 157443 157477 157511 157545 157579 157613
157647 157681 157715 157749 157783 157817 157851 157885
157919 157953 157987 158021 158055 158089 158123 158157
158191 158225 158259 158293 158327 158361 158395 158429
158463 158497 158531 158565 158599 158633 158667 158701
158735 158769 158803 158837 158871 158905 158939 158973
159007 159041 159075 159109 159143 159177 159211 159245
159279 159313 159347 159381 159415 159449 159483 159517
159551 159585 159619 159653 159687 159721 159755 159789
159823 159857 159891 159925 159959 159993 160027 160061
160095 160129 160163 160197 160231 160265 160299 160333
160367 160401 160435 160469 160503 160537 160571 160605
160639 160673 160707 160741 160775 160809 160843 160877
160911 160945 160979 161013 161047 161081 161115 161149
161183 161217 161251 161285 161319 161353 161387 161421
161455 161489 161523 161557 161591 161625 161659 161693
161727 161761 161796 161831 161866 161901 161936 161971
162006 162041 162076 162111 162146 162181 162216 162251
162286 162321 162356 162391 162426 162461 162496 162531
162566 162601 162636 162671 162706 162741 162776 162811
162846 162881 162916 162951 162986 163021 163056 163091
163126 163161 163196 163231 163266 163301 163336 163371
163406 163441 163476 163511 163546 163581 163616 163651
163686 163721 163756 163791 163826 163861 163896 163931
163966 164001 164036 164071 164106 164141 164176 164211
164246 164281 164316 164351 164386 164421 164456 164491
164526 164561 164596 164631 164666 164701 164736 164771
164806 164841 164876 164911 164946 164981 165016 165051
165086 165121 165156 165191 165226 165261 165296 165331
165366 165401 165436 165471 165506 165541 165576 165611
165646 165681 165716 165751 165786 165821 165856 165891
165926 165961 165996 166031 166066 166101 166136 166171
166206 166241 166276 166311 166346 166381 166416 166451
166486 166521 166556 166591 166626 166661 166696 166731
166766 166801 166836 166871 166906 166941 166976 167011
167046 167081 167116 167151 167186 167221 167256 167291
167326 167361 167396 167431 167466 167501 167536 167571
167606 167641 167676 167711 167746 167781 167816 167851
167886 167921 167956 167991 168026 168061 168096 168131
168166 168201 168236 168271 168306 168341 168376 168411
168446 168481 168516 168551 168586 168621 168656 168691
168726 168761 168796 168831 168866 168901 168936 168971
169006 169041 169076 169111 169146 169181 169216 169251
169286 169321 169356 169391 169426 169461 169496 169531
169566 169601 169636 169671 169706 169741 169776 169811
169846 169881 169916 169951 169986 170021 170056 170091
170126 170161 170196 170231 170266 170301 170336 170371
170406 170441 170476 170511 170546 170581 170616 170651
170686 170721 170756 170791 170826 170861 170896 170931
170966 171001 171036 171071 171106 171141 171176 171211
171246 171281 171316 171351 171386 171421 171456 171491
171526 171561 171596 171631 171666 171701 171736 171771
171806 171841 171876 171911 171946 171981 172016 172051
172086 172121 172156 172191 172226 172261 172296 172331
172366 172401 172436 172471 172506 172541 172576 172611
172646 172681 172716 172751 172786 172821 172856 172891
172926 172961 172996 173031 173066 173101 173136 173171
173206 173241 173276 173311 173346 173381 173416 173451
173486 173521 173556 173591 173626 173661 173696 173731
173766 173801 173836 173871 173906 173941 173976 174011
174046 174081 174116 174151 174186 174221 174256 174291
174326 174361 174396 174431 174466 174501 174536 174571
174606 174641 174676 174711 174746 174781 174816 174851
174886 174921 174956 174991 175026 175061 175096 175131
175166 175201 175236 175271 175306 175341 175376 175411
175446 175481 175516 175551 175586 175621 175656 175691
175726 175761 175796 175831 175866 175901 175936 175971
176006 176041 176076 176111 176146 176181 176216 176251
176286 176321 176356 176391 176426 176461 176496 176531
176566 176601 176636 176671 176706 176741 176776 176811
176846 176881 176916 176951 176986 177021 177056 177091
177126 177161 177196 177231 177266 177301 177336 177371
177406 177441 177476 177511 177546 177581 177616 177651
177686 177721 177756 177791 177826 177861 177896 177931
177966 178001 178036 178071 178106 178141 178176 178211
178246 178281 178316 178351 178386 178421 178456 178491
178526 178561 178596 178631 178666 178701 178736 178771
178806 178841 178876 178911 178946 178981 179016 179051
179086 179121 179156 179191 179226 179261 179296 179331
179366 179401 179436 179471 179506 179541 179576 179611
179646 179681 179716 179751 179786 179821 179856 179891
179926 179961 179996 180031 180066 180101 180136 180171
180206 180241 180276 180311 180346 180381 180416 180451
180486 180521 180556 180591 180626 180661 180696 180731
180766 180801 180836 180871 180906 180941 180976 181011
181046 181081 181116 181151 181186 181221 181256 181291
181326 181361 181396 181431 181466 181501 181536 181571
181606 181641 181676 181711 181746 181781 181816 181851
181886 181921 181956 181991 182026 182061 182096 182131
182166 182201 182236 182271 182306 182341 182376 182411
182446 182481 182516 182551 182586 182621 182656 182691
182726 182761 182796 182831 182866 182901 182936 182971
183006 183041 183076 183111 183146 183181 183216 183251
183286 183321 183356 183391 183426 183461 183496 183531
183566 183601 183636 183671 183706 183741 183776 183811
183846 183881 183916 183951 183986 184021 184056 184091
184126 184161 184196 184231 184266 184301 184336 184371
184406 184441 184476 184511 184546 184581 184616 184651
184686 184721 184756 184791 184826 184861 184896 184931
184966 185001 185036 185071 185106 185141 185176 185211
185246 185281 185316 185351 185386 185421 185456 185491
185526 185561 185596 185631 185666 185701 185736 185771
185806 185841 185876 185911 185946 185981 186016 186051
186086 186121 186156 186191 186226 186261 186296 186331
186366 186401 186436 186471 186506 186541 186576 186611
186646 186681 186716 186751 186786 186821 186856 186891
186926 186961 186996 187031 187066 187101 187136 187171
187206 187241 187276 187311 187346 187381 187416 187451
187486 187521 187556 187591 187626 187661 187696 187731
187766 187801 187836 187871 187906 187941 187976 188011
188046 188081 188116 188151 188186 188221 188256 188291
188326 188361 188396 188431 188466 188501 188536 188571
188606 188641 188676 188711 188746 188781 188816 188851
188886 188921 188956 188991 189026 189061 189096 189131
189166 189201 189236 189271 189306 189341 189376 189411
189446 189481 189516 189551 189586 189621 189656 189691
189726 189761 189796 189831 189866 189901 189936 189971
190006 190041 190076 190111 190146 190181 190216 190251
190286 190321 190356 190391 190426 190461 190496 190531
190566 190601 190636 190671 190706 190741 190776 190811
190846 190881 190916 190951 190986 191021 191056 191091
191126 191161 191196 191231 191266 191301 191336 191371
191406 191441 191476 191511 191546 191581 191616 191651
191686 191721 191756 191791 191826 191861 191896 191931
191966 192001 192036 192071 192106 192141 192176 192211
192246 192281 192316 192351 192386 192421 192456 192491
192526 192561 192596 192631 192666 192701 192736 192772
192808 192844 192880 192916 192952 192988 193024 193060
193096 193132 193168 193204 193240 193276 193312 193348
193384 193420 193456 193492 193528 193564 193600 193636
193672 193708 193744 193780 193816 193852 193888 193924
193960 193996 194032 194068 194104 194140 194176 194212
194248 194284 194320 194356 194392 194428 194464 194500
194536 194572 194608 194644 194680 194716 194752 194788
194824 194860 194896 194932 194968 195004 195040 195076
195112 195148 195184 195220 195256 195292 195328 195364
195400 195436 195472 195508 195544 195580 195616 195652
195688 195724 195760 195796 195832 195868 195904 195940
195976 196012 196048 196084 196120 196156 196192 196228
196264 196300 196336 196372 196408 196444 196480 196516
196552 196588 196624 196660 196696 196732 196768 196804
196840 196876 196912 196948 196984 197020 197056 197092
197128 197164 197200 197236 197272 197308 197344 197380
197416 197452 197488 197524 197560 197596 197632 197668
197704 197740 197776 197812 197848 197884 197920 197956
197992 198028 198064 198100 198136 198172 198208 198244
198280 198316 198352 198388 198424 198460 198496 198532
198568 198604 198640 198676 198712 198748 198784 198820
198856 198892 198928 198964 199000 199036 199072 199108
199144 199180 199216 199252 199288 199324 199360 199396
199432 199468 199504 199540 199576 199612 199648 199684
199720 199756 199792 199828 199864 199900 199936 199972
200008 200044 200080 200116 200152 200188 200224 200260
200296 200332 200368 200404 200440 200476 200512 200548
200584 200620 200656 200692 200728 200764 200800 200836
200872 200908 200944 200980 201016 201052 201088 201124
201160 201196 201232 201268 201304 201340 201376 201412
201448 201484 201520 201556 201592 201628 201664 201700
201736 201772 201808 201844 201880 201916 201952 201988
202024 202060 202096 202132 202168 202204 202240 202276
202312 202348 202384 202420 202456 202492 202528 202564
202600 202636 202672 202708 202744 202780 202816 202852
202888 202924 202960 202996 203032 203068 203104 203140
203176 203212 203248 203284 203320 203356 203392 203428
203464 203500 203536 203572 203608 203644 203680 203716
203752 203788 203824 203860 203896 203932 203968 204004
204040 204076 204112 204148 204184 204220 204256 204292
204328 204364 204400 204436 204472 204508 204544 204580
204616 204652 204688 204724 204760 204796 204832 204868
204904 204940 204976 205012 205048 205084 205120 205156
205192 205228 205264 205300 205336 205372 205408 205444
205480 205516 205552 205588 205624 205660 205696 205732
205768 205804 205840 205876 205912 205948 205984 206020
206056 206092 206128 206164 206200 206236 206272 206308
206344 206380 206416 206452 206488 206524 206560 206596
206632 206668 206704 206740 206776 206812 206848 206884
206920 206956 206992 207028 207064 207100 207136 207172
207208 207244 207280 207316 207352 207388 207424 207460
207496 207532 207568 207604 207640 207676 207712 207748
207784 207820 207856 207892 207928 207964 208000 208036
208072 208108 208144 208180 208216 208252 208288 208324
208360 208396 208432 208468 208504 208540 208576 208612
208648 208684 208720 208756 208792 208828 208864 208900
208936 208972 209008 209044 209080 209116 209152 209188
209224 209260 209296 209332 209368 209404 209440 209476
209512 209548 209584 209620 209656 209692 209728 209764
209800 209836 209872 209908 209944 209980 210016 210052
210088 210124 210160 210196 210232 210268 210304 210340
210376 210412 210448 210484 210520 210556 210592 210628
210664 210700 210736 210772 210808 210844 210880 210916
210952 210988 211024 211060 211096 211132 211168 211204
211240 211276 211312 211348 211384 211420 211456 211492
211528 211564 211600 211636 211672 211708 211744 211780
211816 211852 211888 211924 211960 211996 212032 212068
212104 212140 212176 212212 212248 212284 212320 212356
212392 212428 212464 212500 212536 212572 212608 212644
212680 212716 212752 212788 212824 212860 212896 212932
212968 213004 213040 213076 213112 213148 213184 213220
213256 213292 213328 213364 213400 213436 213472 213508
213544 213580 213616 213652 213688 213724 213760 213796
213832 213868 213904 213940 213976 214012 214048 214084
214120 214156 214192 214228 214264 214300 214336 214372
214408 214444 214480 214516 214552 214588 214624 214660
214696 214732 214768 214804 214840 214876 214912 214948
214984 215020 215056 215092 215128 215164 215200 215236
215272 215308 215344 215380 215416 215452 215488 215524
215560 215596 215632 215668 215704 215740 215776 215812
215848 215884 215920 215956 215992 216028 216064 216100
216136 216172 216208 216244 216280 216316 216352 216388
216424 216460 216496 216532 216568 216604 216640 216676
216712 216748 216784 216820 216856 216892 216928 216964
217000 217036 217072 217108 217144 217180 217216 217252
217288 217324 217360 217396 217432 217468 217504 217540
217576 217612 217648 217684 217720 217756 217792 217828
217864 217900 217936 217972 218008 218044 218080 218116
218152 218188 218224 218260 218296 218332 218368 218404
218440 218476 218512 218548 218584 218620 218656 218692
218728 218764 218800 218836 218872 218908 218944 218980
219016 219052 219088 219124 219160 219196 219232 219268
219304 219340 219376 219412 219448 219484 219520 219556
219592 219628 219664 219700 219736 219772 219808 219844
219880 219916 219952 219988 220024 220060 220096 220132
220168 220204 220240 220276 220313 220350 220387 220424
220461 220498 220535 220572 220609 220646 220683 220720
220757 220794 220831 220868 220905 220942 220979 221016
221053 221090 221127 221164 221201 221238 221275 221312
221349 221386 221423 221460 221497 221534 221571 221608
221645 221682 221719 221756 221793 221830 221867 221904
221941 221978 222015 222052 222089 222126 222163 222200
222237 222274 222311 222348 222385 222422 222459 222496
222533 222570 222607 222644 222681 222718 222755 222792
222829 222866 222903 222940 222977 223014 223051 223088
223125 223162 223199 223236 223273 223310 223347 223384
223421 223458 223495 223532 223569 223606 223643 223680
223717 223754 223791 223828 223865 223902 223939 223976
224013 224050 224087 224124 224161 224198 224235 224272
224309 224346 224383 224420 224457 224494 224531 224568
224605 224642 224679 224716 224753 224790 224827 224864
224901 224938 224975 225012 225049 225086 225123 225160
225197 225234 225271 225308 225345 225382 225419 225456
225493 225530 225567 225604 225641 225678 225715 225752
225789 225826 225863 225900 225937 225974 226011 226048
226085 226122 226159 226196 226233 226270 226307 226344
226381 226418 226455 226492 226529 226566 226603 226640
226677 226714 226751 226788 226825 226862 226899 226936
226973 227010 227047 227084 227121 227158 227195 227232
227269 227306 227343 227380 227417 227454 227491 227528
227565 227602 227639 227676 227713 227750 227787 227824
227861 227898 227935 227972 228009 228046 228083 228120
228157 228194 228231 228268 228305 228342 228379 228416
228453 228490 228527 228564 228601 228638 228675 228712
228749 228786 228823 228860 228897 228934 228971 229008
229045 229082 229119 229156 229193 229230 229267 229304
229341 229378 229415 229452 229489 229526 229563 229600
229637 229674 229711 229748 229785 229822 229859 229896
229933 229970 230007 230044 230081 230118 230155 230192
230229 230266 230303 230340 230377 230414 230451 230488
230525 230562 230599 230636 230673 230710 230747 230784
230821 230858 230895 230932 230969 231006 231043 231080
231117 231154 231191 231228 231265 231302 231339 231376
231413 231450 231487 231524 231561 231598 231635 231672
231709 231746 231783 231820 231857 231894 231931 231968
232005 232042 232079 232116 232153 232190 232227 232264
232301 232338 232375 232412 232449 232486 232523 232560
232597 232634 232671 232708 232745 232782 232819 232856
232893 232930 232967 233004 233041 233078 233115 233152
233189 233226 233263 233300 233337 233374 233411 233448
233485 233522 233559 233596 233633 233670 233707 233744
233781 233818 233855 233892 233929 233966 234003 234040
234077 234114 234151 234188 234225 234262 234299 234336
234373 234410 234447 234484 234521 234558 234595 234632
234669 234706 234743 234780 234817 234854 234891 234928
234965 235002 235039 235076 235113 235150 235187 235224
235261 235298 235335 235372 235409 235446 235483 235520
235557 235594 235631 235668 235705 235742 235779 235816
235853 235890 235927 235964 236001 236038 236075 236112
236149 236186 236223 236260 236297 236334 236371 236408
236445 236482 236519 236556 236593 236630 236667 236704
236741 236778 236815 236852 236889 236926 236963 237000
237037 237074 237111 237148 237185 237222 237259 237296
237333 237370 237407 237444 237481 237518 237555 237592
237629 237666 237703 237740 237777 237814 237851 237888
237925 237962 237999 238036 238073 238110 238147 238184
238221 238258 238295 238332 238369 238406 238443 238480
238517 238554 238591 238628 238665 238702 238739 238776
238813 238850 238887 238924 238961 238998 239035 239072
239109 239146 239183 239220 239257 239294 239331 239368
239405 239442 239479 239516 239553 239590 239627 239664
239701 239738 239775 239812 239849 239886 239923 239960
239997 240034 240071 240108 240145 240182 240219 240256
240293 240330 240367 240404 240441 240478 240515 240552
240589 240626 240663 240700 240737 240774 240811 240848
240885 240922 240959 240996 241033 241070 241107 241144
241181 241218 241255 241292 241329 241366 241403 241440
241477 241514 241551 241588 241625 241662 241699 241736
241773 241810 241847 241884 241921 241958 241995 242032
242069 242106 242143 242180 242217 242254 242291 242328
242365 242402 242439 242476 242513 242550 242587 242624
242661 242698 242735 242772 242809 242846 242883 242920
242957 242994 243031 243068 243105 243142 243179 243216
243253 243290 243327 243364 243401 243438 243475 243512
243549 243586 243623 243660 243697 243734 243771 243808
243845 243882 243919 243956 243993 244030 244067 244104
244141 244178 244215 244252 244289 244326 244363 244400
244437 244474 244511 244548 244585 244622 244659 244696
244733 244770 244807 244844 244881 244918 244955 244992
245029 245066 245103 245140 245177 245214 245251 245288
245325 245362 245399 245436 245473 245510 245547 245584
245621 245658 245695 245732 245769 245806 245843 245880
245917 245954 245991 246028 246065 246102 246139 246176
246214 246252 246290 246328 246366 246404 246442 246480
246518 246556 246594 246632 246670 246708 246746 246784
246822 246860 246898 246936 246974 247012 247050 247088
247126 247164 247202 247240 247278 247316 247354 247392
247430 247468 247506 247544 247582 247620 247658 247696
247734 247772 247810 247848 247886 247924 247962 248000
248038 248076 248114 248152 248190 248228 248266 248304
248342 248380 248418 248456 248494 248532 248570 248608
248646 248684 248722 248760 248798 248836 248874 248912
248950 248988 249026 249064 249102 249140 249178 249216
249254 249292 249330 249368 249406 249444 249482 249520
249558 249596 249634 249672 249710 249748 249786 249824
249862 249900 249938 249976 250014 250052 250090 250128
250166 250204 250242 250280 250318 250356 250394 250432
250470 250508 250546 250584 250622 250660 250698 250736
250774 250812 250850 250888 250926 250964 251002 251040
251078 251116 251154 251192 251230 251268 251306 251344
251382 251420 251458 251496 251534 251572 251610 251648
251686 251724 251762 251800 251838 251876 251914 251952
251990 252028 252066 252104 252142 252180 252218 252256
252294 252332 252370 252408 252446 252484 252522 252560
252598 252636 252674 252712 252750 252788 252826 252864
252902 252940 252978 253016 253054 253092 253130 253168
253206 253244 253282 253320 253358 253396 253434 253472
253510 253548 253586 253624 253662 253700 253738 253776
253814 253852 253890 253928 253966 254004 254042 254080
254118 254156 254194 254232 254270 254308 254346 254384
254422 254460 254498 254536 254574 254612 254650 254688
254726 254764 254802 254840 254878 254916 254954 254992
255030 255068 255106 255144 255182 255220 255258 255296
255334 255372 255410 255448 255486 255524 255562 255600
255638 255676 255714 255752 255790 255828 255866 255904
255942 255980 256018 256056 256094 256132 256170 256208
256246 256284 256322 256360 256398 256436 256474 256512
256550 256588 256626 256664 256702 256740 256778 256816
256854 256892 256930 256968 257006 257044 257082 257120
257158 257196 257234 257272 257310 257348 257386 257424
257462 257500 257538 257576 257614 257652 257690 257728
257766 257804 257842 257880 257918 257956 257994 258032
258070 258108 258146 258184 258222 258260 258298 258336
258374 258412 258450 258488 258526 258564 258602 258640
258678 258716 258754 258792 258830 258868 258906 258944
258982 259020 259058 259096 259134 259172 259210 259248
259286 259324 259362 259400 259438 259476 259514 259552
259590 259628 259666 259704 259742 259780 259818 259856
259894 259932 259970 260008 260046 260084 260122 260160
260198 260236 260274 260312 260350 260388 260426 260464
260502 260540 260578 260616 260654 260692 260730 260768
260806 260844 260882 260920 260958 260996 261034 261072
261110 261148 261186 261224 261262 261300 261338 261376
261414 261452 261490 261528 261566 261604 261642 261680
261718 261756 261794 261832 261870 261908 261946 261984
262022 262060 262098 262136 262174 262212 262250 262288
262326 262364 262402 262440 262478 262516 262554 262592
262630 262668 262706 262744 262782 262820 262858 262896
262934 262972 263010 263048 263086 263124 263162 263200
263238 263276 263314 263352 263390 263428 263466 263504
263542 263580 263618 263656 263694 263732 263770 263808
263846 263884 263922 263960 263998 264036 264074 264112
264150 264188 264226 264264 264302 264340 264378 264416
264454 264492 264530 264568 264606 264644 264682 264720
264758 264796 264834 264872 264910 264948 264986 265024
265062 265100 265138 265176 265214 265252 265290 265328
265366 265404 265442 265480 265518 265556 265594 265632
265670 265708 265746 265784 265822 265860 265898 265936
265974 266012 266050 266088 266126 266164 266202 266240
266278 266316 266354 266392 266430 266468 266506 266544
266582 266620 266658 266696 266734 266772 266810 266848
266886 266924 266962 267000 267038 267076 267114 267152
267190 267228 267266 267304 267342 267380 267418 267456
267494 267532 267570 267608 267646 267684 267722 267760
267798 267836 267874 267912 267950 267988 268026 268064
268102 268140 268178 268216 268254 268292 268330 268368
268406 268444 268482 268520 268558 268596 268634 268672
268710 268748 268786 268824 268862 268900 268938 268977
269016 269055 269094 269133 269172 269211 269250 269289
269328 269367 269406 269445 269484 269523 269562 269601
269640 269679 269718 269757 269796 269835 269874 269913
269952 269991 270030 270069 270108 270147 270186 270225
270264 270303 270342 270381 270420 270459 270498 270537
270576 270615 270654 270693 270732 270771 270810 270849
270888 270927 270966 271005 271044 271083 271122 271161
271200 271239 271278 271317 271356 271395 271434 271473
271512 271551 271590 271629 271668 271707 271746 271785
271824 271863 271902 271941 271980 272019 272058 272097
272136 272175 272214 272253 272292 272331 272370 272409
272448 272487 272526 272565 272604 272643 272682 272721
272760 272799 272838 272877 272916 272955 272994 273033
273072 273111 273150 273189 273228 273267 273306 273345
273384 273423 273462 273501 273540 273579 273618 273657
273696 273735 273774 273813 273852 273891 273930 273969
274008 274047 274086 274125 274164 274203 274242 274281
274320 274359 274398 274437 274476 274515 274554 274593
274632 274671 274710 274749 274788 274827 274866 274905
274944 274983 275022 275061 275100 275139 275178 275217
275256 275295 275334 275373 275412 275451 275490 275529
275568 275607 275646 275685 275724 275763 275802 275841
275880 275919 275958 275997 276036 276075 276114 276153
276192 276231 276270 276309 276348 276387 276426 276465
276504 276543 276582 276621 276660 276699 276738 276777
276816 276855 276894 276933 276972 277011 277050 277089
277128 277167 277206 277245 277284 277323 277362 277401
277440 277479 277518 277557 277596 277635 277674 277713
277752 277791 277830 277869 277908 277947 277986 278025
278064 278103 278142 278181 278220 278259 278298 278337
278376 278415 278454 278493 278532 278571 278610 278649
278688 278727 278766 278805 278844 278883 278922 278961
279000 279039 279078 279117 279156 279195 279234 279273
279312 279351 279390 279429 279468 279507 279546 279585
279624 279663 279702 279741 279780 279819 279858 279897
279936 279975 280014 280053 280092 280131 280170 280209
280248 280287 280326 280365 280404 280443 280482 280521
280560 280599 280638 280677 280716 280755 280794 280833
280872 280911 280950 280989 281028 281067 281106 281145
281184 281223 281262 281301 281340 281379 281418 281457
281496 281535 281574 281613 281652 281691 281730 281769
281808 281847 281886 281925 281964 282003 282042 282081
282120 282159 282198 282237 282276 282315 282354 282393
282432 282471 282510 282549 282588 282627 282666 282705
282744 282783 282822 282861 282900 282939 282978 283017
283056 283095 283134 283173 283212 283251 283290 283329
283368 283407 283446 283485 283524 283563 283602 283641
283680 283719 283758 283797 283836 283875 283914 283953
283992 284031 284070 284109 284148 284187 284226 284265
284304 284343 284382 284421 284460 284499 284538 284577
284616 284655 284694 284733 284772 284811 284850 284889
284928 284967 285006 285045 285084 285123 285162 285201
285240 285279 285318 285357 285396 285435 285474 285513
285552 285591 285630 285669 285708 285747 285786 285825
285864 285903 285942 285981 286020 286059 286098 286137
286176 286215 286254 286293 286332 286371 286410 286449
286488 286527 286566 286605 286644 286683 286722 286761
286800 286839 286878 286917 286956 286995 287034 287073
287112 287151 287190 287229 287268 287307 287346 287386
287426 287466 287506 287546 287586 287626 287666 287706
287746 287786 287826 287866 287906 287946 287986 288026
288066 288106 288146 288186 288226 288266 288306 288346
288386 288426 288466 288506 288546 288586 288626 288666
288706 288746 288786 288826 288866 288906 288946 288986
289026 289066 289106 289146 289186 289226 289266 289306
289346 289386 289426 289466 289506 289546 289586 289626
289666 289706 289746 289786 289826 289866 289906 289946
289986 290026 290066 290106 290146 290186 290226 290266
290306 290346 290386 290426 290466 290506 290546 290586
290626 290666 290706 290746 290786 290826 290866 290906
290946 290986 291026 291066 291106 291146 291186 291226
291266 291306 291346 291386 291426 291466 291506 291546
291586 291626 291666 291706 291746 291786 291826 291866
291906 291946 291986 292026 292066 292106 292146 292186
292226 292266 292306 292346 292386 292426 292466 292506
292546 292586 292626 292666 292706 292746 292786 292826
292866 292906 292946 292986 293026 293066 293106 293146
293186 293226 293266 293306 293346 293386 293426 293466
293506 293546 293586 293626 293666 293706 293746 293786
293826 293866 293906 293946 293986 294026 294066 294106
294146 294186 294226 294266 294306 294346 294386 294426
294466 294506 294546 294586 294626 294666 294706 294746
294786 294826 294866 294906 294946 294986 295026 295066
295106 295146 295186 295226 295266 295306 295346 295386
295426 295466 295506 295546 295586 295626 295666 295706
295746 295786 295826 295866 295906 295946 295986 296026
296066 296106 296146 296186 296226 296266 296306 296346
296386 296426 296466 296506 296546 296586 296626 296666
296706 296746 296786 296826 296866 296906 296946 296986
297026 297066 297106 297146 297186 297226 297266 297306
297346 297386 297426 297466 297506 297546 297586 297626
297666 297706 297746 297786 297826 297866 297906 297946
297986 298026 298066 298106 298146 298186 298226 298266
298306 298346 298386 298426 298466 298506 298546 298586
298626 298666 298706 298746 298786 298826 298866 298906
298946 298986 299026 299066 299106 299146 299186 299226
299266 299306 299346 299386 299426 299466 299506 299546
299586 299626 299666 299706 299746 299786 299826 299866
299906 299946 299986 300026 300066 300106 300146 300186
300226 300266 300306 300346 300386 300426 300466 300506
300546 300586 300626 300666 300706 300746 300786 300826
300866 300906 300946 300986 301026 301066 301106 301146
301186 301226 301266 301306 301346 301386 301426 301466
301506 301546 301586 301626 301666 301706 301746 301786
301826 301866 301906 301946 301986 302026 302066 302106
302146 302186 302226 302266 302306 302346 302386 302426
302466 302506 302546 302586 302626 302666 302706 302746
302786 302826 302866 302906 302946 302986 303026 303066
303106 303146 303186 303226 303266 303306 303346 303386
303426 303466 303506 303546 303586 303626 303666 303706
303746 303786 303826 303866 303906 303946 303986 304026
304066 304106 304146 304186 304226 304266 304306 304346
304386 304426 304466 304506 304546 304586 304626 304666
304706 304746 304786 304826 304866 304906 304946 304986
305026 305066 305106 305146 305186 305226 305266 305306
305346 305386 305426 305466 305506 305546 305586 305626
305666 305706 305746 305786 305826 305866 305906 305946
305986 306026 306066 306106 306146 306186 306226 306266
306306 306346 306386 306426 306466 306506 306546 306586
306626 306666 306706 306746 306786 306826 306866 306906
306946 306986 307026 307066 307106 307146 307186 307226
307266 307306 307346 307386 307426 307466 307506 307546
307586 307626 307666 307706 307746 307786 307826 307866
307906 307946 307986 308026 308066 308106 308146 308186
308226 308266 308306 308346 308386 308426 308466 308506
308546 308586 308626 308666 308706 308746 308786 308826
308866 308906 308946 308986 309026 309066 309106 309146
309186 309226 309266 309306 309346 309386 309426 309466
309506 309546 309586 309626 309666 309706 309746 309786
309826 309866 309906 309946 309986 310026 310066 310106
310146 310186 310226 310266 310306 310346 310386 310426
310466 310506 310546 310586 310626 310666 310706 310746
310787 310828 310869 310910 310951 310992 311033 311074
311115 311156 311197 311238 311279 311320 311361 311402
311443 311484 311525 311566 311607 311648 311689 311730
311771 311812 311853 311894 311935 311976 312017 312058
312099 312140 312181 312222 312263 312304 312345 312386
312427 312468 312509 312550 312591 312632 312673 312714
312755 312796 312837 312878 312919 312960 313001 313042
313083 313124 313165 313206 313247 313288 313329 313370
313411 313452 313493 313534 313575 313616 313657 313698
313739 313780 313821 313862 313903 313944 313985 314026
314067 314108 314149 314190 314231 314272 314313 314354
314395 314436 314477 314518 314559 314600 314641 314682
314723 314764 314805 314846 314887 314928 314969 315010
315051 315092 315133 315174 315215 315256 315297 315338
315379 315420 315461 315502 315543 315584 315625 315666
315707 315748 315789 315830 315871 315912 315953 315994
316035 316076 316117 316158 316199 316240 316281 316322
316363 316404 316445 316486 316527 316568 316609 316650
316691 316732 316773 316814 316855 316896 316937 316978
317019 317060 317101 317142 317183 317224 317265 317306
317347 317388 317429 317470 317511 317552 317593 317634
317675 317716 317757 317798 317839 317880 317921 317962
318003 318044 318085 318126 318167 318208 318249 318290
318331 318372 318413 318454 318495 318536 318577 318618
318659 318700 318741 318782 318823 318864 318905 318946
318987 319028 319069 319110 319151 319192 319233 319274
319315 319356 319397 319438 319479 319520 319561 319602
319643 319684 319725 319766 319807 319848 319889 319930
319971 320012 320053 320094 320135 320176 320217 320258
320299 320340 320381 320422 320463 320504 320545 320586
320627 320668 320709 320750 320791 320832 320873 320914
320955 320996 321037 321078 321119 321160 321201 321242
321283 321324 321365 321406 321447 321488 321529 321570
321611 321652 321693 321734 321775 321816 321857 321898
321939 321980 322021 322062 322103 322144 322185 322226
322267 322308 322349 322390 322431 322472 322513 322554
322595 322636 322677 322718 322759 322800 322841 322882
322923 322964 323005 323046 323087 323128 323169 323210
323251 323292 323333 323374 323415 323456 323497 323538
323579 323620 323661 323702 323743 323784 323825 323866
323907 323948 323989 324030 324071 324112 324153 324194
324235 324276 324317 324358 324399 324440 324481 324522
324563 324604 324645 324686 324727 324768 324809 324850
324891 324932 324973 325014 325055 325096 325137 325178
325219 325260 325301 325342 325383 325424 325466 325508
325550 325592 325634 325676 325718 325760 325802 325844
325886 325928 325970 326012 326054 326096 326138 326180
326222 326264 326306 326348 326390 326432 326474 326516
326558 326600 326642 326684 326726 326768 326810 326852
326894 326936 326978 327020 327062 327104 327146 327188
327230 327272 327314 327356 327398 327440 327482 327524
327566 327608 327650 327692 327734 327776 327818 327860
327902 327944 327986 328028 328070 328112 328154 328196
328238 328280 328322 328364 328406 328448 328490 328532
328574 328616 328658 328700 328742 328784 328826 328868
328910 328952 328994 329036 329078 329120 329162 329204
329246 329288 329330 329372 329414 329456 329498 329540
329582 329624 329666 329708 329750 329792 329834 329876
329918 329960 330002 330044 330086 330128 330170 330212
330254 330296 330338 330380 330422 330464 330506 330548
330590 330632 330674 330716 330758 330800 330842 330884
330926 330968 331010 331052 331094 331136 331178 331220
331262 331304 331346 331388 331430 331472 331514 331556
331598 331640 331682 331724 331766 331808 331850 331892
331934 331976 332018 332060 332102 332144 332186 332228
332270 332312 332354 332396 332438 332480 332522 332564
332606 332648 332690 332732 332774 332816 332858 332900
332942 332984 333026 333068 333110 333152 333194 333236
333278 333320 333362 333404 333446 333488 333530 333572
333614 333656 333698 333740 333782 333824 333866 333908
333950 333992 334034 334076 334118 334160 334202 334244
334286 334328 334370 334412 334454 334496 334538 334580
334622 334664 334706 334748 334790 334832 334874 334916
334958 335000 335042 335084 335126 335168 335210 335252
335294 335336 335378 335420 335462 335504 335546 335588
335630 335672 335714 335756 335798 335840 335882 335924
335966 336008 336050 336092 336134 336176 336218 336260
336302 336344 336386 336428 336470 336512 336554 336596
336638 336680 336722 336764 336806 336848 336890 336932
336974 337016 337058 337100 337142 337184 337226 337268
337310 337352 337394 337436 337478 337520 337562 337604
337646 337689 337732 337775 337818 337861 337904 337947
337990 338033 338076 338119 338162 338205 338248 338291
338334 338377 338420 338463 338506 338549 338592 338635
338678 338721 338764 338807 338850 338893 338936 338979
339022 339065 339108 339151 339194 339237 339280 339323
339366 339409 339452 339495 339538 339581 339624 339667
339710 339753 339796 339839 339882 339925 339968 340011
340054 340097 340140 340183 340226 340269 340312 340355
340398 340441 340484 340527 340570 340613 340656 340699
340742 340785 340828 340871 340914 340957 341000 341043
341086 341129 341172 341215 341258 341301 341344 341387
341430 341473 341516 341559 341602 341645 341688 341731
341774 341817 341860 341903 341946 341989 342032 342075
342118 342161 342204 342247 342290 342333 342376 342419
342462 342505 342548 342591 342634 342677 342720 342763
342806 342849 342892 342935 342978 343021 343064 343107
343150 343193 343236 343279 343322 343365 343408 343451
343494 343537 343580 343623 343666 343709 343752 343795
343838 343881 343924 343967 344010 344053 344096 344139
344182 344225 344268 344311 344354 344397 344440 344483
344526 344569 344612 344655 344698 344741 344784 344827
344870 344913 344956 344999 345042 345085 345128 345171
345214 345257 345300 345343 345386 345429 345472 345515
345558 345601 345644 345687 345730 345773 345816 345859
345902 345945 345988 346031 346074 346117 346160 346203
346246 346289 346332 346375 346418 346461 346504 346547
346590 346633 346676 346719 346762 346805 346848 346891
346934 346977 347020 347063 347106 347149 347192 347235
347278 347321 347364 347407 347450 347493 347536 347579
347622 347665 347708 347751 347794 347837 347880 347923
347966 348009 348052 348095 348138 348181 348224 348267
348310 348353 348396 348439 348482 348525 348568 348611
348654 348697 348740 348783 348826 348869 348912 348955
348998 349041 349084 349127 349170 349213 349256 349299
349342 349385 349428 349471 349514 349557 349600 349643
349686 349729 349772 349815 349858 349901 349944 349987
350030 350073 350117 350161 350205 350249 350293 350337
350381 350425 350469 350513 350557 350601 350645 350689
350733 350777 350821 350865 350909 350953 350997 351041
351085 351129 351173 351217 351261 351305 351349 351393
351437 351481 351525 351569 351613 351657 351701 351745
351789 351833 351877 351921 351965 352009 352053 352097
352141 352185 352229 352273 352317 352361 352405 352449
352493 352537 352581 352625 352669 352713 352757 352801
352845 352889 352933 352977 353021 353065 353109 353153
353197 353241 353285 353329 353373 353417 353461 353505
353549 353593 353637 353681 353725 353769 353813 353857
353901 353945 353989 354033 354077 354121 354165 354209
354253 354297 354341 354385 354429 354473 354517 354561
354605 354649 354693 354737 354781 354825 354869 354913
354957 355001 355045 355089 355133 355177 355221 355265
355309 355353 355397 355441 355485 355529 355573 355617
355661 355705 355749 355793 355837 355881 355925 355969
356013 356057 356101 356145 356189 356233 356277 356321
356365 356409 356453 356497 356541 356585 356629 356673
356717 356761 356805 356849 356893 356937 356981 357025
357069 357113 357157 357201 357245 357289 357333 357377
357421 357465 357509 357553 357597 357641 357685 357729
357773 357817 357861 357905 357949 357993 358037 358081
358125 358169 358213 358257 358301 358345 358389 358433
358477 358521 358565 358609 358653 358697 358741 358785
358829 358873 358917 358961 359005 359049 359093 359137
359181 359225 359269 359313 359357 359401 359445 359489
359533 359577 359621 359665 359709 359753 359797 359841
359885 359929 359973 360017 360061 360105 360149 360193
360237 360281 360325 360369 360413 360457 360501 360545
360589 360633 360677 360721 360765 360809 360853 360897
360941 360985 361029 361073 361117 361161 361205 361249
361293 361337 361381 361425 361469 361513 361557 361601
361645 361689 361733 361777 361821 361865 361909 361953
361997 362041 362085 362129 362173 362217 362261 362305
362349 362393 362437 362481 362525 362569 362613 362657
362702 362747 362792 362837 362882 362927 362972 363017
363062 363107 363152 363197 363242 363287 363332 363377
363422 363467 363512 363557 363602 363647 363692 363737
363782 363827 363872 363917 363962 364007 364052 364097
364142 364187 364232 364277 364322 364367 364412 364457
364502 364547 364592 364637 364682 364727 364772 364817
364862 364907 364952 364997 365042 365087 365132 365177
365222 365267 365312 365357 365402 365447 365492 365537
365582 365627 365672 365717 365762 365807 365852 365897
365942 365987 366032 366077 366122 366167 366212 366257
366302 366347 366392 366437 366482 366527 366572 366617
366662 366707 366752 366797 366842 366887 366932 366977
367022 367067 367112 367157 367202 367247 367292 367337
367382 367427 367472 367517 367562 367607 367652 367697
367742 367787 367832 367877 367922 367967 368012 368057
368102 368147 368192 368237 368282 368327 368372 368417
368462 368507 368552 368597 368642 368687 368732 368777
368822 368867 368912 368957 369002 369047 369092 369137
369182 369227 369272 369317 369362 369407 369452 369497
369542 369587 369632 369677 369722 369767 369812 369857
369902 369947 369992 370037 370082 370127 370172 370217
370262 370307 370352 370397 370442 370487 370532 370577
370622 370667 370712 370757 370802 370847 370892 370937
370982 371027 371072 371117 371162 371207 371252 371298
371344 371390 371436 371482 371528 371574 371620 371666
371712 371758 371804 371850 371896 371942 371988 372034
372080 372126 372172 372218 372264 372310 372356 372402
372448 372494 372540 372586 372632 372678 372724 372770
372816 372862 372908 372954 373000 373046 373092 373138
373184 373230 373276 373322 373368 373414 373460 373506
373552 373598 373644 373690 373736 373782 373828 373874
373920 373966 374012 374058 374104 374150 374196 374242
374288 374334 374380 374426 374472 374518 374564 374610
374656 374702 374748 374794 374840 374886 374932 374978
375024 375070 375116 375162 375208 375254 375300 375346
375392 375438 375484 375530 375576 375622 375668 375714
375760 375806 375852 375898 375944 375990 376036 376082
376128 376174 376220 376266 376312 376358 376404 376450
376496 376542 376588 376634 376680 376726 376772 376818
376864 376910 376956 377002 377048 377094 377140 377186
377232 377278 377324 377370 377416 377462 377508 377554
377600 377646 377692 377738 377784 377830 377876 377922
377968 378014 378060 378106 378152 378198 378244 378290
378336 378382 378428 378474 378520 378566 378612 378658
378704 378750 378796 378842 378888 378934 378980 379026
379072 379118 379164 379210 379256 379302 379348 379394
379440 379486 379532 379578 379624 379670 379716 379762
379808 379854 379900 379946 379992 380038 380084 380130
380176 380222 380268 380314 380360 380406 380452 380498
380544 380590 380636 380682 380728 380774 380820 380866
380912 380958 381004 381050 381096 381142 381188 381234
381280 381326 381372 381418 381464 381510 381556 381602
381648 381694 381740 381786 381832 381878 381924 381970
382016 382062 382108 382154 382200 382246 382292 382338
382384 382430 382476 382522 382568 382614 382660 382706
382752 382798 382844 382890 382936 382982 383028 383074
383120 383166 383212 383258 383304 383350 383396 383442
383488 383534 383580 383626 383672 383718 383764 383810
383856 383902 383948 383994 384040 384086 384132 384178
384224 384270 384316 384362 384408 384454 384500 384546
384592 384638 384684 384730 384776 384822 384868 384914
384960 385006 385052 385098 385144 385190 385236 385282
385328 385374 385420 385466 385512 385558 385604 385650
385697 385744 385791 385838 385885 385932 385979 386026
386073 386120 386167 386214 386261 386308 386355 386402
386449 386496 386543 386590 386637 386684 386731 386778
386825 386872 386919 386966 387013 387060 387107 387154
387201 387248 387295 387342 387389 387436 387483 387530
387577 387624 387671 387718 387765 387812 387859 387906
387953 388000 388047 388094 388141 388188 388235 388282
388329 388376 388423 388470 388517 388564 388611 388658
388705 388752 388799 388846 388893 388940 388987 389034
389081 389128 389175 389222 389269 389316 389363 389410
389457 389504 389551 389598 389645 389692 389739 389786
389833 389880 389927 389974 390021 390068 390115 390162
390209 390256 390303 390350 390397 390444 390491 390538
390585 390632 390679 390726 390773 390820 390867 390914
390961 391008 391055 391102 391149 391196 391243 391290
391337 391384 391431 391478 391525 391572 391619 391666
391713 391760 391807 391854 391901 391948 391995 392042
392089 392136 392183 392230 392277 392324 392371 392418
392465 392512 392559 392606 392653 392700 392747 392794
392841 392888 392935 392982 393029 393076 393123 393170
393217 393264 393311 393358 393405 393452 393499 393546
393593 393640 393687 393734 393781 393828 393875 393922
393969 394016 394063 394110 394157 394204 394251 394298
394345 394392 394439 394487 394535 394583 394631 394679
394727 394775 394823 394871 394919 394967 395015 395063
395111 395159 395207 395255 395303 395351 395399 395447
395495 395543 395591 395639 395687 395735 395783 395831
395879 395927 395975 396023 396071 396119 396167 396215
396263 396311 396359 396407 396455 396503 396551 396599
396647 396695 396743 396791 396839 396887 396935 396983
397031 397079 397127 397175 397223 397271 397319 397367
397415 397463 397511 397559 397607 397655 397703 397751
397799 397847 397895 397943 397991 398039 398087 398135
398183 398231 398279 398327 398375 398423 398471 398519
398567 398615 398663 398711 398759 398807 398855 398903
398951 398999 399047 399095 399143 399191 399239 399287
399335 399383 399431 399479 399527 399575 399623 399671
399719 399767 399815 399863 399911 399959 400007 400055
400103 400151 400199 400247 400295 400343 400391 400439
400487 400535 400584 400633 400682 400731 400780 400829
400878 400927 400976 401025 401074 401123 401172 401221
401270 401319 401368 401417 401466 401515 401564 401613
401662 401711 401760 401809 401858 401907 401956 402005
402054 402103 402152 402201 402250 402299 402348 402397
402446 402495 402544 402593 402642 402691 402740 402789
402838 402887 402936 402985 403034 403083 403132 403181
403230 403279 403328 403377 403426 403475 403524 403573
403622 403671 403720 403769 403818 403867 403916 403965
404014 404063 404112 404161 404210 404259 404308 404357
404406 404455 404504 404553 404602 404651 404700 404749
404798 404847 404896 404945 404994 405043 405092 405141
405190 405239 405288 405337 405386 405435 405484 405533
405582 405631 405680 405729 405778 405827 405876 405925
405974 406023 406072 406121 406170 406219 406268 406317
406366 406415 406464 406513 406562 406611 406660 406709
406758 406807 406856 406905 406954 407003 407052 407101
407150 407199 407248 407297 407346 407395 407444 407493
407542 407591 407640 407689 407738 407787 407836 407885
407934 407983 408032 408081 408130 408179 408228 408277
408326 408375 408424 408473 408522 408571 408620 408669
408718 408767 408816 408865 408914 408963 409012 409061
409110 409159 409208 409257 409306 409355 409404 409453
409502 409551 409600 409650 409700 409750 409800 409850
409900 409950 410000 410050 410100 410150 410200 410250
410300 410350 410400 410450 410500 410550 410600 410650
410700 410750 410800 410850 410900 410950 411000 411050
411100 411150 411200 411250 411300 411350 411400 411450
411500 411550 411600 411650 411700 411750 411800 411850
411900 411950 412000 412050 412100 412150 412200 412250
412300 412350 412400 412450 412500 412550 412600 412650
412700 412750 412800 412850 412900 412950 413000 413050
413100 413150 413200 413250 413300 413350 413400 413450
413500 413550 413600 413650 413700 413750 413800 413850
413900 413950 414000 414050 414100 414150 414200 414250
414300 414350 414400 414450 414500 414550 414600 414650
414700 414750 414800 414850 414900 414950 415000 415050
415100 415150 415200 415250 415300 415350 415400 415450
415500 415550 415600 415650 415700 415750 415800 415850
415900 415950 416000 416050 416100 416150 416200 416250
416300 416350 416400 416450 416500 416550 416600 416650
416700 416750 416800 416850 416900 416950 417000 417050
417100 417150 417200 417250 417300 417350 417400 417450
417500 417550 417600 417650 417700 417750 417800 417850
417900 417950 418000 418050 418100 418150 418200 418250
418300 418350 418400 418450 418500 418550 418600 418650
418700 418750 418800 418850 418900 418950 419000 419050
419100 419150 419200 419250 419300 419350 419400 419450
419500 419550 419600 419650 419700 419750 419800 419850
419900 419950 420000 420050 420100 420150 420200 420250
420300 420351 420402 420453 420504 420555 420606 420657
420708 420759 420810 420861 420912 420963 421014 421065
421116 421167 421218 421269 421320 421371 421422 421473
421524 421575 421626 421677 421728 421779 421830 421881
421932 421983 422034 422085 422136 422187 422238 422289
422340 422391 422442 422493 422544 422595 422646 422697
422748 422799 422850 422901 422952 423003 423054 423105
423156 423207 423258 423309 423360 423412 423464 423516
423568 423620 423672 423724 423776 423828 423880 423932
423984 424036 424088 424140 424192 424244 424296 424348
424400 424452 424504 424556 424608 424660 424712 424764
424816 424868 424920 424972 425024 425076 425128 425180
425232 425284 425336 425388 425440 425492 425544 425596
425648 425700 425752 425804 425856 425908 425960 426012
426064 426116 426168 426220 426272 426324 426376 426428
426480 426532 426584 426636 426688 426740 426792 426844
426896 426948 427000 427052 427104 427156 427208 427260
427312 427364 427416 427468 427520 427572 427624 427676
427728 427780 427832 427884 427936 427988 428040 428092
428144 428196 428248 428300 428352 428404 428456 428508
428560 428612 428664 428716 428768 428820 428872 428924
428976 429028 429080 429132 429184 429236 429288 429340
429392 429444 429496 429548 429600 429652 429704 429756
429808 429860 429912 429964 430016 430068 430120 430172
430224 430276 430328 430380 430432 430484 430536 430588
430640 430692 430744 430796 430848 430900 430952 431004
431056 431108 431160 431212 431264 431316 431368 431420
431472 431524 431576 431628 431680 431732 431784 431836
431888 431940 431992 432044 432096 432148 432200 432252
432304 432356 432408 432460 432512 432564 432616 432668
432720 432772 432824 432876 432928 432980 433032 433084
433136 433188 433240 433292 433344 433396 433448 433500
433552 433604 433656 433708 433760 433812 433864 433916
433968 434020 434072 434124 434176 434228 434280 434332
434384 434436 434488 434540 434592 434644 434696 434748
434800 434852 434904 434956 435008 435060 435112 435164
435216 435268 435320 435372 435424 435476 435528 435581
435634 435687 435740 435793 435846 435899 435952 436005
436058 436111 436164 436217 436270 436323 436376 436429
436482 436535 436588 436641 436694 436747 436800 436853
436906 436959 437012 437065 437118 437171 437224 437277
437330 437383 437436 437489 437542 437595 437648 437701
437754 437807 437860 437913 437966 438019 438072 438125
438178 438231 438284 438337 438390 438443 438496 438549
438602 438655 438708 438761 438814 438867 438920 438973
439026 439079 439132 439185 439238 439291 439344 439397
439450 439503 439556 439609 439662 439715 439768 439821
439874 439927 439980 440033 440086 440139 440192 440245
440298 440351 440404 440457 440510 440563 440616 440669
440722 440775 440828 440881 440934 440987 441040 441093
441146 441199 441252 441305 441358 441411 441464 441517
441570 441623 441676 441730 441784 441838 441892 441946
442000 442054 442108 442162 442216 442270 442324 442378
442432 442486 442540 442594 442648 442702 442756 442810
442864 442918 442972 443026 443080 443134 443188 443242
443296 443350 443404 443458 443512 443566 443620 443674
443728 443782 443836 443890 443944 443998 444052 444106
444160 444214 444268 444322 444376 444430 444484 444538
444592 444646 444700 444754 444808 444862 444916 444970
445024 445078 445132 445186 445240 445294 445348 445402
445456 445510 445564 445618 445672 445726 445780 445834
445888 445942 445996 446050 446104 446158 446212 446266
446320 446374 446428 446482 446536 446590 446644 446698
446752 446806 446860 446914 446968 447022 447076 447130
447184 447238 447292 447346 447400 447454 447508 447562
447616 447670 447724 447778 447832 447886 447940 447994
448048 448102 448156 448210 448264 448318 448372 448426
448480 448534 448588 448642 448696 448750 448804 448858
448912 448966 449020 449074 449128 449182 449236 449290
449344 449398 449452 449506 449560 449614 449668 449722
449776 449830 449884 449938 449992 450046 450100 450154
450208 450262 450316 450370 450424 450478 450532 450586
450640 450694 450748 450802 450857 450912 450967 451022
451077 451132 451187 451242 451297 451352 451407 451462
451517 451572 451627 451682 451737 451792 451847 451902
451957 452012 452067 452122 452177 452232 452287 452342
452397 452452 452507 452562 452617 452672 452727 452782
452837 452892 452947 453002 453057 453112 453167 453222
453277 453332 453387 453442 453497 453552 453607 453662
453717 453772 453827 453882 453937 453992 454047 454102
454157 454212 454267 454322 454377 454432 454487 454542
454597 454652 454707 454762 454817 454872 454927 454982
455037 455092 455147 455202 455257 455312 455367 455422
455477 455532 455587 455642 455697 455752 455807 455862
455917 455972 456027 456082 456137 456192 456247 456302
456357 456412 456467 456522 456577 456632 456687 456742
456797 456852 456907 456962 457017 457072 457127 457182
457237 457292 457347 457402 457457 457512 457567 457622
457677 457732 457787 457842 457897 457952 458007 458062
458117 458172 458227 458282 458337 458392 458447 458502
458557 458612 458667 458722 458777 458832 458887 458942
458997 459052 459107 459162 459217 459272 459327 459382
459437 459492 459547 459602 459657 459712 459767 459822
459877 459932 459987 460042 460098 460154 460210 460266
460322 460378 460434 460490 460546 460602 460658 460714
460770 460826 460882 460938 460994 461050 461106 461162
461218 461274 461330 461386 461442 461498 461554 461610
461666 461722 461778 461834 461890 461946 462002 462058
462114 462170 462226 462282 462338 462394 462450 462506
462562 462618 462674 462730 462786 462842 462898 462954
463010 463066 463122 463178 463234 463290 463346 463402
463458 463514 463570 463626 463682 463738 463794 463850
463906 463962 464018 464074 464130 464186 464242 464298
464354 464410 464466 464522 464578 464634 464690 464746
464802 464858 464914 464970 465026 465082 465138 465194
465250 465306 465362 465418 465474 465530 465586 465642
465698 465754 465810 465866 465922 465978 466034 466090
466146 466202 466258 466314 466370 466426 466482 466538
466594 466650 466706 466762 466818 466874 466930 466986
467042 467098 467154 467210 467266 467322 467378 467434
467490 467546 467602 467658 467714 467770 467826 467882
467938 467994 468050 468106 468162 468218 468274 468330
468386 468442 468498 468554 468610 468666 468722 468778
468834 468890 468946 469002 469058 469114 469170 469226
469282 469338 469394 469450 469506 469562 469618 469674
469730 469786 469842 469898 469954 470010 470066 470122
470178 470234 470290 470346 470402 470458 470514 470570
470626 470682 470738 470794 470850 470906 470962 471018
471074 471130 471186 471242 471298 471354 471410 471466
471522 471578 471634 471690 471746 471802 471858 471914
471970 472026 472082 472138 472194 472250 472306 472362
472418 472474 472530 472586 472643 472700 472757 472814
472871 472928 472985 473042 473099 473156 473213 473270
473327 473384 473441 473498 473555 473612 473669 473726
473783 473840 473897 473954 474011 474068 474125 474182
474239 474296 474353 474410 474467 474524 474581 474638
474695 474752 474809 474866 474923 474980 475037 475094
475151 475208 475265 475322 475379 475436 475493 475550
475607 475664 475721 475778 475835 475892 475949 476006
476063 476120 476177 476234 476291 476348 476405 476462
476519 476576 476633 476690 476747 476804 476861 476918
476975 477032 477089 477146 477203 477260 477317 477374
477431 477488 477545 477602 477659 477716 477773 477830
477887 477944 478001 478058 478115 478172 478229 478286
478343 478400 478457 478514 478571 478628 478685 478742
478799 478856 478913 478970 479028 479086 479144 479202
479260 479318 479376 479434 479492 479550 479608 479666
479724 479782 479840 479898 479956 480014 480072 480130
480188 480246 480304 480362 480420 480478 480536 480594
480652 480710 480768 480826 480884 480942 481000 481058
481116 481174 481232 481290 481348 481406 481464 481522
481580 481638 481696 481754 481812 481870 481928 481986
482044 482102 482160 482218 482276 482334 482392 482450
482508 482566 482624 482682 482740 482798 482856 482914
482972 483030 483088 483146 483204 483262 483320 483378
483436 483494 483552 483610 483668 483726 483784 483842
483900 483958 484016 484074 484132 484190 484248 484306
484364 484422 484480 484538 484596 484654 484712 484770
484828 484886 484944 485002 485060 485118 485176 485234
485292 485350 485408 485466 485524 485582 485640 485698
485756 485814 485872 485930 485988 486046 486104 486162
486220 486278 486336 486394 486452 486510 486568 486626
486684 486742 486800 486858 486916 486974 487032 487090
487148 487206 487264 487322 487380 487438 487496 487554
487612 487670 487728 487786 487844 487902 487960 488018
488076 488134 488192 488250 488308 488366 488424 488482
488540 488598 488656 488714 488772 488830 488888 488946
489004 489062 489120 489178 489236 489294 489352 489410
489468 489526 489584 489642 489700 489758 489816 489874
489932 489990 490048 490106 490164 490222 490280 490338
490396 490454 490512 490570 490628 490686 490744 490802
490860 490918 490976 491034 491092 491150 491208 491266
491324 491382 491440 491498 491556 491614 491672 491730
491788 491846 491904 491962 492020 492078 492136 492194
492252 492310 492368 492426 492484 492542 492600 492658
492716 492774 492832 492890 492948 493006 493064 493122
493180 493238 493296 493354 493412 493470 493528 493586
493644 493702 493760 493818 493876 493934 493992 494050
494108 494166 494224 494282 494340 494398 494456 494514
494572 494630 494688 494746 494804 494862 494920 494978
495036 495094 495152 495211 495270 495329 495388 495447
495506 495565 495624 495683 495742 495801 495860 495919
495978 496037 496096 496155 496214 496273 496332 496391
496450 496509 496568 496627 496686 496745 496804 496863
496922 496981 497040 497099 497158 497217 497276 497335
497394 497453 497512 497571 497630 497689 497748 497807
497866 497925 497984 498043 498102 498161 498220 498279
498338 498397 498456 498515 498574 498633 498692 498751
498810 498869 498928 498987 499046 499105 499164 499223
499282 499341 499400 499459 499518 499577 499636 499695
499754 499813 499872 499931 499990 500049 500108 500167
500226 500285 500344 500403 500462 500521 500580 500639
500698 500757 500816 500875 500934 500993 501052 501111
501170 501229 501288 501347 501406 501465 501524 501584
501644 501704 501764 501824 501884 501944 502004 502064
502124 502184 502244 502304 502364 502424 502484 502544
502604 502664 502724 502784 502844 502904 502964 503024
503084 503144 503204 503264 503324 503384 503444 503504
503564 503624 503684 503744 503804 503864 503924 503984
504044 504104 504164 504224 504284 504344 504404 504464
504524 504584 504644 504704 504764 504824 504884 504944
505004 505064 505124 505184 505244 505304 505364 505424
505484 505544 505604 505664 505724 505784 505844 505904
505964 506024 506084 506144 506204 506264 506324 506384
506444 506504 506564 506624 506684 506744 506804 506864
506924 506984 507044 507104 507164 507224 507284 507344
507404 507464 507524 507584 507644 507704 507764 507824
507884 507944 508004 508064 508124 508184 508244 508304
508364 508424 508484 508544 508604 508664 508724 508784
508844 508904 508964 509024 509084 509144 509204 509264
509324 509384 509444 509504 509564 509624 509684 509744
509804 509864 509924 509984 510044 510104 510164 510224
510284 510344 510404 510464 510524 510584 510644 510704
510764 510824 510884 510944 511004 511064 511124 511184
511244 511304 511364 511424 511484 511544 511604 511664
511724 511784 511844 511904 511964 512024 512084 512144
512204 512264 512324 512384 512444 512504 512564 512624
512684 512744 512804 512864 512925 512986 513047 513108
513169 513230 513291 513352 513413 513474 513535 513596
513657 513718 513779 513840 513901 513962 514023 514084
514145 514206 514267 514328 514389 514450 514511 514572
514633 514694 514755 514816 514877 514938 514999 515060
515121 515182 515243 515304 515365 515426 515487 515548
515609 515670 515731 515792 515853 515914 515975 516036
516097 516158 516219 516280 516341 516402 516463 516524
516585 516646 516707 516768 516829 516890 516951 517012
517073 517134 517195 517256 517317 517378 517439 517500
517561 517622 517683 517744 517805 517866 517927 517988
518049 518110 518171 518232 518293 518354 518415 518476
518537 518598 518659 518720 518781 518842 518903 518964
519025 519086 519147 519208 519269 519330 519391 519452
519513 519574 519635 519696 519757 519818 519879 519940
520001 520062 520123 520184 520245 520306 520367 520428
520489 520550 520611 520672 520733 520794 520855 520916
520977 521038 521099 521160 521221 521282 521343 521404
521465 521526 521587 521648 521709 521770 521831 521892
521953 522014 522075 522136 522197 522258 522319 522380
522441 522502 522563 522624 522685 522746 522807 522869
522931 522993 523055 523117 523179 523241 523303 523365
523427 523489 523551 523613 523675 523737 523799 523861
523923 523985 524047 524109 524171 524233 524295 524357
524419 524481 524543 524605 524667 524729 524791 524853
524915 524977 525039 525101 525163 525225 525287 525349
525411 525473 525535 525597 525659 525721 525783 525845
525907 525969 526031 526093 526155 526217 526279 526341
526403 526465 526527 526589 526651 526713 526775 526837
526899 526961 527023 527085 527147 527209 527271 527333
527395 527457 527519 527581 527643 527705 527767 527829
527891 527953 528015 528077 528139 528201 528263 528325
528387 528449 528511 528573 528635 528697 528759 528821
528883 528945 529007 529069 529131 529193 529255 529317
529379 529441 529503 529565 529627 529689 529751 529813
529875 529937 529999 530061 530123 530185 530247 530309
530371 530433 530495 530557 530619 530681 530743 530805
530867 530929 530991 531053 531115 531177 531239 531301
531364 531427 531490 531553 531616 531679 531742 531805
531868 531931 531994 532057 532120 532183 532246 532309
532372 532435 532498 532561 532624 532687 532750 532813
532876 532939 533002 533065 533128 533191 533254 533317
533380 533443 533506 533569 533632 533695 533758 533821
533884 533947 534010 534073 534136 534199 534262 534325
534388 534451 534514 534577 534640 534703 534766 534829
534892 534955 535018 535081 535144 535207 535270 535333
535396 535459 535522 535585 535648 535711 535774 535837
535900 535963 536026 536089 536152 536215 536278 536341
536404 536467 536530 536593 536656 536719 536782 536845
536908 536971 537034 537097 537160 537223 537286 537349
537412 537475 537538 537601 537664 537727 537790 537853
537916 537979 538042 538105 538168 538231 538294 538357
538420 538483 538546 538609 538672 538735 538798 538861
538924 538987 539050 539113 539176 539239 539302 539365
539428 539491 539554 539617 539680 539743 539806 539869
539932 539995 540058 540121 540184 540247 540310 540373
540436 540499 540562 540625 540688 540751 540814 540877
540940 541003 541066 541129 541192 541255 541318 541381
541444 541507 541570 541633 541696 541759 541822 541885
541948 542011 542074 542137 542200 542263 542326 542389
542452 542515 542578 542641 542704 542767 542830 542893
542956 543019 543082 543145 543208 543271 543334 543397
543460 543523 543586 543649 543712 543775 543838 543901
543964 544027 544090 544153 544216 544279 544342 544405
544468 544531 544594 544657 544720 544783 544846 544909
544972 545035 545098 545161 545224 545287 545350 545413
545476 545539 545602 545665 545728 545791 545854 545917
545980 546043 546106 546169 546232 546295 546358 546421
546484 546547 546610 546673 546736 546799 546862 546925
546988 547051 547114 547177 547240 547303 547366 547429
547492 547555 547618 547681 547744 547807 547870 547933
547996 548059 548122 548185 548248 548311 548374 548437
548500 548563 548626 548689 548752 548815 548878 548941
549004 549067 549130 549193 549256 549319 549382 549445
549508 549571 549634 549697 549760 549823 549886 549949
550012 550075 550138 550201 550264 550327 550390 550453
550516 550579 550642 550705 550768 550831 550894 550957
551020 551083 551146 551209 551272 551335 551398 551461
551524 551587 551650 551713 551776 551839 551902 551965
552028 552091 552154 552217 552280 552343 552406 552469
552532 552595 552658 552721 552784 552847 552910 552973
553036 553099 553162 553225 553288 553351 553414 553477
553540 553603 553666 553729 553792 553855 553918 553981
554044 554107 554170 554233 554296 554359 554422 554485
554548 554611 554674 554737 554800 554863 554926 554989
555052 555115 555178 555241 555304 555367 555430 555493
555556 555619 555682 555745 555808 555871 555934 555997
556060 556123 556186 556249 556312 556375 556438 556501
556564 556627 556690 556753 556816 556879 556942 557005
557068 557131 557194 557257 557320 557383 557446 557509
557572 557635 557698 557761 557824 557887 557950 558013
558076 558139 558202 558265 558328 558391 558454 558517
558580 558643 558706 558769 558832 558895 558958 559021
559084 559147 559210 559273 559336 559399 559462 559525
559588 559651 559714 559777 559840 559903 559966 560029
560092 560155 560218 560281 560344 560407 560470 560533
560596 560659 560722 560785 560848 560911 560974 561037
561100 561163 561226 561289 561352 561415 561478 561541
561604 561667 561730 561793 561856 561919 561982 562045
562108 562171 562234 562297 562360 562423 562486 562549
562612 562675 562738 562801 562864 562927 562990 563053
563116 563179 563242 563305 563368 563431 563494 563557
563620 563683 563746 563809 563872 563935 563998 564061
564124 564187 564250 564313 564376 564439 564502 564565
564628 564691 564754 564817 564880 564943 565006 565069
565132 565195 565258 565321 565384 565447 565510 565573
565636 565699 565762 565825 565888 565951 566014 566077
566140 566203 566266 566329 566392 566455 566518 566581
566644 566707 566770 566833 566896 566959 567022 567085
567148 567211 567274 567337 567400 567463 567526 567589
567652 567715 567778 567841 567904 567967 568030 568093
568156 568219 568282 568345 568408 568471 568534 568597
568660 568723 568786 568849 568912 568975 569038 569101
569164 569227 569290 569353 569416 569479 569542 569605
569668 569731 569794 569857 569920 569983 570046 570109
570172 570235 570298 570361 570424 570487 570550 570613
570676 570739 570802 570865 570928 570991 571054 571117
571180 571243 571306 571369 571432 571495 571558 571621
571684 571747 571810 571873 571936 571999 572062 572125
572188 572251 572314 572377 572440 572503 572566 572629
572692 572755 572818 572881 572944 573007 573070 573133
573196 573259 573322 573385 573448 573511 573574 573637
573700 573763 573826 573889 573952 574015 574078 574141
574204 574267 574330 574393 574456 574519 574582 574645
574708 574771 574834 574897 574960 575023 575086 575149
575212 575275 575338 575401 575464 575527 575590 575653
575716 575779 575842 575905 575968 576031 576094 576157
576220 576283 576346 576409 576472 576535 576598 576661
576724 576787 576850 576913 576976 577039 577102 577165
577228 577291 577354 577417 577480 577543 577606 577669
577732 577795 577858 577921 577984 578047 578110 578173
578236 578299 578362 578425 578488 578551 578614 578677
578740 578803 578866 578929 578992 579055 579118 579181
579244 579307 579370 579433 579496 579559 579622 579685
579748 579811 579874 579937 580000 580063 580126 580189
580252 580315 580378 580441 580504 580567 580630 580693
580756 580819 580882 580945 581008 581071 581134 581197
581260 581323 581386 581449 581512 581575 581638 581701
581764 581827 581890 581953 582016 582079 582142 582205
582268 582331 582394 582457 582520 582583 582646 582709
582772 582835 582898 582961 583024 583087 583150 583213
583276 583339 583402 583465 583528 583591 583654 583717
583780 583843 583906 583969 584032 584095 584158 584221
584284 584347 584410 584473 584536 584599 584662 584725
584788 584851 584914 584977 585040 585103 585166 585229
585292 585355 585418 585481 585544 585607 585670 585733
585796 585859 585922 585985 586048 586111 586174 586237
586300 586363 586426 586489 586552 586615 586678 586741
586804 586867 586930 586993 587056 587119 587182 587245
587308 587371 587434 587497 587560 587623 587686 587749
587812 587875 587938 588001 588064 588127 588190 588253
588316 588379 588442 588505 588568 588631 588694 588757
588820 588883 588946 589009 589072 589135 589198 589261
589324 589387 589450 589513 589576 589639 589702 589765
589828 589891 589954 590017 590080 590143 590206 590269
590332 590395 590458 590521 590584 590647 590710 590773
590836 590899 590962 591025 591088 591151 591214 591277
591340 591403 591466 591529 591592 591655 591718 591781
591844 591907 591970 592033 592096 592159 592222 592285
592348 592411 592474 592537 592600 592663 592726 592789
592852 592915 592978 593041 593104 593167 593230 593293
593356 593419 593482 593545 593608 593671 593734 593797
593860 593923 593986 594049 594112 594175 594238 594301
594364 594427 594490 594553 594616 594679 594742 594805
594868 594931 594994 595057 595120 595183 595246 595309
595372 595435 595498 595561 595624 595687 595750 595813
595876 595939 596002 596065 596128 596191 596254 596317
596380 596443 596506 596569 596632 596695 596758 596821
596884 596947 597010 597073 597136 597199 597262 597325
597388 597451 597514 597577 597640 597703 597766 597829
597892 597955 598018 598081 598144 598207 598270 598333
598396 598459 598522 598585 598648 598711 598774 598837
598900 598963 599026 599089 599152 599215 599278 599341
599404 599467 599530 599593 599656 599719 599782 599845
599908 599971 600034 600097 600160 600223 600286 600349
600412 600475 600538 600601 600664 600727 600790 600853
600916 600979 601042 601105 601168 601231 601294 601357
601420 601483 601546 601609 601672 601735 601798 601861
601924 601987 602050 602113 602176 602239 602302 602365
602428 602491 602554 602617 602680 602743 602806 602869
602932 602995 603058 603121 603184 603247 603310 603373
603436 603499 603562 603625 603688 603751 603814 603877
603940 604003 604066 604129 604192 604255 604318 604381
604444 604507 604570 604633 604696 604759 604822 604885
604948 605011 605074 605137 605200 605263 605326 605389
605452 605515 605578 605641 605704 605767 605830 605893
605956 606019 606082 606145 606208 606271 606334 606397
606460 606523 606586 606649 606712 606775 606838 606901
606964 607027 607090 607153 607216 607279 607342 607405
607468 607531 607594 607657 607720 607783 607846 607909
607972 608035 608098 608161 608224 608287 608350 608413
608476 608539 608602 608665 608728 608791 608854 608917
608980 609043 609106 609169 609232 609295 609358 609421
609484 609547 609610 609673 609736 609799 609862 609925
609988 610051 610114 610177 610240 610303 610366 610429
610492 610555 610618 610681 610744 610807 610870 610933
610996 611059 611122 611185 611248 611311 611374 611437
611500 611563 611626 611689 611752 611815 611878 611941
612004 612067 612130 612193 612256 612319 612382 612445
612508 612571 612634 612697 612760 612823 612886 612949
613012 613075 613138 613201 613264 613327 613390 613453
613516 613579 613642 613705 613768 613831 613894 613957
614020 614083 614146 614209 614272 614335 614398 614461
614524 614587 614650 614713 614776 614839 614902 614965
615028 615091 615154 615217 615280 615343 615406 615469
615532 615595 615658 615721 615784 615847 615910 615973
616036 616099 616162 616225 616288 616351 616414 616477
616540 616603 616666 616729 616792 616855 616918 616981
617044 617107 617170 617233 617296 617359 617422 617485
617548 617611 617674 617737 617800 617863 617926 617989
618052 618115 618178 618241 618304 618367 618430 618493
618556 618619 618682 618745 618808 618871 618934 618997
619060 619123 619186 619249 619312 619375 619438 619501
619564 619627 619690 619753 619816 619879 619942 620005
620068 620131 620194 620257 620320 620383 620446 620509
620572 620635 620698 620761 620824 620887 620950 621013
621076 621139 621202 621265 621328 621391 621454 621517
621580 621643 621706 621769 621832 621895 621958 622021
622084 622147 622210 622273 622336 622399 622462 622525
622588 622651 622714 622777 622840 622903 622966 623029
623092 623155 623218 623281 623344 623407 623470 623533
623596 623659 623722 623785 623848 623911 623974 624037
624100 624163 624226 624289 624352 624415 624478 624541
624604 624667 624730 624793 624856 624919 624982 625045
625108 625171 625234 625297 625360 625423 625486 625549
625612 625675 625738 625801 625864 625927 625990 626053
626116 626179 626242 626305 626368 626431 626494 626557
626620 626683 626746 626809 626872 626935 626998 627061
627124 627187 627250 627313 627376 627439 627502 627565
627628 627691 627754 627817 627880 627943 628006 628069
628132 628195 628258 628321 628384 628447 628510 628573
628636 628699 628762 628825 628888 628951 629014 629077
629140 629203 629266 629329 629392 629455 629518 629581
629644 629707 629770 629833 629896 629959 630022 630085
630148 630211 630274 630337 630400 630463 630526 630589
630652 630715 630778 630841 630904 630967 631030 631093
631156 631219 631282 631345 631408 631471 631534 631597
631660 631723 631786 631849 631912 631975 632038 632101
632164 632227 632290 632353 632416 632479 632542 632605
632668 632731 632794 632857 632920 632983 633046 633109
633172 633235 633298 633361 633424 633487 633550 633613
633676 633739 633802 633865 633928 633991 634054 634117
634180 634243 634306 634369 634432 634495 634558 634621
634684 634747 634810 634873 634936 634999 635062 635125
635188 635251 635314 635377 635440 635503 635566 635629
635692 635755 635818 635881 635944 636007 636070 636133
636196 636259 636322 636385 636448 636511 636574 636637
636700 636763 636826 636889 636952 637015 637078 637141
637204 637267 637330 637393 637456 637519 637582 637645
637708 637771 637834 637897 637960 638023 638086 638149
638212 638275 638338 638401 638464 638527 638590 638653
638716 638779 638842 638905 638968 639031 639094 639157
639220 639283 639346 639409 639472 639535 639598 639661
639724 639787 639850 639913 639976 640039 640102 640165
640228 640291 640354 640417 640480 640543 640606 640669
640732 640795 640858 640921 640984 641047 641110 641173
641236 641299 641362 641425 641488 641551 641614 641677
641740 641803 641866 641929 641992 642055 642118 642181
642244 642307 642370 642433 642496 642559 642622 642685
642748 642811 642874 642937 643000 643063 643126 643189
643252 643315 643378 643441 643504 643567 643630 643693
643756 643819 643882 643945 644008 644071 644134 644197
644260 644323 644386 644449 644512 644575 644638 644701
644764 644827 644890 644953 645016 645079 645142 645205
645268 645331 645394 645457 645520 645583 645646 645709
645772 645835 645898 645961 646024 646087 646150 646213
646276 646339 646402 646465 646528 646591 646654 646717
646780 646843 646906 646969 647032 647095 647158 647221
647284 647347 647410 647473 647536 647599 647662 647725
647788 647851 647914 647977 648040 648103 648166 648229
648292 648355 648418 648481 648544 648607 648670 648733
648796 648859 648922 648985 649048 649111 649174 649237
649300 649363 649426 649489 649552 649615 649678 649741
649804 649867 649930 649993 650056 650119 650182 650245
650308 650371 650434 650497 650560 650623 650686 650749
650812 650875 650938 651001 651064 651127 651190 651253
651316 651379 651442 651505 651568 651631 651694 651757
651820 651883 651946 652009 652072 652135 652198 652261
652324 652387 652450 652513 652576 652639 652702 652765
652828 652891 652954 653017 653080 653143 653206 653269
653332 653395 653458 653521 653584 653647 653710 653773
653836 653899 653962 654025 654088 654151 654214 654277
654340 654403 654466 654529 654592 654655 654718 654781
654844 654907 654970 655033 655096 655159 655222 655285
655348 655411 655474 655537 655600 655663 655726 655789
655852 655915 655978 656041 656104 656167 656230 656293
656356 656419 656482 656545 656608 656671 656734 656797
656860 656923 656986 657049 657112 657175 657238 657301
657364 657427 657490 657553 657616 657679 657742 657805
657868 657931 657994 658057 658120 658183 658246 658309
658372 658435 658498 658561 658624 658687 658750 658813
658876 658939 659002 659065 659128 659191 659254 659317
659380 659443 659506 659569 659632 659695 659758 659821
659884 659947 660010 660073 660136 660199 660262 660325
660388 660451 660514 660577 660640 660703 660766 660829
660892 660955 661018 661081 661144 661207 661270 661333
661396 661459 661522 661585 661648 661711 661774 661837
661900 661963 662026 662089 662152 662215 662278 662341
662404 662467 662530 662593 662656 662719 662782 662845
662908 662971 663034 663097 663160 663223 663286 663349
663412 663475 663538 663601 663664 663727 663790 663853
663916 663979 664042 664105 664168 664231 664294 664357
664420 664483 664546 664609 664672 664735 664798 664861
664924 664987 665050 665113 665176 665239 665302 665365
665428 665491 665554 665617 665680 665743 665806 665869
665932 665995 666058 666121 666184 666247 666310 666373
666436 666499 666562 666625 666688 666751 666814 666877
666940 667003 667066 667129 667192 667255 667318 667381
667444 667507 667570 667633 667696 667759 667822 667885
667948 668011 668074 668137 668200 668263 668326 668389
668452 668515 668578 668641 668704 668767 668830 668893
668956 669019 669082 669145 669208 669271 669334 669397
669460 669523 669586 669649 669712 669775 669838 669901
669964 670027 670090 670153 670216 670279 670342 670405
670468 670531 670594 670657 670720 670783 670846 670909
670972 671035 671098 671161 671224 671287 671350 671413
671476 671539 671602 671665 671728 671791 671854 671917
671980 672043 672106 672169 672232 672295 672358 672421
672484 672547 672610 672673 672736 672799 672862 672925
672988 673051 673114 673177 673240 673303 673366 673429
673492 673555 673618 673681 673744 673807 673870 673933
673996 674059 674122 674185 674248 674311 674374 674437
674500 674563 674626 674689 674752 674815 674878 674941
675004 675067 675130 675193 675256 675319 675382 675445
675508 675571 675634 675697 675760 675823 675886 675949
676012 676075 676138 676201 676264 676327 676390 676453
676516 676579 676642 676705 676768 676831 676894 676957
677020 677083 677146 677209 677272 677335 677398 677461
677524 677587 677650 677713 677776 677839 677902 677965
678028 678091 678154 678217 678280 678343 678406 678469
678532 678595 678658 678721 678784 678847 678910 678973
679036 679099 679162 679225 679288 679351 679414 679477
679540 679603 679666 679729 679792 679855 679918 679981
680044 680107 680170 680233 680296 680359 680422 680485
680548 680611 680674 680737 680800 680863 680926 680989
681052 681115 681178 681241 681304 681367 681430 681493
681556 681619 681682 681745 681808 681871 681934 681997
682060 682123 682186 682249 682312 682375 682438 682501
682564 682627 682690 682753 682816 682879 682942 683005
683068 683131 683194 683257 683320 683383 683446 683509
683572 683635 683698 683761 683824 683887 683950 684013
684076 684139 684202 684265 684328 684391 684454 684517
684580 684643 684706 684769 684832 684895 684958 685021
685084 685147 685210 685273 685336 685399 685462 685525
685588 685651 685714 685777 685840 685903 685966 686029
686092 686155 686218 686281 686344 686407 686470 686533
686596 686659 686722 686785 686848 686911 686974 687037
687100 687163 687226 687289 687352 687415 687478 687541
687604 687667 687730 687793 687856 687919 687982 688045
688108 688171 688234 688297 688360 688423 688486 688549
688612 688675 688738 688801 688864 688927 688990 689053
689116 689179 689242 689305 689368 689431 689494 689557
689620 689683 689746 689809 689872 689935 689998 690061
690124 690187 690250 690313 690376 690439 690502 690565
690628 690691 690754 690817 690880 690943 691006 691069
691132 691195 691258 691321 691384 691447 691510 691573
691636 691699 691762 691825 691888 691951 692014 692077
692140 692203 692266 692329 692392 692455 692518 692581
692644 692707 692770 692833 692896 692959 693022 693085
693148 693211 693274 693337 693400 693463 693526 693589
693652 693715 693778 693841 693904 693967 694030 694093
694156 694219 694282 694345 694408 694471 694534 694597
694660 694723 694786 694849 694912 694975 695038 695101
695164 695227 695290 695353 695416 695479 695542 695605
695668 695731 695794 695857 695920 695983 696046 696109
696172 696235 696298 696361 696424 696487 696550 696613
696676 696739 696802 696865 696928 696991 697054 697117
697180 697243 697306 697369 697432 697495 697558 697621
697684 697747 697810 697873 697936 697999 698062 698125
698188 698251 698314 698377 698440 698503 698566 698629
698692 698755 698818 698881 698944 699007 699070 699133
699196 699259 699322 699385 699448 699511 699574 699637
699700 699763 699826 699889 699952 700015 700078 700141
700204 700267 700330 700393 700456 700519 700582 700645
700708 700771 700834 700897 700960 701023 701086 701149
701212 701275 701338 701401 701464 701527 701590 701653
701716 701779 701842 701905 701968 702031 702094 702157
702220 702283 702346 702409 702472 702535 702598 702661
702724 702787 702850 702913 702976 703039 703102 703165
703228 703291 703354 703417 703480 703543 703606 703669
703732 703795 703858 703921 703984 704047 704110 704173
704236 704299 704362 704425 704488 704551 704614 704677
704740 704803 704866 704929 704992 705055 705118 705181
705244 705307 705370 705433 705496 705559 705622 705685
705748 705811 705874 705937 706000 706063 706126 706189
706252 706315 706378 706441 706504 706567 706630 706693
706756 706819 706882 706945 707008 707071 707134 707197
707260 707323 707386 707449 707512 707575 707638 707701
707764 707827 707890 707953 708016 708079 708142 708205
708268 708331 708394 708457 708520 708583 708646 708709
708772 708835 708898 708961 709024 709087 709150 709213
709276 709339 709402 709465 709528 709591 709654 709717
709780 709843 709906 709969 710032 710095 710158 710221
710284 710347 710410 710473 710536 710599 710662 710725
710788 710851 710914 710977 711040 711103 711166 711229
711292 711355 711418 711481 711544 711607 711670 711733
711796 711859 711922 711985 712048 712111 712174 712237
712300 712363 712426 712489 712552 712615 712678 712741
712804 712867 712930 712993 713056 713119 713182 713245
713308 713371 713434 713497 713560 713623 713686 713749
713812 713875 713938 714001 714064 714127 714190 714253
714316 714379 714442 714505 714568 714631 714694 714757
714820 714883 714946 715009 715072 715135 715198 715261
715324 715387 715450 715513 715576 715639 715702 715765
715828 715891 715954 716017 716080 716143 716206 716269
716332 716395 716458 716521 716584 716647 716710 716773
716836 716899 716962 717025 717088 717151 717214 717277
717340 717403 717466 717529 717592 717655 717718 717781
717844 717907 717970 718033 718096 718159 718222 718285
718348 718411 718474 718537 718600 718663 718726 718789
718852 718915 718978 719041 719104 719167 719230 719293
719356 719419 719482 719545 719608 719671 719734 719797
719860 719923 719986 720049 720112 720175 720238 720301
720364 720427 720490 720553 720616 720679 720742 720805
720868 720931 720994 721057 721120 721183 721246 721309
721372 721435 721498 721561 721624 721687 721750 721813
721876 721939 722002 722065 722128 722191 722254 722317
722380 722443 722506 722569 722632 722695 722758 722821
722884 722947 723010 723073 723136 723199 723262 723325
723388 723451 723514 723577 723640 723703 723766 723829
723892 723955 724018 724081 724144 724207 724270 724333
724396 724459 724522 724585 724648 724711 724774 724837
724900 724963 725026 725089 725152 725215 725278 725341
725404 725467 725530 725593 725656 725719 725782 725845
725908 725971 726034 726097 726160 726223 726286 726349
726412 726475 726538 726601 726664 726727 726790 726853
726916 726979 727042 727105 727168 727231 727294 727357
727420 727483 727546 727609 727672 727735 727798 727861
727924 727987 728050 728113 728176 728239 728302 728365
728428 728491 728554 728617 728680 728743 728806 728869
728932 728995 729058 729121 729184 729247 729310 729373
729436 729499 729562 729625 729688 729751 729814 729877
729940 730003 730066 730129 730192 730255 730318 730381
730444 730507 730570 730633 730696 730759 730822 730885
730948 731011 731074 731137 731200 731263 731326 731389
731452 731515 731578 731641 731704 731767 731830 731893
731956 732019 732082 732145 732208 732271 732334 732397
732460 732523 732586 732649 732712 732775 732838 732901
732964 733027 733090 733153 733216 733279 733342 733405
733468 733531 733594 733657 733720 733783 733846 733909
733972 734035 734098 734161 734224 734287 734350 734413
734476 734539 734602 734665 734728 734791 734854 734917
734980 735043 735106 735169 735232 735295 735358 735421
735484 735547 735610 735673 735736 735799 735862 735925
735988 736051 736114 736177 736240 736303 736366 736429
736492 736555 736618 736681 736744 736807 736870 736933
736996 737059 737122 737185 737248 737311 737374 737437
737500 737563 737626 737689 737752 737815 737878 737941
738004 738067 738130 738193 738256 738319 738382 738445
738508 738571 738634 738697 738760 738823 738886 738949
739012 739075 739138 739201 739264 739327 739390 739453
739516 739579 739642 739705 739768 739831 739894 739957
740020 740083 740146 740209 740272 740335 740398 740461
740524 740587 740650 740713 740776 740839 740902 740965
741028 741091 741154 741217 741280 741343 741406 741469
741532 741595 741658 741721 741784 741847 741910 741973
742036 742099 742162 742225 742288 742351 742414 742477
742540 742603 742666 742729 742792 742855 742918 742981
743044 743107 743170 743233 743296 743359 743422 743485
743548 743611 743674 743737 743800 743863 743926 743989
744052 744115 744178 744241 744304 744367 744430 744493
744556 744619 744682 744745 744808 744871 744934 744997
745060 745123 745186 745249 745312 745375 745438 745501
745564 745627 745690 745753 745816 745879 745942 746005
746068 746131 746194 746257 746320 746383 746446 746509
746572 746635 746698 746761 746824 746887 746950 747013
747076 747139 747202 747265 747328 747391 747454 747517
747580 747643 747706 747769 747832 747895 747958 748021
748084 748147 748210 748273 748336 748399 748462 748525
748588 748651 748714 748777 748840 748903 748966 749029
749092 749155 749218 749281 749344 749407 749470 749533
749596 749659 749722 749785 749848 749911 749974 750037
750100 750163 750226 750289 750352 750415 750478 750541
750604 750667 750730 750793 750856 750919 750982 751045
751108 751171 751234 751297 751360 751423 751486 751549
751612 751675 751738 751801 751864 751927 751990 752053
752116 752179 752242 752305 752368 752431 752494 752557
752620 752683 752746 752809 752872 752935 752998 753061
753124 753187 753250 753313 753376 753439 753502 753565
753628 753691 753754 753817 753880 753943 754006 754069
754132 754195 754258 754321 754384 754447 754510 754573
754636 754699 754762 754825 754888 754951 755014 755077
755140 755203 755266 755329 755392 755455 755518 755581
755644 755707 755770 755833 755896 755959 756022 756085
756148 756211 756274 756337 756400 756463 756526 756589
756652 756715 756778 756841 756904 756967 757030 757093
757156 757219 757282 757345 757408 757471 757534 757597
757660 757723 757786 757849 757912 757975 758038 758101
758164 758227 758290 758353 758416 758479 758542 758605
758668 758731 758794 758857 758920 758983 759046 759109
759172 759235 759298 759361 759424 759487 759550 759613
759676 759739 759802 759865 759928 759991 760054 760117
760180 760243 760306 760369 760432 760495 760558 760621
760684 760747 760810 760873 760936 760999 761062 761125
761188 761251 761314 761377 761440 761503 761566 761629
761692 761755 761818 761881 761944 762007 762070 762133
762196 762259 762322 762385 762448 762511 762574 762637
762700 762763 762826 762889 762952 763015 763078 763141
763204 763267 763330 763393 763456 763519 763582 763645
763708 763771 763834 763897 763960 764023 764086 764149
764212 764275 764338 764401 764464 764527 764590 764653
764716 764779 764842 764905 764968 765031 765094 765157
765220 765283 765346 765409 765472 765535 765598 765661
765724 765787 765850 765913 765976 766039 766102 766165
766228 766291 766354 766417 766480 766543 766606 766669
766732 766795 766858 766921 766984 767047 767110 767173
767236 767299 767362 767425 767488 767551 767614 767677
767740 767803 767866 767929 767992 768055 768118 768181
768244 768307 768370 768433 768496 768559 768622 768685
768748 768811 768874 768937 769000 769063 769126 769189
769252 769315 769378 769441 769504 769567 769630 769693
769756 769819 769882 769945 770008 770071 770134 770197
770260 770323 770386 770449 770512 770575 770638 770701
770764 770827 770890 770953 771016 771079 771142 771205
771268 771331 771394 771457 771520 771583 771646 771709
771772 771835 771898 771961 772024 772087 772150 772213
772276 772339 772402 772465 772528 772591 772654 772717
772780 772843 772906 772969 773032 773095 773158 773221
773284 773347 773410 773473 773536 773599 773662 773725
773788 773851 773914 773977 774040 774103 774166 774229
774292 774355 774418 774481 774544 774607 774670 774733
774796 774859 774922 774985 775048 775111 775174 775237
775300 775363 775426 775489 775552 775615 775678 775741
775804 775867 775930 775993 776056 776119 776182 776245
776308 776371 776434 776497 776560 776623 776686 776749
776812 776875 776938 777001 777064 777127 777190 777253
777316 777379 777442 777505 777568 777631 777694 777757
777820 777883 777946 778009 778072 778135 778198 778261
778324 778387 778450 778513 778576 778639 778702 778765
778828 778891 778954 779017 779080 779143 779206 779269
779332 779395 779458 779521 779584 779647 779710 779773
779836 779899 779962 780025 780088 780151 780214 780277
780340 780403 780466 780529 780592 780655 780718 780781
780844 780907 780970 781033 781096 781159 781222 781285
781348 781411 781474 781537 781600 781663 781726 781789
781852 781915 781978 782041 782104 782167 782230 782293
782356 782419 782482 782545 782608 782671 782734 782797
782860 782923 782986 783049 783112 783175 783238 783301
783364 783427 783490 783553 783616 783679 783742 783805
783868 783931 783994 784057 784120 784183 784246 784309
784372 784435 784498 784561 784624 784687 784750 784813
784876 784939 785002 785065 785128 785191 785254 785317
785380 785443 785506 785569 785632 785695 785758 785821
785884 785947 786010 786073 786136 786199 786262 786325
786388 786451 786514 786577 786640 786703 786766 786829
786892 786955 787018 787081 787144 787207 787270 787333
787396 787459 787522 787585 787648 787711 787774 787837
787900 787963 788026 788089 788152 788215 788278 788341
788404 788467 788530 788593 788656 788719 788782 788845
788908 788971 789034 789097 789160 789223 789286 789349
789412 789475 789538 789601 789664 789727 789790 789853
789916 789979 790042 790105 790167 790230 790293 790356
790419 790482 790545 790608 790671 790734 790797 790860
790923 790986 791049 791112 791175 791238 791301 791364
791427 791490 791553 791616 791679 791742 791805 791868
791931 791994 792057 792120 792183 792246 792309 792372
792435 792498 792561 792624 792687 792750 792813 792876
792939 793002 793065 793128 793191 793254 793317 793380
793443 793506 793568 793630 793691 793754 793817 793880
793943 794006 794069 794132 794195 794258 794321 794384
794447 794510 794573 794636 794699 794762 794825 794888
794951 795014 795077 795140 795203 795266 795329 795392
795455 795518 795581 795644 795707 795770 795833 795896
795959 796022 796085 796148 796211 796274 796337 796400
796463 796526 796589 796652 796715 796778 796841 796904
796967 797030 797093 797156 797219 797281 797343 797406
797469 797532 797595 797658 797721 797784 797847 797910
797973 798036 798099 798162 798225 798288 798351 798414
798477 798540 798603 798666 798729 798792 798855 798918
798981 799044 799107 799170 799233 799296 799359 799422
799485 799548 799611 799674 799737 799800 799863 799926
799989 800052 800115 800178 800241 800304 800367 800430
800493 800556 800619 800682 800745 800808 800871 800934
800997 801059 801121 801184 801247 801310 801373 801436
801499 801562 801625 801688 801751 801814 801877 801940
802003 802066 802129 802192 802255 802318 802381 802444
802507 802570 802633 802696 802759 802822 802885 802948
803011 803074 803137 803200 803263 803326 803389 803452
803515 803578 803641 803704 803767 803830 803893 803956
804019 804082 804145 804208 804271 804334 804397 804460
804523 804586 804649 804712 804775 804837 804898 804961
805024 805087 805150 805213 805276 805339 805402 805465
805528 805591 805654 805717 805780 805843 805906 805969
806032 806095 806158 806221 806284 806347 806410 806473
806536 806599 806662 806725 806788 806851 806914 806977
807040 807103 807166 807229 807292 807355 807418 807481
807544 807607 807670 807733 807796 807859 807922 807985
808048 808111 808174 808237 808300 808363 808426 808489
808552 808614 808675 808738 808801 808864 808927 808990
809053 809116 809179 809242 809305 809368 809431 809494
809557 809620 809683 809746 809809 809872 809935 809998
810061 810124 810187 810250 810313 810376 810439 810502
810565 810628 810691 810754 810817 810880 810943 811006
811069 811132 811195 811258 811321 811384 811447 811510
811573 811636 811699 811762 811825 811888 811951 812014
812077 812140 812203 812266 812329 812392 812455 812518
812581 812644 812706 812769 812832 812895 812958 813021
813084 813147 813210 813273 813336 813399 813462 813525
813588 813651 813714 813777 813840 813903 813966 814029
814092 814155 814218 814281 814344 814407 814470 814533
814596 814659 814722 814785 814848 814911 814974 815037
815100 815163 815226 815289 815352 815415 815478 815541
815604 815667 815730 815793 815856 815919 815982 816045
816108 816171 816234 816297 816360 816423 816486 816549
816612 816675 816738 816801 816864 816926 816988 817050
817113 817176 817239 817302 817365 817428 817491 817554
817617 817680 817743 817806 817869 817932 817995 818058
818121 818184 818247 818310 818373 818436 818499 818562
818625 818688 818751 818814 818877 818940 819003 819066
819129 819192 819255 819318 819381 819444 819507 819570
819633 819696 819759 819822 819885 819948 820011 820074
820137 820200 820263 820326 820389 820452 820515 820578
820641 820704 820767 820830 820893 820956 821019 821082
821145 821208 821270 821332 821395 821458 821521 821584
821647 821710 821773 821836 821899 821962 822025 822088
822151 822214 822277 822340 822403 822466 822529 822592
822655 822718 822781 822844 822907 822970 823033 823096
823159 823222 823285 823348 823411 823474 823537 823600
823663 823726 823789 823852 823915 823978 824041 824104
824167 824230 824293 824356 824419 824482 824545 824608
824671 824734 824797 824860 824923 824986 825049 825112
825175 825238 825301 825364 825427 825490 825553 825615
825677 825740 825803 825866 825929 825992 826055 826118
826181 826244 826307 826370 826433 826496 826559 826622
826685 826748 826811 826874 826937 827000 827063 827126
827189 827252 827315 827378 827441 827504 827567 827630
827693 827756 827819 827882 827945 828008 828071 828134
828197 828260 828323 828386 828449 828512 828575 828638
828701 828764 828827 828890 828953 829016 829079 829142
829205 829268 829331 829394 829457 829520 829583 829646
829709 829772 829835 829898 829960 830022 830085 830148
830211 830274 830337 830400 830463 830526 830589 830652
830715 830778 830841 830904 830967 831030 831093 831156
831219 831282 831345 831408 831471 831534 831597 831660
831723 831786 831849 831912 831975 832038 832101 832164
832227 832290 832353 832416 832479 832542 832605 832668
832731 832794 832857 832920 832983 833046 833109 833172
833235 833298 833361 833424 833487 833550 833613 833676
833739 833802 833865 833928 833991 834054 834117 834180
834242 834304 834367 834430 834493 834556 834619 834682
834745 834808 834871 834934 834997 835060 835123 835186
835249 835312 835375 835438 835501 835564 835627 835690
835753 835816 835879 835942 836005 836068 836131 836194
836257 836320 836383 836446 836509 836572 836635 836698
836761 836824 836887 836950 837013 837076 837139 837202
837265 837328 837391 837454 837517 837580 837643 837706
837769 837832 837895 837958 838021 838084 838147 838210
838273 838336 838399 838462 838525 838588 838651 838713
838775 838838 838901 838964 839027 839090 839153 839216
839279 839342 839405 839468 839531 839594 839657 839720
839783 839846 839909 839972 840035 840098 840161 840224
840287 840350 840413 840476 840539 840602 840665 840728
840791 840854 840917 840980 841043 841106 841169 841232
841295 841358 841421 841484 841547 841610 841673 841736
841799 841862 841925 841988 842051 842114 842177 842240
842303 842366 842429 842492 842555 842618 842681 842744
842807 842870 842933 842996 843059 843122 843185 843248
843311 843373 843435 843498 843561 843624 843687 843750
843813 843876 843939 844002 844065 844128 844191 844254
844317 844380 844443 844506 844569 844632 844695 844758
844821 844884 844947 845010 845073 845136 845199 845262
845325 845388 845451 845514 845577 845640 845703 845766
845829 845892 845955 846018 846081 846144 846207 846270
846333 846396 846459 846522 846585 846648 846711 846774
846837 846900 846963 847026 847089 847152 847215 847278
847341 847404 847467 847530 847593 847656 847719 847782
847845 847908 847971 848034 848096 848157 848220 848283
848346 848409 848472 848535 848598 848661 848724 848787
848850 848913 848976 849039 849102 849165 849228 849291
849354 849417 849480 849543 849606 849669 849732 849795
849858 849921 849984 850047 850110 850173 850236 850299
850362 850425 850488 850551 850614 850677 850740 850803
850866 850929 850992 851055 851118 851181 851244 851307
851370 851433 851496 851559 851622 851685 851748 851811
851874 851937 852000 852063 852126 852189 852252 852315
852378 852441 852504 852567 852630 852693 852756 852818
852880 852943 853006 853069 853132 853195 853258 853321
853384 853447 853510 853573 853636 853699 853762 853825
853888 853951 854014 854077 854140 854203 854266 854329
854392 854455 854518 854581 854644 854707 854770 854833
854896 854959 855022 855085 855148 855211 855274 855337
855400 855463 855526 855589 855652 855715 855778 855841
855904 855967 856030 856093 856156 856219 856282 856345
856408 856471 856534 856597 856660 856723 856786 856849
856912 856975 857038 857101 857164 857227 857290 857353
857416 857479 857541 857603 857666 857729 857792 857855
857918 857981 858044 858107 858170 858233 858296 858359
858422 858485 858548 858611 858674 858737 858800 858863
858926 858989 859052 859115 859178 859241 859304 859367
859430 859493 859556 859619 859682 859745 859808 859871
859934 859997 860060 860123 860186 860249 860312 860375
860438 860501 860564 860627 860690 860753 860816 860879
860942 861005 861068 861131 861194 861257 861320 861383
861446 861509 861572 861635 861698 861761 861824 861887
861950 862013 862076 862139 862202 862265 862328 862390
862453 862516 862579 862642 862705 862768 862831 862894
862957 863020 863083 863146 863209 863272 863335 863398
863461 863524 863587 863650 863713 863776 863839 863902
863965 864028 864091 864154 864217 864280 864343 864406
864469 864532 864595 864658 864721 864784 864847 864910
864973 865036 865099 865162 865225 865288 865351 865414
865477 865540 865603 865666 865729 865792 865855 865918
865981 866044 866107 866170 866233 866296 866359 866422
866485 866548 866611 866674 866737 866800 866863 866926
866989 867052 867115 867178 867241 867304 867366 867429
867492 867555 867618 867681 867744 867807 867870 867933
867996 868059 868122 868185 868248 868311 868374 868437
868500 868563 868626 868689 868752 868815 868878 868941
869004 869067 869130 869193 869256 869319 869382 869445
869508 869571 869634 869697 869760 869823 869886 869949
870012 870075 870138 870201 870264 870327 870390 870453
870516 870579 870642 870705 870768 870831 870894 870957
871020 871083 871146 871209 871272 871335 871398 871461
871524 871587 871650 871713 871776 871839 871902 871965
872028 872091 872154 872217 872280 872342 872405 872468
872531 872594 872657 872720 872783 872846 872909 872972
873035 873098 873161 873224 873287 873350 873413 873476
873539 873602 873665 873728 873791 873854 873917 873980
874043 874106 874169 874232 874295 874358 874421 874484
874547 874610 874673 874736 874799 874862 874925 874988
875051 875114 875177 875240 875303 875366 875429 875492
875555 875618 875681 875744 875807 875870 875933 875996
876059 876122 876185 876248 876311 876374 876437 876500
876563 876626 876689 876752 876815 876878 876941 877004
877067 877130 877193 877256 877318 877380 877443 877506
877569 877632 877695 877758 877821 877884 877947 878010
878073 878136 878199 878262 878325 878388 878451 878514
878577 878640 878703 878766 878829 878892 878955 879018
879081 879144 879207 879270 879333 879396 879459 879522
879585 879648 879711 879774 879837 879900 879963 880026
880089 880152 880215 880278 880341 880404 880467 880530
880593 880656 880719 880782 880845 880908 880971 881034
881097 881160 881223 881286 881349 881412 881475 881538
881601 881664 881727 881790 881853 881916 881979 882042
882105 882168 882231 882294 882356 882419 882482 882545
882608 882671 882734 882797 882860 882923 882986 883049
883112 883175 883238 883301 883364 883427 883490 883553
883616 883679 883742 883805 883868 883931 883994 884057
884120 884183 884246 884309 884372 884435 884498 884561
884624 884687 884750 884813 884876 884939 885002 885065
885128 885191 885254 885317 885380 885443 885506 885569
885632 885695 885758 885821 885884 885947 886010 886073
886136 886199 886262 886325 886388 886451 886514 886577
886640 886703 886766 886829 886892 886955 887018 887081
887144 887207 887270 887333 887396 887458 887520 887583
887646 887709 887772 887835 887898 887961 888024 888087
888150 888213 888276 888339 888402 888465 888528 888591
888654 888717 888780 888843 888906 888969 889032 889095
889158 889221 889284 889347 889410 889473 889536 889599
889662 889725 889788 889851 889914 889977 890040 890103
890166 890229 890292 890355 890418 890481 890544 890607
890670 890733 890796 890859 890922 890985 891048 891111
891174 891237 891300 891363 891426 891489 891552 891615
891678 891741 891804 891867 891930 891993 892056 892119
892182 892245 892308 892371 892434 892497 892560 892623
892686 892748 892810 892873 892936 892999 893062 893125
893188 893251 893314 893377 893440 893503 893566 893629
893692 893755 893818 893881 893944 894007 894070 894133
894196 894259 894322 894385 894448 894511 894574 894637
894700 894763 894826 894889 894952 895015 895078 895141
895204 895267 895330 895393 895456 895519 895582 895645
895708 895771 895834 895897 895960 896023 896086 896149
896212 896275 896338 896401 896464 896527 896590 896653
896716 896779 896842 896905 896968 897031 897094 897157
897220 897283 897346 897409 897472 897535 897598 897661
897724 897787 897850 897913 897976 898039 898102 898164
898226 898289 898352 898415 898478 898541 898604 898667
898730 898793 898856 898919 898982 899045 899108 899171
899234 899297 899360 899423 899486 899549 899612 899675
899738 899801 899864 899927 899990 900053 900116 900179
900242 900305 900368 900431 900494 900557 900620 900683
900746 900809 900872 900935 900998 901061 901124 901187
901250 901313 901376 901439 901502 901565 901628 901691
901754 901817 901880 901943 902006 902069 902132 902195
902258 902321 902384 902447 902510 902573 902636 902699
902762 902825 902888 902951 903014 903077 903140 903203
903266 903329 903392 903454 903515 903578 903641 903704
903767 903830 903893 903956 904019 904082 904145 904208
904271 904334 904397 904460 904523 904586 904649 904712
904775 904838 904901 904964 905027 905090 905153 905216
905279 905342 905405 905468 905531 905594 905657 905720
905783 905846 905909 905972 906035 906098 906161 906224
906287 906350 906413 906476 906539 906602 906665 906728
906791 906854 906917 906980 907043 907106 907169 907232
907295 907358 907421 907484 907547 907610 907673 907736
907799 907862 907925 907988 908051 908114 908177 908240
908303 908366 908429 908492 908555 908618 908681 908744
908807 908870 908933 908996 909058 909120 909183 909246
909309 909372 909435 909498 909561 909624 909687 909750
909813 909876 909939 910002 910065 910128 910191 910254
910317 910380 910443 910506 910569 910632 910695 910758
910821 910884 910947 911010 911073 911136 911199 911262
911325 911388 911451 911514 911577 911640 911703 911766
911829 911892 911955 912018 912081 912144 912207 912270
912333 912396 912459 912522 912585 912648 912711 912774
912837 912900 912963 913026 913089 913152 913215 913278
913341 913404 913467 913530 913593 913656 913719 913782
913845 913908 913971 914034 914097 914160 914223 914286
914349 914412 914475 914538 914601 914664 914727 914789
914851 914914 914977 915040 915103 915166 915229 915292
915355 915418 915481 915544 915607 915670 915733 915796
915859 915922 915985 916048 916111 916174 916237 916300
916363 916426 916489 916552 916615 916678 916741 916804
916867 916930 916993 917056 917119 917182 917245 917308
917371 917434 917497 917560 917623 917686 917749 917812
917875 917938 918001 918064 918127 918190 918253 918316
918379 918442 918505 918568 918631 918694 918757 918820
918883 918946 919009 919072 919135 919198 919261 919324
919387 919450 919513 919576 919639 919702 919765 919828
919891 919954 920017 920080 920143 920206 920269 920332
920395 920458 920521 920584 920646 920708 920771 920834
920897 920960 921023 921086 921149 921212 921275 921338
921401 921464 921527 921590 921653 921716 921779 921842
921905 921968 922031 922094 922157 922220 922283 922346
922409 922472 922535 922598 922661 922724 922787 922850
922913 922976 923039 923102 923165 923228 923291 923354
923417 923480 923543 923606 923669 923732 923795 923858
923921 923984 924047 924110 924173 924236 924299 924362
924425 924488 924551 924614 924677 924740 924803 924866
924929 924992 925055 925118 925181 925244 925307 925370
925433 925496 925559 925622 925685 925748 925811 925874
925937 926000 926063 926126 926189 926252 926315 926378
926441 926503 926564 926627 926690 926753 926816 926879
926942 927005 927068 927131 927194 927257 927320 927383
927446 927509 927572 927635 927698 927761 927824 927887
927950 928013 928076 928139 928202 928265 928328 928391
928454 928517 928580 928643 928706 928769 928832 928895
928958 929021 929084 929147 929210 929273 929336 929399
929462 929525 929588 929651 929714 929777 929840 929903
929966 930029 930092 930155 930218 930281 930344 930407
930470 930533 930596 930659 930722 930785 930848 930911
930974 931037 931100 931163 931226 931289 931352 931415
931478 931541 931604 931667 931730 931793 931856 931919
931982 932045 932108 932171 932233 932295 932358 932421
932484 932547 932610 932673 932736 932799 932862 932925
932988 933051 933114 933177 933240 933303 933366 933429
933492 933555 933618 933681 933744 933807 933870 933933
933996 934059 934122 934185 934248 934311 934374 934437
934500 934563 934626 934689 934752 934815 934878 934941
935004 935067 935130 935193 935256 935319 935382 935445
935508 935571 935634 935697 935760 935823 935886 935949
936012 936075 936138 936201 936264 936327 936390 936453
936516 936579 936642 936705 936768 936831 936894 936957
937020 937083 937146 937209 937272 937335 937398 937461
937524 937587 937650 937713 937776 937839 937901 937962
938025 938088 938151 938214 938277 938340 938403 938466
938529 938592 938655 938718 938781 938844 938907 938970
939033 939096 939159 939222 939285 939348 939411 939474
939537 939600 939663 939726 939789 939852 939915 939978
940041 940104 940167 940230 940293 940356 940419 940482
940545 940608 940671 940734 940797 940860 940923 940986
941049 941112 941175 941238 941301 941364 941427 941490
941553 941616 941679 941742 941805 941868 941931 941994
942057 942120 942183 942246 942309 942372 942435 942498
942561 942624 942687 942750 942813 942876 942939 943002
943065 943128 943191 943254 943317 943380 943443 943506
943569 943632 943695 943758 943821 943884 943946 944009
944072 944135 944198 944261 944324 944387 944450 944513
944576 944639 944702 944765 944828 944891 944954 945017
945080 945143 945206 945269 945332 945395 945458 945521
945584 945647 945710 945773 945836 945899 945962 946025
946088 946151 946214 946277 946340 946403 946466 946529
946592 946655 946718 946781 946844 946907 946970 947033
947096 947159 947222 947285 947348 947411 947474 947537
947600 947663 947726 947789 947852 947915 947978 948041
948104 948167 948230 948293 948356 948419 948482 948545
948608 948671 948734 948797 948860 948923 948986 949049
949112 949175 949238 949301 949364 949427 949490 949553
949616 949679 949742 949805 949868 949931 949994 950056
950119 950182 950245 950308 950371 950434 950497 950560
950623 950686 950749 950812 950875 950938 951001 951064
951127 951190 951253 951316 951379 951442 951505 951568
951631 951694 951757 951820 951883 951946 952009 952072
952135 952198 952261 952324 952387 952450 952513 952576
952639 952702 952765 952828 952891 952954 953017 953080
953143 953206 953269 953332 953395 953458 953521 953584
953647 953710 953773 953836 953899 953962 954025 954088
954151 954214 954277 954340 954403 954466 954529 954592
954655 954718 954781 954844 954907 954970 955033 955096
955159 955222 955285 955348 955411 955474 955537 955600
955663 955726 955789 955852 955915 955978 956040 956103
956166 956229 956292 956355 956418 956481 956544 956607
956670 956733 956796 956859 956922 956985 957048 957111
957174 957237 957300 957363 957426 957489 957552 957615
957678 957741 957804 957867 957930 957993 958056 958119
958182 958245 958308 958371 958434 958497 958560 958623
958686 958749 958812 958875 958938 959001 959064 959127
959190 959253 959316 959379 959442 959505 959568 959631
959694 959757 959820 959883 959946 960009 960072 960135
960198 960261 960324 960387 960450 960513 960576 960639
960702 960765 960828 960891 960954 961017 961080 961143
961206 961269 961332 961395 961458 961521 961584 961647
961710 961773 961836 961899 961962 962025 962088 962151
962213 962276 962339 962402 962465 962528 962591 962654
962717 962780 962843 962906 962969 963032 963095 963158
963221 963284 963347 963410 963473 963536 963599 963662
963725 963788 963851 963914 963977 964040 964103 964166
964229 964292 964355 964418 964481 964544 964607 964670
964733 964796 964859 964922 964985 965048 965111 965174
965237 965300 965363 965426 965489 965552 965615 965678
965741 965804 965867 965930 965993 966056 966119 966182
966245 966308 966371 966434 966497 966560 966623 966686
966749 966812 966875 966938 967001 967064 967127 967190
967253 967316 967379 967442 967505 967568 967631 967694
967757 967820 967883 967946 968009 968072 968135 968198
968261 968324 968387 968450 968513 968576 968639 968702
968765 968828 968891 968954 969017 969080 969143 969206
969269 969332 969395 969458 969521 969584 969647 969710
969773 969836 969899 969962 970025 970088 970151 970214
970277 970340 970403 970466 970529 970592 970655 970718
970781 970844 970907 970970 971033 971096 971159 971222
971285 971348 971411 971474 971537 971600 971663 971726
971789 971852 971915 971978 972041 972104 972167 972230
972293 972356 972419 972482 972545 972608 972671 972734
972797 972860 972923 972986 973049 973112 973175 973238
973301 973364 973427 973490 973553 973616 973679 973742
973805 973868 973931 973994 974057 974120 974183 974246
974309 974372 974435 974498 974561 974623 974686 974749
974812 974875 974938 975001 975064 975127 975190 975253
975316 975379 975442 975505 975568 975631 975694 975757
975820 975883 975946 976009 976072 976135 976198 976261
976324 976387 976450 976513 976576 976639 976702 976765
976828 976891 976954 977017 977080 977143 977206 977269
977332 977395 977458 977521 977584 977647 977710 977773
977836 977899 977962 978025 978088 978151 978214 978277
978340 978403 978466 978529 978592 978655 978718 978781
978844 978907 978970 979033 979096 979159 979222 979285
979348 979411 979474 979537 979600 979663 979726 979789
979852 979915 979978 980041 980104 980167 980230 980293
980356 980419 980482 980545 980608 980671 980734 980797
980860 980923 980985 981048 981111 981174 981237 981300
981363 981426 981489 981552 981615 981678 981741 981804
981867 981930 981993 982056 982119 982182 982245 982308
982371 982434 982497 982560 982623 982686 982749 982812
982875 982938 983001 983064 983127 983190 983253 983316
983379 983442 983505 983568 983631 983694 983757 983820
983883 983946 984009 984072 984135 984198 984261 984324
984387 984450 984513 984576 984639 984702 984765 984828
984891 984954 985017 985080 985143 985206 985269 985332
985395 985458 985521 985584 985647 985710 985773 985836
985899 985962 986025 986088 986151 986214 986277 986340
986403 986466 986529 986592 986655 986718 986781 986844
986907 986970 987033 987096 987159 987222 987285 987348
987410 987473 987536 987599 987662 987725 987788 987851
987914 987977 988040 988103 988166 988229 988292 988355
988418 988481 988544 988607 988670 988733 988796 988859
988922 988985 989048 989111 989174 989237 989300 989363
989426 989489 989552 989615 989678 989741 989804 989867
989930 989993 990056 990119 990182 990245 990308 990371
990434 990497 990560 990623 990686 990749 990812 990875
990938 991001 991064 991127 991190 991253 991316 991379
991442 991505 991568 991631 991694 991757 991820 991883
991946 992009 992072 992135 992198 992261 992324 992387
992450 992513 992576 992639 992702 992765 992828 992891
992954 993017 993080 993143 993206 993269 993332 993395
993458 993521 993584 993647 993710 993773 993835 993898
993961 994024 994087 994150 994213 994276 994339 994402
994465 994528 994591 994654 994717 994780 994843 994906
994969 995032 995095 995158 995221 995284 995347 995410
995473 995536 995599 995662 995725 995788 995851 995914
995977 996040 996103 996166 996229 996292 996355 996418
996481 996544 996607 996670 996733 996796 996859 996922
996985 997048 997111 997174 997237 997300 997363 997426
997489 997552 997615 997678 997741 997804 997867 997930
997993 998056 998119 998182 998245 998308 998371 998434
998497 998560 998623 998686 998749 998812 998875 998938
999001 999064 999127 999190 999253 999316 999379 999442
999505 999568 999631 999694 999757 999820 999883 999946
1000009 1000072 1000135 1000198 1000261 1000324 1000387 1000450
1000512 1000573 1000636 1000699 1000762 1000825 1000888 1000951
1001014 1001077 1001140 1001203 1001266 1001329 1001392 1001455
1001518 1001581 1001644 1001707 1001770 1001833 1001896 1001959
1002022 1002085 1002148 1002211 1002274 1002337 1002400 1002463
1002526 1002589 1002652 1002715 1002778 1002841 1002904 1002967
1003030 1003093 1003156 1003219 1003282 1003345 1003408 1003471
1003534 1003597 1003660 1003723 1003786 1003849 1003912 1003975
1004038 1004101 1004164 1004227 1004290 1004353 1004416 1004479
1004542 1004605 1004668 1004731 1004794 1004857 1004920 1004983
1005046 1005109 1005172 1005235 1005298 1005361 1005424 1005487
1005550 1005613 1005676 1005739 1005802 1005865 1005928 1005991
1006054 1006117 1006180 1006243 1006306 1006369 1006432 1006495
1006558 1006621 1006684 1006747 1006810 1006873 1006936 1006999
1007062 1007125 1007188 1007251 1007313 1007376 1007439 1007502
1007565 1007628 1007691 1007754 1007817 1007880 1007943 1008006
1008069 1008132 1008195 1008258 1008321 1008384 1008447 1008510
1008573 1008636 1008699 1008762 1008825 1008888 1008951 1009014
1009077 1009140 1009203 1009266 1009329 1009392 1009455 1009518
1009581 1009644 1009707 1009770 1009833 1009896 1009959 1010022
1010085 1010148 1010211 1010274 1010337 1010400 1010463 1010526
1010589 1010652 1010715 1010778 1010841 1010904 1010967 1011030
1011093 1011156 1011219 1011282 1011345 1011408 1011471 1011534
1011597 1011660 1011723 1011786 1011849 1011912 1011975 1012038
1012101 1012164 1012227 1012290 1012353 1012416 1012479 1012542
1012605 1012668 1012731 1012794 1012857 1012920 1012983 1013046
1013109 1013172 1013235 1013298 1013361 1013424 1013487 1013550
1013613 1013676 1013739 1013802 1013865 1013928 1013990 1014052
1014115 1014178 1014241 1014304 1014367 1014430 1014493 1014556
1014619 1014682 1014745 1014808 1014871 1014934 1014997 1015060
1015123 1015186 1015249 1015312 1015375 1015438 1015501 1015564
1015627 1015690 1015753 1015816 1015879 1015942 1016005 1016068
1016131 1016194 1016257 1016320 1016383 1016446 1016509 1016572
1016635 1016698 1016761 1016824 1016887 1016950 1017013 1017076
1017139 1017202 1017265 1017328 1017391 1017454 1017517 1017580
1017643 1017706 1017769 1017832 1017895 1017958 1018021 1018084
1018147 1018210 1018273 1018336 1018399 1018462 1018525 1018588
1018651 1018714 1018777 1018840 1018903 1018966 1019029 1019092
1019155 1019218 1019281 1019344 1019407 1019470 1019533 1019596
1019659 1019722 1019785 1019848 1019911 1019974 1020037 1020100
1020163 1020226 1020289 1020352 1020415 1020478 1020541 1020604
1020667 1020730 1020793 1020856 1020918 1020981 1021044 1021107
1021170 1021233 1021296 1021359 1021422 1021485 1021548 1021611
1021674 1021737 1021800 1021863 1021926 1021989 1022052 1022115
1022178 1022241 1022304 1022367 1022430 1022493 1022556 1022619
1022682 1022745 1022808 1022871 1022934 1022997 1023060 1023123
1023186 1023249 1023312 1023375 1023438 1023501 1023564 1023627
1023690 1023753 1023816 1023879 1023942 1024005 1024068 1024131
1024193 1024255 1024318 1024381 1024444 1024507 1024570 1024633
1024696 1024759 1024822 1024885 1024948 1025011 1025074 1025137
1025200 1025263 1025326 1025389 1025452 1025515 1025578 1025641
1025704 1025767 1025830 1025893 1025956 1026019 1026082 1026145
1026208 1026271 1026334 1026397 1026460 1026523 1026586 1026649
1026712 1026775 1026838 1026901 1026964 1027027 1027090 1027153
1027216 1027279 1027342 1027405 1027468 1027531 1027594 1027657
1027720 1027783 1027845 1027908 1027971 1028034 1028097 1028160
1028223 1028286 1028349 1028412 1028475 1028538 1028601 1028664
1028727 1028790 1028853 1028916 1028979 1029042 1029105 1029168
1029231 1029294 1029357 1029420 1029483 1029546 1029609 1029672
1029735 1029798 1029861 1029924 1029987 1030050 1030113 1030176
1030239 1030302 1030365 1030428 1030491 1030554 1030617 1030680
1030743 1030806 1030868 1030931 1030994 1031056 1031117 1031179
1031241 1031304 1031367 1031430 1031493 1031556 1031619 1031682
1031745 1031808 1031871 1031934 1031997 1032060 1032123 1032186
1032249 1032312 1032375 1032438 1032501 1032564 1032627 1032690
1032753 1032816 1032879 1032942 1033005 1033068 1033131 1033194
1033257 1033320 1033383 1033446 1033509 1033572 1033635 1033698
1033761 1033824 1033887 1033950 1034013 1034076 1034139 1034202
1034265 1034328 1034391 1034454 1034517 1034580 1034643 1034706
1034769 1034832 1034895 1034958 1035021 1035084 1035147 1035210
1035273 1035336 1035399 1035462 1035525 1035588 1035651 1035714
1035777 1035840 1035903 1035966 1036029 1036092 1036155 1036218
1036281 1036344 1036407 1036470 1036533 1036596 1036659 1036722
1036785 1036848 1036911 1036974 1037037 1037100 1037163 1037226
1037289 1037352 1037415 1037478 1037541 1037604 1037667 1037730
1037793 1037856 1037919 1037981 1038043 1038105 1038168 1038231
1038294 1038357 1038420 1038483 1038546 1038609 1038672 1038735
1038798 1038861 1038924 1038987 1039050 1039113 1039176 1039239
1039302 1039365 1039428 1039491 1039554 1039617 1039680 1039743
1039806 1039869 1039932 1039995 1040058 1040121 1040184 1040247
1040310 1040373 1040436 1040499 1040562 1040625 1040688 1040751
1040814 1040877 1040940 1041003 1041066 1041129 1041192 1041255
1041318 1041381 1041444 1041507 1041570 1041633 1041696 1041758
1041820 1041883 1041946 1042009 1042072 1042135 1042198 1042261
1042324 1042387 1042450 1042513 1042576 1042639 1042702 1042765
1042828 1042891 1042954 1043017 1043080 1043143 1043206 1043269
1043332 1043395 1043458 1043521 1043584 1043647 1043710 1043773
1043836 1043899 1043962 1044025 1044088 1044151 1044214 1044277
1044340 1044403 1044466 1044529 1044592 1044655 1044718 1044781
1044844 1044907 1044969 1045031 1045094 1045157 1045220 1045283
1045346 1045409 1045472 1045535 1045598 1045661 1045724 1045787
1045850 1045913 1045976 1046039 1046102 1046165 1046228 1046291
1046354 1046417 1046480 1046543 1046606 1046669 1046732 1046795
1046858 1046921 1046984 1047047 1047110 1047173 1047236 1047299
1047362 1047425 1047488 1047551 1047614 1047677 1047740 1047803
1047866 1047929 1047992 1048055 1048118 1048181 1048244 1048307
1048370 1048433 1048496 1048559 1048622 1048685 1048748 1048811
1048874 1048937 1048999 1049062 1049125 1049188 1049251 1049314
1049377 1049440 1049503 1049566 1049629 1049692 1049755 1049818
1049881 1049944 1050007 1050070 1050133 1050196 1050259 1050322
1050385 1050448 1050511 1050574 1050637 1050700 1050763 1050826
1050889 1050952 1051015 1051078 1051141 1051204 1051267 1051330
1051393 1051456 1051519 1051582 1051645 1051708 1051771 1051834
1051897 1051960 1052023 1052085 1052147 1052210 1052273 1052336
1052399 1052462 1052525 1052588 1052651 1052714 1052777 1052840
1052903 1052966 1053029 1053092 1053155 1053218 1053281 1053344
1053407 1053470 1053533 1053596 1053659 1053722 1053785 1053848
1053911 1053974 1054037 1054100 1054163 1054226 1054289 1054352
1054415 1054478 1054541 1054604 1054667 1054730 1054793 1054856
1054919 1054982 1055045 1055108 1055171 1055234 1055297 1055360
1055423 1055486 1055549 1055612 1055675 1055738 1055801 1055864
1055927 1055990 1056053 1056116 1056179 1056241 1056304 1056367
1056430 1056493 1056556 1056619 1056682 1056745 1056808 1056871
1056934 1056997 1057060 1057123 1057186 1057249 1057312 1057375
1057438 1057501 1057564 1057627 1057690 1057753 1057816 1057879
1057942 1058005 1058068 1058131 1058194 1058257 1058320 1058383
1058446 1058509 1058572 1058635 1058698 1058761 1058824 1058887
1058950 1059013 1059076 1059139 1059202 1059265 1059327 1059389
1059452 1059515 1059578 1059641 1059704 1059767 1059830 1059893
1059956 1060019 1060082 1060145 1060208 1060271 1060334 1060397
1060460 1060523 1060586 1060649 1060712 1060775 1060838 1060901
1060964 1061027 1061090 1061153 1061216 1061279 1061342 1061405
1061468 1061531 1061594 1061657 1061720 1061783 1061846 1061909
1061972 1062035 1062098 1062161 1062224 1062287 1062350 1062413
1062476 1062539 1062602 1062665 1062728 1062791 1062854 1062917
1062980 1063043 1063106 1063169 1063232 1063295 1063358 1063421
1063484 1063547 1063610 1063673 1063736 1063799 1063862 1063925
1063988 1064051 1064114 1064177 1064240 1064303 1064366 1064429
1064492 1064555 1064618 1064681 1064744 1064807 1064870 1064933
1064996 1065059 1065122 1065185 1065248 1065311 1065374 1065437
1065500 1065563 1065626 1065689 1065752 1065815 1065878 1065941
1066004 1066067 1066130 1066193 1066256 1066319 1066382 1066445
1066508 1066571 1066634 1066697 1066760 1066822 1066885 1066948
1067011 1067074 1067137 1067200 1067263 1067326 1067389 1067452
1067515 1067578 1067641 1067704 1067767 1067830 1067893 1067956
1068019 1068082 1068145 1068208 1068271 1068334 1068397 1068460
1068523 1068586 1068649 1068712 1068775 1068838 1068901 1068964
1069027 1069090 1069153 1069216 1069279 1069342 1069405 1069468
1069531 1069594 1069657 1069720 1069783 1069846 1069909 1069972
1070035 1070098 1070161 1070224 1070287 1070350 1070413 1070476
1070539 1070602 1070665 1070728 1070791 1070854 1070917 1070980
1071043 1071105 1071167 1071230 1071293 1071356 1071419 1071482
1071545 1071608 1071671 1071734 1071797 1071860 1071923 1071986
1072049 1072112 1072175 1072238 1072301 1072364 1072427 1072490
1072553 1072616 1072679 1072742 1072805 1072868 1072931 1072994
1073057 1073120 1073183 1073246 1073309 1073372 1073435 1073498
1073561 1073624 1073687 1073750 1073813 1073876 1073939 1074001
1074063 1074125 1074187 1074250 1074313 1074376 1074439 1074502
1074565 1074628 1074691 1074754 1074817 1074880 1074943 1075006
1075069 1075132 1075195 1075258 1075321 1075384 1075447 1075510
1075573 1075636 1075699 1075762 1075825 1075888 1075951 1076014
1076077 1076140 1076203 1076266 1076329 1076392 1076455 1076518
1076581 1076644 1076707 1076770 1076833 1076896 1076959 1077022
1077085 1077148 1077211 1077274 1077337 1077400 1077463 1077526
1077589 1077652 1077715 1077778 1077841 1077904 1077967 1078030
1078093 1078156 1078219 1078282 1078345 1078408 1078471 1078534
1078597 1078660 1078723 1078786 1078849 1078912 1078975 1079038
1079101 1079164 1079227 1079290 1079353 1079416 1079479 1079542
1079605 1079668 1079731 1079794 1079857 1079920 1079983 1080046
1080109 1080172 1080235 1080298 1080361 1080424 1080487 1080550
1080613 1080676 1080739 1080802 1080865 1080928 1080991 1081054
1081117 1081180 1081243 1081306 1081369 1081432 1081495 1081558
1081621 1081684 1081746 1081809 1081872 1081935 1081998 1082061
1082124 1082187 1082250 1082313 1082376 1082439 1082502 1082565
1082628 1082691 1082754 1082817 1082880 1082943 1083006 1083069
1083132 1083195 1083258 1083321 1083384 1083447 1083510 1083573
1083636 1083699 1083762 1083825 1083888 1083951 1084014 1084077
1084140 1084203 1084266 1084329 1084392 1084455 1084518 1084581
1084644 1084707 1084770 1084833 1084896 1084959 1085022 1085085
1085148 1085211 1085274 1085337 1085400 1085463 1085526 1085589
1085652 1085715 1085778 1085841 1085904 1085967 1086030 1086093
1086156 1086219 1086282 1086345 1086408 1086471 1086534 1086597
1086660 1086723 1086786 1086849 1086912 1086975 1087038 1087101
1087164 1087227 1087290 1087353 1087416 1087479 1087542 1087605
1087668 1087731 1087794 1087857 1087920 1087983 1088046 1088109
1088172 1088235 1088298 1088361 1088424 1088487 1088550 1088613
1088676 1088739 1088802 1088865 1088928 1088991 1089054 1089117
1089180 1089243 1089305 1089367 1089430 1089493 1089556 1089619
1089682 1089745 1089808 1089871 1089934 1089997 1090060 1090123
1090186 1090249 1090312 1090375 1090438 1090501 1090564 1090627
1090690 1090753 1090816 1090879 1090942 1091005 1091068 1091131
1091194 1091257 1091320 1091383 1091446 1091509 1091572 1091635
1091698 1091761 1091824 1091887 1091950 1092013 1092076 1092139
1092202 1092265 1092328 1092391 1092454 1092517 1092580 1092643
1092706 1092769 1092832 1092895 1092958 1093021 1093084 1093147
1093210 1093273 1093336 1093399 1093462 1093525 1093588 1093651
1093714 1093777 1093840 1093903 1093966 1094029 1094092 1094155
1094218 1094281 1094344 1094407 1094470 1094533 1094596 1094659
1094722 1094785 1094848 1094911 1094974 1095037 1095100 1095163
1095226 1095289 1095352 1095415 1095478 1095541 1095604 1095667
1095730 1095793 1095856 1095919 1095982 1096045 1096108 1096171
1096234 1096297 1096360 1096423 1096486 1096549 1096612 1096675
1096738 1096801 1096864 1096927 1096990 1097053 1097115 1097177
1097239 1097302 1097365 1097428 1097491 1097554 1097617 1097680
1097743 1097806 1097869 1097932 1097995 1098058 1098121 1098184
1098247 1098310 1098373 1098436 1098499 1098562 1098625 1098688
1098751 1098814 1098877 1098940 1099003 1099066 1099129 1099192
1099255 1099318 1099381 1099444 1099507 1099570 1099633 1099696
1099759 1099822 1099885 1099948 1100011 1100074 1100137 1100200
1100263 1100326 1100389 1100452 1100515 1100578 1100641 1100704
1100767 1100830 1100893 1100956 1101019 1101082 1101145 1101208
1101271 1101334 1101397 1101460 1101523 1101586 1101649 1101712
1101775 1101838 1101901 1101964 1102027 1102089 1102151 1102214
1102277 1102340 1102403 1102466 1102529 1102592 1102655 1102718
1102781 1102844 1102907 1102970 1103033 1103096 1103159 1103222
1103285 1103348 1103411 1103474 1103537 1103600 1103663 1103726
1103789 1103852 1103915 1103978 1104041 1104104 1104167 1104230
1104293 1104356 1104419 1104482 1104545 1104608 1104671 1104734
1104796 1104859 1104922 1104984 1105046 1105109 1105172 1105235
1105298 1105361 1105424 1105487 1105550 1105613 1105676 1105739
1105802 1105865 1105928 1105991 1106054 1106117 1106180 1106243
1106306 1106369 1106432 1106495 1106558 1106621 1106684 1106747
1106810 1106873 1106936 1106999 1107062 1107125 1107188 1107251
1107314 1107377 1107440 1107503 1107566 1107629 1107692 1107755
1107818 1107881 1107944 1108007 1108070 1108133 1108196 1108259
1108322 1108385 1108448 1108511 1108574 1108637 1108700 1108763
1108826 1108889 1108952 1109015 1109078 1109141 1109204 1109267
1109330 1109393 1109456 1109519 1109582 1109645 1109708 1109770
1109833 1109896 1109959 1110022 1110085 1110148 1110211 1110274
1110337 1110400 1110463 1110526 1110589 1110652 1110715 1110778
1110841 1110904 1110967 1111030 1111093 1111156 1111219 1111282
1111345 1111408 1111471 1111534 1111597 1111660 1111723 1111786
1111849 1111912 1111975 1112038 1112101 1112164 1112227 1112290
1112353 1112416 1112479 1112542 1112603 1112665 1112727 1112790
1112853 1112916 1112979 1113042 1113105 1113168 1113231 1113294
1113357 1113420 1113483 1113546 1113609 1113672 1113735 1113798
1113861 1113924 1113987 1114050 1114113 1114176 1114239 1114302
1114365 1114428 1114491 1114554 1114617 1114680 1114743 1114806
1114869 1114932 1114995 1115058 1115121 1115184 1115247 1115310
1115373 1115436 1115499 1115562 1115625 1115688 1115751 1115814
1115877 1115940 1116003 1116066 1116129 1116192 1116255 1116318
1116381 1116444 1116507 1116570 1116633 1116696 1116759 1116822
1116885 1116948 1117011 1117074 1117137 1117200 1117263 1117326
1117389 1117452 1117514 1117576 1117639 1117702 1117765 1117828
1117891 1117954 1118017 1118080 1118143 1118206 1118269 1118332
1118395 1118458 1118521 1118584 1118647 1118710 1118773 1118836
1118899 1118962 1119025 1119088 1119151 1119214 1119277 1119340
1119403 1119466 1119529 1119592 1119655 1119718 1119781 1119844
1119907 1119970 1120033 1120096 1120159 1120222 1120284 1120345
1120407 1120470 1120533 1120596 1120659 1120722 1120785 1120848
1120911 1120974 1121037 1121100 1121163 1121226 1121289 1121352
1121415 1121478 1121541 1121604 1121667 1121730 1121793 1121856
1121919 1121982 1122045 1122108 1122171 1122234 1122297 1122360
1122423 1122486 1122549 1122612 1122675 1122738 1122801 1122864
1122927 1122990 1123053 1123116 1123179 1123242 1123305 1123368
1123431 1123494 1123557 1123620 1123683 1123746 1123809 1123872
1123935 1123998 1124061 1124124 1124187 1124250 1124313 1124376
1124439 1124502 1124565 1124628 1124691 1124754 1124817 1124880
1124943 1125006 1125069 1125131 1125194 1125257 1125320 1125383
1125446 1125509 1125572 1125635 1125698 1125761 1125824 1125887
1125950 1126013 1126076 1126139 1126202 1126265 1126328 1126391
1126454 1126517 1126580 1126643 1126706 1126769 1126832 1126895
1126958 1127021 1127084 1127147 1127210 1127273 1127336 1127399
1127462 1127525 1127588 1127651 1127714 1127777 1127840 1127902
1127964 1128026 1128089 1128152 1128215 1128278 1128341 1128404
1128467 1128530 1128593 1128656 1128719 1128782 1128845 1128908
1128971 1129034 1129097 1129160 1129223 1129286 1129349 1129412
1129475 1129538 1129601 1129664 1129727 1129790 1129853 1129916
1129979 1130042 1130105 1130168 1130231 1130294 1130357 1130420
1130483 1130546 1130609 1130672 1130735 1130798 1130861 1130924
1130987 1131050 1131113 1131176 1131239 1131302 1131365 1131428
1131491 1131554 1131617 1131680 1131743 1131806 1131869 1131932
1131995 1132058 1132121 1132184 1132247 1132310 1132373 1132436
1132499 1132562 1132625 1132688 1132751 1132813 1132876 1132939
1133002 1133065 1133128 1133191 1133254 1133317 1133380 1133443
1133506 1133569 1133632 1133695 1133758 1133821 1133884 1133947
1134010 1134073 1134136 1134199 1134262 1134325 1134388 1134451
1134514 1134577 1134640 1134703 1134766 1134829 1134892 1134955
1135018 1135081 1135144 1135207 1135270 1135333 1135396 1135459
1135521 1135582 1135644 1135707 1135770 1135833 1135896 1135959
1136022 1136085 1136148 1136211 1136274 1136337 1136400 1136463
1136526 1136589 1136652 1136715 1136778 1136841 1136904 1136967
1137030 1137093 1137156 1137219 1137282 1137345 1137408 1137471
1137534 1137597 1137660 1137723 1137786 1137849 1137912 1137975
1138038 1138101 1138164 1138227 1138290 1138353 1138416 1138479
1138542 1138605 1138668 1138731 1138794 1138857 1138920 1138983
1139046 1139109 1139172 1139235 1139298 1139361 1139424 1139487
1139550 1139613 1139676 1139739 1139802 1139865 1139928 1139991
1140054 1140117 1140180 1140243 1140306 1140369 1140432 1140495
1140557 1140620 1140683 1140746 1140809 1140872 1140935 1140998
1141061 1141124 1141187 1141250 1141313 1141376 1141439 1141502
1141565 1141628 1141691 1141754 1141817 1141880 1141943 1142006
1142069 1142132 1142195 1142258 1142321 1142384 1142447 1142510
1142573 1142636 1142699 1142762 1142825 1142888 1142951 1143014
1143077 1143140 1143203 1143266 1143329 1143392 1143455 1143518
1143581 1143644 1143707 1143770 1143833 1143896 1143959 1144022
1144085 1144148 1144211 1144274 1144337 1144400 1144463 1144526
1144589 1144652 1144715 1144778 1144841 1144904 1144967 1145030
1145093 1145156 1145219 1145282 1145345 1145408 1145471 1145534
1145597 1145660 1145723 1145786 1145849 1145912 1145975 1146038
1146101 1146164 1146227 1146290 1146353 1146416 1146479 1146542
1146605 1146668 1146731 1146794 1146857 1146920 1146983 1147046
1147109 1147172 1147235 1147298 1147361 1147424 1147487 1147550
1147613 1147676 1147739 1147802 1147865 1147928 1147991 1148054
1148117 1148180 1148243 1148306 1148369 1148432 1148495 1148558
1148621 1148684 1148747 1148810 1148873 1148936 1148999 1149062
1149125 1149188 1149251 1149314 1149377 1149440 1149503 1149566
1149629 1149692 1149755 1149818 1149881 1149944 1150007 1150070
1150133 1150196 1150259 1150322 1150385 1150448 1150511 1150574
1150637 1150700 1150763 1150826 1150889 1150952 1151015 1151078
1151140 1151202 1151264 1151327 1151390 1151453 1151516 1151579
1151642 1151705 1151768 1151831 1151894 1151957 1152020 1152083
1152146 1152209 1152272 1152335 1152398 1152461 1152524 1152587
1152650 1152713 1152776 1152839 1152902 1152965 1153028 1153091
1153154 1153217 1153280 1153343 1153406 1153469 1153532 1153595
1153658 1153721 1153784 1153847 1153910 1153973 1154036 1154099
1154162 1154225 1154288 1154351 1154414 1154477 1154540 1154603
1154666 1154729 1154792 1154855 1154918 1154981 1155044 1155107
1155170 1155233 1155296 1155359 1155422 1155485 1155548 1155611
1155674 1155737 1155800 1155863 1155926 1155989 1156052 1156115
1156178 1156241 1156303 1156364 1156427 1156490 1156553 1156616
1156679 1156742 1156805 1156868 1156931 1156994 1157057 1157120
1157183 1157246 1157309 1157372 1157435 1157498 1157561 1157624
1157687 1157750 1157813 1157876 1157939 1158002 1158065 1158128
1158191 1158254 1158317 1158380 1158443 1158506 1158569 1158632
1158695 1158758 1158821 1158884 1158946 1159008 1159071 1159134
1159197 1159260 1159323 1159386 1159449 1159512 1159575 1159638
1159701 1159764 1159827 1159890 1159953 1160016 1160079 1160142
1160205 1160268 1160331 1160394 1160457 1160520 1160583 1160646
1160709 1160772 1160835 1160898 1160961 1161024 1161087 1161150
1161213 1161276 1161339 1161402 1161465 1161528 1161591 1161654
1161717 1161780 1161843 1161906 1161969 1162032 1162095 1162158
1162221 1162284 1162347 1162410 1162473 1162536 1162599 1162662
1162725 1162788 1162851 1162914 1162977 1163040 1163103 1163166
1163229 1163292 1163355 1163418 1163481 1163544 1163607 1163670
1163733 1163796 1163859 1163922 1163985 1164048 1164111 1164174
1164237 1164300 1164363 1164426 1164489 1164552 1164615 1164678
1164741 1164804 1164867 1164930 1164993 1165056 1165119 1165182
1165245 1165308 1165371 1165434 1165497 1165560 1165623 1165686
1165749 1165812 1165875 1165938 1166001 1166064 1166127 1166190
1166253 1166316 1166379 1166442 1166505 1166568 1166630 1166692
1166755 1166818 1166881 1166944 1167007 1167070 1167133 1167196
1167259 1167322 1167385 1167448 1167511 1167574 1167637 1167700
1167763 1167826 1167889 1167952 1168015 1168078 1168141 1168204
1168267 1168330 1168393 1168456 1168519 1168582 1168645 1168708
1168771 1168834 1168897 1168960 1169023 1169086 1169149 1169212
1169275 1169338 1169401 1169464 1169527 1169590 1169653 1169716
1169779 1169842 1169905 1169968 1170031 1170094 1170157 1170220
1170283 1170346 1170409 1170472 1170535 1170598 1170661 1170724
1170787 1170850 1170913 1170976 1171039 1171102 1171165 1171228
1171291 1171354 1171417 1171480 1171543 1171606 1171669 1171732
1171795 1171858 1171921 1171984 1172047 1172110 1172173 1172236
1172299 1172362 1172425 1172488 1172551 1172614 1172677 1172740
1172803 1172866 1172929 1172992 1173055 1173118 1173181 1173244
1173307 1173370 1173433 1173496 1173559 1173622 1173685 1173748
1173811 1173874 1173937 1174000 1174063 1174126 1174189 1174252
1174313 1174375 1174438 1174501 1174564 1174627 1174690 1174753
1174816 1174879 1174942 1175005 1175068 1175131 1175194 1175257
1175320 1175383 1175446 1175509 1175572 1175635 1175698 1175761
1175824 1175887 1175950 1176013 1176076 1176139 1176202 1176265
1176328 1176391 1176454 1176517 1176580 1176643 1176706 1176769
1176832 1176895 1176958 1177021 1177084 1177147 1177210 1177273
1177336 1177399 1177462 1177525 1177588 1177651 1177714 1177777
1177840 1177903 1177966 1178029 1178092 1178155 1178218 1178281
1178344 1178407 1178470 1178533 1178596 1178659 1178722 1178785
1178848 1178911 1178974 1179037 1179100 1179163 1179226 1179289
1179352 1179415 1179478 1179541 1179604 1179667 1179730 1179793
1179856 1179919 1179982 1180045 1180108 1180171 1180234 1180297
1180360 1180423 1180486 1180549 1180612 1180675 1180738 1180801
1180864 1180927 1180990 1181053 1181116 1181179 1181242 1181305
1181368 1181431 1181494 1181557 1181620 1181683 1181746 1181809
1181872 1181935 1181998 1182061 1182124 1182185 1182247 1182310
1182373 1182436 1182499 1182562 1182625 1182688 1182751 1182814
1182877 1182940 1183003 1183066 1183129 1183192 1183255 1183318
1183381 1183444 1183507 1183570 1183633 1183696 1183759 1183822
1183885 1183948 1184011 1184074 1184137 1184200 1184263 1184326
1184389 1184452 1184515 1184578 1184641 1184704 1184767 1184830
1184893 1184956 1185019 1185082 1185145 1185208 1185271 1185334
1185397 1185460 1185523 1185586 1185649 1185712 1185775 1185838
1185901 1185964 1186027 1186090 1186153 1186216 1186279 1186342
1186405 1186468 1186531 1186594 1186657 1186720 1186783 1186846
1186909 1186972 1187035 1187098 1187161 1187224 1187287 1187350
1187413 1187476 1187539 1187602 1187665 1187728 1187791 1187854
1187917 1187980 1188043 1188106 1188169 1188232 1188295 1188358
1188421 1188484 1188547 1188610 1188673 1188736 1188799 1188862
1188925 1188988 1189051 1189114 1189177 1189240 1189303 1189366
1189429 1189492 1189555 1189618 1189681 1189744 1189807 1189870
1189933 1189994 1190056 1190119 1190182 1190245 1190308 1190371
1190434 1190497 1190560 1190623 1190686 1190749 1190812 1190875
1190938 1191001 1191064 1191127 1191190 1191253 1191316 1191379
1191442 1191505 1191568 1191631 1191694 1191757 1191820 1191883
1191946 1192009 1192072 1192135 1192198 1192261 1192324 1192387
1192450 1192513 1192576 1192639 1192702 1192765 1192828 1192891
1192954 1193017 1193080 1193143 1193206 1193269 1193332 1193395
1193458 1193521 1193584 1193647 1193710 1193773 1193836 1193899
1193962 1194025 1194088 1194151 1194214 1194277 1194340 1194403
1194466 1194529 1194592 1194655 1194718 1194781 1194844 1194907
1194970 1195033 1195096 1195159 1195222 1195285 1195348 1195410
1195473 1195536 1195599 1195662 1195725 1195788 1195851 1195914
1195977 1196040 1196103 1196166 1196229 1196292 1196355 1196418
1196481 1196544 1196607 1196670 1196733 1196796 1196859 1196922
1196985 1197048 1197111 1197174 1197237 1197300 1197363 1197426
1197489 1197552 1197615 1197678 1197741 1197804 1197867 1197929
1197991 1198054 1198117 1198180 1198243 1198306 1198369 1198432
1198495 1198558 1198621 1198684 1198747 1198810 1198873 1198936
1198999 1199062 1199125 1199188 1199251 1199314 1199377 1199440
1199503 1199566 1199629 1199692 1199755 1199818 1199881 1199944
1200007 1200070 1200133 1200196 1200259 1200322 1200385 1200448
1200511 1200574 1200637 1200700 1200763 1200826 1200889 1200952
1201015 1201078 1201141 1201204 1201267 1201330 1201393 1201456
1201519 1201582 1201645 1201708 1201771 1201834 1201897 1201960
1202023 1202086 1202149 1202212 1202275 1202338 1202401 1202464
1202527 1202590 1202653 1202716 1202779 1202842 1202905 1202968
1203031 1203094 1203157 1203220 1203283 1203345 1203408 1203471
1203534 1203597 1203660 1203723 1203786 1203849 1203912 1203975
1204038 1204101 1204164 1204227 1204290 1204353 1204416 1204479
1204542 1204605 1204668 1204731 1204794 1204857 1204920 1204983
1205046 1205109 1205172 1205235 1205298 1205361 1205424 1205487
1205550 1205613 1205676 1205739 1205802 1205864 1205926 1205989
1206052 1206115 1206178 1206241 1206304 1206367 1206430 1206493
1206556 1206619 1206682 1206745 1206808 1206871 1206934 1206997
1207060 1207123 1207186 1207249 1207312 1207375 1207438 1207501
1207564 1207627 1207690 1207753 1207816 1207879 1207942 1208005
1208068 1208131 1208194 1208257 1208320 1208383 1208446 1208509
1208572 1208635 1208698 1208761 1208824 1208887 1208950 1209013
1209076 1209139 1209202 1209265 1209328 1209391 1209454 1209517
1209580 1209643 1209706 1209769 1209832 1209895 1209958 1210021
1210084 1210147 1210210 1210273 1210336 1210399 1210462 1210525
1210588 1210651 1210714 1210777 1210840 1210903 1210966 1211029
1211092 1211155 1211217 1211280 1211343 1211406 1211469 1211532
1211595 1211658 1211721 1211784 1211847 1211910 1211973 1212036
1212099 1212162 1212225 1212288 1212351 1212414 1212477 1212540
1212603 1212666 1212729 1212792 1212855 1212918 1212981 1213044
1213107 1213170 1213233 1213296 1213359 1213422 1213485 1213548
1213611 1213673 1213735 1213798 1213861 1213924 1213987 1214050
1214113 1214176 1214239 1214302 1214365 1214428 1214491 1214554
1214617 1214680 1214743 1214806 1214869 1214932 1214995 1215058
1215121 1215184 1215247 1215310 1215373 1215436 1215499 1215562
1215625 1215688 1215751 1215814 1215877 1215940 1216003 1216066
1216129 1216192 1216255 1216318 1216381 1216444 1216507 1216570
1216633 1216696 1216759 1216822 1216885 1216948 1217011 1217074
1217137 1217200 1217263 1217326 1217389 1217452 1217515 1217578
1217641 1217704 1217767 1217830 1217893 1217956 1218019 1218082
1218145 1218208 1218271 1218334 1218397 1218460 1218523 1218586
1218649 1218712 1218775 1218838 1218901 1218964 1219026 1219089
1219152 1219215 1219278 1219341 1219404 1219467 1219530 1219593
1219656 1219719 1219782 1219845 1219908 1219971 1220034 1220097
1220160 1220223 1220286 1220349 1220412 1220475 1220538 1220601
1220664 1220727 1220790 1220853 1220916 1220979 1221042 1221105
1221168 1221231 1221294 1221357 1221420 1221481 1221543 1221606
1221669 1221732 1221795 1221858 1221921 1221984 1222047 1222110
1222173 1222236 1222299 1222362 1222425 1222488 1222551 1222614
1222677 1222740 1222803 1222866 1222929 1222992 1223055 1223118
1223181 1223244 1223307 1223370 1223433 1223496 1223559 1223622
1223685 1223748 1223811 1223874 1223937 1224000 1224063 1224126
1224189 1224252 1224315 1224378 1224441 1224504 1224567 1224630
1224693 1224756 1224819 1224882 1224945 1225008 1225071 1225134
1225197 1225260 1225323 1225386 1225449 1225512 1225575 1225638
1225701 1225764 1225827 1225890 1225953 1226016 1226079 1226142
1226205 1226268 1226331 1226394 1226457 1226520 1226583 1226646
1226709 1226772 1226835 1226898 1226961 1227024 1227087 1227150
1227213 1227276 1227339 1227402 1227465 1227528 1227591 1227654
1227717 1227780 1227843 1227906 1227969 1228032 1228095 1228158
1228221 1228284 1228347 1228410 1228473 1228536 1228599 1228662
1228725 1228788 1228851 1228914 1228977 1229040 1229103 1229166
1229229 1229291 1229353 1229416 1229479 1229542 1229605 1229668
1229731 1229794 1229857 1229920 1229983 1230046 1230109 1230172
1230235 1230298 1230361 1230424 1230487 1230550 1230613 1230676
1230739 1230802 1230865 1230928 1230991 1231054 1231117 1231180
1231243 1231306 1231369 1231432 1231495 1231558 1231621 1231684
1231747 1231810 1231873 1231936 1231999 1232062 1232125 1232188
1232251 1232314 1232377 1232440 1232503 1232566 1232629 1232692
1232755 1232818 1232881 1232944 1233007 1233070 1233133 1233196
1233259 1233322 1233385 1233448 1233511 1233574 1233637 1233700
1233763 1233826 1233889 1233952 1234015 1234078 1234141 1234204
1234267 1234330 1234393 1234456 1234519 1234582 1234645 1234708
1234771 1234834 1234897 1234960 1235023 1235086 1235149 1235212
1235275 1235338 1235401 1235464 1235527 1235590 1235653 1235716
1235779 1235842 1235905 1235968 1236031 1236094 1236157 1236220
1236283 1236346 1236409 1236472 1236535 1236598 1236661 1236724
1236787 1236850 1236913 1236976 1237039 1237100 1237162 1237225
1237288 1237351 1237414 1237477 1237540 1237603 1237666 1237729
1237792 1237855 1237918 1237981 1238044 1238107 1238170 1238233
1238296 1238359 1238422 1238485 1238548 1238611 1238674 1238737
1238800 1238863 1238926 1238989 1239052 1239115 1239178 1239241
1239304 1239367 1239430 1239493 1239556 1239619 1239682 1239745
1239808 1239871 1239934 1239997 1240060 1240123 1240186 1240249
1240312 1240375 1240438 1240501 1240564 1240627 1240690 1240753
1240816 1240879 1240942 1241005 1241068 1241131 1241194 1241257
1241320 1241383 1241446 1241509 1241572 1241635 1241698 1241761
1241824 1241887 1241950 1242013 1242076 1242139 1242202 1242265
1242328 1242391 1242454 1242517 1242580 1242643 1242706 1242769
1242832 1242895 1242958 1243021 1243084 1243147 1243210 1243273
1243336 1243399 1243462 1243525 1243588 1243651 1243714 1243777
1243840 1243903 1243966 1244029 1244092 1244155 1244218 1244281
1244344 1244407 1244470 1244533 1244596 1244659 1244722 1244785
1244848 1244911 1244974 1245035 1245097 1245160 1245223 1245286
1245349 1245412 1245475 1245538 1245601 1245664 1245727 1245790
1245853 1245916 1245979 1246042 1246105 1246168 1246231 1246294
1246357 1246420 1246483 1246546 1246609 1246672 1246735 1246798
1246861 1246924 1246987 1247050 1247113 1247176 1247239 1247302
1247365 1247428 1247491 1247554 1247617 1247680 1247743 1247806
1247869 1247932 1247995 1248058 1248121 1248184 1248247 1248310
1248373 1248436 1248499 1248562 1248625 1248688 1248751 1248814
1248877 1248940 1249003 1249066 1249129 1249192 1249255 1249318
1249381 1249444 1249507 1249570 1249633 1249696 1249759 1249822
1249885 1249948 1250011 1250074 1250137 1250200 1250263 1250326
1250389 1250452 1250515 1250578 1250641 1250704 1250767 1250830
1250893 1250956 1251019 1251082 1251145 1251208 1251271 1251334
1251397 1251460 1251523 1251586 1251649 1251712 1251775 1251838
1251901 1251964 1252027 1252090 1252153 1252216 1252279 1252342
1252405 1252468 1252531 1252594 1252657 1252718 1252780 1252843
1252906 1252969 1253032 1253095 1253158 1253221 1253284 1253347
1253410 1253473 1253536 1253599 1253662 1253725 1253788 1253851
1253914 1253977 1254040 1254103 1254166 1254229 1254292 1254355
1254418 1254481 1254544 1254607 1254670 1254733 1254796 1254859
1254922 1254985 1255048 1255111 1255174 1255237 1255300 1255363
1255426 1255489 1255552 1255615 1255678 1255741 1255804 1255867
1255930 1255993 1256056 1256119 1256182 1256245 1256308 1256371
1256434 1256497 1256560 1256623 1256686 1256749 1256812 1256875
1256938 1257001 1257064 1257127 1257190 1257253 1257316 1257379
1257442 1257505 1257568 1257631 1257694 1257757 1257820 1257883
1257946 1258009 1258072 1258135 1258197 1258259 1258322 1258385
1258448 1258511 1258574 1258637 1258700 1258763 1258826 1258889
1258952 1259015 1259078 1259141 1259204 1259267 1259330 1259393
1259456 1259519 1259582 1259645 1259708 1259771 1259834 1259897
1259960 1260023 1260086 1260149 1260212 1260275 1260338 1260401
1260464 1260527 1260590 1260652 1260715 1260778 1260841 1260904
1260967 1261030 1261093 1261156 1261219 1261282 1261345 1261408
1261471 1261534 1261597 1261660 1261723 1261786 1261849 1261912
1261975 1262038 1262101 1262164 1262227 1262290 1262353 1262416
1262479 1262542 1262605 1262668 1262731 1262794 1262857 1262920
1262983 1263046 1263109 1263172 1263235 1263298 1263361 1263424
1263487 1263550 1263613 1263676 1263739 1263802 1263865 1263928
1263991 1264054 1264117 1264180 1264243 1264306 1264369 1264432
1264495 1264558 1264621 1264684 1264747 1264810 1264873 1264936
1264999 1265062 1265125 1265188 1265251 1265314 1265377 1265440
1265503 1265566 1265629 1265692 1265755 1265818 1265881 1265944
1266006 1266069 1266132 1266195 1266258 1266321 1266384 1266447
1266510 1266573 1266636 1266699 1266762 1266825 1266888 1266951
1267014 1267077 1267140 1267203 1267266 1267329 1267392 1267455
1267518 1267581 1267644 1267707 1267770 1267833 1267896 1267959
1268022 1268085 1268148 1268209 1268271 1268334 1268397 1268460
1268523 1268586 1268649 1268712 1268775 1268838 1268901 1268964
1269027 1269090 1269153 1269216 1269279 1269342 1269405 1269468
1269531 1269594 1269657 1269720 1269783 1269846 1269909 1269972
1270035 1270098 1270161 1270224 1270287 1270350 1270413 1270476
1270539 1270602 1270665 1270728 1270791 1270854 1270917 1270980
1271043 1271106 1271169 1271232 1271295 1271358 1271421 1271484
1271547 1271610 1271673 1271736 1271799 1271862 1271925 1271988
1272051 1272114 1272177 1272240 1272303 1272366 1272429 1272492
1272555 1272618 1272681 1272744 1272807 1272870 1272933 1272996
1273059 1273122 1273185 1273248 1273311 1273374 1273437 1273499
1273560 1273623 1273686 1273749 1273812 1273875 1273938 1274001
1274064 1274127 1274190 1274253 1274316 1274379 1274442 1274505
1274568 1274631 1274694 1274757 1274820 1274883 1274946 1275009
1275072 1275135 1275198 1275261 1275324 1275387 1275450 1275512
1275575 1275638 1275701 1275763 1275826 1275889 1275952 1276015
1276078 1276141 1276204 1276267 1276330 1276393 1276456 1276519
1276582 1276645 1276708 1276771 1276834 1276897 1276960 1277023
1277086 1277149 1277212 1277275 1277338 1277401 1277464 1277527
1277590 1277653 1277716 1277779 1277842 1277905 1277968 1278031
1278094 1278157 1278220 1278283 1278346 1278409 1278472 1278535
1278598 1278661 1278724 1278787 1278850 1278913 1278976 1279039
1279102 1279165 1279228 1279291 1279354 1279417 1279480 1279543
1279606 1279669 1279732 1279795 1279858 1279921 1279984 1280047
1280110 1280173 1280236 1280299 1280362 1280425 1280488 1280551
1280614 1280677 1280740 1280803 1280866 1280929 1280992 1281055
1281118 1281181 1281244 1281307 1281370 1281433 1281496 1281559
1281622 1281685 1281748 1281811 1281874 1281937 1282000 1282063
1282126 1282189 1282252 1282315 1282378 1282441 1282504 1282567
1282630 1282693 1282756 1282819 1282882 1282945 1283008 1283071
1283134 1283196 1283257 1283319 1283382 1283445 1283508 1283571
1283634 1283697 1283760 1283823 1283886 1283949 1284012 1284075
1284138 1284201 1284264 1284327 1284390 1284453 1284516 1284579
1284642 1284705 1284768 1284831 1284894 1284957 1285020 1285083
1285146 1285209 1285272 1285335 1285398 1285461 1285524 1285587
1285650 1285713 1285776 1285839 1285902 1285965 1286028 1286091
1286154 1286217 1286280 1286343 1286406 1286469 1286532 1286595
1286658 1286721 1286784 1286847 1286910 1286973 1287036 1287099
1287162 1287225 1287288 1287351 1287414 1287477 1287540 1287603
1287666 1287729 1287792 1287855 1287918 1287981 1288044 1288107
1288170 1288233 1288296 1288359 1288422 1288485 1288548 1288611
1288674 1288737 1288800 1288863 1288926 1288989 1289052 1289115
1289178 1289241 1289304 1289367 1289430 1289493 1289556 1289619
1289682 1289745 1289808 1289871 1289934 1289997 1290060 1290123
1290186 1290249 1290312 1290375 1290438 1290501 1290564 1290627
1290690 1290751 1290813 1290876 1290939 1291002 1291065 1291128
1291191 1291254 1291317 1291380 1291443 1291506 1291569 1291632
1291695 1291758 1291821 1291884 1291947 1292010 1292073 1292136
1292199 1292262 1292325 1292388 1292451 1292514 1292577 1292640
1292703 1292766 1292829 1292892 1292955 1293018 1293081 1293144
1293207 1293270 1293333 1293396 1293459 1293522 1293585 1293648
1293711 1293774 1293837 1293900 1293963 1294026 1294089 1294152
1294215 1294278 1294341 1294404 1294467 1294530 1294593 1294656
1294719 1294782 1294845 1294908 1294971 1295034 1295097 1295160
1295223 1295286 1295349 1295412 1295475 1295538 1295601 1295664
1295727 1295790 1295853 1295916 1295979 1296042 1296105 1296167
1296230 1296293 1296356 1296419 1296482 1296545 1296608 1296671
1296734 1296797 1296860 1296923 1296986 1297049 1297112 1297175
1297238 1297301 1297364 1297427 1297490 1297553 1297616 1297679
1297742 1297805 1297868 1297931 1297994 1298057 1298120 1298183
1298245 1298308 1298371 1298434 1298497 1298560 1298623 1298686
1298749 1298812 1298875 1298938 1299001 1299064 1299127 1299190
1299253 1299316 1299379 1299442 1299505 1299568 1299631 1299694
1299757 1299820 1299883 1299946 1300009 1300072 1300135 1300198
1300261 1300324 1300387 1300450 1300513 1300576 1300639 1300702
1300765 1300828 1300891 1300954 1301017 1301080 1301143 1301206
1301269 1301332 1301395 1301458 1301521 1301584 1301647 1301710
1301773 1301836 1301899 1301962 1302025 1302088 1302151 1302214
1302277 1302340 1302403 1302466 1302529 1302592 1302655 1302718
1302781 1302844 1302907 1302970 1303033 1303096 1303159 1303222
1303285 1303348 1303411 1303474 1303536 1303599 1303662 1303725
1303788 1303851 1303914 1303977 1304040 1304103 1304166 1304229
1304292 1304355 1304418 1304481 1304544 1304607 1304670 1304733
1304796 1304859 1304922 1304985 1305048 1305111 1305174 1305237
1305300 1305363 1305426 1305489 1305552 1305614 1305676 1305739
1305802 1305865 1305928 1305991 1306054 1306117 1306180 1306243
1306306 1306369 1306432 1306495 1306558 1306621 1306684 1306747
1306810 1306873 1306936 1306999 1307062 1307125 1307188 1307251
1307314 1307377 1307440 1307503 1307566 1307629 1307692 1307755
1307818 1307881 1307944 1308007 1308070 1308133 1308196 1308259
1308322 1308385 1308448 1308511 1308574 1308637 1308700 1308763
1308826 1308889 1308952 1309015 1309078 1309141 1309204 1309267
1309330 1309393 1309456 1309519 1309582 1309645 1309708 1309771
1309834 1309897 1309960 1310023 1310086 1310149 1310212 1310275
1310338 1310401 1310464 1310527 1310590 1310653 1310716 1310779
1310842 1310905 1310968 1311031 1311093 1311156 1311219 1311282
1311345 1311408 1311471 1311534 1311597 1311660 1311723 1311786
1311849 1311912 1311975 1312038 1312101 1312164 1312227 1312290
1312353 1312416 1312479 1312542 1312605 1312668 1312731 1312794
1312857 1312920 1312983 1313046 1313109 1313171 1313234 1313297
1313360 1313423 1313486 1313549 1313612 1313675 1313738 1313801
1313864 1313927 1313990 1314053 1314116 1314179 1314242 1314305
1314368 1314431 1314494 1314557 1314620 1314683 1314746 1314809
1314872 1314935 1314998 1315061 1315124 1315187 1315250 1315313
1315376 1315439 1315502 1315565 1315628 1315691 1315754 1315817
1315880 1315943 1316006 1316069 1316132 1316195 1316258 1316321
1316384 1316447 1316510 1316573 1316636 1316699 1316762 1316825
1316888 1316951 1317014 1317077 1317140 1317203 1317266 1317329
1317392 1317455 1317518 1317581 1317644 1317707 1317770 1317833
1317896 1317959 1318022 1318085 1318148 1318211 1318274 1318337
1318400 1318463 1318526 1318589 1318652 1318715 1318778 1318841
1318904 1318967 1319030 1319093 1319156 1319219 1319282 1319345
1319408 1319471 1319534 1319597 1319660 1319723 1319786 1319849
1319912 1319975 1320038 1320101 1320164 1320227 1320290 1320353
1320416 1320479 1320541 1320603 1320665 1320728 1320791 1320854
1320917 1320980 1321043 1321106 1321169 1321232 1321295 1321358
1321421 1321484 1321547 1321610 1321673 1321736 1321799 1321862
1321925 1321988 1322051 1322114 1322177 1322240 1322303 1322366
1322429 1322492 1322555 1322618 1322681 1322744 1322807 1322870
1322933 1322996 1323059 1323122 1323185 1323248 1323311 1323374
1323437 1323500 1323563 1323626 1323689 1323752 1323815 1323878
1323941 1324004 1324067 1324130 1324193 1324256 1324319 1324382
1324445 1324508 1324571 1324634 1324697 1324760 1324823 1324886
1324949 1325012 1325075 1325138 1325201 1325264 1325327 1325390
1325453 1325516 1325579 1325642 1325705 1325768 1325830 1325893
1325956 1326019 1326082 1326145 1326208 1326271 1326334 1326397
1326460 1326523 1326586 1326649 1326712 1326775 1326838 1326901
1326964 1327027 1327090 1327153 1327216 1327279 1327342 1327405
1327468 1327531 1327594 1327657 1327720 1327782 1327845 1327908
1327971 1328034 1328097 1328160 1328223 1328286 1328349 1328412
1328475 1328538 1328601 1328664 1328727 1328790 1328853 1328916
1328979 1329042 1329105 1329168 1329231 1329294 1329357 1329420
1329483 1329546 1329609 1329672 1329735 1329798 1329861 1329924
1329987 1330050 1330113 1330176 1330239 1330302 1330365 1330428
1330491 1330554 1330617 1330680 1330743 1330806 1330869 1330932
1330995 1331058 1331121 1331184 1331247 1331310 1331373 1331436
1331499 1331562 1331625 1331688 1331751 1331814 1331877 1331940
1332003 1332066 1332129 1332192 1332255 1332318 1332381 1332444
1332507 1332570 1332633 1332696 1332759 1332822 1332885 1332948
1333011 1333074 1333137 1333200 1333263 1333325 1333388 1333451
1333514 1333577 1333640 1333703 1333766 1333829 1333892 1333955
1334018 1334081 1334144 1334207 1334270 1334333 1334396 1334459
1334522 1334585 1334648 1334711 1334774 1334837 1334900 1334963
1335026 1335089 1335152 1335213 1335275 1335338 1335401 1335464
1335527 1335590 1335653 1335716 1335779 1335842 1335905 1335968
1336031 1336094 1336157 1336220 1336283 1336346 1336409 1336472
1336535 1336598 1336661 1336724 1336787 1336850 1336913 1336976
1337039 1337102 1337165 1337228 1337291 1337354 1337417 1337480
1337543 1337606 1337669 1337732 1337795 1337858 1337921 1337984
1338047 1338110 1338173 1338236 1338299 1338362 1338425 1338488
1338551 1338614 1338677 1338740 1338803 1338866 1338929 1338992
1339055 1339118 1339181 1339244 1339307 1339370 1339433 1339496
1339559 1339622 1339685 1339748 1339811 1339874 1339937 1340000
1340063 1340126 1340189 1340252 1340315 1340378 1340441 1340504
1340567 1340630 1340693 1340756 1340819 1340882 1340945 1341008
1341071 1341134 1341197 1341260 1341323 1341386 1341449 1341512
1341575 1341638 1341701 1341764 1341827 1341890 1341953 1342016
1342079 1342142 1342205 1342268 1342331 1342394 1342456 1342518
1342581 1342644 1342707 1342770 1342833 1342896 1342959 1343022
1343085 1343148 1343211 1343274 1343337 1343400 1343463 1343526
1343589 1343652 1343715 1343778 1343841 1343904 1343967 1344030
1344093 1344156 1344219 1344282 1344345 1344408 1344471 1344534
1344597 1344660 1344723 1344786 1344849 1344912 1344975 1345038
1345101 1345164 1345227 1345290 1345353 1345416 1345479 1345542
1345605 1345668 1345731 1345794 1345857 1345920 1345983 1346046
1346109 1346172 1346235 1346298 1346361 1346424 1346487 1346550
1346613 1346676 1346739 1346802 1346865 1346928 1346991 1347054
1347117 1347180 1347243 1347306 1347369 1347432 1347495 1347558
1347621 1347684 1347747 1347810 1347873 1347936 1347999 1348062
1348125 1348188 1348251 1348314 1348377 1348440 1348503 1348566
1348629 1348692 1348755 1348818 1348881 1348944 1349007 1349070
1349133 1349196 1349259 1349322 1349385 1349448 1349511 1349574
1349637 1349700 1349763 1349825 1349888 1349951 1350014 1350077
1350140 1350203 1350266 1350329 1350392 1350455 1350518 1350581
1350644 1350707 1350770 1350833 1350896 1350959 1351022 1351085
1351148 1351211 1351274 1351337 1351400 1351463 1351526 1351589
1351652 1351715 1351778 1351841 1351904 1351967 1352030 1352093
1352156 1352219 1352282 1352345 1352408 1352471 1352534 1352597
1352660 1352723 1352786 1352849 1352912 1352975 1353038 1353101
1353164 1353227 1353290 1353353 1353416 1353479 1353542 1353605
1353668 1353731 1353794 1353857 1353920 1353983 1354046 1354109
1354172 1354235 1354298 1354361 1354424 1354487 1354550 1354613
1354676 1354739 1354802 1354865 1354928 1354991 1355054 1355117
1355180 1355243 1355306 1355369 1355432 1355495 1355558 1355621
1355684 1355747 1355810 1355873 1355936 1355999 1356062 1356125
1356188 1356251 1356314 1356377 1356440 1356503 1356566 1356629
1356692 1356755 1356818 1356881 1356944 1357007 1357070 1357133
1357195 1357258 1357321 1357384 1357447 1357510 1357573 1357636
1357699 1357762 1357825 1357888 1357951 1358014 1358077 1358140
1358203 1358266 1358329 1358392 1358455 1358518 1358581 1358644
1358707 1358770 1358833 1358896 1358959 1359022 1359085 1359148
1359211 1359274 1359337 1359400 1359463 1359526 1359589 1359652
1359715 1359778 1359841 1359904 1359967 1360030 1360093 1360156
1360219 1360282 1360345 1360408 1360471 1360534 1360597 1360660
1360723 1360786 1360849 1360912 1360975 1361038 1361101 1361164
1361227 1361290 1361353 1361416 1361479 1361542 1361605 1361668
1361731 1361794 1361857 1361920 1361983 1362046 1362109 1362172
1362235 1362298 1362361 1362424 1362487 1362550 1362613 1362676
1362739 1362802 1362865 1362928 1362991 1363054 1363117 1363180
1363243 1363306 1363369 1363432 1363495 1363558 1363621 1363684
1363747 1363810 1363873 1363936 1363999 1364062 1364125 1364188
1364251 1364314 1364377 1364440 1364503 1364564 1364627 1364690
1364753 1364816 1364879 1364942 1365005 1365068 1365131 1365194
1365257 1365320 1365383 1365446 1365509 1365572 1365635 1365698
1365761 1365824 1365887 1365950 1366013 1366076 1366139 1366202
1366265 1366328 1366391 1366454 1366517 1366580 1366643 1366706
1366769 1366832 1366895 1366958 1367021 1367084 1367147 1367210
1367273 1367336 1367399 1367462 1367525 1367588 1367651 1367714
1367777 1367840 1367903 1367966 1368029 1368092 1368155 1368218
1368281 1368344 1368407 1368470 1368533 1368596 1368659 1368722
1368785 1368848 1368911 1368974 1369037 1369100 1369163 1369226
1369289 1369352 1369415 1369478 1369541 1369604 1369667 1369730
1369793 1369856 1369919 1369982 1370045 1370108 1370171 1370233
1370296 1370359 1370422 1370485 1370548 1370611 1370674 1370737
1370800 1370863 1370926 1370989 1371052 1371115 1371178 1371241
1371304 1371367 1371430 1371493 1371556 1371619 1371682 1371745
1371808 1371871 1371934 1371996 1372058 1372120 1372183 1372246
1372309 1372372 1372435 1372498 1372561 1372624 1372687 1372750
1372813 1372876 1372939 1373002 1373065 1373128 1373191 1373254
1373317 1373380 1373443 1373506 1373569 1373632 1373695 1373758
1373821 1373884 1373947 1374010 1374073 1374136 1374199 1374262
1374325 1374388 1374451 1374514 1374577 1374640 1374703 1374766
1374829 1374892 1374955 1375018 1375081 1375144 1375207 1375270
1375333 1375396 1375459 1375522 1375585 1375648 1375711 1375774
1375837 1375900 1375963 1376026 1376089 1376152 1376215 1376278
1376341 1376404 1376467 1376530 1376593 1376656 1376719 1376782
1376845 1376908 1376971 1377034 1377097 1377160 1377223 1377286
1377349 1377412 1377475 1377538 1377601 1377663 1377726 1377789
1377852 1377915 1377978 1378041 1378104 1378167 1378230 1378293
1378356 1378419 1378482 1378545 1378608 1378671 1378734 1378797
1378860 1378923 1378986 1379049 1379112 1379175 1379238 1379301
1379363 1379425 1379488 1379551 1379614 1379677 1379740 1379803
1379866 1379929 1379992 1380055 1380118 1380181 1380244 1380307
1380370 1380433 1380496 1380559 1380622 1380685 1380748 1380811
1380874 1380937 1381000 1381063 1381126 1381189 1381252 1381315
1381378 1381441 1381504 1381567 1381630 1381693 1381756 1381819
1381882 1381945 1382008 1382071 1382134 1382197 1382260 1382323
1382386 1382449 1382512 1382575 1382638 1382701 1382764 1382827
1382890 1382953 1383016 1383079 1383142 1383205 1383268 1383331
1383394 1383457 1383520 1383583 1383646 1383709 1383772 1383835
1383898 1383961 1384024 1384087 1384150 1384213 1384276 1384339
1384402 1384465 1384528 1384591 1384654 1384717 1384780 1384843
1384906 1384969 1385032 1385095 1385158 1385221 1385284 1385347
1385410 1385473 1385536 1385599 1385662 1385725 1385788 1385851
1385914 1385977 1386040 1386103 1386166 1386229 1386292 1386355
1386418 1386481 1386544 1386607 1386669 1386732 1386794 1386857
1386920 1386983 1387046 1387109 1387172 1387235 1387298 1387361
1387424 1387487 1387550 1387613 1387676 1387739 1387802 1387865
1387928 1387991 1388054 1388117 1388180 1388243 1388306 1388369
1388432 1388495 1388558 1388621 1388684 1388747 1388810 1388873
1388936 1388999 1389062 1389125 1389188 1389251 1389314 1389377
1389440 1389503 1389566 1389629 1389692 1389755 1389818 1389881
1389944 1390007 1390070 1390133 1390196 1390259 1390322 1390385
1390448 1390511 1390574 1390637 1390700 1390763 1390826 1390889
1390952 1391015 1391078 1391141 1391204 1391267 1391330 1391393
1391456 1391519 1391582 1391645 1391708 1391771 1391834 1391897
1391960 1392023 1392086 1392149 1392212 1392275 1392338 1392401
1392464 1392527 1392590 1392653 1392716 1392779 1392842 1392905
1392968 1393031 1393094 1393157 1393220 1393283 1393346 1393409
1393472 1393535 1393598 1393661 1393724 1393787 1393850 1393913
1393976 1394039 1394102 1394165 1394227 1394290 1394353 1394416
1394479 1394542 1394605 1394668 1394731 1394794 1394857 1394920
1394983 1395046 1395109 1395172 1395235 1395298 1395361 1395424
1395487 1395550 1395613 1395676 1395739 1395802 1395865 1395928
1395991 1396054 1396117 1396180 1396243 1396306 1396369 1396432
1396495 1396558 1396621 1396684 1396747 1396810 1396873 1396936
1396999 1397062 1397125 1397188 1397251 1397314 1397377 1397440
1397503 1397566 1397629 1397692 1397755 1397818 1397881 1397944
1398007 1398070 1398133 1398196 1398259 1398322 1398385 1398448
1398511 1398574 1398637 1398700 1398763 1398826 1398889 1398952
1399015 1399078 1399141 1399204 1399267 1399330 1399393 1399456
1399519 1399582 1399645 1399708 1399771 1399834 1399897 1399960
1400023 1400086 1400149 1400212 1400275 1400338 1400401 1400464
1400527 1400590 1400653 1400716 1400779 1400842 1400905 1400968
1401031 1401094 1401157 1401220 1401283 1401346 1401409 1401471
1401534 1401597 1401660 1401723 1401786 1401849 1401912 1401975
1402038 1402101 1402164 1402227 1402290 1402353 1402416 1402479
1402542 1402605 1402668 1402731 1402794 1402857 1402920 1402983
1403046 1403109 1403172 1403235 1403298 1403361 1403424 1403487
1403550 1403613 1403676 1403739 1403802 1403865 1403928 1403991
1404054 1404117 1404180 1404243 1404306 1404369 1404432 1404495
1404558 1404621 1404684 1404747 1404810 1404873 1404936 1404999
1405062 1405125 1405188 1405251 1405314 1405377 1405440 1405503
1405566 1405629 1405692 1405755 1405818 1405881 1405944 1406007
1406070 1406133 1406196 1406259 1406322 1406385 1406448 1406511
1406574 1406637 1406700 1406763 1406826 1406889 1406952 1407015
1407078 1407140 1407202 1407265 1407328 1407391 1407454 1407517
1407580 1407643 1407706 1407769 1407832 1407895 1407958 1408021
1408084 1408147 1408210 1408273 1408336 1408399 1408462 1408525
1408588 1408651 1408714 1408777 1408838 1408901 1408964 1409027
1409090 1409153 1409216 1409279 1409342 1409405 1409468 1409531
1409594 1409657 1409720 1409783 1409846 1409909 1409972 1410035
1410098 1410161 1410224 1410287 1410350 1410413 1410476 1410539
1410602 1410665 1410728 1410791 1410854 1410917 1410980 1411043
1411106 1411169 1411232 1411295 1411358 1411421 1411484 1411547
1411610 1411673 1411736 1411799 1411862 1411925 1411988 1412051
1412114 1412177 1412240 1412303 1412366 1412429 1412492 1412555
1412618 1412681 1412744 1412807 1412870 1412933 1412996 1413059
1413122 1413185 1413248 1413311 1413374 1413437 1413500 1413563
1413626 1413689 1413752 1413815 1413878 1413941 1414004 1414067
1414130 1414193 1414256 1414319 1414382 1414445 1414508 1414571
1414634 1414697 1414760 1414823 1414886 1414949 1415012 1415075
1415138 1415201 1415264 1415327 1415390 1415453 1415516 1415579
1415642 1415705 1415768 1415831 1415894 1415956 1416019 1416081
1416144 1416207 1416270 1416333 1416396 1416459 1416522 1416585
1416648 1416711 1416774 1416837 1416900 1416963 1417026 1417089
1417152 1417215 1417278 1417341 1417404 1417467 1417530 1417593
1417656 1417719 1417782 1417845 1417908 1417971 1418034 1418097
1418160 1418223 1418286 1418349 1418412 1418475 1418538 1418601
1418664 1418727 1418790 1418853 1418916 1418979 1419042 1419105
1419168 1419231 1419294 1419357 1419420 1419483 1419546 1419609
1419672 1419735 1419798 1419861 1419924 1419987 1420050 1420113
1420176 1420239 1420302 1420365 1420428 1420491 1420554 1420617
1420680 1420743 1420806 1420869 1420932 1420995 1421058 1421121
1421184 1421247 1421310 1421373 1421436 1421499 1421562 1421625
1421688 1421751 1421814 1421877 1421940 1422003 1422066 1422129
1422192 1422255 1422318 1422381 1422444 1422507 1422570 1422633
1422696 1422759 1422822 1422885 1422948 1423011 1423074 1423137
1423200 1423262 1423325 1423388 1423451 1423514 1423577 1423640
1423703 1423766 1423829 1423892 1423955 1424018 1424081 1424144
1424207 1424270 1424333 1424396 1424459 1424522 1424585 1424648
1424711 1424774 1424837 1424900 1424963 1425026 1425089 1425152
1425215 1425278 1425341 1425404 1425467 1425530 1425593 1425656
1425719 1425782 1425845 1425908 1425971 1426034 1426097 1426160
1426223 1426286 1426349 1426412 1426475 1426538 1426601 1426664
1426727 1426790 1426853 1426916 1426979 1427042 1427105 1427168
1427231 1427294 1427357 1427420 1427483 1427546 1427609 1427672
1427735 1427798 1427861 1427924 1427987 1428050 1428113 1428176
1428239 1428302 1428365 1428428 1428491 1428554 1428617 1428680
1428743 1428806 1428869 1428932 1428995 1429058 1429121 1429184
1429247 1429310 1429373 1429436 1429499 1429562 1429625 1429688
1429751 1429814 1429877 1429940 1430003 1430066 1430129 1430192
1430255 1430318 1430381 1430443 1430505 1430568 1430631 1430694
1430757 1430820 1430883 1430946 1431009 1431072 1431135 1431198
1431261 1431324 1431387 1431450 1431513 1431576 1431639 1431702
1431765 1431828 1431891 1431954 1432017 1432080 1432143 1432206
1432269 1432332 1432395 1432458 1432521 1432584 1432647 1432710
1432773 1432836 1432899 1432962 1433025 1433088 1433151 1433214
1433277 1433340 1433403 1433466 1433529 1433592 1433655 1433718
1433781 1433844 1433907 1433970 1434033 1434096 1434159 1434222
1434285 1434348 1434411 1434474 1434537 1434600 1434663 1434726
1434789 1434852 1434915 1434978 1435041 1435104 1435167 1435230
1435293 1435356 1435419 1435482 1435545 1435608 1435671 1435734
1435797 1435860 1435923 1435986 1436049 1436112 1436175 1436238
1436301 1436364 1436427 1436490 1436553 1436616 1436679 1436742
1436805 1436868 1436931 1436994 1437057 1437120 1437183 1437246
1437309 1437372 1437435 1437498 1437561 1437624 1437686 1437749
1437812 1437875 1437938 1438001 1438064 1438127 1438190 1438253
1438316 1438379 1438442 1438505 1438568 1438631 1438694 1438757
1438820 1438883 1438946 1439009 1439072 1439135 1439198 1439261
1439324 1439387 1439450 1439513 1439576 1439639 1439702 1439765
1439828 1439891 1439954 1440017 1440080 1440143 1440206 1440269
1440332 1440395 1440458 1440521 1440584 1440647 1440710 1440773
1440836 1440899 1440962 1441025 1441088 1441151 1441214 1441277
1441340 1441403 1441466 1441529 1441592 1441655 1441718 1441781
1441844 1441907 1441970 1442033 1442096 1442159 1442222 1442285
1442348 1442411 1442474 1442537 1442600 1442663 1442726 1442789
1442852 1442915 1442978 1443041 1443104 1443167 1443230 1443293
1443356 1443419 1443482 1443545 1443608 1443671 1443734 1443797
1443860 1443923 1443986 1444049 1444112 1444175 1444238 1444301
1444364 1444427 1444490 1444553 1444616 1444679 1444741 1444803
1444866 1444929 1444992 1445055 1445118 1445181 1445244 1445307
1445370 1445433 1445496 1445559 1445622 1445685 1445748 1445811
1445874 1445937 1446000 1446063 1446126 1446189 1446252 1446315
1446378 1446441 1446504 1446567 1446630 1446693 1446756 1446819
1446882 1446945 1447008 1447071 1447134 1447197 1447260 1447323
1447386 1447449 1447512 1447575 1447638 1447701 1447764 1447827
1447890 1447953 1448016 1448079 1448142 1448205 1448268 1448331
1448394 1448457 1448520 1448583 1448646 1448709 1448772 1448835
1448898 1448961 1449024 1449087 1449150 1449213 1449276 1449339
1449402 1449465 1449528 1449591 1449654 1449717 1449780 1449843
1449906 1449969 1450032 1450095 1450158 1450221 1450284 1450346
1450409 1450472 1450535 1450598 1450661 1450724 1450787 1450850
1450913 1450976 1451039 1451102 1451165 1451228 1451291 1451354
1451417 1451480 1451543 1451606 1451669 1451732 1451795 1451858
1451921 1451984 1452047 1452110 1452173 1452236 1452299 1452362
1452425 1452488 1452551 1452614 1452677 1452740 1452803 1452866
1452929 1452992 1453055 1453118 1453181 1453244 1453307 1453370
1453433 1453496 1453559 1453622 1453685 1453748 1453811 1453874
1453937 1454000 1454063 1454126 1454189 1454252 1454315 1454378
1454441 1454504 1454567 1454630 1454693 1454756 1454819 1454882
1454945 1455008 1455071 1455134 1455197 1455260 1455323 1455386
1455449 1455512 1455575 1455638 1455701 1455764 1455827 1455890
1455953 1456016 1456079 1456142 1456205 1456268 1456331 1456394
1456457 1456520 1456583 1456646 1456709 1456772 1456835 1456898
1456961 1457024 1457087 1457150 1457213 1457276 1457339 1457402
1457464 1457527 1457590 1457653 1457716 1457779 1457842 1457905
1457968 1458031 1458094 1458157 1458220 1458283 1458346 1458409
1458472 1458535 1458598 1458661 1458724 1458787 1458850 1458913
1458976 1459038 1459100 1459163 1459226 1459289 1459352 1459415
1459478 1459541 1459604 1459667 1459730 1459793 1459856 1459919
1459982 1460045 1460108 1460171 1460234 1460297 1460360 1460423
1460486 1460549 1460612 1460675 1460738 1460801 1460864 1460927
1460990 1461053 1461116 1461179 1461242 1461305 1461368 1461431
1461494 1461557 1461620 1461683 1461746 1461809 1461872 1461935
1461998 1462061 1462124 1462187 1462250 1462313 1462376 1462439
1462502 1462565 1462628 1462691 1462754 1462817 1462880 1462943
1463006 1463069 1463132 1463195 1463258 1463321 1463384 1463447
1463510 1463573 1463636 1463699 1463762 1463825 1463888 1463951
1464014 1464077 1464140 1464203 1464266 1464329 1464392 1464455
1464518 1464581 1464644 1464707 1464770 1464833 1464896 1464959
1465022 1465085 1465148 1465211 1465274 1465337 1465400 1465463
1465526 1465589 1465652 1465715 1465778 1465841 1465904 1465967
1466029 1466091 1466154 1466217 1466280 1466343 1466406 1466469
1466532 1466595 1466658 1466721 1466784 1466847 1466910 1466973
1467036 1467099 1467162 1467225 1467288 1467351 1467414 1467477
1467540 1467603 1467666 1467729 1467792 1467855 1467918 1467981
1468044 1468107 1468170 1468233 1468296 1468359 1468422 1468485
1468548 1468611 1468674 1468737 1468800 1468863 1468926 1468989
1469052 1469115 1469178 1469241 1469304 1469367 1469430 1469493
1469556 1469619 1469682 1469745 1469808 1469871 1469934 1469997
1470060 1470123 1470186 1470249 1470312 1470375 1470438 1470501
1470564 1470627 1470690 1470753 1470816 1470879 1470942 1471005
1471068 1471131 1471194 1471257 1471320 1471383 1471446 1471509
1471572 1471635 1471698 1471761 1471824 1471887 1471950 1472013
1472076 1472139 1472202 1472265 1472328 1472391 1472454 1472517
1472580 1472643 1472706 1472769 1472832 1472895 1472958 1473021
1473084 1473147 1473210 1473273 1473335 1473398 1473461 1473524
1473587 1473650 1473713 1473776 1473839 1473902 1473965 1474028
1474091 1474154 1474217 1474280 1474343 1474406 1474469 1474532
1474595 1474658 1474721 1474784 1474847 1474910 1474973 1475036
1475099 1475162 1475225 1475288 1475351 1475414 1475477 1475540
1475603 1475666 1475729 1475792 1475855 1475918 1475981 1476044
1476107 1476170 1476233 1476296 1476359 1476422 1476485 1476548
1476611 1476674 1476737 1476800 1476863 1476926 1476989 1477052
1477115 1477178 1477241 1477304 1477367 1477430 1477493 1477556
1477619 1477682 1477745 1477808 1477871 1477934 1477997 1478060
1478123 1478186 1478249 1478312 1478375 1478438 1478501 1478564
1478627 1478690 1478753 1478816 1478879 1478942 1479005 1479068
1479131 1479194 1479257 1479320 1479383 1479446 1479509 1479572
1479635 1479698 1479761 1479824 1479887 1479950 1480013 1480076
1480139 1480202 1480265 1480328 1480391 1480453 1480516 1480579
1480642 1480705 1480768 1480831 1480894 1480957 1481020 1481083
1481146 1481209 1481272 1481335 1481398 1481461 1481524 1481587
1481650 1481713 1481776 1481839 1481902 1481965 1482028 1482091
1482154 1482217 1482280 1482343 1482406 1482469 1482532 1482595
1482658 1482721 1482784 1482847 1482910 1482973 1483036 1483099
1483162 1483225 1483288 1483351 1483414 1483477 1483540 1483603
1483666 1483729 1483792 1483855 1483918 1483981 1484044 1484107
1484170 1484233 1484296 1484359 1484422 1484485 1484548 1484611
1484674 1484737 1484800 1484863 1484926 1484989 1485052 1485115
1485178 1485241 1485304 1485367 1485430 1485493 1485556 1485619
1485682 1485745 1485808 1485871 1485934 1485997 1486060 1486123
1486186 1486249 1486312 1486375 1486438 1486501 1486564 1486627
1486690 1486753 1486816 1486879 1486942 1487005 1487068 1487131
1487194 1487257 1487320 1487383 1487446 1487509 1487571 1487634
1487697 1487760 1487823 1487886 1487949 1488012 1488075 1488138
1488201 1488264 1488327 1488390 1488453 1488516 1488579 1488642
1488705 1488768 1488831 1488894 1488957 1489020 1489083 1489146
1489209 1489272 1489335 1489398 1489461 1489524 1489587 1489650
1489713 1489776 1489839 1489902 1489965 1490028 1490091 1490154
1490217 1490280 1490343 1490406 1490469 1490532 1490595 1490658
1490721 1490784 1490847 1490910 1490973 1491036 1491099 1491162
1491225 1491288 1491351 1491414 1491477 1491540 1491603 1491666
1491729 1491792 1491855 1491918 1491981 1492044 1492107 1492170
1492233 1492296 1492359 1492422 1492485 1492548 1492611 1492674
1492737 1492800 1492863 1492926 1492989 1493052 1493115 1493178
1493241 1493304 1493367 1493430 1493493 1493556 1493619 1493682
1493745 1493808 1493871 1493934 1493997 1494060 1494123 1494186
1494249 1494312 1494375 1494438 1494501 1494563 1494626 1494689
1494752 1494815 1494878 1494941 1495004 1495067 1495130 1495193
1495256 1495319 1495382 1495445 1495508 1495571 1495634 1495697
1495760 1495823 1495886 1495949 1496012 1496075 1496138 1496201
1496264 1496327 1496390 1496453 1496516 1496579 1496642 1496705
1496768 1496831 1496894 1496957 1497020 1497083 1497146 1497209
1497272 1497335 1497398 1497461 1497524 1497587 1497650 1497713
1497776 1497839 1497902 1497965 1498028 1498091 1498154 1498217
1498280 1498343 1498406 1498469 1498532 1498595 1498658 1498721
1498784 1498847 1498910 1498973 1499036 1499099 1499162 1499225
1499288 1499351 1499414 1499477 1499540 1499603 1499666 1499729
1499792 1499855 1499918 1499981 1500044 1500107 1500170 1500233
1500296 1500359 1500422 1500485 1500548 1500611 1500674 1500737
1500800 1500863 1500926 1500989 1501052 1501115 1501178 1501241
1501304 1501367 1501430 1501493 1501556 1501619 1501682 1501745
1501808 1501871 1501934 1501997 1502060 1502123 1502186 1502249
1502312 1502375 1502438 1502501 1502564 1502627 1502690 1502753
1502816 1502879 1502942 1503005 1503068 1503131 1503194 1503257
1503320 1503383 1503446 1503509 1503572 1503635 1503698 1503761
1503824 1503887 1503950 1504013 1504076 1504139 1504202 1504265
1504328 1504391 1504454 1504517 1504580 1504643 1504706 1504769
1504832 1504895 1504958 1505021 1505084 1505147 1505210 1505273
1505336 1505399 1505462 1505525 1505588 1505651 1505714 1505777
1505840 1505903 1505966 1506029 1506092 1506155 1506218 1506281
1506344 1506407 1506470 1506533 1506596 1506659 1506722 1506785
1506848 1506911 1506974 1507037 1507100 1507163 1507226 1507289
1507352 1507415 1507478 1507541 1507604 1507667 1507730 1507793
1507856 1507919 1507982 1508045 1508108 1508171 1508234 1508296
1508359 1508422 1508485 1508548 1508611 1508674 1508737 1508800
1508863 1508926 1508989 1509052 1509115 1509178 1509241 1509304
1509367 1509430 1509493 1509556 1509619 1509682 1509745 1509808
1509871 1509934 1509997 1510060 1510123 1510186 1510249 1510312
1510375 1510438 1510501 1510564 1510627 1510690 1510753 1510816
1510879 1510942 1511005 1511068 1511131 1511194 1511257 1511320
1511383 1511446 1511509 1511572 1511635 1511698 1511761 1511824
1511887 1511950 1512013 1512076 1512139 1512202 1512265 1512328
1512391 1512454 1512517 1512580 1512643 1512706 1512769 1512832
1512895 1512958 1513021 1513084 1513147 1513210 1513273 1513336
1513399 1513462 1513525 1513588 1513651 1513714 1513777 1513840
1513903 1513966 1514029 1514092 1514155 1514218 1514281 1514344
1514407 1514470 1514533 1514596 1514659 1514722 1514785 1514848
1514911 1514974 1515037 1515098 1515160 1515223 1515286 1515349
1515412 1515475 1515538 1515601 1515664 1515727 1515790 1515853
1515916 1515979 1516042 1516105 1516168 1516231 1516294 1516357
1516420 1516483 1516546 1516609 1516672 1516735 1516798 1516861
1516924 1516987 1517050 1517113 1517176 1517239 1517302 1517365
1517428 1517491 1517554 1517617 1517680 1517743 1517806 1517869
1517932 1517995 1518058 1518121 1518184 1518247 1518310 1518373
1518436 1518499 1518562 1518625 1518688 1518751 1518814 1518877
1518940 1519003 1519066 1519129 1519192 1519255 1519318 1519381
1519444 1519507 1519570 1519633 1519696 1519759 1519822 1519885
1519948 1520011 1520074 1520137 1520200 1520263 1520326 1520389
1520452 1520515 1520578 1520641 1520704 1520767 1520830 1520893
1520956 1521019 1521082 1521145 1521208 1521271 1521334 1521397
1521460 1521523 1521586 1521649 1521712 1521775 1521838 1521901
1521964 1522027 1522089 1522152 1522215 1522278 1522341 1522404
1522467 1522530 1522593 1522656 1522719 1522782 1522845 1522908
1522971 1523034 1523097 1523160 1523223 1523286 1523349 1523412
1523475 1523538 1523601 1523664 1523727 1523790 1523853 1523916
1523979 1524042 1524105 1524168 1524231 1524294 1524357 1524420
1524483 1524546 1524609 1524672 1524735 1524798 1524861 1524924
1524987 1525050 1525113 1525176 1525239 1525302 1525365 1525428
1525491 1525554 1525617 1525680 1525743 1525806 1525869 1525932
1525995 1526058 1526121 1526184 1526247 1526310 1526373 1526436
1526499 1526562 1526625 1526688 1526751 1526814 1526877 1526940
1527003 1527066 1527129 1527192 1527255 1527318 1527381 1527444
1527507 1527570 1527633 1527696 1527759 1527822 1527885 1527948
1528011 1528074 1528137 1528200 1528263 1528326 1528389 1528452
1528515 1528578 1528641 1528704 1528767 1528830 1528893 1528955
1529017 1529080 1529143 1529206 1529269 1529332 1529395 1529458
1529521 1529584 1529647 1529710 1529773 1529836 1529899 1529962
1530025 1530088 1530151 1530214 1530277 1530340 1530403 1530466
1530529 1530592 1530655 1530718 1530781 1530844 1530907 1530970
1531033 1531096 1531159 1531222 1531285 1531348 1531411 1531474
1531537 1531600 1531663 1531726 1531789 1531852 1531915 1531978
1532041 1532104 1532167 1532230 1532293 1532356 1532419 1532482
1532545 1532608 1532671 1532734 1532797 1532860 1532923 1532986
1533049 1533112 1533175 1533238 1533301 1533364 1533427 1533490
1533553 1533616 1533679 1533742 1533805 1533868 1533931 1533994
1534057 1534120 1534183 1534246 1534309 1534372 1534435 1534498
1534561 1534624 1534687 1534750 1534813 1534876 1534939 1535002
1535065 1535128 1535191 1535254 1535317 1535380 1535443 1535506
1535569 1535632 1535695 1535756 1535819 1535882 1535945 1536008
1536071 1536134 1536197 1536260 1536323 1536386 1536449 1536512
1536575 1536638 1536701 1536764 1536827 1536890 1536953 1537016
1537079 1537142 1537205 1537268 1537331 1537394 1537457 1537520
1537583 1537646 1537709 1537772 1537835 1537898 1537961 1538024
1538087 1538150 1538213 1538276 1538339 1538402 1538465 1538528
1538591 1538654 1538717 1538780 1538843 1538906 1538969 1539032
1539095 1539158 1539221 1539284 1539347 1539410 1539473 1539536
1539599 1539662 1539725 1539788 1539851 1539914 1539977 1540040
1540103 1540166 1540229 1540292 1540355 1540418 1540481 1540544
1540607 1540670 1540733 1540796 1540859 1540922 1540985 1541048
1541111 1541174 1541237 1541300 1541363 1541426 1541489 1541552
1541615 1541678 1541741 1541804 1541867 1541930 1541993 1542056
1542119 1542182 1542245 1542308 1542371 1542433 1542495 1542558
1542621 1542684 1542747 1542810 1542873 1542936 1542999 1543062
1543125 1543188 1543251 1543314 1543377 1543440 1543503 1543566
1543629 1543692 1543755 1543818 1543881 1543944 1544007 1544070
1544133 1544196 1544259 1544322 1544385 1544448 1544511 1544574
1544637 1544700 1544763 1544826 1544889 1544952 1545015 1545078
1545141 1545204 1545267 1545330 1545393 1545456 1545519 1545582
1545645 1545708 1545771 1545834 1545897 1545960 1546023 1546086
1546149 1546212 1546275 1546338 1546401 1546464 1546527 1546590
1546653 1546716 1546779 1546842 1546905 1546968 1547031 1547094
1547157 1547220 1547283 1547346 1547409 1547472 1547535 1547598
1547661 1547724 1547787 1547850 1547913 1547976 1548039 1548102
1548165 1548228 1548291 1548354 1548417 1548480 1548543 1548606
1548669 1548732 1548795 1548858 1548921 1548984 1549047 1549110
1549173 1549236 1549299 1549362 1549425 1549488 1549551 1549614
1549677 1549740 1549803 1549866 1549929 1549992 1550055 1550118
1550181 1550244 1550307 1550370 1550433 1550496 1550559 1550622
1550685 1550748 1550811 1550874 1550937 1551000 1551063 1551126
1551189 1551252 1551315 1551378 1551441 1551504 1551567 1551630
1551693 1551756 1551819 1551882 1551945 1552008 1552071 1552134
1552197 1552260 1552323 1552386 1552449 1552512 1552575 1552638
1552701 1552764 1552827 1552890 1552953 1553016 1553079 1553142
1553205 1553268 1553331 1553394 1553457 1553520 1553583 1553646
1553709 1553772 1553835 1553898 1553961 1554024 1554087 1554150
1554213 1554276 1554339 1554402 1554465 1554528 1554591 1554654
1554717 1554780 1554843 1554906 1554969 1555032 1555095 1555158
1555221 1555284 1555347 1555410 1555473 1555536 1555599 1555662
1555725 1555787 1555850 1555913 1555976 1556039 1556102 1556165
1556228 1556291 1556354 1556417 1556480 1556543 1556606 1556669
1556732 1556795 1556858 1556921 1556984 1557047 1557110 1557173
1557236 1557299 1557362 1557425 1557488 1557551 1557614 1557677
1557740 1557803 1557866 1557929 1557992 1558055 1558118 1558181
1558244 1558307 1558370 1558433 1558496 1558559 1558622 1558685
1558748 1558811 1558874 1558937 1559000 1559063 1559126 1559189
1559252 1559315 1559378 1559441 1559504 1559567 1559630 1559693
1559756 1559819 1559882 1559945 1560008 1560071 1560134 1560197
1560260 1560323 1560386 1560449 1560512 1560575 1560638 1560701
1560764 1560827 1560890 1560953 1561016 1561079 1561142 1561205
1561268 1561331 1561394 1561457 1561520 1561583 1561646 1561709
1561772 1561835 1561898 1561961 1562024 1562087 1562150 1562213
1562275 1562337 1562400 1562463 1562526 1562589 1562652 1562715
1562778 1562841 1562904 1562967 1563030 1563093 1563156 1563219
1563282 1563345 1563408 1563471 1563534 1563597 1563660 1563723
1563786 1563849 1563912 1563975 1564038 1564101 1564164 1564227
1564290 1564353 1564416 1564479 1564542 1564605 1564668 1564731
1564794 1564857 1564920 1564983 1565046 1565109 1565172 1565235
1565298 1565361 1565424 1565487 1565550 1565613 1565676 1565739
1565802 1565865 1565928 1565991 1566054 1566117 1566180 1566243
1566306 1566369 1566432 1566495 1566558 1566621 1566684 1566747
1566810 1566873 1566936 1566999 1567062 1567125 1567188 1567251
1567314 1567377 1567440 1567503 1567566 1567629 1567692 1567755
1567818 1567881 1567944 1568007 1568070 1568133 1568196 1568259
1568322 1568385 1568448 1568511 1568574 1568637 1568700 1568763
1568826 1568889 1568951 1569014 1569077 1569140 1569203 1569266
1569329 1569392 1569455 1569518 1569581 1569644 1569707 1569770
1569833 1569896 1569959 1570022 1570085 1570148 1570211 1570274
1570337 1570400 1570463 1570526 1570589 1570652 1570715 1570778
1570841 1570904 1570967 1571030 1571093 1571156 1571219 1571282
1571345 1571408 1571471 1571534 1571597 1571660 1571723 1571786
1571849 1571912 1571975 1572038 1572101 1572164 1572227 1572290
1572353 1572416 1572479 1572542 1572605 1572668 1572731 1572794
1572857 1572920 1572983 1573046 1573109 1573172 1573235 1573298
1573361 1573424 1573487 1573550 1573613 1573676 1573739 1573802
1573865 1573928 1573991 1574054 1574117 1574180 1574243 1574306
1574369 1574432 1574495 1574558 1574621 1574684 1574747 1574810
1574873 1574936 1574999 1575062 1575125 1575188 1575251 1575314
1575377 1575440 1575503 1575566 1575628 1575691 1575754 1575817
1575880 1575943 1576006 1576069 1576132 1576195 1576258 1576321
1576384 1576447 1576510 1576573 1576636 1576699 1576762 1576825
1576888 1576951 1577014 1577077 1577140 1577203 1577266 1577329
1577392 1577455 1577518 1577581 1577644 1577707 1577770 1577833
1577896 1577959 1578022 1578085 1578148 1578211 1578274 1578337
1578400 1578463 1578526 1578589 1578652 1578715 1578778 1578841
1578904 1578967 1579030 1579093 1579156 1579219 1579282 1579345
1579408 1579471 1579534 1579597 1579660 1579723 1579786 1579849
1579912 1579975 1580038 1580101 1580164 1580227 1580290 1580353
1580416 1580479 1580542 1580605 1580668 1580731 1580794 1580857
1580920 1580983 1581046 1581109 1581172 1581235 1581298 1581361
1581424 1581487 1581550 1581613 1581676 1581739 1581802 1581865
1581928 1581991 1582054 1582116 1582178 1582241 1582304 1582367
1582430 1582493 1582556 1582619 1582682 1582745 1582808 1582871
1582934 1582997 1583060 1583123 1583186 1583249 1583312 1583375
1583438 1583501 1583564 1583627 1583690 1583753 1583816 1583879
1583942 1584005 1584068 1584131 1584194 1584257 1584320 1584383
1584446 1584509 1584572 1584635 1584698 1584761 1584824 1584887
1584950 1585013 1585076 1585139 1585202 1585265 1585328 1585391
1585454 1585517 1585580 1585643 1585706 1585769 1585832 1585895
1585958 1586021 1586084 1586147 1586210 1586273 1586336 1586399
1586462 1586525 1586588 1586651 1586714 1586777 1586840 1586903
1586966 1587029 1587092 1587155 1587218 1587281 1587344 1587407
1587470 1587533 1587596 1587659 1587722 1587785 1587848 1587911
1587974 1588037 1588100 1588163 1588226 1588289 1588352 1588415
1588478 1588541 1588604 1588667 1588729 1588792 1588855 1588918
1588981 1589044 1589107 1589170 1589233 1589296 1589359 1589422
1589485 1589548 1589611 1589674 1589737 1589800 1589863 1589926
1589989 1590052 1590115 1590178 1590241 1590304 1590367 1590430
1590493 1590556 1590619 1590682 1590745 1590808 1590871 1590934
1590997 1591060 1591123 1591186 1591249 1591312 1591375 1591438
1591501 1591564 1591627 1591690 1591753 1591816 1591879 1591942
1592005 1592068 1592131 1592194 1592257 1592320 1592383 1592446
1592509 1592572 1592635 1592698 1592761 1592824 1592887 1592950
1593013 1593076 1593139 1593202 1593265 1593328 1593391 1593454
1593517 1593580 1593643 1593706 1593769 1593832 1593895 1593958
1594021 1594084 1594147 1594210 1594273 1594336 1594399 1594462
1594525 1594588 1594651 1594714 1594777 1594840 1594903 1594966
1595029 1595092 1595155 1595218 1595280 1595343 1595406 1595469
1595532 1595595 1595658 1595721 1595784 1595847 1595910 1595973
1596036 1596099 1596162 1596225 1596288 1596351 1596414 1596477
1596540 1596603 1596666 1596729 1596792 1596855 1596918 1596981
1597044 1597107 1597170 1597233 1597296 1597359 1597422 1597485
1597548 1597611 1597674 1597737 1597800 1597863 1597926 1597989
1598052 1598115 1598178 1598241 1598304 1598367 1598430 1598493
1598556 1598619 1598682 1598745 1598808 1598871 1598934 1598997
1599060 1599123 1599186 1599249 1599312 1599375 1599438 1599501
1599564 1599627 1599690 1599753 1599816 1599879 1599942 1600005
1600068 1600131 1600194 1600257 1600320 1600383 1600446 1600509
1600572 1600635 1600698 1600761 1600824 1600887 1600950 1601013
1601076 1601139 1601202 1601265 1601328 1601391 1601454 1601517
1601580 1601643 1601706 1601769 1601832 1601895 1601958 1602021
1602084 1602147 1602210 1602273 1602336 1602399 1602462 1602525
1602588 1602651 1602714 1602777 1602840 1602903 1602966 1603029
1603092 1603155 1603218 1603281 1603344 1603407 1603470 1603533
1603596 1603659 1603722 1603785 1603848 1603911 1603974 1604037
1604100 1604163 1604226 1604289 1604352 1604415 1604478 1604541
1604604 1604667 1604730 1604793 1604856 1604919 1604982 1605045
1605108 1605171 1605234 1605297 1605360 1605423 1605486 1605549
1605612 1605675 1605738 1605801 1605864 1605927 1605990 1606053
1606116 1606179 1606242 1606305 1606368 1606431 1606494 1606557
1606620 1606683 1606746 1606809 1606872 1606935 1606998 1607061
1607124 1607187 1607250 1607313 1607376 1607439 1607502 1607565
1607628 1607691 1607754 1607817 1607880 1607943 1608006 1608069
1608132 1608195 1608258 1608321 1608383 1608446 1608509 1608572
1608635 1608698 1608761 1608824 1608887 1608950 1609013 1609076
1609139 1609202 1609265 1609328 1609391 1609454 1609517 1609580
1609643 1609706 1609769 1609832 1609895 1609958 1610021 1610084
1610147 1610210 1610273 1610336 1610399 1610462 1610525 1610588
1610651 1610714 1610777 1610840 1610903 1610966 1611029 1611092
1611155 1611218 1611281 1611344 1611407 1611470 1611533 1611596
1611659 1611722 1611785 1611848 1611911 1611974 1612037 1612100
1612163 1612226 1612289 1612352 1612415 1612478 1612541 1612604
1612667 1612730 1612793 1612856 1612919 1612982 1613045 1613108
1613171 1613234 1613297 1613360 1613423 1613486 1613549 1613612
1613675 1613738 1613801 1613864 1613927 1613990 1614053 1614116
1614179 1614242 1614305 1614368 1614431 1614494 1614557 1614620
1614683 1614746 1614809 1614872 1614935 1614998 1615061 1615124
1615187 1615250 1615313 1615376 1615439 1615502 1615565 1615628
1615691 1615754 1615817 1615880 1615943 1616006 1616069 1616132
1616195 1616258 1616321 1616384 1616447 1616510 1616573 1616636
1616699 1616762 1616825 1616888 1616951 1617014 1617077 1617140
1617203 1617266 1617329 1617392 1617455 1617518 1617581 1617644
1617707 1617770 1617833 1617896 1617959 1618022 1618085 1618148
1618211 1618274 1618337 1618400 1618463 1618526 1618589 1618652
1618715 1618778 1618841 1618904 1618967 1619030 1619093 1619156
1619219 1619282 1619345 1619408 1619471 1619534 1619597 1619660
1619723 1619786 1619849 1619912 1619975 1620038 1620101 1620164
1620227 1620290 1620353 1620416 1620479 1620542 1620605 1620668
1620731 1620794 1620857 1620920 1620983 1621046 1621109 1621172
1621235 1621298 1621361 1621424 1621487 1621550 1621612 1621675
1621738 1621801 1621864 1621927 1621990 1622053 1622116 1622179
1622242 1622305 1622368 1622431 1622494 1622557 1622620 1622683
1622746 1622809 1622872 1622935 1622998 1623061 1623124 1623187
1623250 1623313 1623376 1623439 1623502 1623565 1623628 1623691
1623754 1623817 1623880 1623943 1624006 1624069 1624132 1624195
1624258 1624321 1624384 1624447 1624510 1624573 1624636 1624699
1624762 1624825 1624888 1624951 1625014 1625077 1625140 1625203
1625266 1625329 1625392 1625455 1625518 1625581 1625644 1625707
1625770 1625833 1625896 1625959 1626022 1626085 1626148 1626211
1626274 1626337 1626400 1626463 1626526 1626589 1626652 1626715
1626778 1626841 1626904 1626967 1627030 1627093 1627156 1627219
1627282 1627345 1627408 1627471 1627534 1627597 1627660 1627723
1627786 1627849 1627912 1627975 1628038 1628100 1628163 1628226
1628289 1628352 1628415 1628478 1628541 1628604 1628667 1628730
1628793 1628856 1628919 1628982 1629045 1629108 1629171 1629234
1629297 1629360 1629423 1629486 1629549 1629612 1629675 1629738
1629801 1629864 1629927 1629990 1630053 1630116 1630179 1630242
1630305 1630368 1630431 1630494 1630557 1630620 1630683 1630746
1630809 1630872 1630935 1630998 1631061 1631124 1631187 1631250
1631313 1631376 1631439 1631502 1631565 1631628 1631691 1631754
1631817 1631880 1631943 1632006 1632069 1632132 1632195 1632258
1632321 1632384 1632447 1632510 1632573 1632636 1632699 1632762
1632825 1632888 1632951 1633014 1633077 1633140 1633203 1633266
1633329 1633392 1633455 1633518 1633581 1633644 1633707 1633770
1633833 1633896 1633959 1634022 1634085 1634148 1634211 1634274
1634337 1634400 1634463 1634526 1634589 1634651 1634714 1634777
1634840 1634903 1634966 1635029 1635092 1635155 1635218 1635281
1635344 1635407 1635470 1635533 1635596 1635659 1635722 1635785
1635848 1635911 1635974 1636037 1636100 1636163 1636226 1636289
1636352 1636415 1636478 1636541 1636604 1636667 1636730 1636793
1636856 1636919 1636982 1637045 1637108 1637171 1637234 1637297
1637360 1637423 1637486 1637549 1637612 1637675 1637738 1637801
1637864 1637927 1637990 1638053 1638116 1638179 1638242 1638305
1638368 1638431 1638494 1638557 1638620 1638683 1638746 1638809
1638872 1638935 1638998 1639061 1639124 1639187 1639250 1639313
1639376 1639439 1639502 1639565 1639628 1639691 1639754 1639817
1639880 1639943 1640006 1640069 1640132 1640195 1640258 1640321
1640384 1640447 1640510 1640573 1640636 1640699 1640762 1640825
1640888 1640951 1641014 1641077 1641140 1641203 1641266 1641329
1641392 1641455 1641518 1641581 1641644 1641707 1641770 1641833
1641896 1641959 1642022 1642085 1642148 1642211 1642274 1642337
1642400 1642463 1642526 1642589 1642652 1642715 1642778 1642841
1642904 1642967 1643030 1643093 1643156 1643219 1643282 1643345
1643408 1643471 1643534 1643597 1643660 1643723 1643786 1643849
1643912 1643975 1644038 1644101 1644164 1644227 1644290 1644353
1644416 1644479 1644542 1644605 1644668 1644731 1644794 1644857
1644920 1644983 1645046 1645109 1645172 1645235 1645298 1645361
1645424 1645487 1645550 1645613 1645676 1645739 1645802 1645865
1645928 1645991 1646054 1646117 1646180 1646243 1646306 1646369
1646432 1646495 1646558 1646621 1646684 1646747 1646810 1646873
1646936 1646999 1647062 1647125 1647188 1647251 1647314 1647377
1647440 1647503 1647566 1647629 1647692 1647755 1647818 1647881
1647944 1648007 1648070 1648133 1648196 1648259 1648322 1648385
1648448 1648511 1648574 1648637 1648700 1648763 1648826 1648889
1648952 1649015 1649078 1649141 1649204 1649267 1649330 1649393
1649456 1649519 1649582 1649645 1649708 1649771 1649834 1649897
1649960 1650023 1650086 1650149 1650212 1650275 1650338 1650401
1650464 1650527 1650590 1650653 1650716 1650779 1650842 1650905
1650968 1651031 1651094 1651157 1651220 1651283 1651346 1651409
1651472 1651535 1651598 1651661 1651724 1651787 1651850 1651913
1651976 1652039 1652102 1652165 1652228 1652291 1652354 1652417
1652480 1652543 1652606 1652669 1652732 1652795 1652858 1652921
1652984 1653047 1653110 1653173 1653236 1653299 1653362 1653425
1653488 1653551 1653614 1653677 1653740 1653803 1653866 1653929
1653992 1654055 1654118 1654181 1654244 1654307 1654370 1654433
1654496 1654559 1654622 1654685 1654748 1654811 1654874 1654937
1655000 1655063 1655126 1655189 1655252 1655315 1655378 1655441
1655504 1655567 1655630 1655693 1655756 1655819 1655882 1655945
1656008 1656071 1656134 1656197 1656260 1656323 1656386 1656449
1656512 1656575 1656638 1656701 1656764 1656827 1656890 1656953
1657016 1657079 1657142 1657205 1657268 1657331 1657394 1657457
1657520 1657583 1657646 1657709 1657772 1657835 1657898 1657961
1658024 1658087 1658150 1658213 1658276 1658339 1658402 1658465
1658528 1658591 1658654 1658717 1658780 1658843 1658906 1658969
1659032 1659095 1659158 1659221 1659284 1659347 1659410 1659473
1659536 1659599 1659662 1659725 1659786 1659848 1659911 1659974
1660037 1660100 1660163 1660226 1660289 1660352 1660415 1660478
1660541 1660604 1660667 1660730 1660793 1660856 1660919 1660982
1661045 1661108 1661171 1661234 1661297 1661360 1661423 1661486
1661549 1661612 1661675 1661738 1661801 1661864 1661927 1661990
1662053 1662116 1662179 1662242 1662305 1662368 1662431 1662494
1662557 1662620 1662683 1662746 1662809 1662872 1662935 1662998
1663061 1663124 1663187 1663250 1663313 1663376 1663439 1663502
1663565 1663628 1663691 1663754 1663817 1663880 1663943 1664006
1664069 1664132 1664195 1664258 1664321 1664384 1664447 1664510
1664573 1664636 1664699 1664762 1664825 1664888 1664951 1665014
1665077 1665140 1665203 1665266 1665329 1665392 1665455 1665518
1665581 1665644 1665707 1665770 1665833 1665896 1665959 1666022
1666085 1666147 1666210 1666273 1666336 1666399 1666462 1666525
1666588 1666651 1666714 1666777 1666840 1666903 1666966 1667029
1667092 1667155 1667218 1667281 1667344 1667407 1667470 1667533
1667596 1667659 1667722 1667785 1667848 1667911 1667974 1668037
1668100 1668163 1668226 1668289 1668352 1668415 1668478 1668541
1668604 1668667 1668730 1668793 1668856 1668919 1668982 1669045
1669108 1669171 1669234 1669297 1669360 1669423 1669486 1669549
1669612 1669675 1669738 1669801 1669864 1669927 1669990 1670053
1670116 1670179 1670242 1670305 1670368 1670431 1670494 1670557
1670620 1670683 1670746 1670809 1670872 1670935 1670998 1671061
1671124 1671187 1671250 1671313 1671376 1671439 1671502 1671565
1671628 1671691 1671754 1671817 1671880 1671943 1672006 1672069
1672132 1672195 1672258 1672321 1672384 1672446 1672509 1672572
1672635 1672698 1672761 1672824 1672887 1672950 1673013 1673076
1673139 1673202 1673265 1673328 1673391 1673454 1673517 1673580
1673643 1673706 1673769 1673832 1673895 1673958 1674021 1674084
1674147 1674210 1674273 1674336 1674399 1674462 1674525 1674588
1674651 1674714 1674777 1674840 1674903 1674966 1675029 1675092
1675155 1675218 1675281 1675344 1675407 1675470 1675533 1675596
1675659 1675722 1675785 1675848 1675911 1675974 1676037 1676100
1676163 1676226 1676289 1676352 1676415 1676478 1676541 1676604
1676667 1676730 1676793 1676856 1676919 1676982 1677045 1677108
1677171 1677234 1677297 1677360 1677423 1677486 1677549 1677612
1677675 1677738 1677801 1677864 1677927 1677990 1678053 1678116
1678179 1678242 1678305 1678368 1678431 1678494 1678557 1678620
1678683 1678746 1678809 1678872 1678935 1678998 1679061 1679124
1679187 1679250 1679313 1679376 1679439 1679502 1679565 1679628
1679691 1679754 1679817 1679880 1679943 1680006 1680069 1680132
1680195 1680258 1680321 1680384 1680447 1680510 1680573 1680636
1680699 1680762 1680825 1680888 1680951 1681014 1681077 1681140
1681203 1681266 1681329 1681392 1681455 1681518 1681581 1681644
1681707 1681770 1681833 1681896 1681959 1682022 1682085 1682148
1682211 1682274 1682337 1682400 1682463 1682526 1682589 1682652
1682715 1682778 1682841 1682904 1682967 1683030 1683093 1683156
1683219 1683282 1683345 1683408 1683471 1683534 1683597 1683660
1683723 1683786 1683849 1683912 1683975 1684038 1684101 1684164
1684227 1684290 1684353 1684416 1684477 1684540 1684603 1684666
1684729 1684792 1684855 1684918 1684981 1685044 1685107 1685170
1685233 1685296 1685359 1685422 1685485 1685548 1685611 1685674
1685737 1685800 1685863 1685926 1685989 1686052 1686115 1686178
1686241 1686304 1686367 1686430 1686493 1686556 1686619 1686682
1686745 1686808 1686871 1686934 1686997 1687060 1687123 1687186
1687249 1687312 1687375 1687438 1687501 1687564 1687627 1687690
1687753 1687816 1687879 1687942 1688005 1688068 1688131 1688194
1688257 1688320 1688383 1688446 1688509 1688572 1688635 1688698
1688761 1688824 1688887 1688950 1689013 1689076 1689139 1689202
1689265 1689328 1689391 1689454 1689517 1689580 1689643 1689706
1689769 1689832 1689895 1689958 1690021 1690084 1690147 1690210
1690273 1690336 1690399 1690462 1690525 1690588 1690651 1690714
1690777 1690840 1690903 1690966 1691029 1691092 1691155 1691218
1691281 1691344 1691407 1691470 1691533 1691596 1691659 1691722
1691785 1691848 1691911 1691974 1692037 1692100 1692163 1692226
1692289 1692352 1692415 1692478 1692541 1692604 1692667 1692730
1692793 1692856 1692919 1692982 1693045 1693108 1693171 1693234
1693297 1693360 1693423 1693486 1693549 1693612 1693675 1693738
1693801 1693864 1693927 1693990 1694053 1694116 1694179 1694242
1694305 1694368 1694431 1694494 1694557 1694620 1694683 1694746
1694809 1694872 1694935 1694998 1695061 1695124 1695187 1695250
1695313 1695376 1695439 1695502 1695565 1695628 1695691 1695754
1695817 1695880 1695943 1696006 1696069 1696132 1696195 1696258
1696321 1696384 1696447 1696510 1696572 1696635 1696698 1696761
1696824 1696887 1696950 1697013 1697076 1697139 1697202 1697265
1697328 1697391 1697454 1697517 1697580 1697643 1697706 1697769
1697832 1697895 1697958 1698021 1698084 1698147 1698210 1698273
1698336 1698399 1698462 1698525 1698588 1698651 1698714 1698777
1698840 1698903 1698966 1699029 1699092 1699155 1699218 1699281
1699344 1699407 1699470 1699533 1699596 1699659 1699722 1699785
1699848 1699911 1699974 1700037 1700100 1700163 1700226 1700289
1700352 1700415 1700478 1700541 1700604 1700667 1700730 1700793
1700856 1700919 1700982 1701045 1701108 1701171 1701234 1701297
1701360 1701423 1701486 1701549 1701612 1701675 1701738 1701801
1701864 1701927 1701990 1702053 1702116 1702179 1702242 1702305
1702368 1702430 1702493 1702556 1702619 1702682 1702745 1702808
1702871 1702934 1702997 1703060 1703123 1703186 1703249 1703312
1703375 1703438 1703501 1703564 1703627 1703690 1703753 1703816
1703879 1703942 1704005 1704068 1704131 1704194 1704257 1704320
1704383 1704446 1704509 1704572 1704635 1704698 1704761 1704824
1704887 1704950 1705013 1705076 1705139 1705202 1705265 1705328
1705391 1705454 1705517 1705580 1705643 1705706 1705769 1705832
1705895 1705958 1706021 1706084 1706147 1706210 1706273 1706336
1706399 1706462 1706525 1706588 1706651 1706714 1706777 1706840
1706903 1706966 1707029 1707092 1707155 1707218 1707281 1707344
1707407 1707470 1707533 1707596 1707659 1707722 1707785 1707848
1707911 1707974 1708037 1708100 1708163 1708226 1708289 1708352
1708415 1708478 1708541 1708604 1708667 1708730 1708793 1708856
1708919 1708982 1709045 1709108 1709171 1709234 1709297 1709360
1709423 1709486 1709549 1709612 1709675 1709738 1709801 1709864
1709927 1709990 1710053 1710116 1710179 1710242 1710305 1710368
1710431 1710494 1710557 1710620 1710683 1710746 1710809 1710872
1710935 1710998 1711061 1711124 1711187 1711250 1711313 1711376
1711439 1711502 1711565 1711628 1711691 1711754 1711817 1711880
1711943 1712006 1712069 1712132 1712195 1712258 1712321 1712384
1712447 1712510 1712573 1712636 1712699 1712762 1712825 1712888
1712951 1713014 1713077 1713140 1713203 1713266 1713329 1713392
1713455 1713518 1713581 1713644 1713707 1713770 1713833 1713896
1713959 1714022 1714085 1714148 1714211 1714274 1714337 1714400
1714463 1714526 1714589 1714652 1714715 1714778 1714841 1714904
1714967 1715030 1715093 1715156 1715219 1715282 1715345 1715408
1715471 1715534 1715597 1715660 1715723 1715786 1715849 1715912
1715975 1716038 1716101 1716164 1716227 1716290 1716353 1716416
1716479 1716542 1716605 1716668 1716731 1716794 1716857 1716920
1716983 1717046 1717109 1717172 1717235 1717298 1717361 1717424
1717487 1717550 1717613 1717676 1717739 1717802 1717865 1717928
1717991 1718054 1718117 1718180 1718243 1718306 1718369 1718432
1718495 1718558 1718621 1718684 1718747 1718810 1718873 1718936
1718999 1719062 1719125 1719188 1719251 1719314 1719377 1719440
1719503 1719566 1719629 1719692 1719755 1719818 1719881 1719944
1720007 1720070 1720133 1720196 1720259 1720322 1720385 1720448
1720511 1720574 1720637 1720700 1720763 1720826 1720889 1720952
1721015 1721078 1721141 1721204 1721267 1721330 1721393 1721456
1721519 1721582 1721645 1721708 1721771 1721834 1721897 1721960
1722023 1722086 1722149 1722212 1722275 1722338 1722401 1722464
1722527 1722590 1722653 1722716 1722779 1722842 1722905 1722968
1723031 1723094 1723157 1723220 1723283 1723346 1723409 1723472
1723535 1723598 1723661 1723724 1723787 1723850 1723913 1723976
1724039 1724102 1724165 1724228 1724291 1724354 1724417 1724480
1724543 1724606 1724669 1724732 1724795 1724858 1724921 1724984
1725047 1725110 1725173 1725236 1725299 1725362 1725425 1725488
1725551 1725614 1725677 1725740 1725803 1725866 1725929 1725992
1726055 1726118 1726181 1726244 1726307 1726370 1726433 1726496
1726559 1726622 1726685 1726748 1726811 1726874 1726937 1727000
1727063 1727126 1727189 1727252 1727315 1727378 1727441 1727504
1727567 1727630 1727693 1727756 1727819 1727882 1727945 1728008
1728071 1728134 1728197 1728260 1728323 1728386 1728449 1728512
1728575 1728638 1728701 1728764 1728827 1728890 1728953 1729016
1729079 1729142 1729205 1729268 1729331 1729394 1729457 1729520
1729583 1729646 1729709 1729772 1729835 1729898 1729961 1730024
1730087 1730150 1730213 1730276 1730339 1730402 1730465 1730528
1730591 1730654 1730717 1730780 1730843 1730906 1730969 1731032
1731095 1731158 1731221 1731283 1731346 1731409 1731472 1731535
1731598 1731661 1731724 1731787 1731850 1731913 1731976 1732039
1732102 1732165 1732228 1732291 1732354 1732417 1732480 1732543
1732606 1732669 1732732 1732795 1732858 1732921 1732984 1733047
1733110 1733173 1733236 1733299 1733362 1733425 1733488 1733551
1733614 1733677 1733740 1733803 1733866 1733929 1733992 1734055
1734118 1734181 1734244 1734307 1734370 1734433 1734496 1734559
1734622 1734685 1734748 1734811 1734874 1734937 1735000 1735063
1735126 1735189 1735252 1735315 1735378 1735441 1735504 1735567
1735630 1735693 1735756 1735819 1735882 1735945 1736008 1736071
1736134 1736197 1736260 1736323 1736386 1736449 1736512 1736575
1736638 1736701 1736764 1736827 1736890 1736953 1737015 1737078
1737141 1737204 1737267 1737330 1737393 1737456 1737519 1737582
1737645 1737708 1737771 1737834 1737897 1737960 1738023 1738086
1738149 1738212 1738275 1738338 1738401 1738464 1738527 1738590
1738653 1738716 1738779 1738842 1738905 1738968 1739031 1739094
1739157 1739220 1739283 1739346 1739409 1739472 1739535 1739598
1739661 1739724 1739787 1739850 1739913 1739976 1740039 1740102
1740165 1740228 1740291 1740354 1740417 1740480 1740543 1740606
1740669 1740732 1740795 1740858 1740921 1740984 1741047 1741110
1741173 1741236 1741299 1741362 1741425 1741488 1741551 1741614
1741677 1741740 1741803 1741866 1741929 1741992 1742055 1742118
1742181 1742244 1742307 1742370 1742433 1742496 1742559 1742622
1742685 1742748 1742811 1742874 1742937 1743000 1743063 1743126
1743189 1743252 1743315 1743378 1743441 1743504 1743567 1743630
1743693 1743756 1743819 1743882 1743945 1744008 1744071 1744134
1744197 1744260 1744323 1744386 1744449 1744512 1744575 1744638
1744701 1744764 1744827 1744890 1744953 1745016 1745079 1745142
1745205 1745268 1745331 1745394 1745457 1745520 1745583 1745646
1745709 1745772 1745835 1745898 1745961 1746024 1746087 1746150
1746213 1746276 1746339 1746402 1746465 1746528 1746591 1746654
1746717 1746780 1746843 1746906 1746969 1747032 1747095 1747158
1747221 1747284 1747347 1747410 1747473 1747536 1747599 1747662
1747725 1747788 1747851 1747914 1747977 1748040 1748103 1748166
1748229 1748292 1748355 1748418 1748481 1748544 1748607 1748670
1748733 1748796 1748859 1748922 1748985 1749048 1749111 1749174
1749237 1749300 1749363 1749426 1749489 1749552 1749615 1749678
1749741 1749804 1749867 1749930 1749993 1750056 1750119 1750182
1750245 1750308 1750371 1750434 1750497 1750560 1750623 1750686
1750749 1750812 1750875 1750938 1751001 1751064 1751127 1751190
1751253 1751316 1751379 1751442 1751505 1751568 1751631 1751694
1751757 1751820 1751883 1751946 1752009 1752072 1752135 1752198
1752261 1752324 1752387 1752450 1752513 1752576 1752639 1752702
1752765 1752828 1752891 1752954 1753017 1753080 1753143 1753206
1753269 1753332 1753395 1753458 1753521 1753584 1753647 1753710
1753773 1753836 1753898 1753961 1754024 1754087 1754150 1754213
1754276 1754339 1754402 1754465 1754528 1754591 1754654 1754717
1754780 1754843 1754906 1754969 1755032 1755095 1755158 1755221
1755284 1755347 1755410 1755473 1755536 1755599 1755662 1755725
1755788 1755851 1755914 1755977 1756040 1756103 1756166 1756229
1756292 1756355 1756418 1756481 1756544 1756607 1756670 1756733
1756796 1756859 1756922 1756985 1757048 1757111 1757174 1757237
1757300 1757363 1757426 1757489 1757552 1757615 1757678 1757741
1757804 1757867 1757930 1757993 1758056 1758119 1758182 1758245
1758308 1758371 1758434 1758497 1758560 1758623 1758686 1758749
1758812 1758875 1758938 1759001 1759064 1759127 1759190 1759253
1759316 1759379 1759442 1759505 1759568 1759631 1759694 1759757
1759820 1759883 1759946 1760009 1760072 1760135 1760198 1760261
1760324 1760387 1760450 1760513 1760576 1760639 1760702 1760765
1760828 1760891 1760954 1761017 1761080 1761143 1761206 1761269
1761332 1761395 1761458 1761521 1761584 1761647 1761710 1761773
1761836 1761899 1761962 1762025 1762088 1762151 1762214 1762277
1762340 1762403 1762466 1762529 1762592 1762655 1762718 1762781
1762844 1762907 1762970 1763033 1763096 1763159 1763222 1763285
1763348 1763411 1763474 1763537 1763600 1763663 1763726 1763789
1763852 1763915 1763978 1764041 1764104 1764167 1764230 1764293
1764356 1764419 1764482 1764545 1764608 1764671 1764733 1764796
1764859 1764922 1764985 1765048 1765111 1765174 1765237 1765300
1765363 1765426 1765489 1765552 1765615 1765678 1765741 1765804
1765867 1765930 1765993 1766056 1766119 1766182 1766245 1766308
1766371 1766434 1766497 1766560 1766623 1766686 1766749 1766812
1766875 1766938 1767001 1767064 1767127 1767190 1767253 1767316
1767379 1767442 1767505 1767568 1767631 1767694 1767757 1767820
1767883 1767946 1768009 1768072 1768135 1768198 1768261 1768324
1768387 1768450 1768513 1768576 1768639 1768702 1768765 1768828
1768891 1768954 1769017 1769080 1769143 1769206 1769269 1769332
1769395 1769458 1769521 1769584 1769647 1769710 1769773 1769836
1769899 1769962 1770025 1770088 1770151 1770214 1770277 1770340
1770403 1770466 1770529 1770592 1770655 1770718 1770781 1770844
1770907 1770970 1771033 1771096 1771159 1771222 1771285 1771348
1771411 1771474 1771537 1771600 1771663 1771726 1771789 1771852
1771915 1771978 1772041 1772104 1772167 1772230 1772293 1772356
1772419 1772482 1772545 1772608 1772671 1772734 1772797 1772860
1772923 1772986 1773049 1773112 1773175 1773238 1773301 1773364
1773427 1773490 1773553 1773616 1773679 1773742 1773805 1773868
1773931 1773994 1774057 1774120 1774183 1774246 1774309 1774372
1774435 1774498 1774561 1774624 1774687 1774750 1774813 1774876
1774939 1775002 1775065 1775128 1775191 1775254 1775317 1775380
1775443 1775506 1775569 1775631 1775694 1775757 1775820 1775883
1775946 1776009 1776072 1776135 1776198 1776261 1776324 1776387
1776450 1776513 1776576 1776639 1776702 1776765 1776828 1776891
1776954 1777017 1777080 1777143 1777206 1777269 1777332 1777395
1777458 1777521 1777584 1777647 1777710 1777773 1777836 1777899
1777962 1778025 1778088 1778151 1778214 1778277 1778340 1778403
1778466 1778529 1778592 1778655 1778718 1778781 1778844 1778907
1778970 1779033 1779096 1779159 1779222 1779285 1779348 1779411
1779474 1779537 1779600 1779663 1779726 1779789 1779852 1779915
1779978 1780041 1780104 1780167 1780230 1780293 1780356 1780419
1780482 1780545 1780608 1780671 1780734 1780797 1780860 1780923
1780986 1781049 1781112 1781175 1781238 1781301 1781364 1781427
1781490 1781553 1781616 1781679 1781742 1781805 1781868 1781931
1781994 1782057 1782120 1782183 1782246 1782309 1782372 1782435
1782498 1782561 1782624 1782687 1782750 1782813 1782876 1782939
1783002 1783065 1783128 1783191 1783254 1783317 1783380 1783443
1783506 1783569 1783632 1783695 1783758 1783821 1783884 1783947
1784010 1784073 1784136 1784199 1784262 1784325 1784388 1784451
1784514 1784577 1784640 1784703 1784766 1784829 1784892 1784955
1785018 1785081 1785144 1785207 1785270 1785333 1785396 1785459
1785522 1785585 1785648 1785711 1785774 1785837 1785900 1785963
1786026 1786089 1786152 1786215 1786278 1786341 1786404 1786467
1786530 1786593 1786656 1786719 1786782 1786845 1786908 1786971
1787034 1787097 1787160 1787223 1787286 1787349 1787412 1787475
1787538 1787601 1787664 1787727 1787790 1787853 1787916 1787979
1788042 1788105 1788168 1788231 1788294 1788357 1788420 1788483
1788546 1788609 1788672 1788735 1788798 1788861 1788924 1788987
1789050 1789113 1789176 1789239 1789302 1789365 1789428 1789491
1789554 1789617 1789680 1789743 1789806 1789869 1789932 1789995
1790058 1790121 1790184 1790247 1790310 1790373 1790436 1790499
1790562 1790625 1790688 1790751 1790814 1790877 1790940 1791003
1791066 1791129 1791192 1791255 1791318 1791379 1791442 1791505
1791568 1791631 1791694 1791757 1791820 1791883 1791946 1792009
1792072 1792135 1792198 1792261 1792324 1792387 1792450 1792513
1792576 1792639 1792702 1792765 1792828 1792891 1792954 1793017
1793080 1793143 1793206 1793269 1793332 1793395 1793458 1793521
1793584 1793647 1793710 1793773 1793836 1793899 1793962 1794025
1794088 1794151 1794214 1794277 1794340 1794403 1794466 1794529
1794592 1794655 1794718 1794781 1794844 1794907 1794970 1795033
1795096 1795159 1795222 1795285 1795348 1795411 1795474 1795537
1795600 1795663 1795726 1795789 1795852 1795915 1795978 1796041
1796104 1796167 1796230 1796293 1796356 1796419 1796482 1796545
1796608 1796671 1796734 1796797 1796860 1796923 1796986 1797049
1797112 1797175 1797238 1797301 1797364 1797427 1797490 1797553
1797616 1797679 1797742 1797805 1797868 1797931 1797994 1798057
1798120 1798183 1798246 1798309 1798372 1798435 1798498 1798561
1798624 1798687 1798750 1798813 1798876 1798939 1799002 1799065
1799128 1799191 1799254 1799317 1799380 1799443 1799506 1799569
1799632 1799695 1799758 1799821 1799884 1799947 1800010 1800073
1800136 1800199 1800262 1800325 1800388 1800451 1800514 1800577
1800640 1800703 1800766 1800829 1800892 1800955 1801018 1801081
1801144 1801207 1801270 1801333 1801396 1801459 1801522 1801585
1801648 1801711 1801774 1801837 1801900 1801963 1802026 1802089
1802152 1802215 1802278 1802341 1802404 1802467 1802530 1802593
1802656 1802719 1802782 1802845 1802908 1802971 1803034 1803097
1803160 1803223 1803286 1803349 1803412 1803475 1803538 1803601
1803664 1803727 1803790 1803853 1803916 1803979 1804042 1804105
1804168 1804231 1804294 1804357 1804420 1804483 1804546 1804609
1804672 1804735 1804798 1804861 1804924 1804987 1805050 1805113
1805176 1805239 1805302 1805365 1805428 1805491 1805554 1805617
1805680 1805743 1805806 1805869 1805932 1805995 1806058 1806121
1806184 1806247 1806310 1806373 1806436 1806499 1806562 1806625
1806688 1806751 1806814 1806877 1806940 1807003 1807066 1807129
1807192 1807255 1807318 1807381 1807444 1807507 1807570 1807633
1807696 1807759 1807822 1807885 1807948 1808011 1808074 1808137
1808200 1808263 1808326 1808389 1808452 1808515 1808578 1808641
1808704 1808767 1808830 1808893 1808956 1809019 1809082 1809145
1809208 1809271 1809334 1809397 1809460 1809523 1809586 1809649
1809712 1809775 1809838 1809901 1809964 1810027 1810090 1810153
1810216 1810279 1810342 1810405 1810468 1810531 1810594 1810657
1810720 1810783 1810846 1810909 1810972 1811035 1811098 1811161
1811224 1811287 1811350 1811413 1811476 1811539 1811602 1811665
1811728 1811791 1811854 1811917 1811980 1812043 1812106 1812169
1812232 1812295 1812358 1812421 1812484 1812547 1812610 1812673
1812736 1812799 1812862 1812925 1812988 1813051 1813114 1813177
1813240 1813303 1813366 1813429 1813492 1813555 1813618 1813681
1813744 1813807 1813870 1813933 1813996 1814059 1814122 1814185
1814248 1814311 1814374 1814437 1814500 1814563 1814626 1814689
1814752 1814815 1814878 1814941 1815004 1815067 1815130 1815193
1815256 1815319 1815382 1815445 1815508 1815571 1815634 1815697
1815760 1815823 1815886 1815949 1816012 1816075 1816138 1816201
1816264 1816327 1816390 1816453 1816516 1816579 1816642 1816705
1816768 1816831 1816894 1816957 1817020 1817083 1817146 1817209
1817272 1817335 1817398 1817461 1817524 1817587 1817650 1817713
1817776 1817839 1817902 1817965 1818028 1818091 1818154 1818217
1818280 1818343 1818406 1818469 1818532 1818595 1818658 1818721
1818784 1818847 1818910 1818973 1819036 1819099 1819162 1819225
1819288 1819351 1819414 1819477 1819540 1819603 1819666 1819729
1819792 1819855 1819918 1819981 1820044 1820107 1820170 1820233
1820296 1820359 1820422 1820485 1820548 1820611 1820674 1820737
1820800 1820863 1820926 1820989 1821052 1821115 1821178 1821241
1821304 1821367 1821430 1821493 1821556 1821619 1821682 1821745
1821808 1821871 1821934 1821997 1822060 1822123 1822186 1822249
1822312 1822375 1822438 1822501 1822564 1822627 1822690 1822753
1822816 1822879 1822942 1823005 1823068 1823131 1823194 1823257
1823320 1823383 1823446 1823509 1823572 1823635 1823698 1823761
1823824 1823887 1823950 1824013 1824076 1824139 1824202 1824265
1824328 1824391 1824454 1824517 1824580 1824643 1824706 1824769
1824832 1824895 1824958 1825021 1825084 1825147 1825210 1825273
1825336 1825399 1825462 1825525 1825588 1825651 1825714 1825777
1825840 1825903 1825966 1826029 1826092 1826155 1826218 1826281
1826344 1826407 1826470 1826533 1826596 1826659 1826722 1826785
1826848 1826911 1826974 1827037 1827100 1827163 1827226 1827289
1827352 1827415 1827478 1827541 1827604 1827667 1827730 1827793
1827856 1827919 1827982 1828045 1828108 1828171 1828234 1828297
1828360 1828423 1828486 1828549 1828612 1828675 1828738 1828801
1828864 1828927 1828990 1829053 1829116 1829179 1829242 1829305
1829368 1829431 1829494 1829557 1829620 1829683 1829746 1829809
1829872 1829935 1829998 1830061 1830124 1830187 1830250 1830313
1830376 1830439 1830502 1830565 1830628 1830691 1830754 1830817
1830880 1830943 1831006 1831069 1831132 1831195 1831258 1831321
1831384 1831447 1831510 1831573 1831636 1831699 1831762 1831825
1831888 1831951 1832014 1832077 1832140 1832203 1832264 1832327
1832390 1832453 1832516 1832579 1832642 1832705 1832768 1832831
1832894 1832957 1833020 1833083 1833146 1833209 1833272 1833335
1833398 1833461 1833524 1833587 1833650 1833713 1833776 1833839
1833902 1833965 1834028 1834091 1834154 1834217 1834280 1834343
1834406 1834469 1834532 1834595 1834658 1834721 1834784 1834847
1834910 1834973 1835036 1835099 1835162 1835225 1835288 1835351
1835414 1835477 1835540 1835603 1835666 1835729 1835792 1835855
1835918 1835981 1836044 1836107 1836170 1836233 1836296 1836359
1836422 1836485 1836548 1836611 1836674 1836737 1836800 1836863
1836926 1836989 1837052 1837115 1837178 1837241 1837304 1837367
1837430 1837493 1837556 1837619 1837682 1837745 1837808 1837871
1837934 1837997 1838060 1838123 1838186 1838249 1838312 1838375
1838438 1838501 1838564 1838627 1838690 1838753 1838816 1838879
1838942 1839005 1839068 1839131 1839194 1839257 1839320 1839383
1839446 1839509 1839572 1839635 1839698 1839761 1839824 1839887
1839950 1840013 1840076 1840139 1840202 1840265 1840328 1840391
1840454 1840517 1840580 1840643 1840706 1840769 1840832 1840895
1840958 1841021 1841084 1841147 1841210 1841273 1841336 1841399
1841462 1841525 1841588 1841651 1841714 1841777 1841840 1841903
1841966 1842029 1842092 1842155 1842218 1842281 1842344 1842407
1842470 1842533 1842596 1842659 1842722 1842785 1842848 1842911
1842974 1843037 1843100 1843163 1843226 1843289 1843352 1843415
1843478 1843541 1843604 1843667 1843730 1843793 1843856 1843919
1843982 1844045 1844108 1844171 1844234 1844297 1844360 1844423
1844486 1844549 1844612 1844675 1844738 1844801 1844864 1844927
1844990 1845053 1845116 1845179 1845242 1845305 1845368 1845431
1845494 1845557 1845620 1845683 1845746 1845809 1845872 1845935
1845998 1846061 1846124 1846187 1846250 1846313 1846376 1846439
1846502 1846565 1846628 1846691 1846754 1846817 1846880 1846943
1847006 1847069 1847132 1847195 1847258 1847321 1847384 1847447
1847510 1847573 1847636 1847699 1847762 1847825 1847888 1847951
1848014 1848077 1848140 1848203 1848266 1848329 1848392 1848455
1848518 1848581 1848644 1848707 1848770 1848833 1848896 1848959
1849022 1849085 1849148 1849211 1849274 1849337 1849400 1849463
1849526 1849589 1849652 1849715 1849778 1849841 1849904 1849967
1850030 1850093 1850156 1850219 1850282 1850345 1850408 1850471
1850534 1850597 1850660 1850723 1850786 1850849 1850912 1850975
1851038 1851101 1851164 1851227 1851290 1851353 1851416 1851479
1851542 1851605 1851668 1851731 1851794 1851857 1851920 1851983
1852046 1852109 1852172 1852235 1852298 1852361 1852424 1852487
1852550 1852613 1852676 1852739 1852802 1852865 1852928 1852991
1853054 1853117 1853180 1853243 1853306 1853369 1853432 1853495
1853558 1853621 1853684 1853747 1853810 1853873 1853936 1853999
1854062 1854125 1854188 1854251 1854314 1854377 1854440 1854503
1854566 1854629 1854692 1854755 1854818 1854881 1854944 1855007
1855070 1855133 1855196 1855259 1855322 1855385 1855448 1855511
1855574 1855637 1855700 1855763 1855826 1855889 1855952 1856015
1856078 1856141 1856204 1856267 1856330 1856393 1856456 1856519
1856582 1856645 1856708 1856771 1856834 1856897 1856960 1857023
1857086 1857149 1857212 1857275 1857338 1857401 1857464 1857527
1857590 1857653 1857716 1857779 1857842 1857905 1857968 1858031
1858094 1858157 1858220 1858283 1858346 1858409 1858472 1858535
1858598 1858661 1858724 1858787 1858850 1858913 1858976 1859039
1859102 1859165 1859228 1859291 1859354 1859417 1859480 1859543
1859606 1859669 1859732 1859795 1859858 1859921 1859984 1860047
1860110 1860173 1860236 1860299 1860362 1860425 1860488 1860551
1860614 1860677 1860740 1860803 1860866 1860929 1860992 1861055
1861118 1861181 1861244 1861308 1861377 1861442 1861505 1861568
1861631 1861694 1861757 1861820 1861883 1861946 1862009 1862072
1862135 1862198 1862261 1862324 1862387 1862450 1862513 1862576
1862639 1862702 1862765 1862828 1862891 1862954 1863017 1863080
1863143 1863206 1863269 1863332 1863395 1863458 1863521 1863584
1863647 1863710 1863773 1863836 1863899 1863962 1864025 1864088
1864151 1864214 1864277 1864340 1864403 1864466 1864529 1864592
1864655 1864718 1864783 1864849 1864916 1864983 1865051 1865119
1865187 1865256 1865325 1865395 1865465 1865537 1865611 1865685
1865759 1865834 1865910 1865987 1866064 1866144 1866227 1866312
1866398 1866485 1866572 1866657 1866741 1866824 1866904 1866984
1867062 1867139 1867216 1867293 1867370 1867447 1867524 1867601
1867678 1867755 1867832 1867908 1867984 1868060 1868135 1868210
1868285 1868360 1868435 1868510 1868586 1868662 1868738 1868814
1868890 1868966 1869042 1869118 1869192 1869261 1869324 1869387
1869450 1869513 1869576 1869639 1869702 1869765 1869828 1869891
1869954 1870017 1870080 1870146 1870213 1870281 1870349 1870418
1870487 1870556 1870626 1870698 1870772 1870847 1870923 1871000
1871078 1871156 1871235 1871316 1871398 1871480 1871565 1871650
1871737 1871826 1871916 1872007 1872097 1872185 1872272 1872358
1872443 1872527 1872610 1872693 1872776 1872858 1872940 1873022
1873104 1873186 1873267 1873348 1873429 1873510 1873591 1873672
1873753 1873833 1873912 1873991 1874070 1874149 1874228 1874307
1874386 1874465 1874543 1874621 1874699 1874777 1874855 1874931
1875004 1875067 1875130 1875193 1875256 1875319 1875382 1875445
1875508 1875571 1875634 1875697 1875760 1875827 1875898 1875971
1876044 1876119 1876194 1876269 1876349 1876430 1876512 1876594
1876677 1876761 1876845 1876930 1877016 1877103 1877191 1877280
1877369 1877460 1877551 1877643 1877737 1877833 1877930 1878027
1878121 1878214 1878307 1878399 1878490 1878581 1878672 1878762
1878852 1878942 1879031 1879120 1879209 1879298 1879387 1879476
1879565 1879654 1879743 1879832 1879921 1880010 1880098 1880185
1880272 1880359 1880446 1880533 1880621 1880709 1880797 1880883
1880969 1881048 1881111 1881174 1881237 1881300 1881363 1881426
1881489 1881552 1881615 1881678 1881747 1881831 1881918 1882008
1882104 1882202 1882302 1882404 1882506 1882610 1882714 1882818
1882923 1883029 1883135 1883242 1883349 1883456 1883565 1883674
1883783 1883894 1884006 1884120 1884235 1884349 1884461 1884573
1884684 1884795 1884905 1885015 1885124 1885233 1885342 1885451
1885560 1885669 1885778 1885886 1885994 1886102 1886210 1886318
1886426 1886533 1886640 1886747 1886854 1886961 1887069 1887177
1887285 1887393 1887501 1887609 1887717 1887825 1887933 1888038
1888146 1888209 1888272 1888335 1888398 1888461 1888524 1888587
1888650 1888713 1888785 1888869 1888968 1889078 1889192 1889308
1889426 1889545 1889665 1889787 1889909 1890031 1890154 1890278
1890402 1890527 1890652 1890777 1890903 1891030 1891157 1891285
1891414 1891544 1891676 1891809 1891941 1892072 1892202 1892331
1892460 1892589 1892717 1892845 1892973 1893100 1893227 1893354
1893481 1893608 1893735 1893862 1893989 1894116 1894242 1894368
1894494 1894620 1894746 1894872 1894998 1895124 1895250 1895376
1895502 1895628 1895754 1895881 1896007 1896139 1896271 1896334
1896397 1896460 1896523 1896586 1896649 1896712 1896775 1896838
1896915 1897009 1897119 1897240 1897364 1897489 1897617 1897746
1897876 1898007 1898138 1898270 1898403 1898536 1898670 1898804
1898938 1899073 1899209 1899345 1899482 1899620 1899759 1899899
1900041 1900182 1900323 1900462 1900600 1900738 1900876 1901014
1901151 1901288 1901425 1901561 1901697 1901833 1901969 1902105
1902241 1902377 1902513 1902649 1902785 1902921 1903056 1903191
1903326 1903461 1903596 1903731 1903866 1904001 1904136 1904271
1904407 1904543 1904679 1904823 1904967 1905030 1905093 1905156
1905219 1905282 1905345 1905408 1905471 1905539 1905618 1905711
1905817 1905937 1906065 1906194 1906326 1906459 1906593 1906728
1906863 1906999 1907136 1907273 1907410 1907548 1907686 1907824
1907962 1908101 1908241 1908381 1908522 1908664 1908806 1908949
1909093 1909237 1909380 1909523 1909665 1909807 1909949 1910091
1910232 1910373 1910514 1910654 1910794 1910934 1911074 1911214
1911354 1911494 1911634 1911774 1911914 1912054 1912194 1912334
1912474 1912614 1912754 1912894 1913034 1913174 1913313 1913452
1913591 1913730 1913869 1914008 1914148 1914288 1914429 1914570
1914711 1914852 1914995 1915144 1915293 1915356 1915419 1915482
1915545 1915608 1915671 1915734 1915804 1915884 1915999 1916138
1916299 1916470 1916644 1916821 1917005 1917192 1917384 1917576
1917769 1917962 1918157 1918355 1918554 1918753 1918954 1919155
1919356 1919559 1919765 1919971 1920179 1920389 1920600 1920814
1921029 1921245 1921462 1921678 1921893 1922107 1922319 1922530
1922741 1922951 1923161 1923371 1923580 1923788 1923995 1924202
1924408 1924614 1924820 1925026 1925232 1925438 1925644 1925850
1926056 1926262 1926468 1926674 1926880 1927086 1927292 1927497
1927702 1927907 1928112 1928317 1928522 1928728 1928935 1929142
1929349 1929556 1929763 1929973 1930185 1930393 1930456 1930519
1930582 1930645 1930708 1930771 1930834 1930897 1930977 1931072
1931206 1931356 1931517 1931695 1931881 1932072 1932266 1932462
1932661 1932862 1933064 1933266 1933469 1933673 1933879 1934085
1934292 1934499 1934706 1934916 1935128 1935340 1935552 1935766
1935980 1936194 1936408 1936624 1936843 1937062 1937281 1937500
1937720 1937941 1938162 1938384 1938605 1938826 1939047 1939268
1939489 1939710 1939930 1940150 1940369 1940588 1940807 1941025
1941243 1941461 1941679 1941897 1942115 1942333 1942551 1942769
1942987 1943205 1943423 1943641 1943859 1944077 1944295 1944513
1944731 1944949 1945167 1945385 1945603 1945821 1946039 1946257
1946475 1946694 1946914 1947134 1947354 1947574 1947794 1948013
1948232 1948457 1948692 1948927 1948990 1949053 1949116 1949179
1949242 1949305 1949368 1949431 1949515 1949612 1949742 1949890
1950045 1950208 1950387 1950572 1950762 1950955 1951151 1951348
1951547 1951749 1951952 1952156 1952361 1952567 1952774 1952982
1953192 1953402 1953612 1953822 1954034 1954246 1954459 1954672
1954887 1955104 1955321 1955538 1955755 1955972 1956189 1956408
1956628 1956848 1957069 1957290 1957511 1957732 1957953 1958174
1958395 1958616 1958837 1959058 1959279 1959500 1959721 1959942
1960163 1960384 1960605 1960825 1961045 1961265 1961485 1961705
1961925 1962145 1962365 1962585 1962805 1963025 1963245 1963465
1963685 1963905 1964125 1964345 1964565 1964786 1965007 1965227
1965448 1965670 1965892 1966114 1966336 1966558 1966780 1967001
1967230 1967469 1967710 1967950 1968013 1968076 1968139 1968202
1968265 1968328 1968391 1968454 1968539 1968637 1968768 1968915
1969068 1969225 1969394 1969574 1969758 1969947 1970138 1970333
1970530 1970728 1970929 1971132 1971335 1971540 1971746 1971954
1972163 1972372 1972582 1972792 1973003 1973214 1973425 1973636
1973850 1974066 1974282 1974498 1974715 1974932 1975150 1975368
1975587 1975806 1976025 1976244 1976463 1976683 1976904 1977125
1977346 1977567 1977789 1978011 1978233 1978455 1978677 1978899
1979121 1979343 1979565 1979787 1980009 1980231 1980453 1980675
1980897 1981119 1981341 1981563 1981785 1982007 1982229 1982451
1982673 1982895 1983117 1983339 1983562 1983785 1984009 1984233
1984457 1984681 1984905 1985129 1985353 1985592 1985834 1986079
1986321 1986384 1986447 1986510 1986573 1986636 1986699 1986762
1986847 1986945 1987068 1987213 1987370 1987546 1987731 1987920
1988113 1988310 1988507 1988707 1988909 1989114 1989319 1989525
1989733 1989941 1990150 1990361 1990572 1990784 1990997 1991213
1991429 1991645 1991861 1992079 1992297 1992516 1992735 1992954
1993173 1993392 1993611 1993830 1994049 1994268 1994487 1994707
1994928 1995149 1995370 1995591 1995812 1996034 1996256 1996478
1996700 1996922 1997144 1997366 1997588 1997810 1998032 1998254
1998476 1998698 1998920 1999143 1999367 1999591 1999815 2000039
2000263 2000487 2000711 2000935 2001159 2001397 2001641 2001886
2002132 2002377 2002440 2002503 2002566 2002629 2002692 2002755
2002818 2002904 2003002 2003142 2003295 2003456 2003637 2003823
2004015 2004210 2004408 2004610 2004815 2005021 2005229 2005437
2005647 2005861 2006076 2006291 2006507 2006723 2006940 2007157
2007374 2007592 2007811 2008030 2008249 2008468 2008687 2008906
2009125 2009344 2009564 2009784 2010005 2010226 2010447 2010668
2010889 2011110 2011332 2011554 2011776 2011999 2012222 2012445
2012668 2012892 2013116 2013341 2013566 2013791 2014016 2014241
2014467 2014693 2014926 2015168 2015415 2015661 2015909 2016157
2016220 2016283 2016346 2016409 2016472 2016535 2016619 2016715
2016829 2016972 2017128 2017300 2017484 2017676 2017871 2018069
2018270 2018473 2018679 2018886 2019094 2019307 2019521 2019735
2019950 2020165 2020382 2020599 2020817 2021035 2021254 2021473
2021692 2021911 2022131 2022351 2022571 2022791 2023012 2023233
2023454 2023676 2023899 2024122 2024345 2024569 2024793 2025017
2025242 2025467 2025692 2025917 2026143 2026369 2026595 2026821
2027049 2027290 2027536 2027784 2028032 2028281 2028531 2028779
2028842 2028905 2028968 2029031 2029094 2029157 2029220 2029308
2029408 2029544 2029694 2029850 2030008 2030185 2030368 2030556
2030749 2030944 2031142 2031342 2031545 2031751 2031958 2032171
2032385 2032599 2032814 2033029 2033245 2033461 2033679 2033897
2034115 2034333 2034552 2034771 2034991 2035211 2035431 2035651
2035872 2036093 2036315 2036537 2036761 2036985 2037209 2037433
2037657 2037882 2038107 2038332 2038558 2038784 2039010 2039236
2039462 2039695 2039939 2040187 2040437 2040687 2040936 2041185
2041435 2041683 2041746 2041809 2041872 2041935 2041998 2042061
2042124 2042213 2042313 2042446 2042596 2042754 2042927 2043110
2043298 2043491 2043687 2043890 2044097 2044307 2044519 2044733
2044947 2045161 2045376 2045592 2045809 2046026 2046244 2046462
2046680 2046899 2047119 2047339 2047559 2047780 2048002 2048225
2048449 2048673 2048897 2049121 2049345 2049570 2049796 2050022
2050248 2050474 2050700 2050931 2051170 2051414 2051660 2051909
2052159 2052410 2052661 2052912 2053163 2053413 2053476 2053539
2053602 2053665 2053728 2053791 2053854 2053944 2054044 2054191
2054347 2054524 2054711 2054904 2055101 2055305 2055512 2055722
2055933 2056147 2056361 2056575 2056789 2057003 2057220 2057437
2057655 2057873 2058091 2058311 2058531 2058751 2058974 2059197
2059421 2059645 2059871 2060097 2060323 2060549 2060775 2061009
2061250 2061496 2061744 2061994 2062246 2062498 2062751 2063003
2063255 2063508 2063571 2063634 2063697 2063760 2063823 2063886
2063949 2064036 2064134 2064267 2064417 2064576 2064754 2064941
2065134 2065334 2065538 2065745 2065955 2066166 2066380 2066594
2066808 2067022 2067236 2067452 2067669 2067886 2068104 2068324
2068544 2068764 2068987 2069210 2069434 2069658 2069884 2070110
2070336 2070562 2070788 2071020 2071257 2071499 2071745 2071995
2072247 2072501 2072754 2073006 2073260 2073513 2073576 2073639
2073702 2073765 2073828 2073891 2073954 2074017 2074110 2074213
2074365 2074539 2074725 2074920 2075121 2075327 2075534 2075745
2075958 2076172 2076386 2076600 2076816 2077033 2077251 2077471
2077691 2077913 2078136 2078359 2078583 2078807 2079032 2079258
2079484 2079710 2079936 2080162 2080395 2080632 2080873 2081117
2081365 2081615 2081865 2082117 2082371 2082625 2082878 2083132
2083386 2083449 2083512 2083575 2083638 2083701 2083764 2083827
2083895 2083991 2084096 2084247 2084412 2084605 2084808 2085013
2085220 2085429 2085640 2085852 2086066 2086280 2086497 2086714
2086933 2087153 2087374 2087597 2087820 2088044 2088270 2088496
2088722 2088948 2089174 2089401 2089634 2089870 2090113 2090359
2090608 2090860 2091113 2091367 2091622 2091876 2092130 2092385
2092448 2092511 2092574 2092637 2092700 2092763 2092826 2092899
2092996 2093102 2093256 2093454 2093658 2093865 2094074 2094285
2094497 2094711 2094925 2095140 2095357 2095576 2095796 2096018
2096241 2096464 2096689 2096914 2097140 2097366 2097592 2097818
2098046 2098276 2098511 2098752 2098996 2099242 2099490 2099741
2099994 2100248 2100503 2100758 2101013 2101267 2101522 2101585
2101648 2101711 2101774 2101837 2101900 2101963 2102042 2102141
2102248 2102401 2102586 2102780 2102980 2103185 2103392 2103601
2103812 2104026 2104241 2104458 2104677 2104897 2105120 2105343
2105566 2105791 2106016 2106242 2106468 2106694 2106920 2107146
2107373 2107601 2107829 2108062 2108298 2108542 2108788 2109035
2109284 2109536 2109789 2110043 2110298 2110553 2110808 2111062
2111317 2111380 2111443 2111506 2111569 2111632 2111695 2111776
2111887 2112052 2112241 2112439 2112643 2112850 2113061 2113273
2113487 2113702 2113919 2114138 2114360 2114583 2114806 2115030
2115255 2115480 2115706 2115932 2116158 2116384 2116611 2116839
2117067 2117295 2117530 2117769 2118013 2118259 2118507 2118757
2119010 2119264 2119518 2119773 2120028 2120284 2120540 2120796
2120859 2120922 2120985 2121048 2121111 2121174 2121255 2121370
2121528 2121713 2121909 2122110 2122315 2122525 2122737 2122952
2123169 2123388 2123610 2123833 2124056 2124281 2124506 2124731
2124957 2125183 2125409 2125636 2125864 2126092 2126320 2126553
2126789 2127030 2127274 2127521 2127769 2128019 2128273 2128527
2128782 2129037 2129293 2129549 2129805 2130062 2130318 2130381
2130444 2130507 2130570 2130633 2130696 2130779 2130899 2131056
2131238 2131431 2131631 2131836 2132045 2132257 2132471 2132688
2132907 2133129 2133352 2133577 2133802 2134027 2134253 2134479
2134705 2134932 2135160 2135388 2135616 2135847 2136081 2136317
2136553 2136796 2137042 2137290 2137539 2137789 2138043 2138297
2138553 2138809 2139065 2139322 2139579 2139835 2139898 2139961
2140024 2140087 2140150 2140213 2140276 2140361 2140485 2140641
2140821 2141012 2141210 2141414 2141623 2141835 2142049 2142266
2142485 2142707 2142930 2143155 2143380 2143605 2143831 2144057
2144284 2144511 2144739 2144967 2145195 2145428 2145663 2145899
2146138 2146382 2146628 2146876 2147126 2147377 2147631 2147887
2148143 2148399 2148655 2148912 2149169 2149425 2149488 2149551
2149614 2149677 2149740 2149803 2149866 2149951 2150075 2150231
2150411 2150602 2150800 2151004 2151213 2151425 2151639 2151856
2152075 2152297 2152520 2152745 2152970 2153195 2153421 2153647
2153874 2154101 2154329 2154557 2154785 2155018 2155253 2155489
2155728 2155972 2156218 2156466 2156716 2156967 2157221 2157477
2157733 2157989 2158245 2158502 2158759 2159015 2159078 2159141
2159204 2159267 2159330 2159393 2159476 2159601 2159754 2159922
2160110 2160306 2160507 2160714 2160925 2161139 2161355 2161573
2161796 2162020 2162245 2162470 2162696 2162922 2163149 2163376
2163604 2163832 2164060 2164292 2164526 2164762 2165004 2165248
2165494 2165742 2165991 2166241 2166493 2166748 2167004 2167260
2167516 2167773 2168031 2168287 2168544 2168801 2169059 2169122
2169185 2169248 2169311 2169374 2169437 2169500 2169583 2169706
2169858 2170023 2170208 2170401 2170601 2170806 2171016 2171228
2171444 2171662 2171882 2172105 2172330 2172555 2172782 2173009
2173237 2173465 2173693 2173924 2174158 2174394 2174632 2174874
2175118 2175364 2175611 2175859 2176109 2176360 2176612 2176867
2177124 2177380 2177637 2177895 2178152 2178410 2178668 2178925
2179183 2179246 2179309 2179372 2179435 2179498 2179561 2179624
2179707 2179828 2179980 2180143 2180325 2180517 2180715 2180920
2181130 2181342 2181558 2181776 2181996 2182219 2182444 2182669
2182896 2183123 2183351 2183579 2183807 2184038 2184272 2184508
2184746 2184988 2185232 2185478 2185725 2185973 2186223 2186474
2186726 2186981 2187238 2187494 2187751 2188009 2188266 2188524
2188782 2189039 2189297 2189360 2189423 2189486 2189549 2189612
2189675 2189738 2189821 2189941 2190093 2190253 2190435 2190626
2190824 2191029 2191238 2191450 2191666 2191884 2192104 2192327
2192552 2192777 2193003 2193230 2193457 2193685 2193913 2194141
2194372 2194606 2194842 2195081 2195324 2195568 2195813 2196059
2196307 2196557 2196809 2197061 2197316 2197573 2197830 2198088
2198345 2198603 2198861 2199119 2199376 2199634 2199697 2199760
2199823 2199886 2199949 2200012 2200095 2200210 2200359 2200517
2200695 2200883 2201080 2201282 2201490 2201702 2201914 2202129
2202347 2202567 2202790 2203015 2203240 2203466 2203693 2203920
2204148 2204376 2204604 2204834 2205068 2205304 2205542 2205785
2206029 2206274 2206520 2206768 2207016 2207266 2207516 2207768
2208021 2208277 2208534 2208791 2209049 2209307 2209565 2209823
2210081 2210339 2210597 2210856 2210919 2210982 2211045 2211108
2211171 2211234 2211310 2211417 2211561 2211715 2211874 2212054
2212242 2212438 2212639 2212844 2213054 2213266 2213482 2213699
2213917 2214137 2214361 2214586 2214811 2215038 2215265 2215493
2215721 2215949 2216177 2216410 2216645 2216881 2217119 2217362
2217606 2217851 2218097 2218345 2218593 2218843 2219093 2219343
2219595 2219849 2220106 2220363 2220621 2220880 2221138 2221396
2221655 2221914 2222172 2222430 2222688 2222947 2223010 2223073
2223136 2223199 2223262 2223331 2223436 2223579 2223732 2223890
2224069 2224257 2224453 2224654 2224859 2225069 2225281 2225497
2225714 2225932 2226152 2226376 2226601 2226826 2227053 2227280
2227508 2227736 2227964 2228194 2228427 2228663 2228900 2229140
2229383 2229627 2229873 2230120 2230368 2230617 2230867 2231117
2231369 2231621 2231875 2232132 2232389 2232647 2232906 2233165
2233423 2233683 2233941 2234199 2234457 2234716 2234779 2234842
2234905 2234968 2235031 2235094 2235192 2235335 2235489 2235647
2235818 2236006 2236204 2236411 2236623 2236837 2237053 2237270
2237489 2237711 2237935 2238160 2238385 2238612 2238839 2239067
2239295 2239523 2239751 2239984 2240219 2240455 2240693 2240936
2241180 2241425 2241671 2241919 2242167 2242417 2242667 2242919
2243171 2243423 2243677 2243935 2244192 2244450 2244709 2244968
2245226 2245485 2245745 2246003 2246262 2246521 2246584 2246647
2246710 2246773 2246836 2246899 2246998 2247128 2247271 2247425
2247583 2247754 2247944 2248140 2248342 2248548 2248758 2248970
2249186 2249402 2249620 2249840 2250062 2250287 2250512 2250738
2250965 2251193 2251421 2251649 2251877 2252108 2252342 2252578
2252815 2253055 2253298 2253543 2253789 2254036 2254284 2254533
2254783 2255033 2255285 2255538 2255792 2256046 2256304 2256562
2256821 2257080 2257339 2257599 2257859 2258119 2258377 2258637
2258896 2258959 2259022 2259085 2259148 2259211 2259310 2259435
2259577 2259731 2259889 2260058 2260246 2260444 2260646 2260852
2261062 2261274 2261486 2261702 2261918 2262136 2262358 2262580
2262805 2263032 2263259 2263487 2263715 2263943 2264171 2264404
2264639 2264875 2265113 2265356 2265600 2265845 2266091 2266338
2266586 2266834 2267084 2267335 2267586 2267839 2268092 2268347
2268603 2268861 2269118 2269377 2269636 2269896 2270156 2270416
2270676 2270934 2271194 2271454 2271713 2271776 2271839 2271902
2271965 2272028 2272127 2272267 2272421 2272588 2272776 2272974
2273176 2273382 2273592 2273804 2274018 2274234 2274450 2274668
2274890 2275112 2275337 2275564 2275791 2276019 2276247 2276475
2276703 2276936 2277171 2277407 2277645 2277888 2278132 2278378
2278624 2278872 2279122 2279373 2279624 2279877 2280130 2280385
2280640 2280896 2281154 2281411 2281670 2281929 2282189 2282450
2282710 2282970 2283230 2283490 2283750 2284009 2284072 2284135
2284198 2284261 2284324 2284421 2284561 2284713 2284871 2285038
2285226 2285422 2285624 2285830 2286040 2286252 2286466 2286682
2286898 2287116 2287338 2287560 2287785 2288010 2288237 2288465
2288693 2288921 2289149 2289379 2289612 2289848 2290085 2290325
2290568 2290813 2291059 2291306 2291554 2291803 2292054 2292305
2292557 2292810 2293065 2293320 2293577 2293835 2294093 2294352
2294611 2294872 2295133 2295393 2295653 2295913 2296173 2296433
2296692 2296755 2296818 2296881 2296944 2297007 2297104 2297244
2297396 2297561 2297747 2297943 2298145 2298351 2298561 2298773
2298987 2299203 2299420 2299638 2299860 2300082 2300307 2300533
2300760 2300988 2301216 2301444 2301672 2301905 2302140 2302376
2302614 2302856 2303100 2303345 2303591 2303838 2304087 2304336
2304587 2304838 2305090 2305343 2305596 2305851 2306106 2306363
2306621 2306880 2307139 2307399 2307660 2307921 2308181 2308441
2308702 2308962 2309222 2309481 2309544 2309607 2309670 2309733
2309796 2309893 2310031 2310183 2310342 2310525 2310721 2310923
2311129 2311339 2311551 2311764 2311980 2312197 2312415 2312633
2312855 2313077 2313302 2313528 2313755 2313983 2314211 2314439
2314668 2314901 2315136 2315372 2315612 2315855 2316100 2316345
2316592 2316841 2317090 2317341 2317592 2317845 2318098 2318351
2318606 2318863 2319120 2319378 2319637 2319896 2320155 2320416
2320677 2320938 2321199 2321459 2321721 2321982 2322242 2322502
2322565 2322628 2322691 2322754 2322817 2322912 2323048 2323197
2323355 2323537 2323733 2323935 2324141 2324351 2324563 2324776
2324992 2325209 2325427 2325647 2325869 2326091 2326316 2326542
2326769 2326997 2327225 2327453 2327684 2327918 2328154 2328391
2328631 2328874 2329119 2329365 2329613 2329862 2330112 2330363
2330614 2330867 2331120 2331373 2331628 2331883 2332138 2332395
2332652 2332910 2333169 2333428 2333689 2333950 2334211 2334472
2334732 2334994 2335256 2335516 2335776 2335839 2335902 2335965
2336028 2336091 2336186 2336318 2336466 2336624 2336804 2336999
2337201 2337407 2337617 2337829 2338044 2338260 2338478 2338696
2338914 2339136 2339358 2339583 2339809 2340037 2340265 2340493
2340721 2340954 2341189 2341425 2341663 2341905 2342148 2342393
2342639 2342888 2343137 2343388 2343639 2343891 2344144 2344397
2344650 2344905 2345160 2345417 2345674 2345932 2346191 2346450
2346711 2346972 2347233 2347494 2347755 2348017 2348279 2348541
2348802 2349062 2349125 2349188 2349251 2349314 2349382 2349487
2349625 2349775 2349930 2350095 2350284 2350484 2350689 2350899
2351111 2351326 2351542 2351760 2351978 2352196 2352418 2352640
2352866 2353093 2353321 2353549 2353777 2354006 2354239 2354475
2354711 2354949 2355191 2355434 2355679 2355926 2356175 2356424
2356675 2356926 2357178 2357431 2357684 2357938 2358193 2358448
2358705 2358962 2359222 2359481 2359740 2360001 2360262 2360523
2360784 2361047 2361309 2361571 2361832 2362092 2362155 2362218
2362281 2362344 2362407 2362512 2362650 2362798 2362960 2363148
2363347 2363552 2363762 2363974 2364188 2364404 2364622 2364840
2365058 2365280 2365502 2365724 2365950 2366177 2366405 2366633
2366861 2367092 2367326 2367562 2367799 2368040 2368282 2368527
2368773 2369021 2369270 2369520 2369771 2370022 2370274 2370527
2370780 2371035 2371290 2371545 2371801 2372058 2372317 2372577
2372836 2373095 2373356 2373617 2373878 2374139 2374402 2374664
2374926 2375187 2375448 2375511 2375574 2375637 2375700 2375763
2375868 2376006 2376154 2376316 2376504 2376703 2376908 2377118
2377330 2377544 2377760 2377978 2378196 2378414 2378636 2378858
2379080 2379306 2379533 2379761 2379989 2380217 2380448 2380682
2380918 2381155 2381396 2381638 2381883 2382129 2382377 2382626
2382876 2383127 2383378 2383630 2383883 2384136 2384391 2384646
2384902 2385159 2385416 2385675 2385935 2386194 2386453 2386714
2386975 2387236 2387497 2387760 2388022 2388284 2388545 2388806
2388869 2388932 2388995 2389058 2389121 2389226 2389363 2389509
2389669 2389857 2390055 2390260 2390470 2390682 2390896 2391112
2391330 2391548 2391767 2391989 2392211 2392434 2392660 2392888
2393116 2393344 2393572 2393805 2394040 2394276 2394513 2394754
2394996 2395241 2395488 2395736 2395985 2396235 2396486 2396738
2396991 2397244 2397498 2397753 2398008 2398265 2398522 2398781
2399042 2399301 2399562 2399823 2400084 2400345 2400608 2400871
2401134 2401396 2401658 2401919 2401982 2402045 2402108 2402171
2402234 2402337 2402470 2402616 2402774 2402960 2403158 2403360
2403567 2403777 2403989 2404204 2404420 2404638 2404856 2405074
2405296 2405518 2405740 2405966 2406194 2406422 2406650 2406878
2407110 2407344 2407580 2407819 2408061 2408306 2408553 2408801
2409050 2409301 2409552 2409804 2410057 2410310 2410564 2410819
2411074 2411329 2411586 2411843 2412100 2412359 2412620 2412879
2413140 2413401 2413662 2413923 2414186 2414449 2414712 2414974
2415236 2415497 2415560 2415623 2415686 2415749 2415812 2415915
2416047 2416193 2416351 2416537 2416735 2416937 2417144 2417354
2417566 2417781 2417997 2418215 2418433 2418652 2418874 2419096
2419318 2419544 2419772 2420000 2420228 2420456 2420689 2420925
2421162 2421403 2421645 2421890 2422138 2422387 2422637 2422888
2423139 2423391 2423644 2423897 2424151 2424406 2424661 2424917
2425174 2425431 2425690 2425951 2426211 2426472 2426733 2426994
2427255 2427516 2427779 2428042 2428305 2428568 2428830 2429091
2429154 2429217 2429280 2429343 2429406 2429507 2429636 2429781
2429939 2430125 2430323 2430525 2430731 2430941 2431153 2431367
2431583 2431801 2432019 2432238 2432460 2432682 2432904 2433130
2433358 2433586 2433814 2434042 2434275 2434511 2434748 2434989
2435231 2435476 2435724 2435973 2436223 2436474 2436725 2436977
2437230 2437483 2437738 2437993 2438248 2438504 2438761 2439018
2439275 2439534 2439795 2440054 2440315 2440576 2440837 2441098
2441361 2441624 2441887 2442150 2442412 2442673 2442736 2442799
2442862 2442925 2442988 2443085 2443205 2443351 2443533 2443729
2443931 2444137 2444347 2444559 2444774 2444990 2445208 2445426
2445645 2445867 2446089 2446311 2446537 2446765 2446993 2447221
2447452 2447685 2447921 2448158 2448399 2448641 2448886 2449134
2449383 2449633 2449884 2450135 2450388 2450641 2450894 2451149
2451404 2451660 2451917 2452174 2452431 2452689 2452948 2453209
2453469 2453730 2453991 2454252 2454513 2454776 2455039 2455302
2455565 2455827 2456089 2456152 2456215 2456278 2456341 2456404
2456499 2456614 2456758 2456939 2457135 2457337 2457543 2457753
2457965 2458180 2458396 2458614 2458832 2459052 2459274 2459496
2459718 2459944 2460172 2460400 2460628 2460859 2461093 2461329
2461566 2461807 2462051 2462296 2462544 2462793 2463043 2463294
2463546 2463799 2464052 2464306 2464561 2464816 2465072 2465329
2465586 2465843 2466102 2466361 2466622 2466882 2467143 2467404
2467665 2467927 2468190 2468453 2468716 2468979 2469241 2469304
2469367 2469430 2469493 2469586 2469693 2469832 2470012 2470208
2470410 2470616 2470826 2471038 2471254 2471470 2471688 2471906
2472128 2472350 2472572 2472796 2473022 2473250 2473478 2473706
2473939 2474174 2474410 2474649 2474891 2475135 2475382 2475630
2475880 2476131 2476382 2476634 2476887 2477140 2477395 2477650
2477906 2478163 2478420 2478677 2478936 2479195 2479456 2479717
2479978 2480239 2480501 2480764 2481027 2481290 2481553 2481815
2481878 2481941 2482004 2482067 2482160 2482267 2482405 2482585
2482781 2482983 2483189 2483399 2483611 2483827 2484043 2484261
2484479 2484700 2484922 2485144 2485368 2485594 2485822 2486050
2486278 2486511 2486746 2486982 2487221 2487463 2487707 2487954
2488203 2488453 2488704 2488955 2489207 2489460 2489713 2489968
2490223 2490479 2490736 2490993 2491250 2491509 2491768 2492029
2492290 2492551 2492812 2493074 2493337 2493600 2493863 2494126
2494388 2494451 2494514 2494577 2494640 2494733 2494840 2494978
2495158 2495354 2495556 2495762 2495972 2496184 2496400 2496616
2496834 2497052 2497274 2497496 2497718 2497941 2498167 2498395
2498623 2498851 2499084 2499319 2499555 2499795 2500037 2500281
2500528 2500777 2501027 2501278 2501529 2501782 2502035 2502289
2502544 2502799 2503055 2503312 2503569 2503826 2504085 2504344
2504605 2504867 2505128 2505389 2505651 2505914 2506177 2506440
2506703 2506965 2507028 2507091 2507154 2507217 2507309 2507416
2507554 2507734 2507930 2508132 2508338 2508548 2508760 2508976
2509192 2509410 2509628 2509850 2510072 2510294 2510517 2510743
2510971 2511199 2511430 2511664 2511900 2512137 2512378 2512620
2512864 2513112 2513361 2513611 2513862 2514114 2514367 2514620
2514874 2515129 2515384 2515640 2515897 2516154 2516411 2516670
2516929 2517188 2517449 2517711 2517972 2518233 2518496 2518759
2519022 2519285 2519548 2519611 2519674 2519737 2519800 2519891
2519996 2520132 2520311 2520507 2520709 2520915 2521125 2521337
2521553 2521769 2521987 2522205 2522427 2522649 2522871 2523095
2523321 2523549 2523777 2524009 2524243 2524479 2524716 2524958
2525202 2525447 2525695 2525944 2526194 2526445 2526697 2526950
2527203 2527458 2527713 2527968 2528225 2528482 2528739 2528997
2529256 2529515 2529776 2530037 2530298 2530559 2530820 2531083
2531346 2531609 2531872 2531935 2531998 2532061 2532124 2532215
2532320 2532452 2532631 2532826 2533028 2533234 2533444 2533656
2533872 2534088 2534306 2534524 2534746 2534968 2535190 2535414
2535640 2535868 2536101 2536336 2536572 2536809 2537051 2537295
2537540 2537788 2538037 2538287 2538538 2538790 2539043 2539296
2539551 2539806 2540062 2540319 2540576 2540834 2541093 2541352
2541613 2541874 2542135 2542396 2542659 2542922 2543185 2543448
2543511 2543574 2543637 2543700 2543791 2543896 2544028 2544209
2544405 2544607 2544813 2545023 2545235 2545451 2545667 2545885
2546103 2546325 2546547 2546769 2546993 2547219 2547447 2547680
2547915 2548151 2548389 2548631 2548875 2549120 2549368 2549617
2549867 2550118 2550370 2550623 2550877 2551132 2551387 2551643
2551900 2552157 2552415 2552674 2552933 2553194 2553455 2553716
2553977 2554240 2554503 2554766 2555029 2555092 2555155 2555218
2555281 2555370 2555475 2555605 2555785 2555981 2556183 2556389
2556599 2556811 2557027 2557243 2557461 2557679 2557901 2558123
2558345 2558569 2558795 2559023 2559252 2559485 2559720 2559957
2560197 2560439 2560683 2560929 2561178 2561428 2561679 2561930
2562182 2562435 2562689 2562944 2563199 2563456 2563713 2563970
2564229 2564488 2564747 2565008 2565269 2565530 2565792 2566055
2566318 2566581 2566844 2566907 2566970 2567033 2567096 2567185
2567290 2567420 2567600 2567796 2567998 2568204 2568414 2568626
2568842 2569058 2569276 2569494 2569716 2569938 2570160 2570384
2570610 2570838 2571067 2571300 2571536 2571773 2572014 2572256
2572500 2572746 2572995 2573245 2573496 2573748 2574001 2574254
2574509 2574764 2575020 2575277 2575534 2575792 2576051 2576310
2576570 2576831 2577092 2577353 2577615 2577878 2578141 2578404
2578667 2578730 2578793 2578856 2578919 2579008 2579138 2579318
2579514 2579716 2579922 2580132 2580344 2580560 2580776 2580994
2581212 2581434 2581656 2581878 2582102 2582328 2582556 2582786
2583019 2583255 2583492 2583733 2583975 2584219 2584465 2584714
2584964 2585215 2585467 2585720 2585973 2586228 2586483 2586739
2586996 2587253 2587511 2587770 2588029 2588289 2588550 2588811
2589072 2589334 2589597 2589860 2590123 2590386 2590449 2590512
2590575 2590638 2590727 2590857 2591036 2591232 2591434 2591640
2591850 2592062 2592278 2592494 2592712 2592930 2593152 2593374
2593596 2593820 2594046 2594274 2594507 2594742 2594978 2595215
2595457 2595701 2595945 2596191 2596439 2596689 2596940 2597192
2597445 2597699 2597954 2598209 2598465 2598722 2598979 2599238
2599497 2599756 2600016 2600277 2600539 2600800 2601063 2601325
2601388 2601451 2601514 2601599 2601724 2601903 2602099 2602301
2602507 2602717 2602929 2603145 2603361 2603579 2603797 2604019
2604241 2604463 2604687 2604913 2605141 2605374 2605610 2605846
2606084 2606326 2606570 2606815 2607061 2607310 2607561 2607812
2608064 2608317 2608571 2608826 2609081 2609338 2609595 2609853
2610112 2610371 2610631 2610892 2611153 2611414 2611677 2611940
2612202 2612265 2612328 2612391 2612476 2612600 2612778 2612974
2613176 2613382 2613592 2613804 2614020 2614236 2614454 2614672
2614894 2615116 2615338 2615562 2615788 2616017 2616251 2616487
2616724 2616962 2617204 2617448 2617693 2617939 2618188 2618439
2618690 2618942 2619195 2619449 2619704 2619960 2620217 2620474
2620732 2620991 2621250 2621511 2621772 2622033 2622294 2622557
2622820 2623083 2623346 2623409 2623472 2623535 2623598 2623691
2623837 2624018 2624214 2624416 2624622 2624832 2625044 2625260
2625476 2625694 2625912 2626134 2626356 2626578 2626802 2627028
2627257 2627491 2627727 2627965 2628207 2628451 2628696 2628942
2629191 2629442 2629693 2629945 2630198 2630452 2630707 2630962
2631218 2631475 2631732 2631990 2632249 2632508 2632769 2633030
2633292 2633555 2633818 2634081 2634344 2634607 2634670 2634733
2634796 2634889 2635035 2635216 2635412 2635614 2635820 2636030
2636242 2636458 2636674 2636892 2637110 2637332 2637554 2637776
2638000 2638226 2638457 2638691 2638927 2639164 2639405 2639647
2639891 2640137 2640383 2640632 2640883 2641134 2641386 2641639
2641893 2642148 2642403 2642659 2642916 2643173 2643431 2643690
2643949 2644210 2644471 2644733 2644996 2645259 2645522 2645785
2646048 2646111 2646174 2646237 2646330 2646476 2646657 2646853
2647055 2647261 2647471 2647683 2647899 2648115 2648333 2648551
2648773 2648995 2649217 2649441 2649668 2649901 2650137 2650374
2650615 2650857 2651101 2651347 2651593 2651842 2652093 2652345
2652597 2652850 2653104 2653359 2653614 2653870 2654127 2654384
2654642 2654901 2655160 2655421 2655682 2655944 2656205 2656468
2656731 2656994 2657257 2657520 2657583 2657646 2657709 2657802
2657948 2658129 2658325 2658527 2658733 2658943 2659155 2659371
2659587 2659805 2660023 2660245 2660467 2660689 2660913 2661140
2661373 2661609 2661847 2662088 2662331 2662575 2662821 2663068
2663317 2663568 2663820 2664073 2664326 2664580 2664835 2665090
2665346 2665603 2665860 2666118 2666377 2666636 2666897 2667158
2667421 2667683 2667946 2668209 2668472 2668735 2668998 2669061
2669124 2669187 2669278 2669422 2669602 2669798 2670000 2670207
2670418 2670630 2670846 2671063 2671281 2671501 2671723 2671945
2672167 2672391 2672618 2672851 2673088 2673328 2673570 2673814
2674059 2674305 2674552 2674802 2675053 2675305 2675558 2675811
2676065 2676320 2676575 2676831 2677088 2677345 2677603 2677862
2678122 2678383 2678644 2678907 2679169 2679432 2679695 2679958
2680221 2680484 2680547 2680610 2680673 2680770 2680949 2681145
2681347 2681554 2681765 2681977 2682193 2682410 2682628 2682847
2683069 2683291 2683513 2683737 2683965 2684199 2684436 2684676
2684918 2685162 2685407 2685653 2685901 2686151 2686402 2686654
2686907 2687161 2687416 2687671 2687927 2688184 2688441 2688700
2688959 2689219 2689480 2689741 2690004 2690266 2690529 2690792
2691055 2691318 2691581 2691644 2691707 2691770 2691867 2692046
2692242 2692444 2692651 2692862 2693074 2693290 2693507 2693725
2693944 2694166 2694388 2694610 2694834 2695062 2695296 2695533
2695773 2696015 2696259 2696504 2696750 2696998 2697248 2697499
2697751 2698004 2698258 2698513 2698768 2699024 2699281 2699538
2699797 2700056 2700316 2700577 2700838 2701101 2701363 2701626
2701889 2702152 2702415 2702678 2702741 2702804 2702867 2702964
2703143 2703339 2703541 2703747 2703958 2704170 2704386 2704603
2704821 2705041 2705263 2705485 2705708 2705932 2706160 2706394
2706630 2706867 2707109 2707353 2707598 2707844 2708092 2708342
2708593 2708845 2709098 2709352 2709607 2709862 2710118 2710375
2710633 2710892 2711151 2711411 2711672 2711933 2712196 2712458
2712721 2712984 2713247 2713510 2713773 2713836 2713899 2713962
2714059 2714238 2714434 2714636 2714842 2715053 2715265 2715481
2715698 2715916 2716136 2716358 2716580 2716803 2717027 2717255
2717489 2717725 2717962 2718204 2718448 2718693 2718939 2719187
2719437 2719688 2719940 2720193 2720447 2720702 2720957 2721213
2721470 2721728 2721987 2722246 2722506 2722767 2723028 2723291
2723553 2723816 2724079 2724342 2724605 2724868 2724931 2724994
2725057 2725154 2725331 2725526 2725728 2725934 2726145 2726357
2726573 2726790 2727008 2727228 2727450 2727672 2727895 2728119
2728347 2728582 2728819 2729061 2729305 2729550 2729796 2730044
2730294 2730545 2730797 2731050 2731304 2731559 2731814 2732070
2732327 2732585 2732844 2733103 2733363 2733624 2733885 2734148
2734410 2734673 2734936 2735199 2735462 2735725 2735788 2735851
2735914 2736015 2736195 2736390 2736592 2736798 2737009 2737221
2737437 2737654 2737872 2738092 2738314 2738536 2738759 2738983
2739211 2739446 2739683 2739925 2740169 2740414 2740660 2740908
2741158 2741409 2741661 2741914 2742168 2742423 2742678 2742934
2743191 2743449 2743708 2743967 2744227 2744488 2744749 2745011
2745274 2745537 2745800 2746063 2746326 2746389 2746452 2746551
2746730 2746922 2747124 2747330 2747540 2747752 2747968 2748185
2748403 2748623 2748845 2749067 2749290 2749514 2749739 2749967
2750202 2750439 2750681 2750925 2751171 2751417 2751666 2751916
2752167 2752419 2752672 2752926 2753181 2753436 2753692 2753949
2754207 2754466 2754725 2754985 2755246 2755507 2755768 2756031
2756294 2756557 2756821 2756884 2756981 2757158 2757350 2757551
2757757 2757967 2758179 2758391 2758607 2758823 2759040 2759258
2759479 2759701 2759923 2760146 2760370 2760598 2760833 2761071
2761313 2761555 2761799 2762045 2762291 2762540 2762791 2763043
2763295 2763548 2763802 2764057 2764312 2764568 2764825 2765083
2765342 2765601 2765860 2766120 2766381 2766642 2766903 2767166
2767429 2767693 2767756 2767933 2768125 2768326 2768532 2768742
2768954 2769170 2769387 2769605 2769826 2770048 2770270 2770493
2770717 2770945 2771180 2771418 2771660 2771902 2772146 2772392
2772638 2772887 2773138 2773390 2773642 2773895 2774149 2774404
2774659 2774915 2775172 2775430 2775688 2775947 2776206 2776466
2776727 2776988 2777249 2777511 2777774 2778037 2778300 2778563
2778827 2778890 2779063 2779254 2779455 2779661 2779871 2780083
2780299 2780516 2780734 2780955 2781177 2781399 2781623 2781847
2782075 2782310 2782548 2782790 2783032 2783276 2783522 2783768
2784017 2784268 2784520 2784772 2785025 2785279 2785534 2785789
2786045 2786303 2786561 2786820 2787080 2787339 2787598 2787858
2788119 2788380 2788641 2788903 2789166 2789429 2789692 2789955
2790218 2790482 2790747 2790810 2790981 2791173 2791375 2791581
2791791 2792003 2792219 2792437 2792655 2792876 2793098 2793320
2793544 2793768 2793996 2794231 2794467 2794705 2794947 2795189
2795433 2795679 2795925 2796175 2796425 2796677 2796929 2797182
2797436 2797691 2797946 2798203 2798461 2798719 2798978 2799238
2799497 2799756 2800016 2800277 2800538 2800799 2801061 2801324
2801587 2801850 2802113 2802376 2802640 2802905 2802968 2803130
2803308 2803493 2803687 2803888 2804092 2804301 2804512 2804724
2804938 2805154 2805371 2805589 2805808 2806031 2806262 2806494
2806728 2806967 2807206 2807447 2807690 2807934 2808181 2808428
2808677 2808926 2809176 2809428 2809681 2809934 2810188 2810444
2810700 2810958 2811217 2811475 2811733 2811992 2812252 2812512
2812772 2813034 2813297 2813561 2813825 2814089 2814354 2814620
2814887 2814950 2815120 2815312 2815512 2815718 2815928 2816140
2816352 2816568 2816786 2817004 2817225 2817447 2817669 2817893
2818117 2818345 2818579 2818815 2819052 2819294 2819538 2819784
2820031 2820281 2820531 2820782 2821034 2821287 2821541 2821796
2822052 2822309 2822566 2822824 2823082 2823342 2823602 2823861
2824121 2824382 2824643 2824906 2825170 2825433 2825696 2825959
2826223 2826488 2826551 2826721 2826913 2827113 2827319 2827529
2827741 2827953 2828169 2828387 2828605 2828827 2829049 2829271
2829495 2829719 2829947 2830181 2830417 2830654 2830896 2831140
2831385 2831632 2831882 2832132 2832383 2832635 2832888 2833142
2833397 2833653 2833910 2834168 2834426 2834685 2834945 2835205
2835465 2835726 2835987 2836250 2836514 2836777 2837040 2837303
2837566 2837830 2838095 2838158 2838328 2838520 2838720 2838926
2839136 2839347 2839559 2839775 2839991 2840207 2840425 2840643
2840865 2841087 2841309 2841533 2841757 2841983 2842211 2842445
2842682 2842923 2843165 2843409 2843654 2843902 2844151 2844401
2844652 2844904 2845156 2845410 2845666 2845923 2846181 2846439
2846698 2846958 2847218 2847478 2847739 2848000 2848261 2848523
2848788 2849052 2849315 2849578 2849841 2850105 2850370 2850433
2850603 2850795 2850997 2851203 2851413 2851624 2851836 2852048
2852264 2852481 2852699 2852917 2853135 2853357 2853579 2853801
2854025 2854249 2854475 2854703 2854937 2855173 2855411 2855652
2855896 2856142 2856390 2856638 2856888 2857139 2857391 2857644
2857899 2858155 2858412 2858669 2858927 2859186 2859445 2859705
2859966 2860226 2860487 2860748 2861009 2861273 2861537 2861800
2862063 2862326 2862590 2862855 2862918 2863088 2863280 2863482
2863689 2863899 2864111 2864324 2864540 2864756 2864973 2865191
2865409 2865630 2865852 2866074 2866296 2866519 2866743 2866968
2867194 2867422 2867655 2867891 2868129 2868370 2868614 2868860
2869108 2869356 2869606 2869856 2870108 2870362 2870617 2870872
2871128 2871385 2871643 2871902 2872161 2872421 2872681 2872942
2873202 2873464 2873725 2873989 2874253 2874516 2874779 2875042
2875306 2875571 2875634 2875802 2875994 2876194 2876400 2876610
2876822 2877034 2877247 2877463 2877679 2877897 2878115 2878337
2878559 2878781 2879003 2879227 2879451 2879677 2879903 2880131
2880364 2880600 2880838 2881079 2881323 2881569 2881817 2882065
2882315 2882566 2882818 2883072 2883327 2883582 2883838 2884095
2884353 2884611 2884870 2885129 2885389 2885650 2885911 2886172
2886433 2886697 2886962 2887226 2887489 2887752 2888016 2888281
2888344 2888514 2888706 2888908 2889115 2889325 2889537 2889749
2889964 2890180 2890396 2890614 2890832 2891051 2891273 2891495
2891717 2891941 2892165 2892391 2892618 2892846 2893079 2893315
2893557 2893801 2894047 2894293 2894541 2894790 2895042 2895295
2895549 2895803 2896058 2896314 2896570 2896827 2897085 2897344
2897603 2897863 2898123 2898384 2898645 2898907 2899170 2899435
2899699 2899962 2900226 2900491 2900756 2901021 2901084 2901252
2901444 2901645 2901852 2902064 2902276 2902489 2902705 2902921
2903139 2903357 2903575 2903796 2904018 2904240 2904462 2904686
2904910 2905136 2905363 2905591 2905824 2906060 2906300 2906544
2906790 2907036 2907285 2907535 2907787 2908039 2908292 2908546
2908801 2909056 2909312 2909569 2909826 2910084 2910343 2910602
2910863 2911125 2911388 2911653 2911917 2912181 2912444 2912708
2912973 2913238 2913503 2913566 2913734 2913926 2914128 2914335
2914547 2914759 2914973 2915189 2915405 2915623 2915841 2916059
2916280 2916502 2916724 2916946 2917168 2917391 2917615 2917839
2918065 2918293 2918521 2918754 2918990 2919230 2919474 2919720
2919967 2920216 2920466 2920718 2920970 2921223 2921477 2921731
2921986 2922242 2922498 2922755 2923013 2923271 2923530 2923790
2924051 2924314 2924579 2924844 2925108 2925371 2925634 2925898
2926162 2926427 2926692 2926957 2927020 2927186 2927378 2927580
2927787 2927997 2928209 2928421 2928635 2928851 2929067 2929285
2929503 2929721 2929942 2930164 2930386 2930608 2930830 2931054
2931278 2931502 2931728 2931956 2932184 2932417 2932654 2932894
2933138 2933384 2933631 2933880 2934130 2934382 2934634 2934887
2935141 2935395 2935650 2935906 2936162 2936419 2936677 2936935
2937194 2937454 2937715 2937978 2938242 2938507 2938771 2939034
2939297 2939561 2939825 2940090 2940355 2940620 2940683 2940849
2941041 2941243 2941450 2941660 2941872 2942084 2942299 2942515
2942731 2942949 2943167 2943385 2943606 2943828 2944050 2944272
2944494 2944718 2944942 2945166 2945392 2945620 2945848 2946081
2946318 2946558 2946802 2947048 2947295 2947544 2947794 2948046
2948298 2948551 2948805 2949059 2949314 2949570 2949826 2950083
2950341 2950599 2950858 2951118 2951379 2951640 2951903 2952167
2952432 2952696 2952960 2953223 2953487 2953751 2954016 2954281
2954344 2954510 2954702 2954904 2955111 2955321 2955533 2955745
2955960 2956176 2956392 2956610 2956828 2957046 2957268 2957490
2957712 2957934 2958156 2958380 2958604 2958828 2959054 2959282
2959510 2959744 2959981 2960224 2960468 2960714 2960962 2961212
2961462 2961714 2961967 2962220 2962474 2962729 2962985 2963241
2963498 2963755 2964013 2964272 2964531 2964792 2965053 2965315
2965578 2965841 2966106 2966370 2966634 2966897 2967161 2967426
2967691 2967956 2968019 2968185 2968377 2968579 2968786 2968996
2969208 2969420 2969635 2969851 2970067 2970285 2970503 2970721
2970943 2971165 2971387 2971609 2971831 2972055 2972279 2972504
2972730 2972958 2973186 2973420 2973657 2973900 2974144 2974390
2974638 2974888 2975139 2975391 2975644 2975897 2976151 2976406
2976662 2976918 2977175 2977432 2977690 2977949 2978208 2978469
2978730 2978992 2979255 2979518 2979782 2980047 2980312 2980576
2980839 2981103 2981367 2981632 2981897 2981960 2982126 2982318
2982520 2982727 2982937 2983149 2983361 2983576 2983792 2984009
2984227 2984445 2984664 2984886 2985108 2985330 2985552 2985774
2985998 2986222 2986447 2986673 2986901 2987129 2987363 2987601
2987844 2988088 2988335 2988585 2988835 2989086 2989338 2989591
2989845 2990099 2990354 2990610 2990867 2991124 2991382 2991640
2991899 2992158 2992419 2992680 2992942 2993205 2993468 2993732
2993997 2994262 2994527 2994791 2995055 2995320 2995383 2995549
2995739 2995939 2996145 2996355 2996567 2996779 2996995 2997211
2997428 2997646 2997864 2998083 2998305 2998527 2998749 2998971
2999193 2999417 2999641 2999867 3000094 3000322 3000550 3000784
3001023 3001266 3001511 3001758 3002008 3002258 3002510 3002762
3003015 3003269 3003523 3003778 3004034 3004291 3004548 3004806
3005065 3005324 3005584 3005845 3006106 3006368 3006630 3006893
3007156 3007420 3007685 3007950 3008214 3008477 3008741 3009006
3009069 3009236 3009428 3009630 3009837 3010047 3010259 3010471
3010687 3010903 3011120 3011338 3011556 3011775 3011997 3012219
3012441 3012663 3012885 3013109 3013333 3013559 3013786 3014014
3014243 3014477 3014716 3014959 3015204 3015451 3015701 3015951
3016203 3016455 3016708 3016962 3017216 3017471 3017727 3017984
3018241 3018499 3018758 3019017 3019277 3019538 3019799 3020061
3020323 3020586 3020849 3021113 3021378 3021643 3021907 3022170
3022434 3022699 3022762 3022929 3023121 3023323 3023530 3023740
3023952 3024164 3024380 3024596 3024813 3025031 3025249 3025468
3025690 3025912 3026134 3026356 3026579 3026803 3027027 3027251
3027477 3027704 3027932 3028161 3028396 3028635 3028878 3029123
3029370 3029620 3029870 3030122 3030374 3030627 3030881 3031135
3031390 3031646 3031903 3032160 3032418 3032677 3032936 3033196
3033457 3033718 3033980 3034242 3034505 3034769 3035034 3035299
3035563 3035826 3036090 3036355 3036418 3036583 3036775 3036976
3037180 3037387 3037597 3037809 3038021 3038237 3038453 3038670
3038888 3039106 3039324 3039546 3039768 3039990 3040212 3040435
3040659 3040883 3041108 3041334 3041561 3041789 3042018 3042253
3042492 3042735 3042981 3043229 3043479 3043729 3043981 3044233
3044486 3044740 3044995 3045250 3045506 3045763 3046020 3046278
3046537 3046796 3047056 3047317 3047578 3047840 3048103 3048366
3048629 3048893 3049158 3049423 3049688 3049952 3050215 3050479
3050744 3050807 3050972 3051162 3051362 3051566 3051772 3051982
3052194 3052406 3052622 3052838 3053054 3053272 3053490 3053708
3053930 3054152 3054374 3054596 3054819 3055043 3055267 3055492
3055718 3055945 3056173 3056403 3056639 3056878 3057123 3057371
3057619 3057869 3058119 3058371 3058623 3058876 3059130 3059385
3059640 3059896 3060153 3060410 3060668 3060927 3061186 3061446
3061706 3061967 3062229 3062492 3062755 3063018 3063281 3063545
3063810 3064075 3064340 3064604 3064868 3065133 3065196 3065287
3065386 3065493 3065631 3065781 3065960 3066154 3066356 3066562
3066772 3066984 3067196 3067412 3067628 3067844 3068062 3068280
3068499 3068721 3068943 3069165 3069387 3069611 3069835 3070059
3070284 3070510 3070737 3070965 3071195 3071431 3071670 3071915
3072163 3072411 3072661 3072911 3073163 3073415 3073668 3073922
3074177 3074432 3074688 3074945 3075202 3075460 3075719 3075978
3076238 3076498 3076759 3077021 3077284 3077547 3077810 3078073
3078337 3078602 3078867 3079132 3079396 3079659 3079923 3080188
3080251 3080342 3080441 3080549 3080687 3080837 3081016 3081210
3081412 3081618 3081828 3082040 3082252 3082468 3082684 3082900
3083118 3083336 3083555 3083777 3083999 3084221 3084443 3084667
3084891 3085115 3085340 3085566 3085794 3086022 3086250 3086486
3086725 3086970 3087216 3087464 3087714 3087964 3088216 3088468
3088721 3088975 3089230 3089485 3089741 3089998 3090255 3090513
3090772 3091031 3091291 3091551 3091812 3092074 3092337 3092600
3092863 3093126 3093390 3093655 3093920 3094185 3094449 3094712
3094976 3095241 3095304 3095403 3095510 3095654 3095819 3096007
3096205 3096408 3096614 3096824 3097036 3097248 3097463 3097679
3097895 3098113 3098331 3098549 3098770 3098992 3099214 3099436
3099659 3099883 3100107 3100332 3100558 3100785 3101013 3101241
3101476 3101714 3101953 3102197 3102443 3102691 3102940 3103190
3103440 3103692 3103944 3104198 3104452 3104707 3104963 3105219
3105476 3105734 3105993 3106252 3106512 3106773 3107034 3107296
3107560 3107823 3108086 3108349 3108613 3108878 3109143 3109408
3109672 3109936 3110200 3110465 3110730 3110793 3110953 3111141
3111340 3111543 3111749 3111959 3112170 3112382 3112595 3112811
3113027 3113245 3113463 3113681 3113902 3114124 3114346 3114568
3114791 3115015 3115239 3115464 3115690 3115917 3116145 3116373
3116607 3116844 3117082 3117322 3117566 3117812 3118060 3118308
3118558 3118808 3119060 3119312 3119565 3119819 3120074 3120329
3120585 3120842 3121099 3121357 3121616 3121876 3122136 3122397
3122659 3122923 3123186 3123449 3123713 3123977 3124242 3124507
3124772 3125036 3125299 3125563 3125828 3126093 3126358 3126421
3126581 3126769 3126968 3127171 3127377 3127587 3127798 3128010
3128223 3128439 3128655 3128873 3129091 3129309 3129530 3129752
3129974 3130196 3130419 3130643 3130867 3131092 3131318 3131545
3131773 3132001 3132235 3132472 3132710 3132950 3133194 3133440
3133688 3133936 3134186 3134436 3134688 3134940 3135193 3135447
3135702 3135957 3136213 3136470 3136727 3136985 3137244 3137504
3137764 3138025 3138287 3138551 3138814 3139077 3139341 3139605
3139870 3140135 3140400 3140664 3140927 3141191 3141456 3141721
3141986 3142049 3142211 3142400 3142599 3142803 3143009 3143219
3143431 3143643 3143858 3144074 3144290 3144508 3144726 3144945
3145167 3145389 3145611 3145833 3146057 3146281 3146505 3146731
3146957 3147184 3147412 3147640 3147873 3148109 3148348 3148589
3148833 3149079 3149327 3149575 3149825 3150075 3150327 3150579
3150832 3151086 3151341 3151596 3151852 3152109 3152366 3152624
3152883 3153142 3153402 3153663 3153924 3154186 3154450 3154714
3154977 3155240 3155504 3155768 3156033 3156298 3156563 3156827
3157092 3157356 3157621 3157886 3158151 3158214 3158376 3158565
3158764 3158968 3159174 3159384 3159596 3159808 3160023 3160239
3160455 3160673 3160891 3161110 3161332 3161554 3161776 3161998
3162222 3162446 3162670 3162896 3163122 3163349 3163577 3163805
3164038 3164274 3164513 3164754 3164998 3165244 3165492 3165740
3165990 3166240 3166492 3166744 3166997 3167251 3167506 3167761
3168017 3168274 3168531 3168789 3169048 3169307 3169567 3169828
3170089 3170351 3170615 3170879 3171142 3171405 3171669 3171933
3172198 3172463 3172728 3172992 3173257 3173521 3173786 3174051
3174316 3174379 3174542 3174731 3174930 3175134 3175340 3175550
3175762 3175974 3176189 3176405 3176621 3176839 3177057 3177277
3177499 3177721 3177943 3178165 3178389 3178613 3178837 3179063
3179289 3179516 3179744 3179972 3180200 3180433 3180669 3180908
3181149 3181393 3181639 3181887 3182135 3182385 3182635 3182887
3183139 3183392 3183646 3183901 3184156 3184412 3184669 3184926
3185184 3185443 3185702 3185962 3186223 3186484 3186746 3187010
3187274 3187537 3187800 3188064 3188328 3188593 3188858 3189123
3189387 3189652 3189916 3190181 3190446 3190711 3190774 3190937
3191126 3191327 3191530 3191736 3191946 3192158 3192370 3192586
3192802 3193019 3193237 3193455 3193676 3193898 3194120 3194342
3194564 3194788 3195012 3195237 3195463 3195689 3195917 3196145
3196373 3196602 3196837 3197075 3197315 3197556 3197801 3198047
3198295 3198543 3198793 3199043 3199295 3199547 3199800 3200054
3200309 3200564 3200820 3201077 3201334 3201592 3201851 3202110
3202370 3202630 3202891 3203153 3203417 3203682 3203946 3204209
3204473 3204737 3205002 3205267 3205532 3205797 3206062 3206326
3206591 3206856 3207121 3207184 3207347 3207536 3207737 3207940
3208146 3208356 3208568 3208780 3208996 3209212 3209429 3209647
3209865 3210086 3210308 3210530 3210752 3210974 3211198 3211422
3211647 3211873 3212099 3212326 3212554 3212782 3213010 3213239
3213474 3213712 3213952 3214193 3214438 3214684 3214932 3215180
3215430 3215680 3215932 3216184 3216437 3216691 3216946 3217201
3217457 3217714 3217971 3218229 3218488 3218747 3219007 3219267
3219528 3219790 3220054 3220319 3220583 3220846 3221110 3221374
3221639 3221904 3222169 3222434 3222699 3222963 3223228 3223493
3223758 3223821 3223986 3224178 3224375 3224577 3224781 3224988
3225198 3225410 3225622 3225838 3226054 3226272 3226490 3226708
3226930 3227152 3227374 3227596 3227818 3228042 3228266 3228490
3228715 3228941 3229168 3229396 3229624 3229852 3230081 3230314
3230553 3230794 3231039 3231285 3231533 3231781 3232031 3232282
3232534 3232787 3233041 3233295 3233550 3233806 3234062 3234319
3234577 3234835 3235094 3235353 3235613 3235874 3236136 3236400
3236665 3236929 3237192 3237456 3237720 3237985 3238250 3238515
3238780 3239045 3239309 3239574 3239839 3240104 3240167 3240332
3240524 3240722 3240924 3241128 3241335 3241545 3241757 3241969
3242185 3242401 3242618 3242836 3243054 3243275 3243497 3243719
3243941 3244163 3244386 3244610 3244834 3245060 3245286 3245513
3245741 3245969 3246197 3246425 3246654 3246887 3247126 3247367
3247612 3247858 3248106 3248354 3248604 3248855 3249107 3249360
3249614 3249868 3250123 3250379 3250635 3250892 3251150 3251408
3251667 3251926 3252186 3252447 3252709 3252972 3253236 3253501
3253765 3254028 3254292 3254556 3254821 3255086 3255351 3255616
3255881 3256145 3256410 3256675 3256940 3257003 3257169 3257361
3257559 3257761 3257965 3258174 3258384 3258596 3258808 3259024
3259240 3259458 3259676 3259894 3260116 3260338 3260560 3260782
3261004 3261228 3261452 3261677 3261903 3262129 3262357 3262585
3262813 3263041 3263271 3263505 3263744 3263985 3264230 3264476
3264724 3264972 3265222 3265473 3265725 3265978 3266232 3266487
3266742 3266998 3267255 3267513 3267771 3268030 3268290 3268551
3268813 3269077 3269342 3269607 3269870 3270134 3270399 3270664
3270929 3271194 3271458 3271723 3271988 3272253 3272518 3272783
3272846 3273012 3273204 3273402 3273604 3273808 3274017 3274227
3274439 3274652 3274868 3275084 3275302 3275520 3275738 3275960
3276182 3276404 3276626 3276848 3277072 3277296 3277521 3277747
3277973 3278201 3278429 3278657 3278885 3279115 3279349 3279588
3279829 3280074 3280320 3280568 3280816 3281066 3281317 3281569
3281822 3282076 3282331 3282586 3282842 3283099 3283357 3283615
3283874 3284134 3284395 3284657 3284920 3285184 3285449 3285714
3285978 3286242 3286507 3286772 3287037 3287302 3287566 3287831
3288096 3288361 3288626 3288891 3288954 3289119 3289311 3289509
3289711 3289916 3290124 3290334 3290546 3290760 3290976 3291192
3291410 3291628 3291847 3292069 3292291 3292513 3292735 3292958
3293182 3293406 3293632 3293858 3294085 3294313 3294541 3294769
3294997 3295225 3295456 3295693 3295933 3296173 3296414 3296659
3296905 3297153 3297403 3297653 3297904 3298156 3298409 3298663
3298917 3299173 3299430 3299688 3299946 3300205 3300465 3300725
3300985 3301246 3301507 3301770 3302034 3302299 3302564 3302828
3303092 3303357 3303622 3303887 3304152 3304416 3304681 3304946
3305211 3305476 3305741 3305804 3305969 3306161 3306359 3306561
3306766 3306975 3307185 3307397 3307611 3307827 3308043 3308261
3308479 3308699 3308921 3309143 3309365 3309587 3309810 3310034
3310258 3310484 3310710 3310937 3311165 3311393 3311621 3311849
3312077 3312308 3312545 3312785 3313025 3313266 3313511 3313757
3314005 3314255 3314505 3314756 3315008 3315261 3315515 3315769
3316025 3316282 3316540 3316798 3317057 3317317 3317578 3317838
3318099 3318360 3318623 3318887 3319152 3319417 3319681 3319945
3320210 3320475 3320740 3321005 3321269 3321534 3321799 3322064
3322329 3322594 3322657 3322822 3323014 3323212 3323414 3323620
3323830 3324041 3324253 3324467 3324683 3324899 3325117 3325335
3325555 3325777 3325999 3326221 3326443 3326667 3326891 3327116
3327342 3327568 3327796 3328024 3328252 3328480 3328708 3328937
3329169 3329406 3329646 3329887 3330132 3330378 3330626 3330876
3331126 3331377 3331629 3331882 3332137 3332392 3332648 3332905
3333163 3333421 3333680 3333940 3334201 3334463 3334724 3334987
3335251 3335516 3335781 3336046 3336310 3336575 3336840 3337105
3337370 3337634 3337899 3338164 3338429 3338694 3338959 3339022
3339188 3339380 3339578 3339780 3339986 3340196 3340407 3340619
3340833 3341049 3341265 3341483 3341701 3341922 3342144 3342366
3342588 3342810 3343034 3343258 3343483 3343709 3343936 3344164
3344392 3344620 3344848 3345076 3345305 3345537 3345774 3346014
3346255 3346500 3346746 3346994 3347244 3347494 3347745 3347997
3348251 3348506 3348761 3349017 3349274 3349532 3349790 3350049
3350309 3350570 3350832 3351093 3351356 3351620 3351885 3352150
3352415 3352679 3352944 3353209 3353474 3353739 3354004 3354269
3354534 3354799 3355064 3355329 3355392 3355558 3355751 3355949
3356151 3356357 3356567 3356778 3356990 3357206 3357422 3357639
3357857 3358075 3358296 3358518 3358740 3358962 3359185 3359409
3359633 3359859 3360085 3360312 3360540 3360768 3360996 3361224
3361452 3361682 3361914 3362151 3362391 3362633 3362879 3363125
3363373 3363623 3363873 3364124 3364377 3364631 3364886 3365141
3365397 3365655 3365914 3366173 3366433 3366693 3366953 3367214
3367476 3367737 3368000 3368264 3368529 3368794 3369059 3369324
3369589 3369854 3370119 3370384 3370649 3370914 3371179 3371444
3371709 3371974 3372239 3372302 3372468 3372662 3372860 3373062
3373268 3373478 3373690 3373902 3374118 3374334 3374551 3374769
3374987 3375208 3375430 3375652 3375874 3376097 3376321 3376545
3376771 3376997 3377225 3377453 3377681 3377909 3378137 3378366
3378596 3378828 3379066 3379306 3379548 3379794 3380040 3380288
3380538 3380788 3381040 3381293 3381547 3381802 3382057 3382314
3382572 3382831 3383090 3383350 3383611 3383872 3384133 3384395
3384657 3384920 3385184 3385449 3385714 3385979 3386244 3386509
3386774 3387039 3387304 3387569 3387834 3388099 3388364 3388629
3388894 3389159 3389222 3389389 3389584 3389782 3389984 3390190
3390400 3390612 3390824 3391040 3391256 3391474 3391692 3391911
3392133 3392355 3392577 3392799 3393023 3393247 3393473 3393699
3393926 3394154 3394382 3394610 3394838 3395066 3395294 3395523
3395754 3395989 3396227 3396467 3396709 3396955 3397203 3397451
3397701 3397952 3398204 3398457 3398711 3398967 3399223 3399480
3399738 3399997 3400256 3400516 3400777 3401038 3401299 3401561
3401823 3402086 3402350 3402615 3402880 3403145 3403410 3403675
3403940 3404205 3404470 3404735 3405000 3405265 3405530 3405795
3406060 3406325 3406590 3406653 3406821 3407016 3407214 3407417
3407623 3407833 3408045 3408257 3408473 3408689 3408907 3409125
3409344 3409566 3409788 3410010 3410232 3410456 3410680 3410906
3411132 3411359 3411587 3411815 3412043 3412271 3412499 3412727
3412957 3413188 3413423 3413662 3413902 3414144 3414390 3414638
3414886 3415137 3415388 3415640 3415893 3416148 3416404 3416660
3416917 3417175 3417434 3417693 3417953 3418214 3418475 3418737
3419000 3419262 3419525 3419789 3420054 3420319 3420584 3420849
3421114 3421379 3421644 3421909 3422174 3422439 3422704 3422969
3423234 3423499 3423764 3424029 3424294 3424357 3424525 3424720
3424918 3425121 3425327 3425537 3425749 3425961 3426177 3426393
3426611 3426829 3427048 3427270 3427492 3427714 3427936 3428160
3428384 3428610 3428836 3429063 3429291 3429519 3429747 3429975
3430203 3430431 3430661 3430892 3431127 3431365 3431605 3431847
3432093 3432341 3432589 3432840 3433091 3433343 3433597 3433852
3434108 3434364 3434621 3434879 3435138 3435397 3435657 3435918
3436179 3436441 3436704 3436966 3437229 3437493 3437758 3438023
3438288 3438553 3438818 3439083 3439348 3439613 3439878 3440143
3440408 3440673 3440938 3441203 3441468 3441733 3441998 3442263
3442326 3442492 3442686 3442884 3443086 3443292 3443502 3443714
3443926 3444142 3444358 3444575 3444793 3445011 3445233 3445455
3445677 3445899 3446123 3446347 3446572 3446798 3447025 3447253
3447481 3447709 3447937 3448165 3448393 3448623 3448855 3449092
3449331 3449572 3449817 3450063 3450311 3450559 3450810 3451061
3451313 3451567 3451822 3452078 3452334 3452591 3452849 3453108
3453367 3453627 3453888 3454149 3454411 3454674 3454936 3455199
3455463 3455728 3455993 3456258 3456523 3456788 3457053 3457318
3457583 3457848 3458113 3458378 3458643 3458908 3459173 3459438
3459703 3459968 3460233 3460296 3460463 3460657 3460855 3461057
3461263 3461473 3461685 3461897 3462113 3462329 3462547 3462765
3462984 3463206 3463428 3463650 3463872 3464096 3464320 3464544
3464770 3464996 3465223 3465451 3465679 3465907 3466135 3466363
3466591 3466820 3467051 3467286 3467524 3467764 3468005 3468250
3468496 3468744 3468993 3469244 3469495 3469748 3470002 3470257
3470513 3470769 3471026 3471284 3471543 3471802 3472062 3472323
3472584 3472846 3473109 3473371 3473634 3473898 3474163 3474428
3474693 3474958 3475223 3475489 3475755 3476020 3476285 3476550
3476815 3477080 3477345 3477610 3477875 3478140 3478405 3478670
3478935 3478998 3479165 3479360 3479558 3479761 3479967 3480177
3480389 3480601 3480817 3481033 3481251 3481469 3481688 3481910
3482132 3482354 3482576 3482800 3483024 3483248 3483472 3483698
3483924 3484151 3484379 3484607 3484835 3485063 3485291 3485519
3485749 3485981 3486216 3486454 3486694 3486935 3487180 3487426
3487674 3487923 3488174 3488426 3488680 3488934 3489189 3489445
3489702 3489959 3490217 3490476 3490735 3490995 3491256 3491517
3491780 3492043 3492306 3492570 3492835 3493100 3493365 3493630
3493895 3494161 3494427 3494692 3494957 3495222 3495487 3495752
3496017 3496282 3496547 3496812 3497077 3497342 3497607 3497670
3497838 3498032 3498230 3498432 3498638 3498848 3499060 3499272
3499488 3499704 3499921 3500139 3500358 3500580 3500802 3501024
3501246 3501468 3501692 3501916 3502140 3502366 3502592 3502818
3503045 3503273 3503501 3503729 3503957 3504185 3504413 3504643
3504875 3505110 3505348 3505588 3505829 3506074 3506320 3506569
3506818 3507069 3507321 3507575 3507829 3508084 3508340 3508597
3508854 3509112 3509371 3509630 3509890 3510151 3510412 3510674
3510937 3511200 3511463 3511727 3511992 3512257 3512522 3512787
3513052 3513318 3513584 3513850 3514115 3514380 3514645 3514910
3515175 3515440 3515705 3515970 3516235 3516500 3516765 3517030
3517093 3517259 3517451 3517649 3517851 3518057 3518267 3518479
3518691 3518907 3519123 3519341 3519559 3519778 3520000 3520222
3520444 3520666 3520889 3521113 3521337 3521561 3521787 3522013
3522240 3522468 3522696 3522924 3523152 3523380 3523608 3523837
3524067 3524299 3524533 3524771 3525011 3525252 3525497 3525744
3525993 3526242 3526494 3526746 3527000 3527254 3527509 3527765
3528022 3528279 3528537 3528796 3529055 3529315 3529576 3529837
3530099 3530362 3530626 3530889 3531153 3531418 3531683 3531948
3532213 3532479 3532745 3533011 3533277 3533542 3533807 3534072
3534337 3534602 3534867 3535132 3535397 3535662 3535927 3536192
3536457 3536520 3536686 3536878 3537076 3537278 3537484 3537694
3537905 3538117 3538333 3538549 3538766 3538984 3539203 3539425
3539647 3539869 3540091 3540313 3540536 3540760 3540984 3541210
3541436 3541662 3541889 3542117 3542345 3542573 3542801 3543029
3543257 3543486 3543717 3543949 3544183 3544421 3544661 3544906
3545153 3545402 3545652 3545904 3546156 3546410 3546664 3546919
3547175 3547431 3547688 3547946 3548205 3548464 3548724 3548985
3549246 3549507 3549769 3550032 3550296 3550559 3550823 3551087
3551352 3551617 3551882 3552147 3552413 3552679 3552945 3553211
3553476 3553741 3554006 3554271 3554536 3554801 3555066 3555331
3555596 3555861 3556126 3556391 3556454 3556619 3556811 3557009
3557211 3557416 3557626 3557836 3558048 3558262 3558478 3558695
3558913 3559131 3559353 3559575 3559797 3560019 3560242 3560466
3560690 3560914 3561140 3561366 3561592 3561818 3562045 3562273
3562501 3562729 3562957 3563185 3563413 3563642 3563873 3564105
3564339 3564577 3564817 3565062 3565309 3565558 3565808 3566060
3566312 3566566 3566820 3567075 3567331 3567587 3567844 3568102
3568361 3568620 3568880 3569141 3569402 3569664 3569927 3570191
3570454 3570718 3570982 3571247 3571512 3571777 3572042 3572307
3572573 3572839 3573105 3573371 3573636 3573901 3574166 3574431
3574696 3574961 3575226 3575491 3575756 3576021 3576286 3576551
3576614 3576779 3576971 3577169 3577371 3577577 3577787 3577997
3578209 3578425 3578641 3578858 3579076 3579294 3579516 3579738
3579960 3580182 3580405 3580629 3580853 3581077 3581303 3581529
3581755 3581982 3582210 3582438 3582666 3582894 3583122 3583350
3583578 3583807 3584038 3584270 3584504 3584742 3584982 3585228
3585475 3585725 3585975 3586227 3586479 3586733 3586987 3587242
3587498 3587754 3588011 3588269 3588528 3588787 3589047 3589308
3589569 3589830 3590092 3590355 3590618 3590882 3591146 3591410
3591675 3591940 3592205 3592470 3592735 3593000 3593266 3593532
3593799 3594065 3594330 3594595 3594860 3595125 3595390 3595655
3595920 3596185 3596450 3596715 3596980 3597245 3597308 3597473
3597665 3597863 3598065 3598270 3598480 3598691 3598903 3599119
3599335 3599552 3599770 3599988 3600209 3600431 3600653 3600875
3601097 3601321 3601545 3601769 3601994 3602220 3602446 3602673
3602900 3603128 3603356 3603584 3603812 3604040 3604268 3604496
3604724 3604953 3605184 3605416 3605649 3605887 3606127 3606369
3606615 3606863 3607113 3607363 3607615 3607867 3608120 3608374
3608629 3608885 3609141 3609398 3609656 3609914 3610173 3610433
3610693 3610954 3611215 3611477 3611740 3612004 3612267 3612532
3612797 3613062 3613327 3613592 3613858 3614124 3614390 3614656
3614922 3615187 3615452 3615717 3615982 3616247 3616513 3616778
3617044 3617309 3617574 3617839 3618104 3618167 3618332 3618524
3618722 3618924 3619130 3619340 3619551 3619763 3619979 3620195
3620412 3620630 3620849 3621070 3621292 3621514 3621736 3621958
3622180 3622404 3622628 3622852 3623077 3623303 3623529 3623756
3623984 3624212 3624440 3624668 3624896 3625124 3625352 3625580
3625808 3626038 3626270 3626502 3626735 3626973 3627213 3627455
3627701 3627949 3628199 3628449 3628701 3628953 3629206 3629460
3629715 3629971 3630227 3630484 3630742 3631000 3631259 3631518
3631778 3632039 3632300 3632562 3632824 3633087 3633351 3633615
3633878 3634143 3634408 3634673 3634938 3635203 3635469 3635735
3636001 3636268 3636534 3636799 3637064 3637329 3637594 3637859
3638125 3638390 3638656 3638921 3639186 3639451 3639716 3639779
3639944 3640136 3640333 3640535 3640740 3640949 3641159 3641371
3641585 3641801 3642018 3642236 3642454 3642675 3642897 3643119
3643341 3643563 3643786 3644010 3644234 3644459 3644685 3644911
3645137 3645364 3645592 3645820 3646048 3646276 3646504 3646732
3646960 3647188 3647416 3647646 3647878 3648110 3648342 3648580
3648820 3649062 3649307 3649555 3649805 3650055 3650307 3650559
3650812 3651066 3651321 3651577 3651833 3652090 3652348 3652606
3652865 3653124 3653384 3653645 3653906 3654168 3654430 3654693
3654958 3655222 3655486 3655750 3656014 3656279 3656544 3656809
3657074 3657339 3657605 3657871 3658137 3658404 3658670 3658935
3659200 3659465 3659730 3659995 3660261 3660526 3660791 3661057
3661322 3661587 3661852 3662117 3662180 3662345 3662537 3662734
3662936 3663141 3663351 3663562 3663774 3663988 3664204 3664421
3664639 3664857 3665078 3665300 3665522 3665744 3665966 3666189
3666413 3666637 3666861 3667087 3667313 3667539 3667766 3667994
3668222 3668450 3668678 3668906 3669134 3669362 3669590 3669820
3670052 3670284 3670516 3670753 3670994 3671236 3671482 3671730
3671980 3672230 3672482 3672734 3672987 3673241 3673496 3673752
3674008 3674265 3674523 3674781 3675040 3675299 3675559 3675820
3676081 3676342 3676604 3676867 3677132 3677397 3677661 3677925
3678189 3678453 3678718 3678983 3679248 3679513 3679778 3680044
3680310 3680576 3680843 3681109 3681374 3681639 3681904 3682169
3682434 3682700 3682965 3683230 3683496 3683761 3684026 3684291
3684556 3684619 3684782 3684974 3685171 3685373 3685577 3685786
3685996 3686208 3686421 3686637 3686854 3687072 3687290 3687510
3687732 3687954 3688176 3688398 3688620 3688844 3689068 3689292
3689516 3689742 3689968 3690194 3690420 3690648 3690876 3691104
3691332 3691560 3691788 3692016 3692244 3692472 3692702 3692934
3693166 3693398 3693635 3693876 3694119 3694363 3694611 3694859
3695109 3695360 3695612 3695865 3696119 3696374 3696629 3696885
3697142 3697399 3697657 3697916 3698175 3698435 3698696 3698957
3699218 3699480 3699743 3700008 3700273 3700537 3700802 3701067
3701332 3701597 3701862 3702127 3702392 3702658 3702924 3703191
3703458 3703724 3703989 3704254 3704519 3704784 3705049 3705315
3705581 3705847 3706113 3706378 3706643 3706908 3707173 3707236
3707396 3707585 3707782 3707984 3708188 3708398 3708608 3708820
3709036 3709252 3709469 3709687 3709906 3710128 3710350 3710572
3710794 3711016 3711239 3711463 3711687 3711911 3712136 3712362
3712588 3712814 3713040 3713268 3713496 3713724 3713952 3714180
3714408 3714636 3714864 3715092 3715321 3715552 3715784 3716016
3716248 3716480 3716717 3716959 3717202 3717448 3717696 3717946
3718196 3718448 3718700 3718954 3719208 3719463 3719719 3719976
3720233 3720491 3720749 3721008 3721267 3721527 3721788 3722049
3722311 3722574 3722837 3723102 3723367 3723632 3723898 3724165
3724431 3724697 3724962 3725227 3725492 3725758 3726024 3726291
3726558 3726825 3727092 3727359 3727625 3727890 3728155 3728421
3728687 3728953 3729220 3729487 3729754 3730019 3730284 3730549
3730814 3730877 3731038 3731227 3731424 3731626 3731831 3732041
3732252 3732464 3732680 3732896 3733113 3733331 3733550 3733771
3733993 3734215 3734437 3734659 3734881 3735104 3735328 3735552
3735776 3736002 3736228 3736454 3736680 3736907 3737135 3737363
3737591 3737819 3738047 3738275 3738503 3738731 3738960 3739190
3739422 3739654 3739886 3740119 3740359 3740601 3740844 3741091
3741339 3741589 3741840 3742092 3742345 3742599 3742854 3743110
3743366 3743623 3743881 3744139 3744398 3744657 3744917 3745178
3745439 3745701 3745963 3746226 3746489 3746754 3747020 3747287
3747554 3747821 3748088 3748355 3748622 3748889 3749156 3749423
3749690 3749957 3750224 3750491 3750758 3751025 3751293 3751560
3751827 3752094 3752361 3752628 3752895 3753162 3753429 3753696
3753962 3754228 3754493 3754758 3754821 3754984 3755176 3755374
3755576 3755782 3755992 3756203 3756415 3756631 3756847 3757065
3757283 3757501 3757721 3757943 3758165 3758387 3758609 3758831
3759055 3759279 3759503 3759728 3759954 3760180 3760406 3760633
3760861 3761089 3761317 3761545 3761773 3762001 3762229 3762457
3762685 3762915 3763147 3763379 3763611 3763843 3764077 3764317
3764559 3764802 3765046 3765294 3765544 3765794 3766046 3766298
3766552 3766806 3767061 3767317 3767574 3767831 3768089 3768348
3768607 3768867 3769128 3769389 3769650 3769912 3770175 3770438
3770702 3770967 3771233 3771500 3771767 3772034 3772301 3772568
3772836 3773104 3773373 3773641 3773908 3774175 3774442 3774709
3774976 3775244 3775512 3775781 3776050 3776318 3776586 3776853
3777120 3777387 3777654 3777921 3778188 3778455 3778722 3778989
3779256 3779319 3779482 3779673 3779871 3780073 3780278 3780488
3780698 3780910 3781126 3781342 3781559 3781777 3781995 3782213
3782433 3782655 3782877 3783099 3783321 3783543 3783765 3783989
3784213 3784437 3784663 3784889 3785115 3785341 3785569 3785797
3786025 3786253 3786481 3786709 3786937 3787165 3787394 3787624
3787856 3788088 3788320 3788552 3788784 3789020 3789260 3789503
3789747 3789994 3790243 3790493 3790745 3790997 3791251 3791505
3791760 3792016 3792273 3792530 3792788 3793047 3793306 3793566
3793827 3794088 3794349 3794611 3794874 3795137 3795401 3795666
3795932 3796199 3796466 3796733 3797000 3797267 3797535 3797804
3798073 3798341 3798609 3798876 3799143 3799410 3799677 3799945
3800213 3800482 3800751 3801020 3801288 3801555 3801822 3802089
3802356 3802623 3802890 3803157 3803425 3803693 3803961 3804024
3804189 3804381 3804579 3804781 3804987 3805197 3805409 3805621
3805837 3806053 3806269 3806487 3806705 3806924 3807145 3807367
3807589 3807811 3808033 3808255 3808478 3808702 3808926 3809150
3809376 3809602 3809828 3810054 3810282 3810510 3810738 3810966
3811194 3811422 3811650 3811878 3812106 3812336 3812567 3812799
3813031 3813263 3813495 3813727 3813959 3814195 3814436 3814678
3814921 3815168 3815416 3815666 3815917 3816169 3816422 3816676
3816931 3817187 3817444 3817701 3817959 3818218 3818477 3818737
3818998 3819259 3819521 3819784 3820047 3820310 3820575 3820840
3821106 3821373 3821640 3821907 3822174 3822442 3822711 3822980
3823249 3823518 3823787 3824056 3824324 3824592 3824860 3825129
3825398 3825667 3825936 3826205 3826474 3826743 3827012 3827279
3827546 3827813 3828081 3828349 3828618 3828887 3829156 3829425
3829488 3829651 3829842 3830040 3830242 3830448 3830658 3830870
3831082 3831298 3831514 3831732 3831950 3832168 3832388 3832610
3832832 3833054 3833276 3833498 3833722 3833946 3834170 3834395
3834621 3834847 3835073 3835300 3835528 3835756 3835984 3836212
3836440 3836668 3836896 3837124 3837353 3837583 3837815 3838047
3838279 3838511 3838743 3838975 3839207 3839444 3839685 3839927
3840170 3840417 3840665 3840915 3841166 3841418 3841671 3841925
3842180 3842436 3842693 3842951 3843210 3843470 3843731 3843992
3844254 3844515 3844777 3845040 3845303 3845567 3845832 3846098
3846365 3846632 3846899 3847166 3847434 3847703 3847972 3848241
3848510 3848779 3849048 3849317 3849587 3849858 3850128 3850398
3850667 3850936 3851205 3851474 3851743 3852012 3852281 3852550
3852819 3853087 3853356 3853625 3853894 3854163 3854432 3854701
3854764 3854929 3855121 3855319 3855521 3855726 3855936 3856148
3856360 3856576 3856792 3857010 3857228 3857447 3857668 3857890
3858112 3858334 3858556 3858779 3859003 3859227 3859452 3859678
3859904 3860130 3860357 3860585 3860813 3861041 3861269 3861497
3861725 3861953 3862182 3862412 3862644 3862876 3863108 3863340
3863572 3863804 3864036 3864269 3864508 3864750 3864993 3865237
3865484 3865732 3865982 3866234 3866486 3866741 3866997 3867254
3867512 3867771 3868031 3868293 3868555 3868818 3869082 3869346
3869611 3869877 3870141 3870406 3870671 3870936 3871203 3871470
3871737 3872004 3872272 3872541 3872810 3873079 3873348 3873617
3873886 3874156 3874427 3874698 3874969 3875240 3875511 3875781
3876051 3876320 3876589 3876858 3877128 3877398 3877669 3877940
3878210 3878479 3878748 3879017 3879286 3879555 3879824 3879887
3880053 3880247 3880445 3880647 3880853 3881063 3881275 3881487
3881703 3881920 3882138 3882356 3882577 3882799 3883021 3883243
3883465 3883688 3883912 3884136 3884361 3884587 3884813 3885039
3885266 3885494 3885722 3885950 3886178 3886406 3886634 3886862
3887090 3887319 3887549 3887781 3888013 3888245 3888477 3888709
3888941 3889173 3889405 3889639 3889878 3890120 3890363 3890609
3890857 3891106 3891356 3891609 3891862 3892118 3892375 3892634
3892893 3893153 3893415 3893678 3893941 3894205 3894470 3894735
3895001 3895268 3895535 3895802 3896069 3896337 3896604 3896871
3897138 3897405 3897673 3897942 3898211 3898480 3898749 3899018
3899288 3899558 3899829 3900100 3900371 3900642 3900913 3901184
3901455 3901726 3901996 3902266 3902536 3902806 3903077 3903348
3903619 3903890 3904160 3904430 3904699 3904968 3905237 3905506
3905569 3905734 3905925 3906123 3906325 3906531 3906741 3906953
3907165 3907381 3907597 3907815 3908033 3908251 3908471 3908693
3908915 3909137 3909359 3909582 3909806 3910030 3910254 3910479
3910705 3910931 3911157 3911385 3911613 3911841 3912069 3912297
3912525 3912753 3912981 3913209 3913439 3913670 3913902 3914134
3914366 3914598 3914830 3915062 3915294 3915527 3915761 3916000
3916242 3916485 3916731 3916979 3917230 3917482 3917736 3917992
3918250 3918509 3918769 3919030 3919292 3919554 3919817 3920081
3920346 3920611 3920877 3921144 3921411 3921679 3921947 3922216
3922485 3922754 3923021 3923289 3923558 3923827 3924096 3924365
3924634 3924904 3925174 3925445 3925716 3925987 3926258 3926529
3926800 3927071 3927342 3927613 3927885 3928157 3928430 3928702
3928973 3929244 3929515 3929786 3930057 3930328 3930599 3930869
3931138 3931407 3931677 3931740 3931906 3932100 3932298 3932501
3932707 3932917 3933129 3933344 3933560 3933777 3933995 3934214
3934435 3934657 3934879 3935101 3935323 3935546 3935770 3935994
3936218 3936443 3936669 3936895 3937122 3937350 3937578 3937806
3938034 3938262 3938490 3938718 3938946 3939175 3939405 3939637
3939869 3940101 3940333 3940565 3940797 3941029 3941262 3941496
3941730 3941964 3942203 3942445 3942689 3942938 3943189 3943442
3943697 3943953 3944211 3944469 3944728 3944987 3945247 3945508
3945769 3946031 3946293 3946556 3946819 3947083 3947348 3947613
3947878 3948144 3948410 3948677 3948944 3949211 3949480 3949749
3950018 3950289 3950560 3950830 3951099 3951368 3951637 3951906
3952175 3952445 3952716 3952987 3953258 3953529 3953800 3954071
3954342 3954613 3954884 3955156 3955428 3955701 3955974 3956247
3956520 3956792 3957063 3957334 3957605 3957876 3958147 3958418
3958689 3958959 3959230 3959293 3959458 3959652 3959850 3960053
3960260 3960470 3960682 3960897 3961113 3961330 3961548 3961766
3961986 3962208 3962430 3962652 3962874 3963096 3963319 3963543
3963767 3963991 3964215 3964441 3964667 3964893 3965120 3965348
3965576 3965804 3966032 3966260 3966488 3966716 3966946 3967176
3967407 3967639 3967871 3968103 3968335 3968567 3968799 3969031
3969265 3969499 3969733 3969967 3970201 3970441 3970684 3970931
3971183 3971437 3971692 3971948 3972206 3972464 3972723 3972983
3973243 3973504 3973765 3974027 3974289 3974552 3974815 3975079
3975343 3975608 3975873 3976138 3976404 3976671 3976938 3977205
3977473 3977742 3978011 3978281 3978552 3978824 3979097 3979370
3979642 3979914 3980185 3980456 3980727 3980998 3981269 3981540
3981811 3982082 3982353 3982624 3982896 3983169 3983442 3983715
3983988 3984261 3984534 3984807 3985080 3985353 3985626 3985899
3986172 3986445 3986718 3986991 3987264 3987537 3987810 3988082
3988145 3988312 3988506 3988704 3988906 3989113 3989323 3989535
3989750 3989966 3990182 3990400 3990618 3990836 3991057 3991279
3991501 3991723 3991945 3992167 3992391 3992615 3992839 3993063
3993289 3993515 3993741 3993968 3994196 3994424 3994652 3994880
3995108 3995336 3995564 3995793 3996023 3996254 3996486 3996718
3996950 3997182 3997414 3997646 3997878 3998112 3998346 3998580
3998814 3999048 3999282 3999523 3999769 4000020 4000272 4000526
4000781 4001037 4001295 4001553 4001812 4002071 4002331 4002592
4002853 4003115 4003377 4003640 4003903 4004166 4004430 4004695
4004960 4005225 4005491 4005757 4006024 4006291 4006558 4006826
4007095 4007364 4007634 4007905 4008178 4008451 4008724 4008997
4009271 4009544 4009817 4010089 4010361 4010632 4010903 4011174
4011445 4011716 4011988 4012260 4012533 4012806 4013079 4013352
4013625 4013898 4014171 4014444 4014717 4014990 4015264 4015538
4015813 4016088 4016362 4016636 4016909 4017182 4017455 4017728
4017791 4017959 4018153 4018352 4018556 4018762 4018972 4019184
4019400 4019616 4019833 4020051 4020269 4020487 4020708 4020930
4021152 4021374 4021596 4021819 4022043 4022267 4022491 4022716
4022942 4023168 4023395 4023623 4023851 4024079 4024307 4024535
4024763 4024991 4025220 4025450 4025682 4025914 4026146 4026378
4026610 4026842 4027074 4027306 4027539 4027773 4028007 4028241
4028475 4028709 4028943 4029187 4029434 4029685 4029938 4030192
4030448 4030706 4030965 4031225 4031486 4031747 4032009 4032271
4032534 4032797 4033061 4033325 4033590 4033855 4034120 4034386
4034653 4034920 4035187 4035455 4035724 4035993 4036262 4036531
4036802 4037074 4037347 4037620 4037893 4038167 4038442 4038717
4038991 4039265 4039538 4039810 4040082 4040353 4040625 4040897
4041170 4041443 4041716 4041989 4042262 4042535 4042808 4043081
4043354 4043627 4043901 4044175 4044450 4044725 4045000 4045275
4045550 4045824 4046098 4046371 4046644 4046917 4046980 4047148
4047343 4047542 4047746 4047954 4048165 4048377 4048593 4048809
4049027 4049245 4049463 4049685 4049907 4050129 4050351 4050574
4050798 4051022 4051246 4051470 4051696 4051922 4052150 4052378
4052606 4052834 4053062 4053290 4053518 4053746 4053976 4054207
4054439 4054671 4054903 4055135 4055367 4055599 4055831 4056063
4056297 4056531 4056765 4056999 4057233 4057467 4057701 4057936
4058180 4058426 4058676 4058928 4059182 4059438 4059695 4059953
4060212 4060472 4060732 4060993 4061254 4061516 4061779 4062042
4062305 4062569 4062833 4063098 4063363 4063629 4063895 4064162
4064429 4064696 4064964 4065233 4065502 4065771 4066041 4066312
4066585 4066858 4067131 4067404 4067678 4067953 4068228 4068503
4068778 4069053 4069328 4069603 4069878 4070154 4070429 4070705
4070980 4071255 4071529 4071803 4072077 4072350 4072623 4072896
4073169 4073442 4073716 4073991 4074266 4074541 4074816 4075091
4075366 4075641 4075916 4076191 4076466 4076741 4077016 4077290
4077565 4077628 4077801 4077997 4078199 4078403 4078613 4078825
4079037 4079253 4079470 4079688 4079906 4080127 4080349 4080571
4080793 4081015 4081237 4081460 4081684 4081908 4082132 4082357
4082583 4082809 4083036 4083264 4083492 4083720 4083948 4084176
4084404 4084632 4084860 4085089 4085319 4085549 4085781 4086013
4086245 4086477 4086709 4086941 4087173 4087405 4087638 4087872
4088106 4088340 4088574 4088808 4089042 4089276 4089511 4089748
4089994 4090245 4090497 4090751 4091007 4091264 4091522 4091781
4092041 4092301 4092562 4092823 4093085 4093348 4093611 4093874
4094138 4094402 4094667 4094932 4095199 4095467 4095735 4096003
4096272 4096541 4096811 4097080 4097349 4097618 4097888 4098159
4098440 4098722 4099005 4099289 4099577 4099866 4100156 4100446
4100736 4101028 4101320 4101612 4101905 4102199 4102495 4102791
4103087 4103383 4103680 4103976 4104273 4104569 4104865 4105162
4105459 4105756 4106054 4106352 4106650 4106949 4107248 4107547
4107846 4108146 4108446 4108746 4109047 4109348 4109649 4109951
4110253 4110556 4110860 4111164 4111227 4111395 4111590 4111790
4111994 4112203 4112414 4112626 4112842 4113059 4113277 4113495
4113715 4113937 4114159 4114381 4114603 4114826 4115050 4115274
4115498 4115724 4115950 4116177 4116405 4116633 4116861 4117089
4117317 4117545 4117773 4118001 4118230 4118460 4118690 4118921
4119153 4119385 4119617 4119849 4120081 4120313 4120546 4120779
4121013 4121247 4121481 4121715 4121949 4122183 4122417 4122652
4122890 4123137 4123388 4123640 4123894 4124150 4124407 4124665
4124923 4125182 4125442 4125703 4125964 4126226 4126488 4126752
4127016 4127280 4127545 4127811 4128077 4128343 4128610 4128879
4129148 4129417 4129686 4129956 4130226 4130496 4130766 4131037
4131309 4131580 4131861 4132143 4132425 4132709 4132997 4133287
4133577 4133869 4134161 4134453 4134747 4135043 4135339 4135635
4135931 4136228 4136525 4136823 4137121 4137418 4137715 4138012
4138310 4138609 4138908 4139207 4139505 4139804 4140103 4140402
4140701 4141001 4141301 4141601 4141902 4142203 4142505 4142807
4143110 4143414 4143718 4144022 4144327 4144390 4144558 4144754
4144955 4145159 4145368 4145580 4145792 4146008 4146225 4146443
4146661 4146882 4147104 4147326 4147548 4147770 4147993 4148217
4148441 4148665 4148891 4149117 4149344 4149572 4149800 4150028
4150256 4150484 4150712 4150940 4151168 4151398 4151628 4151859
4152091 4152323 4152555 4152787 4153019 4153251 4153483 4153716
4153950 4154184 4154418 4154652 4154886 4155120 4155354 4155588
4155825 4156063 4156310 4156561 4156813 4157067 4157323 4157580
4157838 4158096 4158355 4158615 4158876 4159137 4159400 4159664
4159928 4160192 4160457 4160723 4160990 4161257 4161524 4161792
4162061 4162330 4162599 4162869 4163140 4163411 4163682 4163953
4164225 4164497 4164770 4165051 4165333 4165616 4165901 4166190
4166480 4166770 4167062 4167354 4167647 4167942 4168238 4168534
4168830 4169126 4169423 4169721 4170019 4170317 4170615 4170914
4171212 4171510 4171810 4172110 4172410 4172710 4173009 4173308
4173607 4173907 4174207 4174507 4174808 4175109 4175411 4175713
4176017 4176321 4176625 4176929 4177234 4177539 4177602 4177770
4177965 4178165 4178369 4178575 4178787 4178999 4179215 4179431
4179649 4179867 4180085 4180305 4180527 4180749 4180971 4181193
4181416 4181640 4181864 4182088 4182314 4182540 4182767 4182995
4183223 4183451 4183679 4183907 4184135 4184363 4184591 4184821
4185051 4185281 4185513 4185745 4185977 4186209 4186441 4186673
4186905 4187138 4187372 4187606 4187840 4188074 4188308 4188542
4188776 4189010 4189244 4189479 4189717 4189955 4190201 4190448
4190700 4190954 4191210 4191466 4191724 4191983 4192243 4192504
4192766 4193028 4193292 4193557 4193822 4194087 4194353 4194619
4194886 4195153 4195420 4195688 4195957 4196226 4196495 4196765
4197036 4197307 4197578 4197849 4198121 4198394 4198667 4198942
4199220 4199503 4199787 4200073 4200362 4200652 4200942 4201234
4201526 4201820 4202116 4202412 4202708 4203005 4203302 4203600
4203898 4204196 4204494 4204793 4205093 4205393 4205695 4205997
4206299 4206601 4206902 4207203 4207505 4207807 4208109 4208410
4208711 4209012 4209314 4209617 4209921 4210225 4210529 4210834
4211139 4211444 4211749 4212054 4212117 4212285 4212480 4212680
4212884 4213092 4213304 4213516 4213732 4213948 4214166 4214384
4214602 4214824 4215046 4215268 4215490 4215712 4215934 4216158
4216382 4216606 4216831 4217057 4217283 4217511 4217739 4217967
4218195 4218423 4218651 4218879 4219107 4219336 4219566 4219797
4220029 4220261 4220493 4220725 4220957 4221189 4221421 4221654
4221888 4222122 4222356 4222590 4222824 4223058 4223292 4223526
4223760 4223994 4224231 4224469 4224710 4224956 4225204 4225456
4225710 4225966 4226223 4226481 4226741 4227002 4227263 4227526
4227789 4228053 4228318 4228583 4228848 4229114 4229380 4229647
4229914 4230181 4230449 4230717 4230986 4231255 4231525 4231796
4232067 4232338 4232609 4232881 4233154 4233427 4233700 4233977
4234257 4234541 4234828 4235117 4235407 4235698 4235990 4236282
4236575 4236870 4237166 4237462 4237759 4238057 4238355 4238653
4238951 4239250 4239549 4239849 4240150 4240452 4240754 4241057
4241360 4241663 4241967 4242270 4242572 4242875 4243178 4243481
4243785 4244088 4244393 4244697 4245001 4245306 4245611 4245916
4246221 4246526 4246831 4247137 4247200 4247371 4247568 4247770
4247974 4248184 4248396 4248609 4248825 4249041 4249259 4249477
4249695 4249913 4250135 4250357 4250579 4250801 4251025 4251249
4251473 4251697 4251921 4252147 4252374 4252602 4252830 4253058
4253286 4253514 4253742 4253970 4254198 4254427 4254657 4254888
4255120 4255352 4255584 4255816 4256048 4256280 4256512 4256745
4256979 4257213 4257447 4257681 4257915 4258149 4258383 4258617
4258851 4259085 4259320 4259558 4259796 4260037 4260283 4260533
4260785 4261039 4261295 4261551 4261810 4262070 4262332 4262594
4262857 4263120 4263384 4263648 4263913 4264178 4264444 4264710
4264977 4265244 4265511 4265778 4266046 4266315 4266584 4266853
4267123 4267393 4267664 4267935 4268206 4268478 4268751 4269024
4269299 4269577 4269859 4270144 4270434 4270726 4271018 4271311
4271605 4271899 4272193 4272489 4272786 4273082 4273379 4273677
4273975 4274273 4274572 4274872 4275173 4275475 4275777 4276079
4276382 4276685 4276988 4277292 4277596 4277900 4278205 4278510
4278815 4279121 4279427 4279733 4280039 4280346 4280653 4280959
4281264 4281569 4281875 4282181 4282487 4282793 4283100 4283163
4283331 4283525 4283726 4283930 4284138 4284350 4284564 4284780
4284998 4285216 4285434 4285652 4285874 4286096 4286318 4286540
4286762 4286986 4287210 4287434 4287658 4287883 4288109 4288336
4288564 4288792 4289020 4289248 4289476 4289704 4289932 4290161
4290391 4290621 4290852 4291084 4291316 4291548 4291780 4292012
4292244 4292476 4292709 4292943 4293177 4293411 4293645 4293879
4294113 4294347 4294581 4294815 4295049 4295283 4295520 4295758
4295996 4296235 4296481 4296731 4296983 4297237 4297493 4297749
4298008 4298268 4298529 4298791 4299053 4299316 4299580 4299844
4300109 4300374 4300639 4300905 4301171 4301438 4301705 4301972
4302240 4302508 4302777 4303046 4303315 4303585 4303856 4304127
4304398 4304670 4304943 4305216 4305489 4305767 4306047 4306330
4306618 4306909 4307201 4307495 4307789 4308083 4308379 4308676
4308974 4309272 4309571 4309870 4310169 4310468 4310767 4311067
4311369 4311671 4311973 4312276 4312579 4312882 4313185 4313489
4313793 4314097 4314402 4314708 4315014 4315322 4315630 4315938
4316246 4316553 4316860 4317167 4317474 4317782 4318090 4318397
4318704 4319011 4319319 4319627 4319690 4319862 4320058 4320260
4320464 4320674 4320886 4321099 4321315 4321531 4321749 4321967
4322185 4322403 4322625 4322847 4323069 4323291 4323513 4323736
4323960 4324184 4324408 4324633 4324859 4325085 4325313 4325541
4325769 4325997 4326225 4326453 4326681 4326910 4327140 4327370
4327601 4327833 4328065 4328297 4328529 4328761 4328993 4329226
4329460 4329694 4329928 4330162 4330396 4330630 4330864 4331098
4331332 4331566 4331803 4332041 4332279 4332519 4332769 4333021
4333275 4333531 4333790 4334050 4334311 4334573 4334835 4335097
4335360 4335624 4335888 4336152 4336417 4336683 4336949 4337215
4337482 4337749 4338016 4338284 4338552 4338821 4339090 4339359
4339628 4339897 4340168 4340439 4340710 4340981 4341253 4341526
4341799 4342072 4342349 4342627 4342908 4343192 4343482 4343773
4344067 4344361 4344656 4344953 4345250 4345547 4345845 4346144
4346443 4346742 4347043 4347346 4347648 4347950 4348252 4348554
4348856 4349158 4349461 4349764 4350067 4350371 4350675 4350980
4351285 4351592 4351899 4352207 4352515 4352823 4353131 4353439
4353748 4354056 4354363 4354671 4354979 4355288 4355597 4355906
4356214 4356522 4356585 4356756 4356950 4357151 4357355 4357565
4357777 4357992 4358208 4358425 4358643 4358861 4359081 4359303
4359525 4359747 4359969 4360192 4360416 4360640 4360864 4361088
4361314 4361541 4361769 4361997 4362225 4362453 4362681 4362909
4363137 4363367 4363597 4363827 4364059 4364291 4364523 4364755
4364987 4365219 4365451 4365684 4365918 4366152 4366386 4366620
4366854 4367088 4367322 4367556 4367790 4368024 4368259 4368497
4368735 4368973 4369211 4369457 4369705 4369956 4370208 4370463
4370718 4370976 4371234 4371493 4371753 4372013 4372274 4372536
4372798 4373061 4373324 4373588 4373852 4374117 4374382 4374647
4374913 4375180 4375447 4375714 4375981 4376249 4376518 4376787
4377056 4377325 4377595 4377866 4378137 4378408 4378680 4378953
4379226 4379502 4379780 4380061 4380344 4380628 4380912 4381203
4381496 4381790 4382087 4382385 4382683 4382982 4383282 4383582
4383882 4384183 4384484 4384787 4385091 4385395 4385700 4386005
4386311 4386617 4386922 4387227 4387533 4387838 4388144 4388450
4388758 4389066 4389375 4389684 4389993 4390302 4390612 4390922
4391233 4391544 4391856 4392168 4392480 4392791 4393102 4393414
4393726 4394038 4394101 4394273 4394468 4394670 4394874 4395082
4395294 4395508 4395724 4395940 4396158 4396376 4396598 4396820
4397042 4397264 4397487 4397711 4397935 4398159 4398383 4398609
4398835 4399063 4399291 4399519 4399747 4399975 4400203 4400431
4400660 4400890 4401120 4401351 4401583 4401815 4402047 4402279
4402511 4402744 4402978 4403212 4403446 4403680 4403914 4404148
4404382 4404616 4404850 4405084 4405318 4405554 4405792 4406030
4406268 4406506 4406752 4407000 4407253 4407508 4407764 4408022
4408280 4408539 4408799 4409059 4409320 4409581 4409843 4410106
4410369 4410633 4410897 4411162 4411427 4411693 4411959 4412226
4412493 4412760 4413028 4413296 4413565 4413834 4414103 4414373
4414644 4414915 4415186 4415458 4415731 4416004 4416280 4416558
4416838 4417121 4417404 4417688 4417980 4418274 4418570 4418868
4419166 4419465 4419765 4420065 4420365 4420666 4420967 4421270
4421574 4421879 4422184 4422489 4422794 4423100 4423406 4423713
4424020 4424328 4424635 4424944 4425253 4425561 4425870 4426179
4426488 4426797 4427107 4427417 4427728 4428040 4428352 4428665
4428978 4429291 4429605 4429918 4430231 4430544 4430857 4430920
4431096 4431292 4431494 4431698 4431906 4432118 4432333 4432549
4432767 4432985 4433203 4433424 4433646 4433868 4434090 4434312
4434536 4434760 4434984 4435208 4435433 4435659 4435887 4436115
4436343 4436571 4436799 4437027 4437255 4437484 4437714 4437944
4438175 4438407 4438639 4438871 4439103 4439335 4439568 4439801
4440035 4440269 4440503 4440737 4440971 4441205 4441439 4441673
4441907 4442141 4442375 4442611 4442849 4443087 4443325 4443563
4443801 4444047 4444295 4444549 4444805 4445061 4445319 4445577
4445836 4446096 4446357 4446618 4446880 4447142 4447405 4447668
4447932 4448196 4448461 4448726 4448992 4449258 4449525 4449792
4450060 4450328 4450597 4450866 4451135 4451405 4451675 4451946
4452217 4452489 4452761 4453034 4453310 4453588 4453869 4454152
4454435 4454719 4455004 4455292 4455586 4455880 4456177 4456475
4456773 4457072 4457372 4457672 4457973 4458274 4458577 4458881
4459185 4459490 4459795 4460101 4460407 4460713 4461020 4461327
4461635 4461944 4462254 4462564 4462875 4463186 4463497 4463808
4464120 4464432 4464743 4465054 4465366 4465679 4465992 4466306
4466620 4466934 4467249 4467564 4467879 4468194 4468509 4468824
4469139 4469202 4469375 4469571 4469773 4469978 4470186 4470398
4470613 4470830 4471048 4471267 4471489 4471711 4471933 4472155
4472377 4472601 4472825 4473049 4473273 4473499 4473726 4473954
4474182 4474410 4474638 4474866 4475094 4475323 4475553 4475783
4476013 4476244 4476475 4476707 4476939 4477171 4477403 4477635
4477867 4478100 4478334 4478568 4478802 4479036 4479270 4479504
4479738 4479972 4480206 4480440 4480676 4480914 4481152 4481395
4481640 4481886 4482134 4482388 4482643 4482901 4483159 4483419
4483679 4483940 4484202 4484464 4484726 4484989 4485253 4485517
4485781 4486046 4486312 4486578 4486845 4487112 4487379 4487647
4487915 4488183 4488452 4488721 4488990 4489260 4489530 4489801
4490072 4490343 4490614 4490887 4491160 4491434 4491708 4491982
4492260 4492541 4492825 4493109 4493394 4493680 4493968 4494259
4494553 4494849 4495145 4495445 4495745 4496045 4496346 4496648
4496950 4497253 4497556 4497860 4498165 4498470 4498777 4499084
4499391 4499698 4500006 4500314 4500622 4500931 4501240 4501549
4501858 4502169 4502480 4502792 4503104 4503416 4503729 4504042
4504355 4504669 4504983 4505298 4505612 4505926 4506239 4506553
4506867 4507182 4507497 4507813 4508129 4508192 4508368 4508563
4508766 4508971 4509181 4509393 4509609 4509827 4510045 4510265
4510487 4510709 4510931 4511153 4511377 4511601 4511825 4512049
4512275 4512502 4512730 4512958 4513186 4513414 4513642 4513870
4514098 4514327 4514557 4514787 4515017 4515248 4515480 4515712
4515944 4516176 4516408 4516640 4516872 4517105 4517339 4517573
4517807 4518041 4518275 4518509 4518743 4518977 4519211 4519445
4519679 4519913 4520149 4520387 4520625 4520863 4521101 4521339
4521577 4521823 4522072 4522322 4522576 4522831 4523087 4523344
4523602 4523860 4524120 4524380 4524641 4524902 4525164 4525427
4525690 4525954 4526218 4526483 4526748 4527014 4527280 4527547
4527814 4528082 4528350 4528619 4528889 4529159 4529430 4529702
4529974 4530247 4530520 4530794 4531069 4531344 4531624 4531907
4532190 4532475 4532761 4533048 4533338 4533631 4533925 4534221
4534519 4534818 4535117 4535417 4535718 4536019 4536322 4536627
4536932 4537237 4537543 4537849 4538155 4538462 4538769 4539076
4539384 4539694 4540004 4540314 4540625 4540936 4541247 4541559
4541871 4542183 4542496 4542810 4543124 4543439 4543754 4544070
4544386 4544703 4545020 4545337 4545654 4545971 4546287 4546604
4546920 4547238 4547557 4547876 4548195 4548258 4548436 4548632
4548836 4549042 4549254 4549467 4549683 4549901 4550119 4550340
4550562 4550784 4551006 4551231 4551459 4551689 4551920 4552151
4552385 4552620 4552857 4553094 4553332 4553570 4553808 4554047
4554287 4554528 4554769 4555011 4555254 4555498 4555742 4555986
4556230 4556475 4556720 4556965 4557211 4557458 4557705 4557953
4558201 4558449 4558697 4558945 4559193 4559442 4559691 4559940
4560189 4560440 4560693 4560946 4561200 4561454 4561708 4561962
4562216 4562480 4562745 4563011 4563278 4563545 4563814 4564083
4564353 4564623 4564894 4565165 4565436 4565708 4565980 4566252
4566524 4566797 4567071 4567345 4567619 4567894 4568169 4568445
4568721 4568998 4569275 4569553 4569831 4570109 4570388 4570667
4570946 4571225 4571505 4571785 4572065 4572350 4572637 4572926
4573215 4573505 4573796 4574089 4574385 4574682 4574980 4575282
4575585 4575889 4576193 4576497 4576803 4577109 4577415 4577722
4578029 4578337 4578645 4578953 4579261 4579571 4579881 4580191
4580502 4580813 4581124 4581435 4581747 4582059 4582372 4582685
4582999 4583314 4583629 4583945 4584261 4584577 4584894 4585211
4585528 4585845 4586162 4586479 4586797 4587115 4587435 4587754
4588073 4588392 4588711 4589030 4589093 4589270 4589466 4589670
4589876 4590087 4590302 4590524 4590749 4590983 4591219 4591458
4591700 4591944 4592189 4592435 4592683 4592932 4593182 4593433
4593684 4593936 4594192 4594449 4594706 4594964 4595223 4595482
4595741 4596000 4596261 4596523 4596786 4597049 4597312 4597576
4597841 4598107 4598374 4598641 4598908 4599175 4599443 4599712
4599982 4600252 4600523 4600794 4601065 4601336 4601607 4601878
4602150 4602422 4602695 4602968 4603243 4603520 4603797 4604074
4604352 4604630 4604909 4605188 4605467 4605750 4606033 4606316
4606599 4606882 4607165 4607448 4607732 4608016 4608301 4608586
4608871 4609156 4609441 4609726 4610011 4610296 4610581 4610867
4611153 4611440 4611727 4612014 4612301 4612589 4612877 4613165
4613453 4613742 4614031 4614320 4614609 4614898 4615187 4615476
4615769 4616064 4616361 4616658 4616956 4617255 4617556 4617859
4618163 4618469 4618775 4619084 4619394 4619705 4620017 4620329
4620641 4620953 4621265 4621578 4621891 4622204 4622518 4622831
4623144 4623456 4623769 4624082 4624395 4624708 4625021 4625334
4625647 4625961 4626275 4626590 4626905 4627220 4627535 4627850
4628166 4628482 4628798 4629115 4629432 4629749 4630066 4630383
4630700 4631017 4631334 4631651 4631968 4632285 4632602 4632919
4633236 4633554 4633871 4634189 4634252 4634429 4634625 4634829
4635035 4635246 4635462 4635684 4635909 4636143 4636379 4636618
4636861 4637105 4637350 4637596 4637845 4638094 4638344 4638595
4638846 4639098 4639354 4639611 4639868 4640126 4640385 4640644
4640903 4641162 4641423 4641686 4641949 4642212 4642475 4642740
4643005 4643271 4643538 4643805 4644072 4644339 4644607 4644876
4645146 4645416 4645687 4645958 4646229 4646500 4646771 4647042
4647314 4647586 4647859 4648132 4648407 4648684 4648961 4649238
4649516 4649795 4650074 4650353 4650632 4650915 4651198 4651481
4651764 4652047 4652330 4652613 4652897 4653181 4653466 4653751
4654036 4654321 4654606 4654891 4655176 4655461 4655746 4656032
4656318 4656605 4656892 4657179 4657466 4657754 4658042 4658330
4658618 4658907 4659196 4659485 4659774 4660063 4660352 4660641
4660934 4661229 4661526 4661823 4662121 4662420 4662721 4663024
4663328 4663634 4663940 4664249 4664559 4664870 4665182 4665494
4665807 4666120 4666432 4666745 4667058 4667371 4667685 4667998
4668311 4668623 4668936 4669249 4669562 4669875 4670188 4670501
4670814 4671128 4671442 4671757 4672072 4672387 4672702 4673017
4673333 4673649 4673965 4674282 4674599 4674916 4675233 4675550
4675867 4676184 4676501 4676818 4677135 4677452 4677769 4678086
4678403 4678721 4679038 4679356 4679419 4679598 4679794 4679997
4680202 4680411 4680626 4680847 4681073 4681307 4681543 4681780
4682023 4682267 4682512 4682759 4683008 4683258 4683509 4683760
4684013 4684268 4684525 4684782 4685040 4685299 4685558 4685817
4686076 4686337 4686600 4686863 4687126 4687389 4687654 4687920
4688187 4688454 4688721 4688989 4689257 4689527 4689797 4690068
4690339 4690610 4690881 4691152 4691423 4691694 4691966 4692239
4692512 4692787 4693064 4693341 4693619 4693897 4694176 4694455
4694734 4695013 4695296 4695579 4695862 4696145 4696428 4696711
4696995 4697280 4697565 4697850 4698135 4698420 4698705 4698990
4699275 4699560 4699846 4700132 4700418 4700705 4700992 4701279
4701566 4701854 4702142 4702431 4702720 4703009 4703298 4703587
4703876 4704165 4704454 4704743 4705032 4705321 4705610 4705903
4706198 4706495 4706792 4707090 4707389 4707689 4707990 4708293
4708597 4708903 4709209 4709517 4709827 4710137 4710448 4710760
4711073 4711386 4711699 4712013 4712327 4712642 4712957 4713272
4713587 4713903 4714219 4714535 4714852 4715169 4715486 4715802
4716119 4716436 4716754 4717072 4717388 4717704 4718020 4718335
4718651 4718967 4719284 4719601 4719918 4720235 4720552 4720869
4721187 4721505 4721823 4722142 4722461 4722780 4723099 4723418
4723737 4724056 4724375 4724695 4725014 4725333 4725652 4725971
4726290 4726353 4726532 4726728 4726931 4727137 4727346 4727562
4727784 4728010 4728244 4728480 4728717 4728960 4729204 4729449
4729696 4729945 4730195 4730446 4730697 4730950 4731206 4731463
4731720 4731978 4732237 4732496 4732755 4733014 4733275 4733538
4733801 4734064 4734327 4734592 4734858 4735125 4735392 4735659
4735926 4736194 4736462 4736732 4737002 4737273 4737544 4737815
4738086 4738357 4738628 4738899 4739171 4739444 4739717 4739992
4740269 4740546 4740823 4741101 4741380 4741659 4741938 4742217
4742496 4742779 4743062 4743345 4743628 4743911 4744195 4744479
4744764 4745049 4745334 4745619 4745904 4746189 4746474 4746759
4747045 4747331 4747617 4747904 4748191 4748478 4748766 4749054
4749343 4749632 4749921 4750210 4750499 4750788 4751077 4751366
4751655 4751944 4752233 4752522 4752811 4753104 4753399 4753696
4753993 4754291 4754590 4754890 4755191 4755494 4755798 4756104
4756410 4756718 4757028 4757338 4757649 4757961 4758274 4758587
4758900 4759214 4759528 4759843 4760158 4760473 4760788 4761104
4761420 4761737 4762054 4762371 4762688 4763005 4763322 4763639
4763957 4764275 4764591 4764907 4765223 4765539 4765855 4766171
4766488 4766805 4767122 4767439 4767756 4768073 4768391 4768709
4769027 4769346 4769665 4769984 4770303 4770622 4770941 4771261
4771580 4771900 4772219 4772538 4772857 4773176 4773495 4773558
4773736 4773932 4774136 4774342 4774553 4774773 4775002 4775236
4775472 4775710 4775950 4776194 4776439 4776685 4776934 4777183
4777434 4777685 4777938 4778194 4778451 4778709 4778968 4779227
4779486 4779745 4780005 4780266 4780529 4780792 4781055 4781319
4781585 4781851 4782118 4782385 4782652 4782920 4783188 4783458
4783729 4784000 4784271 4784542 4784813 4785084 4785355 4785627
4785899 4786172 4786445 4786719 4786996 4787273 4787550 4787828
4788107 4788386 4788665 4788944 4789223 4789504 4789787 4790070
4790353 4790636 4790919 4791203 4791487 4791772 4792057 4792342
4792627 4792912 4793197 4793482 4793767 4794052 4794338 4794624
4794911 4795198 4795485 4795772 4796060 4796348 4796637 4796926
4797215 4797504 4797793 4798082 4798371 4798660 4798949 4799238
4799527 4799816 4800105 4800394 4800683 4800972 4801263 4801557
4801851 4802146 4802443 4802741 4803039 4803338 4803638 4803940
4804243 4804547 4804851 4805157 4805463 4805771 4806079 4806389
4806701 4807013 4807326 4807640 4807954 4808268 4808583 4808898
4809213 4809529 4809845 4810161 4810478 4810795 4811112 4811429
4811747 4812065 4812383 4812702 4813021 4813340 4813659 4813978
4814298 4814618 4814939 4815260 4815580 4815900 4816220 4816538
4816857 4817175 4817493 4817812 4818131 4818450 4818769 4819088
4819407 4819727 4820047 4820368 4820689 4821010 4821331 4821652
4821973 4822294 4822614 4822935 4823256 4823319 4823498 4823695
4823899 4824105 4824316 4824538 4824767 4825002 4825241 4825483
4825727 4825972 4826218 4826467 4826716 4826967 4827218 4827472
4827729 4827986 4828244 4828503 4828762 4829021 4829282 4829545
4829808 4830071 4830334 4830598 4830864 4831131 4831398 4831665
4831933 4832202 4832472 4832743 4833014 4833285 4833556 4833827
4834098 4834369 4834641 4834914 4835187 4835460 4835734 4836010
4836287 4836564 4836842 4837121 4837400 4837679 4837958 4838237
4838518 4838801 4839084 4839367 4839650 4839934 4840218 4840503
4840788 4841073 4841358 4841643 4841928 4842213 4842498 4842784
4843070 4843357 4843644 4843931 4844218 4844506 4844794 4845083
4845372 4845661 4845950 4846239 4846528 4846817 4847106 4847395
4847684 4847973 4848262 4848551 4848840 4849129 4849418 4849707
4849996 4850285 4850574 4850863 4851155 4851449 4851745 4852042
4852340 4852639 4852939 4853241 4853545 4853849 4854154 4854459
4854765 4855072 4855379 4855687 4855996 4856306 4856617 4856930
4857242 4857555 4857869 4858184 4858499 4858814 4859129 4859445
4859761 4860078 4860395 4860712 4861029 4861346 4861664 4861982
4862301 4862620 4862939 4863258 4863577 4863897 4864217 4864537
4864858 4865179 4865500 4865821 4866142 4866463 4866785 4867107
4867430 4867753 4868076 4868399 4868721 4869043 4869365 4869685
4870006 4870327 4870648 4870969 4871290 4871611 4871933 4872255
4872577 4872900 4873223 4873546 4873869 4873932 4874111 4874308
4874512 4874719 4874930 4875152 4875382 4875618 4875857 4876100
4876344 4876589 4876836 4877085 4877335 4877586 4877837 4878093
4878350 4878607 4878865 4879124 4879383 4879642 4879901 4880162
4880425 4880688 4880951 4881215 4881480 4881747 4882014 4882281
4882548 4882816 4883086 4883356 4883627 4883898 4884169 4884440
4884711 4884982 4885254 4885526 4885799 4886072 4886346 4886622
4886899 4887176 4887453 4887730 4888008 4888287 4888566 4888845
4889124 4889403 4889683 4889966 4890249 4890532 4890815 4891099
4891384 4891669 4891954 4892239 4892524 4892809 4893094 4893379
4893664 4893950 4894236 4894523 4894810 4895097 4895385 4895673
4895961 4896250 4896539 4896828 4897117 4897406 4897695 4897984
4898273 4898562 4898851 4899140 4899429 4899718 4900007 4900296
4900585 4900874 4901163 4901452 4901741 4902030 4902319 4902611
4902907 4903204 4903502 4903801 4904100 4904400 4904700 4905002
4905306 4905611 4905916 4906222 4906529 4906836 4907143 4907452
4907761 4908071 4908382 4908695 4909009 4909323 4909637 4909952
4910267 4910582 4910898 4911214 4911530 4911847 4912164 4912481
4912798 4913116 4913434 4913752 4914071 4914390 4914709 4915028
4915348 4915668 4915988 4916309 4916630 4916951 4917272 4917593
4917914 4918236 4918558 4918881 4919204 4919527 4919850 4920173
4920496 4920818 4921140 4921462 4921783 4922104 4922425 4922746
4923067 4923388 4923710 4924032 4924355 4924678 4925001 4925324
4925647 4925710 4925889 4926088 4926292 4926499 4926709 4926931
4927160 4927393 4927629 4927868 4928110 4928354 4928599 4928847
4929097 4929347 4929598 4929851 4930107 4930364 4930622 4930881
4931140 4931399 4931660 4931923 4932186 4932449 4932712 4932976
4933242 4933509 4933776 4934043 4934311 4934579 4934849 4935120
4935391 4935662 4935933 4936204 4936475 4936747 4937019 4937292
4937565 4937839 4938115 4938392 4938669 4938946 4939224 4939503
4939782 4940061 4940340 4940619 4940898 4941179 4941462 4941745
4942028 4942312 4942596 4942881 4943166 4943451 4943736 4944021
4944306 4944591 4944877 4945164 4945451 4945738 4946025 4946313
4946601 4946890 4947179 4947468 4947757 4948046 4948335 4948624
4948913 4949202 4949491 4949780 4950069 4950358 4950647 4950936
4951225 4951514 4951803 4952092 4952381 4952670 4952960 4953250
4953540 4953831 4954123 4954419 4954717 4955016 4955315 4955615
4955915 4956216 4956518 4956822 4957127 4957433 4957739 4958047
4958355 4958663 4958971 4959281 4959591 4959901 4960212 4960524
4960837 4961151 4961466 4961782 4962099 4962416 4962734 4963052
4963370 4963688 4964006 4964324 4964642 4964961 4965280 4965599
4965918 4966237 4966556 4966875 4967194 4967514 4967834 4968155
4968476 4968797 4969118 4969439 4969761 4970083 4970406 4970729
4971052 4971375 4971698 4972021 4972344 4972668 4972992 4973317
4973642 4973967 4974292 4974616 4974939 4975262 4975585 4975907
4976230 4976553 4976876 4977199 4977522 4977845 4978168 4978491
4978554 4978730 4978926 4979130 4979336 4979546 4979768 4979999
4980235 4980472 4980713 4980958 4981204 4981453 4981703 4981954
4982205 4982461 4982718 4982976 4983234 4983493 4983752 4984011
4984272 4984535 4984798 4985061 4985324 4985590 4985857 4986124
4986391 4986659 4986928 4987198 4987469 4987740 4988011 4988282
4988553 4988824 4989096 4989368 4989641 4989914 4990188 4990462
4990738 4991015 4991292 4991570 4991848 4992127 4992406 4992685
4992964 4993243 4993522 4993802 4994085 4994368 4994651 4994935
4995220 4995505 4995790 4996075 4996360 4996645 4996931 4997217
4997504 4997791 4998078 4998366 4998654 4998943 4999232 4999521
4999810 5000099 5000388 5000677 5000966 5001255 5001544 5001833
5002122 5002411 5002700 5002989 5003278 5003567 5003856 5004145
5004434 5004723 5005013 5005303 5005593 5005884 5006175 5006466
5006757 5007048 5007339 5007633 5007929 5008227 5008527 5008827
5009128 5009429 5009731 5010035 5010341 5010648 5010955 5011264
5011573 5011882 5012191 5012502 5012813 5013124 5013436 5013749
5014062 5014376 5014691 5015008 5015324 5015641 5015959 5016278
5016597 5016916 5017235 5017554 5017874 5018195 5018516 5018837
5019158 5019479 5019801 5020123 5020446 5020768 5021090 5021412
5021734 5022055 5022377 5022700 5023023 5023346 5023669 5023992
5024315 5024638 5024962 5025286 5025611 5025936 5026261 5026586
5026911 5027236 5027561 5027887 5028213 5028540 5028867 5029194
5029521 5029846 5030171 5030494 5030817 5031141 5031465 5031790
5032115 5032440 5032503 5032680 5032877 5033081 5033288 5033501
5033723 5033954 5034190 5034428 5034669 5034914 5035162 5035411
5035661 5035912 5036164 5036421 5036678 5036936 5037194 5037453
5037712 5037972 5038234 5038497 5038760 5039023 5039288 5039555
5039822 5040089 5040356 5040624 5040894 5041165 5041436 5041707
5041978 5042249 5042520 5042791 5043063 5043336 5043609 5043882
5044156 5044432 5044709 5044986 5045263 5045541 5045820 5046099
5046378 5046657 5046936 5047215 5047495 5047778 5048061 5048344
5048628 5048913 5049198 5049483 5049768 5050053 5050338 5050623
5050909 5051195 5051482 5051769 5052056 5052344 5052632 5052921
5053210 5053499 5053788 5054077 5054366 5054655 5054944 5055233
5055522 5055811 5056100 5056389 5056678 5056967 5057256 5057545
5057834 5058123 5058412 5058702 5058992 5059282 5059572 5059863
5060154 5060445 5060736 5061027 5061318 5061609 5061904 5062201
5062500 5062800 5063101 5063402 5063705 5064010 5064316 5064623
5064931 5065240 5065550 5065860 5066170 5066481 5066793 5067105
5067417 5067730 5068044 5068358 5068673 5068988 5069305 5069623
5069941 5070259 5070578 5070897 5071216 5071535 5071855 5072175
5072496 5072817 5073138 5073459 5073781 5074103 5074425 5074748
5075071 5075393 5075715 5076037 5076360 5076683 5077006 5077329
5077652 5077975 5078298 5078621 5078945 5079269 5079594 5079919
5080244 5080569 5080894 5081219 5081544 5081870 5082196 5082523
5082850 5083177 5083504 5083833 5084163 5084492 5084820 5085148
5085477 5085806 5086137 5086468 5086799 5086862 5087041 5087239
5087443 5087652 5087867 5088090 5088320 5088554 5088792 5089033
5089277 5089523 5089771 5090020 5090271 5090522 5090774 5091030
5091287 5091544 5091802 5092061 5092320 5092579 5092840 5093103
5093366 5093629 5093894 5094161 5094428 5094695 5094962 5095230
5095500 5095771 5096042 5096313 5096584 5096855 5097126 5097398
5097671 5097944 5098218 5098493 5098769 5099046 5099323 5099601
5099880 5100159 5100438 5100717 5100996 5101275 5101554 5101834
5102117 5102400 5102683 5102966 5103249 5103534 5103819 5104104
5104389 5104674 5104959 5105244 5105530 5105816 5106103 5106390
5106677 5106965 5107253 5107542 5107831 5108120 5108409 5108698
5108987 5109276 5109565 5109854 5110143 5110432 5110721 5111010
5111299 5111588 5111877 5112166 5112455 5112744 5113034 5113324
5113615 5113906 5114197 5114488 5114779 5115070 5115361 5115652
5115943 5116235 5116527 5116819 5117111 5117404 5117699 5117997
5118295 5118595 5118896 5119198 5119500 5119803 5120107 5120413
5120720 5121028 5121336 5121646 5121956 5122266 5122578 5122890
5123202 5123514 5123827 5124141 5124455 5124769 5125084 5125400
5125717 5126034 5126353 5126672 5126992 5127313 5127634 5127955
5128276 5128597 5128919 5129241 5129564 5129888 5130215 5130542
5130871 5131202 5131533 5131864 5132196 5132528 5132861 5133195
5133530 5133865 5134201 5134539 5134877 5135215 5135554 5135895
5136235 5136576 5136919 5137262 5137605 5137948 5138292 5138637
5138983 5139329 5139676 5140025 5140374 5140723 5141072 5141422
5141772 5142123 5142475 5142828 5143181 5143533 5143884 5144235
5144586 5144937 5145000 5145180 5145378 5145583 5145792 5146007
5146230 5146464 5146702 5146943 5147187 5147433 5147679 5147928
5148178 5148429 5148680 5148932 5149188 5149446 5149705 5149964
5150223 5150482 5150742 5151005 5151268 5151531 5151795 5152062
5152329 5152596 5152863 5153133 5153404 5153675 5153946 5154217
5154488 5154759 5155031 5155304 5155577 5155851 5156126 5156402
5156679 5156956 5157234 5157513 5157792 5158071 5158350 5158629
5158908 5159187 5159467 5159748 5160031 5160314 5160597 5160880
5161163 5161448 5161733 5162018 5162303 5162588 5162874 5163160
5163447 5163734 5164021 5164309 5164597 5164886 5165175 5165464
5165753 5166042 5166331 5166620 5166909 5167198 5167487 5167776
5168065 5168354 5168643 5168932 5169221 5169511 5169801 5170091
5170382 5170673 5170964 5171255 5171546 5171837 5172128 5172419
5172711 5173003 5173295 5173587 5173880 5174173 5174466 5174759
5175052 5175345 5175638 5175933 5176230 5176528 5176828 5177129
5177430 5177732 5178034 5178337 5178642 5178949 5179257 5179565
5179875 5180185 5180495 5180807 5181119 5181431 5181744 5182058
5182372 5182686 5183001 5183316 5183632 5183948 5184265 5184583
5184902 5185223 5185544 5185866 5186189 5186512 5186835 5187160
5187488 5187817 5188148 5188479 5188812 5189145 5189479 5189812
5190145 5190480 5190815 5191151 5191487 5191825 5192163 5192502
5192842 5193183 5193525 5193868 5194213 5194558 5194903 5195248
5195594 5195940 5196287 5196634 5196981 5197329 5197678 5198027
5198376 5198725 5199075 5199425 5199777 5200129 5200482 5200836
5201190 5201545 5201900 5202255 5202610 5202965 5203320 5203674
5203737 5203918 5204116 5204322 5204532 5204747 5204970 5205204
5205442 5205683 5205927 5206173 5206421 5206670 5206920 5207171
5207422 5207674 5207931 5208188 5208446 5208705 5208964 5209223
5209483 5209744 5210007 5210270 5210533 5210797 5211064 5211331
5211598 5211866 5212136 5212407 5212678 5212949 5213220 5213491
5213762 5214034 5214307 5214580 5214854 5215129 5215405 5215682
5215959 5216237 5216516 5216795 5217074 5217353 5217632 5217911
5218190 5218470 5218751 5219034 5219317 5219600 5219883 5220166
5220450 5220735 5221020 5221305 5221590 5221876 5222163 5222450
5222737 5223025 5223313 5223601 5223890 5224179 5224468 5224757
5225046 5225335 5225624 5225913 5226202 5226491 5226780 5227069
5227358 5227647 5227936 5228225 5228514 5228804 5229094 5229384
5229675 5229966 5230257 5230548 5230839 5231130 5231421 5231713
5232005 5232297 5232589 5232882 5233175 5233468 5233761 5234054
5234347 5234640 5234933 5235228 5235526 5235824 5236124 5236425
5236727 5237029 5237331 5237634 5237939 5238246 5238554 5238862
5239172 5239482 5239792 5240104 5240416 5240728 5241041 5241355
5241669 5241983 5242298 5242613 5242929 5243246 5243563 5243881
5244201 5244522 5244843 5245165 5245488 5245811 5246134 5246460
5246788 5247117 5247448 5247780 5248113 5248447 5248781 5249114
5249449 5249784 5250120 5250456 5250794 5251132 5251471 5251811
5252153 5252495 5252838 5253183 5253528 5253873 5254218 5254565
5254912 5255259 5255606 5255954 5256302 5256651 5257000 5257349
5257699 5258049 5258399 5258751 5259103 5259456 5259810 5260164
5260519 5260874 5261229 5261585 5261940 5262295 5262649 5262712
5262893 5263091 5263297 5263507 5263724 5263951 5264185 5264424
5264666 5264911 5265157 5265405 5265655 5265906 5266157 5266409
5266664 5266921 5267178 5267436 5267695 5267954 5268213 5268473
5268735 5268998 5269261 5269524 5269788 5270055 5270322 5270589
5270857 5271126 5271396 5271667 5271938 5272209 5272480 5272751
5273023 5273296 5273569 5273843 5274118 5274394 5274671 5274949
5275227 5275506 5275785 5276064 5276343 5276622 5276901 5277180
5277460 5277741 5278024 5278307 5278590 5278873 5279158 5279443
5279728 5280013 5280299 5280585 5280872 5281159 5281447 5281735
5282024 5282313 5282602 5282891 5283180 5283469 5283758 5284047
5284336 5284625 5284914 5285203 5285492 5285781 5286070 5286359
5286648 5286938 5287228 5287518 5287809 5288100 5288391 5288682
5288973 5289264 5289555 5289847 5290139 5290432 5290725 5291018
5291311 5291604 5291897 5292190 5292483 5292776 5293069 5293362
5293658 5293956 5294256 5294557 5294858 5295160 5295462 5295765
5296070 5296377 5296685 5296993 5297303 5297614 5297925 5298238
5298551 5298864 5299178 5299493 5299808 5300123 5300439 5300755
5301072 5301389 5301707 5302025 5302344 5302664 5302984 5303305
5303626 5303948 5304271 5304594 5304920 5305248 5305578 5305909
5306242 5306575 5306908 5307242 5307576 5307912 5308248 5308584
5308921 5309260 5309599 5309939 5310279 5310621 5310963 5311306
5311651 5311996 5312341 5312686 5313033 5313380 5313728 5314076
5314425 5314775 5315125 5315474 5315823 5316173 5316523 5316874
5317226 5317578 5317931 5318285 5318639 5318994 5319349 5319704
5320059 5320415 5320771 5321128 5321484 5321842 5321905 5322086
5322284 5322490 5322700 5322919 5323149 5323385 5323624 5323868
5324113 5324361 5324610 5324860 5325111 5325363 5325616 5325873
5326131 5326389 5326648 5326907 5327166 5327426 5327689 5327952
5328215 5328479 5328743 5329009 5329276 5329543 5329811 5330081
5330352 5330623 5330894 5331165 5331436 5331708 5331980 5332253
5332526 5332800 5333075 5333351 5333628 5333906 5334185 5334464
5334743 5335022 5335301 5335580 5335859 5336138 5336418 5336700
5336983 5337266 5337549 5337832 5338115 5338399 5338684 5338969
5339254 5339540 5339826 5340113 5340400 5340688 5340976 5341265
5341554 5341843 5342132 5342421 5342710 5342999 5343288 5343577
5343866 5344155 5344444 5344733 5345022 5345311 5345601 5345891
5346182 5346473 5346764 5347055 5347346 5347637 5347929 5348221
5348513 5348806 5349099 5349392 5349685 5349978 5350271 5350564
5350857 5351150 5351443 5351736 5352029 5352322 5352615 5352910
5353208 5353508 5353809 5354111 5354414 5354717 5355021 5355327
5355635 5355944 5356254 5356566 5356878 5357190 5357504 5357818
5358133 5358449 5358765 5359081 5359398 5359715 5360033 5360351
5360670 5360989 5361309 5361630 5361951 5362273 5362595 5362919
5363243 5363571 5363901 5364232 5364565 5364898 5365231 5365565
5365899 5366233 5366569 5366906 5367244 5367584 5367925 5368266
5368608 5368952 5369295 5369639 5369985 5370331 5370676 5371021
5371368 5371715 5372063 5372411 5372761 5373112 5373463 5373814
5374165 5374517 5374868 5375220 5375572 5375925 5376279 5376633
5376987 5377342 5377697 5378052 5378408 5378764 5379121 5379478
5379837 5380196 5380555 5380915 5380978 5381160 5381361 5381567
5381779 5382000 5382232 5382469 5382710 5382955 5383201 5383450
5383700 5383951 5384203 5384456 5384713 5384971 5385230 5385489
5385748 5386008 5386268 5386531 5386794 5387057 5387321 5387586
5387853 5388120 5388388 5388658 5388929 5389200 5389471 5389742
5390013 5390285 5390558 5390831 5391105 5391380 5391655 5391931
5392209 5392488 5392767 5393046 5393325 5393604 5393883 5394162
5394441 5394721 5395004 5395287 5395570 5395853 5396136 5396419
5396703 5396988 5397273 5397558 5397844 5398131 5398418 5398705
5398993 5399282 5399571 5399860 5400149 5400438 5400727 5401016
5401305 5401594 5401883 5402172 5402461 5402750 5403039 5403329
5403619 5403910 5404201 5404492 5404783 5405074 5405365 5405657
5405949 5406241 5406534 5406827 5407120 5407413 5407706 5407999
5408292 5408585 5408878 5409171 5409464 5409757 5410050 5410343
5410636 5410929 5411222 5411516 5411815 5412116 5412419 5412723
5413027 5413332 5413638 5413946 5414255 5414565 5414875 5415187
5415499 5415811 5416125 5416439 5416753 5417068 5417384 5417700
5418017 5418334 5418652 5418970 5419288 5419607 5419926 5420246
5420566 5420887 5421208 5421530 5421854 5422179 5422508 5422840
5423175 5423511 5423846 5424181 5424518 5424855 5425193 5425531
5425871 5426212 5426553 5426895 5427239 5427583 5427930 5428277
5428624 5428971 5429320 5429669 5430018 5430367 5430718 5431069
5431420 5431771 5432123 5432475 5432828 5433182 5433536 5433891
5434247 5434603 5434958 5435314 5435669 5436025 5436381 5436738
5437095 5437454 5437813 5438172 5438532 5438892 5439252 5439612
5439675 5439857 5440058 5440264 5440477 5440699 5440932 5441169
5441411 5441656 5441902 5442152 5442403 5442654 5442906 5443159
5443416 5443674 5443933 5444192 5444451 5444711 5444973 5445236
5445499 5445762 5446026 5446292 5446559 5446826 5447096 5447367
5447638 5447909 5448180 5448451 5448723 5448996 5449269 5449542
5449816 5450091 5450367 5450645 5450924 5451203 5451482 5451761
5452040 5452319 5452598 5452877 5453157 5453439 5453721 5454004
5454287 5454570 5454853 5455136 5455420 5455705 5455990 5456275
5456561 5456848 5457135 5457423 5457711 5458000 5458289 5458578
5458867 5459156 5459445 5459734 5460023 5460312 5460601 5460890
5461179 5461468 5461757 5462047 5462337 5462627 5462918 5463209
5463500 5463791 5464083 5464375 5464667 5464959 5465252 5465545
5465838 5466131 5466424 5466717 5467010 5467303 5467596 5467889
5468182 5468475 5468768 5469061 5469354 5469647 5469941 5470235
5470532 5470831 5471130 5471433 5471736 5472040 5472344 5472649
5472956 5473265 5473575 5473885 5474196 5474508 5474820 5475133
5475447 5475761 5476076 5476392 5476708 5477024 5477341 5477658
5477976 5478294 5478613 5478932 5479251 5479571 5479891 5480212
5480534 5480857 5481181 5481506 5481836 5482169 5482504 5482840
5483178 5483515 5483852 5484191 5484532 5484874 5485215 5485557
5485901 5486245 5486590 5486937 5487284 5487631 5487980 5488329
5488679 5489029 5489380 5489732 5490084 5490435 5490786 5491138
5491490 5491844 5492198 5492553 5492909 5493265 5493621 5493978
5494334 5494691 5495047 5495404 5495762 5496121 5496480 5496839
5497199 5497559 5497919 5498279 5498640 5498703 5498886 5499086
5499292 5499503 5499723 5499956 5500193 5500433 5500675 5500920
5501167 5501417 5501668 5501920 5502176 5502434 5502693 5502952
5503211 5503471 5503734 5503997 5504260 5504524 5504789 5505055
5505322 5505589 5505858 5506128 5506399 5506670 5506941 5507212
5507483 5507755 5508028 5508301 5508574 5508848 5509123 5509398
5509676 5509955 5510234 5510513 5510792 5511071 5511350 5511629
5511908 5512188 5512468 5512750 5513033 5513316 5513599 5513882
5514165 5514448 5514731 5515015 5515300 5515585 5515870 5516157
5516444 5516732 5517021 5517310 5517599 5517888 5518177 5518466
5518755 5519044 5519333 5519622 5519911 5520200 5520489 5520778
5521068 5521358 5521649 5521940 5522231 5522522 5522814 5523106
5523398 5523691 5523984 5524277 5524570 5524863 5525156 5525449
5525742 5526035 5526328 5526621 5526914 5527207 5527500 5527793
5528087 5528381 5528675 5528969 5529264 5529559 5529854 5530152
5530452 5530753 5531055 5531358 5531661 5531964 5532268 5532573
5532880 5533188 5533498 5533808 5534120 5534432 5534744 5535058
5535372 5535686 5536001 5536317 5536633 5536949 5537266 5537584
5537902 5538220 5538539 5538858 5539178 5539498 5539819 5540140
5540461 5540783 5541106 5541429 5541753 5542083 5542416 5542751
5543087 5543424 5543762 5544102 5544445 5544789 5545135 5545481
5545830 5546179 5546528 5546877 5547227 5547578 5547929 5548281
5548634 5548987 5549340 5549693 5550047 5550401 5550756 5551112
5551467 5551824 5552181 5552537 5552894 5553251 5553608 5553966
5554325 5554684 5555045 5555406 5555768 5556129 5556490 5556851
5557211 5557572 5557933 5558294 5558657 5559020 5559083 5559266
5559467 5559673 5559886 5560107 5560341 5560579 5560820 5561062
5561307 5561555 5561806 5562057 5562310 5562566 5562825 5563084
5563343 5563603 5563865 5564128 5564391 5564655 5564920 5565185
5565451 5565718 5565985 5566255 5566526 5566797 5567068 5567339
5567610 5567881 5568153 5568426 5568699 5568973 5569248 5569523
5569800 5570079 5570358 5570637 5570916 5571195 5571474 5571753
5572032 5572311 5572591 5572873 5573156 5573439 5573722 5574005
5574288 5574571 5574855 5575140 5575425 5575710 5575996 5576283
5576571 5576860 5577149 5577438 5577727 5578016 5578305 5578594
5578883 5579172 5579461 5579750 5580039 5580328 5580617 5580907
5581197 5581487 5581778 5582069 5582360 5582651 5582942 5583234
5583526 5583819 5584112 5584405 5584698 5584991 5585284 5585577
5585870 5586163 5586456 5586749 5587042 5587335 5587628 5587922
5588216 5588510 5588804 5589099 5589394 5589689 5589984 5590279
5590577 5590877 5591177 5591479 5591781 5592084 5592387 5592691
5592996 5593302 5593610 5593919 5594229 5594539 5594851 5595163
5595475 5595789 5596103 5596417 5596732 5597047 5597363 5597679
5597996 5598314 5598632 5598950 5599269 5599588 5599908 5600228
5600549 5600870 5601191 5601513 5601835 5602158 5602481 5602805
5603129 5603461 5603796 5604132 5604470 5604808 5605148 5605490
5605834 5606180 5606526 5606875 5607224 5607573 5607923 5608274
5608626 5608978 5609331 5609685 5610039 5610392 5610746 5611100
5611455 5611810 5612166 5612522 5612880 5613237 5613595 5613953
5614310 5614668 5615026 5615385 5615745 5616106 5616467 5616829
5617191 5617553 5617914 5618275 5618637 5618998 5619359 5619721
5620084 5620447 5620810 5621174 5621237 5621419 5621618 5621824
5622039 5622261 5622495 5622733 5622975 5623219 5623465 5623713
5623964 5624216 5624470 5624728 5624987 5625246 5625506 5625767
5626030 5626293 5626556 5626820 5627085 5627351 5627618 5627887
5628156 5628427 5628698 5628969 5629240 5629511 5629783 5630055
5630328 5630601 5630875 5631150 5631425 5631701 5631980 5632259
5632538 5632817 5633096 5633375 5633654 5633933 5634213 5634493
5634775 5635058 5635341 5635624 5635907 5636190 5636473 5636757
5637042 5637327 5637612 5637899 5638187 5638475 5638764 5639053
5639342 5639631 5639920 5640209 5640498 5640787 5641076 5641365
5641654 5641943 5642232 5642522 5642812 5643102 5643393 5643684
5643975 5644266 5644558 5644850 5645142 5645434 5645727 5646020
5646313 5646606 5646899 5647192 5647485 5647778 5648071 5648364
5648657 5648950 5649244 5649538 5649832 5650126 5650421 5650716
5651011 5651306 5651601 5651896 5652191 5652489 5652789 5653089
5653391 5653693 5653996 5654299 5654603 5654907 5655212 5655517
5655825 5656134 5656444 5656754 5657066 5657378 5657690 5658004
5658318 5658632 5658947 5659263 5659579 5659895 5660212 5660530
5660848 5661166 5661485 5661804 5662124 5662444 5662764 5663085
5663406 5663728 5664051 5664374 5664697 5665021 5665346 5665676
5666012 5666350 5666689 5667031 5667374 5667718 5668064 5668411
5668760 5669109 5669460 5669811 5670164 5670519 5670874 5671229
5671585 5671941 5672298 5672655 5673012 5673371 5673729 5674087
5674446 5674805 5675164 5675524 5675884 5676243 5676604 5676964
5677325 5677687 5678049 5678411 5678773 5679135 5679498 5679861
5680224 5680588 5680953 5681317 5681681 5682046 5682411 5682775
5683139 5683504 5683567 5683750 5683951 5684157 5684373 5684598
5684834 5685074 5685316 5685561 5685808 5686058 5686309 5686562
5686817 5687076 5687335 5687595 5687857 5688120 5688383 5688647
5688911 5689176 5689442 5689709 5689978 5690249 5690520 5690791
5691062 5691333 5691604 5691876 5692149 5692422 5692695 5692969
5693244 5693520 5693798 5694076 5694355 5694634 5694913 5695192
5695471 5695750 5696030 5696311 5696593 5696876 5697159 5697442
5697725 5698008 5698291 5698574 5698858 5699143 5699428 5699713
5699998 5700284 5700572 5700861 5701150 5701439 5701728 5702017
5702306 5702595 5702884 5703173 5703462 5703751 5704040 5704329
5704619 5704909 5705200 5705491 5705782 5706073 5706364 5706656
5706948 5707241 5707534 5707827 5708120 5708413 5708706 5708999
5709292 5709585 5709878 5710171 5710464 5710757 5711050 5711344
5711638 5711932 5712227 5712522 5712817 5713112 5713407 5713702
5713997 5714292 5714587 5714884 5715182 5715482 5715783 5716085
5716388 5716691 5716995 5717299 5717603 5717908 5718215 5718523
5718832 5719142 5719454 5719766 5720078 5720391 5720705 5721019
5721334 5721650 5721966 5722282 5722599 5722916 5723234 5723552
5723871 5724190 5724510 5724830 5725150 5725471 5725792 5726114
5726436 5726758 5727081 5727404 5727727 5728051 5728375 5728700
5729030 5729364 5729700 5730040 5730382 5730727 5731073 5731422
5731771 5732122 5732474 5732828 5733183 5733538 5733894 5734251
5734609 5734968 5735328 5735688 5736049 5736410 5736771 5737132
5737493 5737854 5738216 5738578 5738941 5739305 5739669 5740033
5740396 5740759 5741122 5741485 5741849 5742214 5742579 5742944
5743310 5743676 5744042 5744408 5744775 5745142 5745509 5745876
5746243 5746610 5746673 5746856 5747057 5747263 5747479 5747704
5747940 5748180 5748422 5748668 5748915 5749165 5749417 5749670
5749925 5750184 5750443 5750703 5750965 5751228 5751491 5751755
5752020 5752285 5752551 5752818 5753087 5753358 5753629 5753900
5754171 5754442 5754713 5754985 5755258 5755531 5755804 5756078
5756353 5756629 5756907 5757186 5757465 5757744 5758023 5758302
5758581 5758861 5759141 5759423 5759705 5759988 5760271 5760554
5760837 5761120 5761403 5761686 5761970 5762255 5762540 5762825
5763110 5763396 5763684 5763973 5764262 5764551 5764840 5765129
5765418 5765707 5765996 5766285 5766574 5766863 5767152 5767442
5767732 5768022 5768313 5768604 5768895 5769186 5769478 5769770
5770062 5770355 5770648 5770941 5771234 5771527 5771820 5772113
5772406 5772699 5772992 5773285 5773578 5773871 5774165 5774459
5774753 5775048 5775343 5775638 5775933 5776228 5776523 5776818
5777113 5777408 5777703 5778001 5778301 5778602 5778904 5779207
5779510 5779813 5780117 5780421 5780726 5781033 5781342 5781651
5781961 5782271 5782583 5782895 5783208 5783522 5783836 5784151
5784467 5784783 5785099 5785415 5785732 5786050 5786368 5786686
5787005 5787324 5787644 5787964 5788284 5788605 5788926 5789247
5789569 5789891 5790214 5790537 5790860 5791184 5791509 5791834
5792162 5792492 5792825 5793160 5793496 5793838 5794182 5794528
5794877 5795226 5795577 5795930 5796285 5796640 5796996 5797353
5797711 5798070 5798430 5798790 5799151 5799512 5799873 5800235
5800597 5800958 5801321 5801684 5802047 5802411 5802775 5803139
5803503 5803866 5804230 5804593 5804956 5805321 5805686 5806051
5806417 5806783 5807149 5807515 5807882 5808249 5808616 5808983
5809351 5809719 5810086 5810149 5810332 5810534 5810741 5810960
5811186 5811422 5811664 5811911 5812159 5812410 5812662 5812916
5813173 5813432 5813692 5813954 5814217 5814480 5814744 5815009
5815274 5815539 5815806 5816075 5816346 5816617 5816888 5817159
5817430 5817702 5817975 5818248 5818521 5818794 5819069 5819345
5819621 5819899 5820178 5820457 5820736 5821015 5821294 5821574
5821855 5822137 5822419 5822702 5822985 5823268 5823551 5823834
5824117 5824401 5824686 5824971 5825256 5825541 5825826 5826111
5826398 5826687 5826976 5827265 5827554 5827843 5828132 5828421
5828710 5828999 5829288 5829578 5829868 5830158 5830449 5830740
5831031 5831322 5831613 5831905 5832197 5832489 5832782 5833075
5833368 5833661 5833954 5834247 5834540 5834833 5835126 5835419
5835712 5836005 5836298 5836592 5836886 5837180 5837475 5837770
5838065 5838360 5838655 5838950 5839245 5839540 5839835 5840130
5840425 5840720 5841018 5841318 5841618 5841920 5842223 5842526
5842829 5843133 5843437 5843742 5844048 5844355 5844664 5844973
5845283 5845595 5845907 5846219 5846532 5846847 5847162 5847478
5847796 5848114 5848432 5848751 5849071 5849392 5849713 5850034
5850356 5850678 5851001 5851324 5851648 5851973 5852298 5852624
5852950 5853276 5853603 5853930 5854257 5854585 5854913 5855241
5855570 5855902 5856235 5856571 5856909 5857247 5857586 5857926
5858267 5858610 5858955 5859304 5859655 5860007 5860362 5860718
5861075 5861433 5861793 5862154 5862515 5862876 5863238 5863600
5863963 5864327 5864692 5865058 5865424 5865790 5866156 5866522
5866889 5867255 5867622 5867989 5868356 5868723 5869091 5869459
5869827 5870195 5870563 5870931 5871298 5871666 5872034 5872402
5872770 5873138 5873506 5873874 5874242 5874610 5874979 5875042
5875225 5875427 5875634 5875853 5876079 5876316 5876558 5876805
5877053 5877304 5877557 5877812 5878069 5878328 5878588 5878850
5879113 5879376 5879640 5879905 5880170 5880435 5880703 5880972
5881243 5881514 5881785 5882056 5882328 5882600 5882873 5883146
5883419 5883693 5883968 5884244 5884520 5884798 5885077 5885356
5885635 5885914 5886193 5886473 5886754 5887036 5887318 5887601
5887884 5888167 5888450 5888733 5889016 5889300 5889585 5889870
5890155 5890440 5890725 5891010 5891297 5891586 5891875 5892164
5892453 5892742 5893031 5893320 5893609 5893898 5894187 5894477
5894767 5895058 5895349 5895640 5895931 5896222 5896513 5896805
5897097 5897390 5897683 5897976 5898269 5898562 5898855 5899148
5899441 5899734 5900027 5900320 5900613 5900906 5901200 5901494
5901788 5902083 5902378 5902673 5902968 5903263 5903558 5903853
5904148 5904443 5904738 5905033 5905328 5905625 5905924 5906224
5906525 5906827 5907130 5907433 5907737 5908041 5908345 5908650
5908957 5909265 5909574 5909884 5910194 5910506 5910818 5911131
5911446 5911762 5912078 5912395 5912712 5913030 5913349 5913669
5913989 5914310 5914631 5914954 5915277 5915600 5915924 5916248
5916573 5916898 5917223 5917549 5917875 5918202 5918529 5918856
5919183 5919511 5919839 5920168 5920499 5920833 5921170 5921508
5921846 5922185 5922525 5922866 5923208 5923553 5923900 5924250
5924601 5924956 5925311 5925667 5926024 5926384 5926744 5927105
5927466 5927828 5928190 5928552 5928914 5929278 5929643 5930008
5930374 5930740 5931106 5931472 5931839 5932206 5932572 5932940
5933308 5933675 5934042 5934410 5934778 5935146 5935515 5935883
5936251 5936618 5936986 5937354 5937722 5938090 5938458 5938826
5939194 5939562 5939930 5940300 5940363 5940547 5940749 5940956
5941176 5941404 5941642 5941884 5942131 5942381 5942632 5942885
5943141 5943399 5943658 5943919 5944182 5944445 5944709 5944974
5945239 5945504 5945770 5946040 5946311 5946582 5946853 5947124
5947396 5947669 5947942 5948215 5948488 5948762 5949037 5949313
5949590 5949867 5950145 5950426 5950708 5950992 5951277 5951563
5951850 5952139 5952429 5952719 5953009 5953300 5953591 5953882
5954174 5954467 5954761 5955055 5955349 5955644 5955939 5956234
5956531 5956830 5957130 5957431 5957732 5958033 5958334 5958636
5958938 5959241 5959544 5959848 5960152 5960456 5960760 5961064
5961370 5961676 5961982 5962289 5962596 5962903 5963210 5963517
5963824 5964131 5964438 5964746 5965054 5965362 5965671 5965980
5966289 5966598 5966908 5967218 5967528 5967838 5968148 5968458
5968768 5969079 5969390 5969701 5970012 5970323 5970634 5970947
5971261 5971577 5971894 5972212 5972531 5972850 5973170 5973490
5973810 5974131 5974452 5974774 5975098 5975423 5975748 5976074
5976400 5976727 5977056 5977385 5977714 5978044 5978374 5978704
5979034 5979364 5979695 5980026 5980357 5980688 5981019 5981351
5981683 5982015 5982347 5982679 5983012 5983345 5983678 5984011
5984344 5984677 5985011 5985345 5985679 5986013 5986350 5986689
5987028 5987370 5987713 5988056 5988400 5988745 5989091 5989439
5989788 5990139 5990492 5990847 5991202 5991558 5991916 5992274
5992634 5992994 5993355 5993716 5994078 5994440 5994805 5995170
5995535 5995901 5996267 5996633 5996999 5997366 5997733 5998101
5998469 5998838 5999207 5999576 5999945 6000315 6000686 6001057
6001428 6001799 6002170 6002541 6002912 6003282 6003652 6004022
6004392 6004761 6005130 6005499 6005869 6006239 6006609 6006979
6007350 6007722 6007785 6007969 6008171 6008378 6008599 6008828
6009066 6009309 6009557 6009807 6010058 6010311 6010567 6010825
6011085 6011346 6011613 6011883 6012154 6012427 6012701 6012976
6013255 6013539 6013825 6014113 6014401 6014689 6014980 6015272
6015565 6015858 6016152 6016448 6016745 6017044 6017344 6017645
6017948 6018252 6018557 6018862 6019169 6019477 6019787 6020098
6020409 6020721 6021033 6021346 6021660 6021974 6022289 6022605
6022921 6023238 6023555 6023872 6024190 6024510 6024832 6025155
6025479 6025803 6026128 6026453 6026778 6027103 6027429 6027757
6028085 6028413 6028742 6029071 6029401 6029731 6030062 6030393
6030724 6031055 6031386 6031718 6032050 6032382 6032714 6033047
6033380 6033713 6034047 6034381 6034715 6035050 6035385 6035720
6036055 6036390 6036725 6037060 6037396 6037732 6038068 6038405
6038742 6039079 6039416 6039753 6040090 6040427 6040764 6041101
6041438 6041775 6042112 6042449 6042786 6043123 6043460 6043799
6044139 6044479 6044819 6045161 6045503 6045846 6046189 6046532
6046875 6047218 6047561 6047904 6048247 6048590 6048933 6049276
6049619 6049962 6050305 6050648 6050991 6051334 6051677 6052020
6052363 6052706 6053049 6053392 6053735 6054078 6054421 6054764
6055107 6055450 6055793 6056138 6056486 6056834 6057184 6057534
6057885 6058236 6058588 6058940 6059293 6059646 6060002 6060360
6060719 6061078 6061439 6061800 6062163 6062526 6062891 6063256
6063622 6063987 6064353 6064718 6065083 6065449 6065814 6066179
6066545 6066911 6067277 6067643 6068010 6068377 6068745 6069113
6069481 6069849 6070217 6070585 6070953 6071321 6071690 6072059
6072428 6072796 6073165 6073534 6073903 6074271 6074639 6075006
6075373 6075740 6076106 6076473 6076840 6077206 6077572 6077938
6078304 6078670 6079036 6079402 6079465 6079649 6079851 6080059
6080280 6080509 6080747 6080990 6081238 6081488 6081740 6081993
6082249 6082507 6082767 6083029 6083297 6083568 6083841 6084115
6084389 6084664 6084944 6085230 6085516 6085804 6086092 6086383
6086674 6086966 6087260 6087554 6087851 6088150 6088450 6088751
6089052 6089356 6089661 6089966 6090272 6090580 6090888 6091198
6091509 6091820 6092132 6092444 6092757 6093070 6093384 6093699
6094015 6094331 6094648 6094965 6095282 6095599 6095918 6096240
6096563 6096886 6097210 6097535 6097860 6098185 6098510 6098836
6099164 6099492 6099820 6100149 6100478 6100807 6101137 6101467
6101798 6102129 6102460 6102791 6103122 6103454 6103786 6104118
6104451 6104784 6105117 6105450 6105784 6106118 6106453 6106788
6107123 6107458 6107793 6108128 6108463 6108798 6109134 6109470
6109806 6110143 6110480 6110817 6111154 6111491 6111828 6112165
6112502 6112839 6113176 6113513 6113850 6114187 6114524 6114863
6115203 6115543 6115883 6116225 6116567 6116910 6117253 6117596
6117939 6118282 6118625 6118968 6119311 6119654 6119997 6120340
6120683 6121026 6121369 6121712 6122055 6122398 6122741 6123084
6123427 6123770 6124113 6124456 6124799 6125142 6125485 6125828
6126171 6126514 6126857 6127200 6127546 6127894 6128244 6128594
6128945 6129296 6129648 6130000 6130353 6130706 6131059 6131412
6131768 6132124 6132482 6132841 6133202 6133563 6133924 6134287
6134651 6135016 6135381 6135748 6136115 6136482 6136849 6137216
6137584 6137950 6138317 6138684 6139050 6139416 6139782 6140149
6140516 6140884 6141252 6141620 6141988 6142356 6142724 6143093
6143462 6143831 6144200 6144569 6144939 6145309 6145679 6146049
6146418 6146787 6147156 6147525 6147893 6148261 6148629 6148997
6149364 6149732 6150100 6150467 6150834 6151200 6151566 6151932
6152298 6152361 6152545 6152747 6152955 6153176 6153405 6153643
6153886 6154135 6154386 6154638 6154891 6155148 6155406 6155666
6155929 6156197 6156468 6156741 6157015 6157289 6157564 6157845
6158131 6158417 6158705 6158993 6159284 6159576 6159868 6160162
6160457 6160754 6161053 6161353 6161654 6161955 6162259 6162563
6162868 6163174 6163482 6163790 6164100 6164411 6164723 6165035
6165347 6165660 6165974 6166289 6166605 6166921 6167237 6167554
6167871 6168188 6168507 6168828 6169151 6169474 6169798 6170123
6170448 6170773 6171098 6171424 6171752 6172080 6172408 6172736
6173065 6173395 6173725 6174056 6174387 6174718 6175049 6175380
6175711 6176043 6176375 6176707 6177039 6177371 6177704 6178038
6178372 6178707 6179042 6179377 6179712 6180047 6180382 6180717
6181052 6181388 6181724 6182060 6182396 6182732 6183069 6183406
6183743 6184080 6184417 6184754 6185091 6185428 6185765 6186102
6186439 6186776 6187113 6187453 6187793 6188133 6188474 6188816
6189158 6189501 6189844 6190187 6190530 6190873 6191216 6191559
6191902 6192245 6192588 6192931 6193274 6193617 6193960 6194303
6194646 6194989 6195332 6195675 6196018 6196361 6196704 6197047
6197390 6197733 6198076 6198419 6198762 6199105 6199448 6199792
6200139 6200487 6200837 6201187 6201538 6201889 6202241 6202593
6202945 6203298 6203651 6204005 6204361 6204718 6205076 6205435
6205794 6206155 6206516 6206879 6207242 6207607 6207972 6208338
6208705 6209072 6209439 6209807 6210175 6210542 6210909 6211276
6211643 6212010 6212377 6212744 6213111 6213479 6213847 6214215
6214583 6214951 6215319 6215687 6216056 6216425 6216794 6217164
6217534 6217904 6218274 6218644 6219014 6219384 6219754 6220124
6220494 6220865 6221235 6221604 6221973 6222343 6222712 6223081
6223449 6223818 6224187 6224555 6224923 6225291 6225354 6225538
6225740 6225948 6226169 6226398 6226635 6226878 6227127 6227379
6227633 6227890 6228148 6228409 6228673 6228942 6229215 6229488
6229762 6230037 6230315 6230598 6230884 6231172 6231460 6231751
6232043 6232335 6232629 6232923 6233219 6233518 6233817 6234118
6234420 6234723 6235028 6235333 6235639 6235947 6236256 6236566
6236877 6237189 6237501 6237814 6238128 6238442 6238757 6239073
6239389 6239706 6240023 6240340 6240657 6240976 6241295 6241617
6241940 6242263 6242586 6242911 6243236 6243561 6243887 6244213
6244541 6244870 6245199 6245528 6245858 6246188 6246518 6246849
6247180 6247511 6247842 6248174 6248506 6248838 6249171 6249504
6249837 6250171 6250505 6250839 6251174 6251509 6251844 6252179
6252514 6252849 6253184 6253520 6253856 6254192 6254529 6254866
6255203 6255540 6255877 6256214 6256551 6256888 6257225 6257562
6257899 6258236 6258573 6258910 6259249 6259589 6259929 6260271
6260614 6260957 6261300 6261643 6261986 6262329 6262672 6263015
6263358 6263701 6264044 6264387 6264730 6265073 6265416 6265759
6266102 6266445 6266788 6267131 6267474 6267817 6268160 6268503
6268847 6269191 6269535 6269879 6270223 6270567 6270911 6271255
6271599 6271946 6272294 6272643 6272994 6273345 6273697 6274049
6274402 6274755 6275108 6275462 6275816 6276171 6276527 6276884
6277242 6277601 6277961 6278321 6278682 6279044 6279406 6279768
6280132 6280496 6280860 6281224 6281589 6281954 6282320 6282687
6283055 6283423 6283792 6284162 6284533 6284903 6285274 6285644
6286014 6286384 6286754 6287125 6287494 6287863 6288232 6288601
6288970 6289339 6289708 6290077 6290446 6290816 6291186 6291556
6291926 6292296 6292666 6293036 6293406 6293777 6294148 6294519
6294890 6295261 6295633 6296005 6296377 6296748 6297119 6297490
6297860 6298229 6298598 6298966 6299334 6299702 6300070 6300133
6300317 6300519 6300727 6300949 6301179 6301417 6301660 6301909
6302161 6302415 6302672 6302930 6303191 6303456 6303727 6304001
6304275 6304551 6304830 6305114 6305401 6305689 6305977 6306268
6306560 6306853 6307147 6307441 6307737 6308036 6308336 6308637
6308939 6309242 6309547 6309852 6310159 6310467 6310777 6311087
6311398 6311710 6312023 6312336 6312650 6312964 6313280 6313596
6313913 6314230 6314547 6314864 6315181 6315500 6315819 6316141
6316464 6316787 6317111 6317436 6317761 6318086 6318412 6318740
6319069 6319398 6319727 6320056 6320386 6320716 6321047 6321378
6321709 6322040 6322372 6322704 6323036 6323369 6323702 6324035
6324369 6324703 6325037 6325372 6325707 6326042 6326377 6326712
6327047 6327383 6327719 6328055 6328391 6328728 6329065 6329402
6329739 6330076 6330413 6330750 6331087 6331424 6331761 6332098
6332435 6332772 6333111 6333451 6333791 6334131 6334473 6334816
6335159 6335502 6335845 6336188 6336531 6336874 6337217 6337560
6337903 6338246 6338589 6338932 6339275 6339618 6339961 6340304
6340647 6340990 6341334 6341678 6342022 6342366 6342710 6343054
6343398 6343742 6344086 6344430 6344775 6345120 6345465 6345810
6346158 6346508 6346859 6347211 6347564 6347917 6348271 6348625
6348979 6349334 6349689 6350044 6350400 6350758 6351117 6351476
6351836 6352197 6352558 6352920 6353283 6353646 6354010 6354375
6354739 6355103 6355468 6355834 6356200 6356567 6356934 6357301
6357669 6358037 6358406 6358776 6359147 6359518 6359889 6360261
6360632 6361004 6361376 6361747 6362118 6362489 6362859 6363229
6363599 6363969 6364340 6364711 6365081 6365451 6365821 6366191
6366561 6366931 6367301 6367672 6368043 6368414 6368785 6369156
6369528 6369900 6370272 6370644 6371016 6371388 6371760 6372131
6372502 6372873 6373244 6373614 6373984 6374353 6374721 6374784
6374968 6375169 6375393 6375625 6375862 6376106 6376356 6376609
6376864 6377121 6377379 6377640 6377907 6378179 6378453 6378728
6379007 6379287 6379571 6379859 6380147 6380438 6380730 6381022
6381316 6381610 6381905 6382204 6382504 6382805 6383107 6383409
6383712 6384017 6384324 6384632 6384941 6385251 6385562 6385874
6386187 6386500 6386813 6387127 6387442 6387758 6388074 6388391
6388708 6389025 6389342 6389660 6389979 6390301 6390623 6390946
6391269 6391592 6391916 6392241 6392566 6392891 6393217 6393545
6393874 6394203 6394532 6394861 6395191 6395521 6395852 6396183
6396514 6396846 6397178 6397510 6397843 6398176 6398509 6398843
6399177 6399511 6399846 6400181 6400516 6400851 6401186 6401521
6401857 6402193 6402529 6402865 6403202 6403539 6403876 6404213
6404550 6404887 6405224 6405561 6405898 6406235 6406572 6406909
6407246 6407583 6407920 6408259 6408599 6408939 6409281 6409624
6409967 6410310 6410653 6410996 6411339 6411682 6412025 6412368
6412711 6413054 6413397 6413740 6414083 6414426 6414769 6415113
6415457 6415801 6416145 6416490 6416835 6417180 6417525 6417870
6418215 6418560 6418905 6419250 6419595 6419940 6420285 6420633
6420983 6421333 6421685 6422038 6422391 6422744 6423098 6423452
6423807 6424162 6424517 6424873 6425231 6425589 6425949 6426309
6426670 6427031 6427393 6427756 6428119 6428482 6428847 6429212
6429577 6429943 6430310 6430677 6431044 6431412 6431780 6432149
6432518 6432887 6433257 6433627 6433998 6434369 6434740 6435111
6435487 6435866 6436246 6436628 6437010 6437394 6437778 6438162
6438546 6438931 6439315 6439699 6440084 6440472 6440860 6441248
6441636 6442024 6442412 6442801 6443190 6443579 6443968 6444357
6444746 6445136 6445527 6445918 6446309 6446700 6447091 6447482
6447873 6448265 6448658 6449051 6449445 6449839 6450233 6450627
6451022 6451418 6451814 6452211 6452607 6453003 6453066 6453250
6453451 6453675 6453907 6454144 6454388 6454638 6454891 6455146
6455403 6455661 6455922 6456189 6456461 6456735 6457010 6457289
6457570 6457854 6458142 6458430 6458721 6459013 6459306 6459600
6459894 6460189 6460488 6460789 6461090 6461392 6461694 6461997
6462302 6462609 6462917 6463226 6463536 6463847 6464159 6464472
6464785 6465098 6465412 6465727 6466043 6466359 6466676 6466993
6467310 6467627 6467945 6468264 6468586 6468908 6469231 6469554
6469878 6470202 6470527 6470852 6471179 6471507 6471836 6472165
6472494 6472824 6473154 6473484 6473815 6474146 6474477 6474809
6475141 6475473 6475806 6476139 6476472 6476806 6477140 6477475
6477810 6478145 6478480 6478815 6479150 6479485 6479821 6480157
6480493 6480830 6481167 6481504 6481841 6482178 6482515 6482852
6483189 6483526 6483863 6484200 6484537 6484874 6485211 6485548
6485887 6486226 6486566 6486908 6487250 6487593 6487936 6488279
6488622 6488965 6489308 6489651 6489994 6490337 6490680 6491023
6491366 6491709 6492052 6492396 6492740 6493084 6493428 6493773
6494118 6494463 6494808 6495153 6495498 6495843 6496188 6496533
6496878 6497223 6497568 6497913 6498262 6498612 6498964 6499316
6499669 6500022 6500376 6500730 6501084 6501439 6501794 6502149
6502506 6502864 6503223 6503583 6503944 6504305 6504666 6505029
6505392 6505755 6506118 6506483 6506848 6507213 6507579 6507946
6508313 6508680 6509048 6509416 6509785 6510154 6510524 6510894
6511265 6511636 6512008 6512380 6512751 6513128 6513509 6513890
6514272 6514656 6515040 6515424 6515808 6516192 6516577 6516962
6517348 6517736 6518124 6518512 6518901 6519290 6519679 6520068
6520458 6520849 6521239 6521629 6522018 6522407 6522799 6523191
6523583 6523974 6524365 6524756 6525147 6525540 6525933 6526326
6526720 6527114 6527508 6527902 6528297 6528693 6529089 6529486
6529883 6530280 6530677 6530740 6530926 6531130 6531348 6531576
6531810 6532050 6532295 6532546 6532799 6533056 6533313 6533571
6533832 6534096 6534366 6534639 6534913 6535190 6535470 6535752
6536038 6536326 6536615 6536906 6537199 6537493 6537787 6538082
6538379 6538678 6538979 6539280 6539582 6539885 6540188 6540494
6540802 6541111 6541420 6541730 6542042 6542355 6542668 6542982
6543297 6543613 6543929 6544246 6544563 6544880 6545197 6545515
6545833 6546154 6546477 6546800 6547123 6547447 6547771 6548096
6548421 6548746 6549073 6549401 6549730 6550059 6550389 6550719
6551050 6551381 6551713 6552045 6552377 6552710 6553043 6553376
6553709 6554043 6554377 6554712 6555047 6555382 6555717 6556052
6556388 6556724 6557060 6557397 6557734 6558071 6558408 6558745
6559082 6559419 6559756 6560093 6560430 6560767 6561104 6561441
6561778 6562115 6562454 6562793 6563133 6563475 6563818 6564161
6564504 6564847 6565190 6565533 6565876 6566219 6566562 6566905
6567248 6567591 6567934 6568278 6568622 6568966 6569310 6569655
6570000 6570345 6570690 6571035 6571380 6571725 6572070 6572415
6572760 6573105 6573450 6573796 6574145 6574496 6574847 6575200
6575553 6575907 6576261 6576616 6576971 6577327 6577683 6578039
6578396 6578755 6579114 6579476 6579838 6580201 6580564 6580928
6581293 6581658 6582023 6582388 6582754 6583120 6583486 6583853
6584221 6584589 6584957 6585326 6585695 6586064 6586434 6586804
6587175 6587546 6587916 6588287 6588658 6589029 6589401 6589773
6590148 6590525 6590903 6591284 6591666 6592050 6592436 6592822
6593208 6593595 6593982 6594369 6594759 6595149 6595539 6595930
6596321 6596713 6597105 6597497 6597890 6598283 6598676 6599068
6599463 6599858 6600253 6600648 6601043 6601438 6601832 6602227
6602623 6603018 6603414 6603810 6604205 6604600 6604996 6605393
6605789 6606186 6606583 6606980 6607377 6607774 6608171 6608568
6608966 6609364 6609762 6609825 6610012 6610216 6610444 6610680
6610921 6611167 6611419 6611674 6611931 6612189 6612449 6612715
6612984 6613257 6613531 6613806 6614088 6614372 6614658 6614945
6615236 6615527 6615821 6616115 6616410 6616706 6617005 6617306
6617608 6617910 6618213 6618516 6618821 6619127 6619436 6619745
6620055 6620367 6620680 6620993 6621307 6621623 6621939 6622256
6622573 6622890 6623207 6623525 6623843 6624164 6624486 6624809
6625132 6625455 6625779 6626103 6626428 6626753 6627078 6627404
6627732 6628061 6628390 6628719 6629049 6629380 6629712 6630044
6630377 6630710 6631043 6631376 6631710 6632044 6632379 6632714
6633049 6633384 6633719 6634055 6634391 6634727 6635064 6635401
6635738 6636075 6636412 6636749 6637086 6637423 6637760 6638097
6638434 6638771 6639108 6639445 6639782 6640120 6640459 6640799
6641141 6641483 6641826 6642169 6642512 6642855 6643198 6643541
6643884 6644227 6644570 6644913 6645256 6645599 6645943 6646287
6646632 6646977 6647322 6647667 6648012 6648357 6648702 6649047
6649392 6649737 6650082 6650428 6650774 6651120 6651466 6651813
6652160 6652507 6652854 6653203 6653555 6653908 6654262 6654617
6654972 6655328 6655684 6656041 6656398 6656755 6657113 6657472
6657833 6658195 6658558 6658922 6659286 6659650 6660016 6660382
6660748 6661116 6661484 6661852 6662220 6662589 6662959 6663329
6663699 6664069 6664440 6664811 6665183 6665554 6665926 6666298
6666670 6667043 6667416 6667789 6668163 6668537 6668911 6669290
6669670 6670053 6670436 6670819 6671204 6671589 6671976 6672364
6672752 6673144 6673536 6673929 6674322 6674716 6675110 6675505
6675901 6676297 6676693 6677089 6677487 6677885 6678283 6678681
6679078 6679475 6679873 6680271 6680669 6681067 6681465 6681863
6682261 6682659 6683059 6683459 6683860 6684261 6684661 6685061
6685461 6685860 6686260 6686660 6687060 6687459 6687860 6688261
6688662 6689062 6689463 6689864 6690266 6690668 6690731 6690919
6691123 6691351 6691588 6691830 6692078 6692331 6692588 6692846
6693105 6693371 6693640 6693913 6694187 6694464 6694744 6695029
6695315 6695604 6695895 6696188 6696482 6696777 6697073 6697369
6697669 6697971 6698273 6698576 6698879 6699182 6699487 6699795
6700104 6700414 6700726 6701039 6701352 6701666 6701981 6702297
6702614 6702931 6703248 6703565 6703883 6704201 6704520 6704841
6705162 6705485 6705808 6706132 6706456 6706781 6707106 6707431
6707756 6708081 6708408 6708737 6709066 6709396 6709726 6710058
6710390 6710723 6711056 6711389 6711723 6712057 6712392 6712727
6713062 6713397 6713732 6714068 6714404 6714741 6715078 6715415
6715752 6716089 6716426 6716763 6717100 6717437 6717774 6718111
6718448 6718785 6719123 6719462 6719801 6720142 6720484 6720826
6721168 6721511 6721854 6722197 6722540 6722883 6723226 6723569
6723912 6724255 6724598 6724941 6725285 6725629 6725973 6726318
6726663 6727008 6727353 6727698 6728043 6728388 6728733 6729079
6729425 6729771 6730118 6730465 6730812 6731159 6731506 6731853
6732200 6732547 6732894 6733241 6733589 6733940 6734293 6734647
6735003 6735359 6735717 6736075 6736433 6736792 6737151 6737510
6737872 6738234 6738597 6738961 6739326 6739691 6740056 6740423
6740790 6741157 6741524 6741893 6742262 6742631 6743000 6743371
6743742 6744113 6744485 6744857 6745230 6745603 6745976 6746350
6746724 6747098 6747472 6747847 6748222 6748597 6748973 6749349
6749725 6750105 6750487 6750871 6751256 6751641 6752026 6752413
6752800 6753189 6753578 6753966 6754358 6754752 6755146 6755541
6755937 6756333 6756729 6757125 6757521 6757920 6758319 6758718
6759117 6759516 6759915 6760315 6760716 6761117 6761518 6761920
6762322 6762724 6763126 6763529 6763932 6764336 6764739 6765141
6765543 6765944 6766345 6766747 6767149 6767551 6767953 6768357
6768761 6769165 6769568 6769972 6770376 6770780 6771184 6771588
6771992 6772397 6772801 6773205 6773609 6774013 6774076 6774266
6774470 6774701 6774939 6775182 6775432 6775685 6775942 6776202
6776467 6776737 6777011 6777285 6777562 6777843 6778126 6778413
6778702 6778992 6779286 6779580 6779875 6780171 6780470 6780770
6781072 6781375 6781678 6781982 6782287 6782594 6782902 6783212
6783523 6783836 6784149 6784463 6784779 6785096 6785413 6785730
6786047 6786364 6786682 6787000 6787319 6787639 6787961 6788284
6788607 6788931 6789256 6789581 6789906 6790231 6790556 6790881
6791208 6791537 6791866 6792195 6792527 6792860 6793193 6793526
6793860 6794194 6794529 6794864 6795199 6795535 6795871 6796207
6796544 6796881 6797218 6797555 6797892 6798229 6798566 6798903
6799240 6799577 6799914 6800252 6800591 6800930 6801270 6801612
6801954 6802296 6802639 6802982 6803325 6803668 6804011 6804354
6804697 6805040 6805383 6805726 6806070 6806414 6806758 6807103
6807448 6807793 6808138 6808483 6808828 6809173 6809518 6809864
6810210 6810556 6810903 6811250 6811597 6811944 6812291 6812638
6812986 6813334 6813682 6814030 6814379 6814728 6815077 6815430
6815784 6816140 6816497 6816854 6817212 6817570 6817929 6818288
6818647 6819006 6819368 6819730 6820093 6820457 6820822 6821187
6821553 6821920 6822287 6822654 6823023 6823392 6823761 6824130
6824500 6824871 6825242 6825613 6825984 6826356 6826728 6827100
6827473 6827846 6828219 6828592 6828965 6829339 6829713 6830087
6830462 6830837 6831212 6831587 6831963 6832339 6832715 6833091
6833467 6833846 6834227 6834609 6834991 6835376 6835761 6836146
6836532 6836918 6837306 6837694 6838084 6838474 6838865 6839257
6839649 6840046 6840444 6840843 6841242 6841641 6842043 6842445
6842846 6843247 6843648 6844049 6844452 6844854 6845256 6845659
6846062 6846465 6846867 6847271 6847675 6848080 6848485 6848890
6849295 6849700 6850105 6850511 6850917 6851323 6851731 6852139
6852547 6852955 6853362 6853769 6854177 6854583 6854989 6855395
6855801 6856208 6856615 6857022 6857429 6857836 6858242 6858649
6859057 6859464 6859871 6860278 6860686 6861094 6861157 6861343
6861547 6861778 6862016 6862259 6862507 6862760 6863017 6863279
6863547 6863819 6864094 6864373 6864656 6864942 6865230 6865522
6865816 6866110 6866406 6866702 6867000 6867302 6867604 6867907
6868211 6868516 6868823 6869130 6869439 6869750 6870063 6870376
6870691 6871007 6871324 6871641 6871958 6872275 6872593 6872912
6873232 6873554 6873876 6874199 6874523 6874848 6875173 6875498
6875823 6876148 6876473 6876800 6877127 6877456 6877785 6878114
6878445 6878778 6879111 6879444 6879778 6880113 6880448 6880783
6881119 6881455 6881791 6882128 6882465 6882802 6883139 6883476
6883813 6884150 6884487 6884824 6885161 6885498 6885836 6886175
6886514 6886855 6887197 6887539 6887881 6888224 6888567 6888910
6889253 6889596 6889939 6890282 6890625 6890968 6891311 6891655
6891999 6892344 6892689 6893034 6893379 6893724 6894069 6894414
6894759 6895105 6895451 6895797 6896144 6896491 6896838 6897185
6897532 6897880 6898228 6898576 6898925 6899274 6899623 6899972
6900321 6900670 6901020 6901374 6901729 6902085 6902442 6902800
6903158 6903517 6903876 6904235 6904595 6904957 6905319 6905682
6906046 6906411 6906776 6907142 6907509 6907876 6908243 6908612
6908981 6909350 6909719 6910089 6910459 6910830 6911201 6911572
6911943 6912314 6912686 6913058 6913431 6913804 6914177 6914550
6914924 6915298 6915672 6916046 6916421 6916796 6917171 6917546
6917922 6918298 6918674 6919050 6919426 6919806 6920188 6920570
6920954 6921339 6921724 6922110 6922496 6922882 6923270 6923658
6924046 6924434 6924824 6925214 6925605 6925996 6926388 6926780
6927176 6927572 6927970 6928370 6928771 6929174 6929577 6929980
6930383 6930786 6931191 6931596 6932001 6932407 6932813 6933218
6933624 6934031 6934438 6934846 6935253 6935660 6936067 6936473
6936880 6937287 6937694 6938100 6938508 6938916 6939324 6939732
6940141 6940550 6940960 6941370 6941780 6942190 6942601 6943012
6943422 6943832 6944242 6944650 6945059 6945469 6945879 6946288
6946697 6947107 6947518 6947929 6948340 6948750 6949160 6949570
6949980 6950390 6950453 6950639 6950843 6951074 6951312 6951555
6951804 6952057 6952314 6952577 6952846 6953120 6953396 6953676
6953960 6954248 6954537 6954830 6955124 6955419 6955715 6956011
6956310 6956612 6956915 6957218 6957522 6957828 6958135 6958442
6958752 6959064 6959377 6959690 6960005 6960321 6960638 6960955
6961272 6961590 6961908 6962227 6962547 6962869 6963192 6963516
6963840 6964165 6964490 6964815 6965140 6965465 6965792 6966119
6966448 6966777 6967106 6967436 6967768 6968101 6968434 6968768
6969102 6969437 6969772 6970107 6970443 6970779 6971116 6971453
6971790 6972127 6972464 6972801 6973138 6973475 6973812 6974149
6974487 6974826 6975165 6975506 6975848 6976190 6976532 6976875
6977218 6977561 6977904 6978247 6978590 6978933 6979276 6979619
6979962 6980306 6980650 6980995 6981340 6981685 6982030 6982375
6982720 6983065 6983410 6983756 6984102 6984449 6984796 6985143
6985490 6985837 6986185 6986533 6986881 6987230 6987579 6987928
6988277 6988626 6988975 6989324 6989673 6990026 6990381 6990737
6991094 6991451 6991809 6992167 6992526 6992885 6993244 6993604
6993966 6994328 6994691 6995055 6995420 6995785 6996151 6996518
6996885 6997252 6997621 6997990 6998359 6998728 6999098 6999468
6999839 7000210 7000581 7000952 7001323 7001695 7002067 7002440
7002813 7003186 7003559 7003933 7004307 7004681 7005055 7005430
7005805 7006180 7006555 7006931 7007307 7007683 7008059 7008435
7008814 7009195 7009577 7009960 7010345 7010730 7011116 7011502
7011888 7012274 7012662 7013050 7013438 7013828 7014218 7014608
7014998 7015389 7015780 7016172 7016566 7016962 7017359 7017758
7018158 7018559 7018962 7019365 7019768 7020171 7020574 7020979
7021384 7021789 7022195 7022601 7023007 7023414 7023822 7024231
7024639 7025047 7025455 7025863 7026271 7026679 7027087 7027495
7027902 7028311 7028720 7029128 7029537 7029946 7030356 7030766
7031176 7031586 7031996 7032407 7032818 7033229 7033640 7034051
7034462 7034873 7035284 7035695 7036105 7036515 7036926 7037337
7037748 7038159 7038570 7038981 7039393 7039804 7040215 7040626
7041036 7041099 7041285 7041489 7041720 7041958 7042201 7042450
7042703 7042960 7043224 7043495 7043769 7044046 7044327 7044611
7044899 7045188 7045481 7045775 7046070 7046366 7046663 7046963
7047265 7047568 7047871 7048176 7048483 7048790 7049098 7049408
7049721 7050034 7050349 7050665 7050982 7051299 7051616 7051933
7052251 7052570 7052890 7053212 7053534 7053858 7054182 7054507
7054832 7055157 7055482 7055807 7056133 7056460 7056789 7057118
7057447 7057776 7058105 7058438 7058771 7059104 7059438 7059773
7060108 7060444 7060780 7061116 7061453 7061790 7062127 7062464
7062801 7063138 7063475 7063812 7064149 7064486 7064824 7065163
7065503 7065844 7066186 7066528 7066870 7067213 7067556 7067899
7068242 7068585 7068928 7069271 7069614 7069958 7070302 7070646
7070991 7071336 7071681 7072026 7072371 7072716 7073061 7073407
7073753 7074099 7074446 7074793 7075140 7075487 7075835 7076183
7076531 7076880 7077229 7077578 7077927 7078276 7078625 7078974
7079323 7079675 7080028 7080382 7080738 7081095 7081453 7081811
7082169 7082528 7082887 7083246 7083606 7083968 7084331 7084695
7085060 7085425 7085791 7086158 7086525 7086892 7087260 7087629
7087998 7088367 7088736 7089106 7089476 7089847 7090218 7090589
7090961 7091334 7091707 7092080 7092454 7092828 7093202 7093576
7093950 7094325 7094700 7095075 7095451 7095827 7096203 7096579
7096956 7097333 7097710 7098087 7098464 7098845 7099228 7099611
7099995 7100381 7100766 7101152 7101538 7101924 7102312 7102700
7103088 7103476 7103866 7104256 7104646 7105036 7105427 7105819
7106211 7106607 7107003 7107400 7107800 7108203 7108606 7109009
7109412 7109816 7110221 7110626 7111032 7111438 7111844 7112250
7112658 7113066 7113475 7113884 7114293 7114702 7115111 7115520
7115930 7116339 7116748 7117159 7117570 7117980 7118390 7118800
7119211 7119622 7120032 7120442 7120852 7121263 7121674 7122085
7122496 7122907 7123319 7123731 7124144 7124557 7124969 7125381
7125793 7126206 7126619 7127031 7127443 7127855 7128267 7128679
7129091 7129503 7129915 7130327 7130738 7131149 7131212 7131399
7131603 7131835 7132073 7132316 7132565 7132819 7133076 7133341
7133612 7133886 7134165 7134446 7134730 7135018 7135309 7135603
7135898 7136194 7136490 7136788 7137090 7137392 7137695 7137999
7138305 7138612 7138920 7139229 7139541 7139854 7140167 7140482
7140799 7141116 7141433 7141750 7142068 7142387 7142706 7143026
7143348 7143672 7143996 7144321 7144646 7144971 7145296 7145621
7145946 7146273 7146602 7146931 7147260 7147589 7147920 7148253
7148587 7148922 7149257 7149593 7149929 7150265 7150602 7150939
7151276 7151613 7151950 7152287 7152624 7152961 7153298 7153636
7153974 7154313 7154653 7154994 7155336 7155678 7156021 7156364
7156707 7157050 7157393 7157736 7158079 7158422 7158766 7159110
7159455 7159800 7160145 7160490 7160835 7161180 7161525 7161871
7162217 7162563 7162910 7163257 7163604 7163951 7164298 7164646
7164994 7165342 7165691 7166040 7166389 7166738 7167087 7167436
7167785 7168134 7168483 7168836 7169190 7169546 7169903 7170260
7170618 7170976 7171334 7171693 7172052 7172411 7172773 7173135
7173498 7173862 7174227 7174592 7174958 7175325 7175692 7176059
7176429 7176799 7177169 7177539 7177909 7178280 7178651 7179023
7179395 7179767 7180139 7180511 7180884 7181257 7181632 7182007
7182382 7182757 7183133 7183509 7183885 7184261 7184638 7185015
7185392 7185769 7186147 7186525 7186903 7187281 7187660 7188042
7188425 7188808 7189193 7189579 7189965 7190352 7190739 7191126
7191515 7191904 7192293 7192682 7193073 7193464 7193855 7194246
7194638 7195031 7195423 7195817 7196213 7196609 7197006 7197404
7197804 7198204 7198607 7199010 7199413 7199817 7200222 7200627
7201033 7201439 7201845 7202251 7202659 7203068 7203477 7203886
7204295 7204704 7205113 7205523 7205933 7206343 7206755 7207167
7207579 7207990 7208401 7208813 7209226 7209639 7210051 7210462
7210873 7211285 7211696 7212107 7212518 7212929 7213341 7213754
7214167 7214580 7214993 7215407 7215822 7216236 7216650 7217063
7217476 7217890 7218304 7218717 7219130 7219543 7219956 7220368
7220780 7221193 7221606 7222019 7222082 7222269 7222473 7222707
7222947 7223191 7223441 7223696 7223955 7224222 7224496 7224773
7225054 7225338 7225625 7225915 7226207 7226502 7226798 7227094
7227393 7227694 7227997 7228300 7228604 7228910 7229217 7229525
7229834 7230145 7230458 7230773 7231089 7231406 7231723 7232040
7232358 7232677 7232996 7233316 7233637 7233960 7234284 7234609
7234934 7235259 7235584 7235909 7236235 7236562 7236890 7237219
7237548 7237877 7238206 7238538 7238871 7239205 7239540 7239876
7240212 7240549 7240886 7241223 7241560 7241897 7242234 7242571
7242908 7243245 7243583 7243922 7244262 7244602 7244943 7245284
7245626 7245968 7246311 7246654 7246997 7247340 7247683 7248026
7248369 7248713 7249057 7249401 7249746 7250091 7250436 7250781
7251126 7251471 7251817 7252163 7252509 7252856 7253203 7253550
7253897 7254245 7254593 7254941 7255290 7255639 7255988 7256337
7256686 7257035 7257384 7257733 7258082 7258431 7258780 7259133
7259488 7259844 7260201 7260559 7260917 7261276 7261635 7261994
7262355 7262718 7263082 7263447 7263814 7264181 7264549 7264919
7265289 7265659 7266030 7266402 7266775 7267148 7267521 7267894
7268268 7268643 7269018 7269393 7269768 7270143 7270519 7270895
7271271 7271648 7272025 7272402 7272779 7273157 7273535 7273913
7274292 7274671 7275050 7275429 7275809 7276189 7276569 7276949
7277333 7277718 7278104 7278491 7278880 7279269 7279659 7280049
7280439 7280831 7281223 7281615 7282007 7282401 7282795 7283189
7283583 7283978 7284373 7284769 7285165 7285561 7285959 7286359
7286759 7287159 7287560 7287963 7288366 7288770 7289174 7289578
7289984 7290390 7290796 7291202 7291608 7292015 7292423 7292832
7293241 7293650 7294059 7294468 7294877 7295287 7295697 7296107
7296519 7296931 7297343 7297756 7298169 7298583 7298997 7299411
7299825 7300240 7300655 7301070 7301485 7301900 7302315 7302731
7303148 7303564 7303980 7304396 7304811 7305227 7305643 7306058
7306473 7306888 7307304 7307720 7308136 7308552 7308968 7309383
7309798 7310213 7310628 7311044 7311460 7311876 7312292 7312709
7313127 7313544 7313961 7314378 7314441 7314629 7314836 7315070
7315312 7315557 7315808 7316064 7316328 7316597 7316874 7317153
7317437 7317723 7318012 7318304 7318598 7318894 7319191 7319491
7319792 7320095 7320398 7320702 7321008 7321315 7321622 7321930
7322238 7322547 7322858 7323171 7323486 7323803 7324120 7324437
7324755 7325073 7325392 7325712 7326032 7326353 7326676 7327001
7327326 7327651 7327976 7328301 7328627 7328954 7329282 7329611
7329940 7330269 7330600 7330933 7331267 7331602 7331938 7332275
7332612 7332949 7333286 7333623 7333960 7334297 7334634 7334972
7335310 7335650 7335990 7336331 7336672 7337013 7337355 7337697
7338040 7338383 7338726 7339069 7339412 7339756 7340100 7340444
7340789 7341134 7341479 7341824 7342169 7342514 7342859 7343205
7343551 7343898 7344245 7344592 7344940 7345288 7345636 7345985
7346334 7346683 7347032 7347381 7347730 7348079 7348428 7348777
7349126 7349475 7349824 7350175 7350529 7350884 7351240 7351597
7351955 7352314 7352673 7353034 7353396 7353759 7354124 7354491
7354858 7355226 7355595 7355964 7356335 7356706 7357077 7357449
7357822 7358195 7358568 7358941 7359314 7359688 7360063 7360438
7360813 7361188 7361563 7361939 7362315 7362691 7363068 7363445
7363822 7364199 7364577 7364955 7365333 7365712 7366091 7366470
7366849 7367229 7367609 7367989 7368369 7368751 7369136 7369522
7369908 7370297 7370686 7371075 7371465 7371855 7372245 7372637
7373029 7373421 7373815 7374209 7374603 7374997 7375391 7375786
7376181 7376577 7376973 7377371 7377771 7378171 7378572 7378973
7379374 7379776 7380179 7380583 7380987 7381394 7381801 7382209
7382618 7383028 7383438 7383850 7384262 7384674 7385086 7385498
7385910 7386322 7386734 7387146 7387558 7387971 7388384 7388797
7389211 7389625 7390039 7390453 7390867 7391281 7391696 7392111
7392526 7392941 7393356 7393772 7394188 7394605 7395022 7395439
7395857 7396276 7396695 7397114 7397533 7397952 7398372 7398792
7399212 7399632 7400052 7400471 7400890 7401309 7401728 7402147
7402565 7402983 7403401 7403820 7404240 7404660 7405079 7405498
7405916 7406334 7406752 7407171 7407590 7408009 7408428 7408491
7408679 7408889 7409124 7409366 7409611 7409862 7410119 7410385
7410656 7410935 7411216 7411500 7411787 7412078 7412370 7412663
7412958 7413256 7413554 7413855 7414158 7414461 7414765 7415071
7415378 7415685 7415993 7416302 7416611 7416920 7417233 7417548
7417865 7418182 7418499 7418817 7419141 7419465 7419792 7420121
7420451 7420783 7421118 7421453 7421789 7422127 7422465 7422806
7423150 7423495 7423841 7424188 7424535 7424883 7425233 7425584
7425938 7426293 7426650 7427009 7427369 7427731 7428094 7428457
7428821 7429185 7429551 7429917 7430283 7430651 7431020 7431390
7431760 7432131 7432503 7432875 7433248 7433622 7433996 7434370
7434745 7435120 7435496 7435873 7436250 7436628 7437006 7437384
7437762 7438142 7438522 7438903 7439285 7439667 7440050 7440433
7440816 7441200 7441585 7441970 7442355 7442741 7443127 7443513
7443899 7444285 7444671 7445057 7445444 7445831 7446218 7446605
7446993 7447382 7447771 7448161 7448552 7448943 7449334 7449725
7450117 7450510 7450903 7451296 7451689 7452082 7452476 7452870
7453264 7453658 7454052 7454446 7454840 7455234 7455628 7456022
7456416 7456810 7457204 7457598 7457992 7458386 7458780 7459174
7459568 7459962 7460357 7460752 7461147 7461542 7461937 7462332
7462727 7463122 7463517 7463912 7464307 7464702 7465098 7465494
7465890 7466289 7466688 7467089 7467490 7467893 7468296 7468700
7469104 7469508 7469913 7470318 7470723 7471128 7471534 7471940
7472346 7472752 7473159 7473566 7473973 7474380 7474787 7475196
7475606 7476016 7476427 7476838 7477250 7477662 7478075 7478488
7478901 7479314 7479729 7480144 7480559 7480974 7481391 7481808
7482225 7482642 7483060 7483479 7483898 7484317 7484736 7485155
7485575 7485995 7486415 7486836 7487257 7487678 7488099 7488520
7488941 7489362 7489783 7490204 7490626 7491047 7491468 7491889
7492310 7492731 7493152 7493573 7493994 7494415 7494834 7495254
7495674 7496094 7496514 7496934 7497355 7497776 7498197 7498618
7499038 7499458 7499878 7500299 7500720 7501141 7501562 7501983
7502405 7502827 7503249 7503671 7504093 7504513 7504933 7505353
7505772 7506191 7506610 7507029 7507447 7507865 7508283 7508701
7509119 7509537 7509955 7510018 7510206 7510416 7510651 7510894
7511139 7511390 7511647 7511914 7512186 7512466 7512748 7513034
7513324 7513616 7513909 7514203 7514498 7514796 7515096 7515398
7515701 7516005 7516310 7516617 7516925 7517233 7517542 7517851
7518160 7518470 7518784 7519101 7519418 7519735 7520053 7520371
7520690 7521009 7521329 7521651 7521973 7522297 7522622 7522947
7523272 7523598 7523924 7524252 7524581 7524910 7525239 7525568
7525898 7526231 7526567 7526903 7527242 7527583 7527925 7528269
7528613 7528958 7529303 7529648 7529995 7530342 7530691 7531041
7531391 7531742 7532094 7532447 7532800 7533154 7533509 7533864
7534220 7534576 7534932 7535288 7535645 7536002 7536359 7536717
7537075 7537434 7537793 7538153 7538514 7538876 7539238 7539600
7539962 7540324 7540686 7541048 7541411 7541774 7542137 7542500
7542863 7543226 7543589 7543952 7544317 7544684 7545053 7545424
7545797 7546172 7546548 7546924 7547302 7547680 7548058 7548437
7548816 7549195 7549575 7549955 7550335 7550715 7551096 7551477
7551858 7552239 7552620 7553002 7553384 7553766 7554149 7554532
7554915 7555299 7555683 7556067 7556451 7556835 7557219 7557603
7557988 7558373 7558758 7559143 7559528 7559913 7560298 7560683
7561069 7561455 7561841 7562227 7562613 7562999 7563385 7563771
7564160 7564551 7564943 7565336 7565731 7566126 7566522 7566918
7567314 7567712 7568110 7568508 7568906 7569305 7569704 7570103
7570502 7570902 7571302 7571703 7572104 7572507 7572911 7573315
7573719 7574124 7574529 7574934 7575340 7575746 7576153 7576560
7576967 7577376 7577785 7578194 7578605 7579016 7579428 7579840
7580253 7580667 7581081 7581495 7581909 7582324 7582739 7583155
7583572 7583989 7584406 7584823 7585241 7585659 7586077 7586495
7586913 7587332 7587751 7588170 7588588 7589007 7589426 7589846
7590265 7590684 7591104 7591525 7591946 7592366 7592786 7593206
7593627 7594047 7594467 7594887 7595307 7595727 7596147 7596568
7596989 7597411 7597833 7598255 7598678 7599101 7599525 7599949
7600373 7600797 7601221 7601645 7602070 7602495 7602920 7603344
7603768 7604192 7604615 7605038 7605461 7605882 7606304 7606725
7607146 7607567 7607988 7608051 7608239 7608452 7608680 7608916
7609159 7609406 7609659 7609918 7610183 7610451 7610727 7611008
7611292 7611578 7611870 7612163 7612457 7612751 7613049 7613349
7613651 7613954 7614258 7614562 7614868 7615176 7615484 7615793
7616106 7616422 7616743 7617069 7617395 7617722 7618050 7618380
7618712 7619047 7619382 7619720 7620061 7620403 7620746 7621091
7621436 7621782 7622131 7622481 7622832 7623183 7623535 7623888
7624242 7624598 7624955 7625314 7625675 7626039 7626404 7626770
7627136 7627503 7627870 7628238 7628607 7628976 7629348 7629721
7630094 7630468 7630843 7631220 7631597 7631975 7632353 7632732
7633112 7633492 7633872 7634252 7634633 7635014 7635396 7635778
7636161 7636545 7636930 7637315 7637701 7638088 7638475 7638862
7639249 7639636 7640024 7640412 7640800 7641188 7641576 7641964
7642352 7642741 7643130 7643520 7643910 7644300 7644692 7645084
7645477 7645871 7646265 7646659 7647053 7647447 7647841 7648235
7648629 7649023 7649418 7649813 7650208 7650603 7650998 7651393
7651788 7652183 7652578 7652973 7653368 7653763 7654158 7654553
7654948 7655343 7655738 7656134 7656530 7656926 7657322 7657718
7658114 7658510 7658906 7659303 7659700 7660097 7660494 7660891
7661288 7661685 7662082 7662479 7662876 7663273 7663672 7664072
7664474 7664876 7665279 7665683 7666089 7666495 7666901 7667308
7667715 7668122 7668529 7668937 7669345 7669753 7670161 7670570
7670979 7671388 7671797 7672206 7672617 7673029 7673441 7673854
7674267 7674681 7675095 7675509 7675923 7676337 7676751 7677167
7677583 7677999 7678415 7678833 7679251 7679669 7680087 7680506
7680925 7681344 7681763 7682183 7682603 7683023 7683443 7683863
7684283 7684703 7685123 7685547 7685972 7686398 7686824 7687253
7687682 7688112 7688542 7688972 7689403 7689835 7690266 7690697
7691128 7691559 7691991 7692423 7692855 7693286 7693718 7694151
7694584 7695017 7695449 7695882 7696315 7696749 7697182 7697615
7698049 7698483 7698919 7699356 7699793 7700230 7700667 7701104
7701541 7701979 7702417 7702857 7703297 7703737 7704177 7704617
7705058 7705500 7705942 7706383 7706824 7707265 7707705 7708144
7708583 7709023 7709463 7709903 7710343 7710406 7710595 7710808
7711044 7711287 7711533 7711786 7712044 7712310 7712579 7712853
7713133 7713417 7713703 7713992 7714283 7714576 7714870 7715165
7715462 7715762 7716064 7716367 7716671 7716976 7717282 7717590
7717898 7718207 7718521 7718836 7719157 7719482 7719808 7720135
7720463 7720795 7721127 7721462 7721799 7722137 7722478 7722821
7723165 7723510 7723855 7724202 7724552 7724902 7725253 7725605
7725958 7726311 7726666 7727022 7727379 7727739 7728102 7728466
7728832 7729198 7729565 7729932 7730300 7730668 7731037 7731409
7731781 7732155 7732529 7732904 7733279 7733656 7734034 7734413
7734793 7735173 7735553 7735933 7736314 7736695 7737078 7737461
7737845 7738229 7738614 7738999 7739385 7739772 7740159 7740547
7740935 7741323 7741711 7742099 7742487 7742875 7743263 7743651
7744039 7744428 7744817 7745207 7745598 7745989 7746382 7746775
7747168 7747562 7747956 7748350 7748744 7749138 7749532 7749926
7750320 7750715 7751110 7751505 7751900 7752296 7752692 7753088
7753484 7753880 7754276 7754672 7755068 7755464 7755860 7756256
7756652 7757048 7757444 7757840 7758236 7758633 7759030 7759427
7759824 7760221 7760618 7761015 7761412 7761809 7762206 7762604
7763002 7763400 7763798 7764196 7764594 7764992 7765390 7765788
7766186 7766586 7766988 7767391 7767794 7768199 7768604 7769010
7769416 7769822 7770229 7770636 7771043 7771450 7771858 7772267
7772676 7773086 7773496 7773906 7774316 7774726 7775138 7775551
7775964 7776377 7776790 7777204 7777618 7778033 7778448 7778863
7779278 7779695 7780112 7780529 7780946 7781363 7781782 7782201
7782620 7783039 7783458 7783878 7784298 7784718 7785138 7785559
7785979 7786400 7786821 7787242 7787663 7788084 7788509 7788935
7789362 7789789 7790219 7790649 7791080 7791511 7791942 7792374
7792807 7793239 7793671 7794103 7794536 7794970 7795404 7795837
7796269 7796702 7797136 7797570 7798004 7798437 7798871 7799305
7799740 7800175 7800609 7801044 7801481 7801919 7802356 7802793
7803231 7803668 7804105 7804542 7804980 7805420 7805859 7806298
7806737 7807176 7807616 7808057 7808499 7808941 7809383 7809825
7810267 7810708 7811148 7811589 7812031 7812471 7812910 7813348
7813786 7814225 7814663 7814726 7814917 7815131 7815362 7815599
7815843 7816091 7816346 7816610 7816878 7817151 7817429 7817713
7817999 7818287 7818579 7818872 7819166 7819461 7819759 7820059
7820361 7820665 7820969 7821275 7821582 7821890 7822199 7822513
7822829 7823146 7823468 7823792 7824117 7824444 7824772 7825102
7825434 7825768 7826104 7826442 7826783 7827125 7827469 7827814
7828159 7828506 7828856 7829206 7829558 7829911 7830264 7830618
7830973 7831329 7831686 7832043 7832403 7832764 7833128 7833494
7833860 7834227 7834594 7834962 7835330 7835699 7836070 7836442
7836816 7837190 7837564 7837939 7838316 7838694 7839073 7839453
7839833 7840213 7840594 7840975 7841357 7841740 7842124 7842508
7842893 7843278 7843665 7844052 7844439 7844827 7845215 7845603
7845991 7846379 7846767 7847155 7847543 7847932 7848321 7848711
7849102 7849494 7849887 7850280 7850674 7851068 7851462 7851856
7852250 7852644 7853038 7853433 7853828 7854223 7854618 7855014
7855410 7855806 7856202 7856598 7856994 7857390 7857786 7858182
7858579 7858976 7859373 7859770 7860167 7860564 7860961 7861358
7861756 7862154 7862552 7862950 7863348 7863746 7864144 7864542
7864940 7865338 7865736 7866135 7866534 7866933 7867332 7867731
7868130 7868529 7868928 7869327 7869726 7870127 7870530 7870934
7871338 7871744 7872151 7872559 7872967 7873375 7873784 7874193
7874602 7875012 7875422 7875832 7876242 7876652 7877062 7877473
7877884 7878295 7878706 7879119 7879533 7879947 7880362 7880777
7881193 7881609 7882026 7882443 7882860 7883277 7883696 7884115
7884534 7884953 7885372 7885791 7886211 7886631 7887051 7887472
7887893 7888315 7888737 7889159 7889581 7890003 7890426 7890849
7891272 7891695 7892120 7892547 7892975 7893403 7893832 7894263
7894694 7895125 7895556 7895987 7896420 7896853 7897286 7897719
7898153 7898588 7899023 7899458 7899893 7900329 7900766 7901203
7901639 7902075 7902512 7902949 7903386 7903822 7904258 7904695
7905131 7905570 7906009 7906448 7906888 7907328 7907767 7908207
7908647 7909089 7909530 7909971 7910412 7910853 7911294 7911736
7912179 7912622 7913064 7913506 7913948 7914390 7914832 7915276
7915721 7916166 7916611 7917055 7917500 7917944 7918386 7918829
7919270 7919711 7920152 7920593 7920656 7920844 7921058 7921294
7921538 7921785 7922039 7922303 7922572 7922849 7923131 7923415
7923701 7923991 7924284 7924578 7924873 7925170 7925471 7925772
7926076 7926381 7926687 7926995 7927304 7927616 7927930 7928248
7928568 7928889 7929213 7929537 7929863 7930191 7930520 7930852
7931186 7931522 7931860 7932200 7932541 7932885 7933230 7933575
7933923 7934272 7934622 7934974 7935327 7935680 7936035 7936391
7936748 7937107 7937468 7937832 7938196 7938562 7938929 7939297
7939665 7940034 7940405 7940777 7941151 7941525 7941899 7942275
7942652 7943031 7943411 7943791 7944171 7944552 7944933 7945314
7945697 7946080 7946464 7946849 7947234 7947620 7948007 7948395
7948783 7949171 7949559 7949947 7950335 7950723 7951111 7951500
7951889 7952279 7952670 7953062 7953455 7953848 7954242 7954636
7955030 7955424 7955818 7956212 7956607 7957002 7957397 7957793
7958189 7958585 7958981 7959377 7959773 7960169 7960565 7960962
7961359 7961756 7962153 7962551 7962949 7963347 7963745 7964143
7964541 7964940 7965339 7965738 7966137 7966536 7966935 7967334
7967733 7968132 7968532 7968932 7969332 7969732 7970132 7970532
7970932 7971332 7971732 7972132 7972532 7972932 7973334 7973738
7974143 7974548 7974955 7975363 7975772 7976181 7976590 7977000
7977410 7977820 7978230 7978641 7979052 7979463 7979875 7980287
7980699 7981111 7981523 7981935 7982349 7982764 7983179 7983595
7984011 7984428 7984845 7985263 7985681 7986099 7986517 7986936
7987356 7987776 7988196 7988615 7989035 7989455 7989876 7990297
7990718 7991140 7991563 7991986 7992409 7992832 7993256 7993680
7994105 7994530 7994955 7995379 7995807 7996236 7996666 7997096
7997529 7997962 7998396 7998829 7999262 7999696 8000131 8000565
8000999 8001433 8001869 8002305 8002740 8003175 8003611 8004048
8004485 8004922 8005359 8005797 8006235 8006673 8007112 8007551
8007991 8008432 8008874 8009316 8009758 8010200 8010642 8011083
8011524 8011965 8012408 8012851 8013294 8013737 8014180 8014623
8015068 8015513 8015957 8016401 8016845 8017289 8017733 8018177
8018622 8019068 8019514 8019959 8020404 8020850 8021296 8021742
8022189 8022636 8023083 8023529 8023975 8024419 8024862 8025305
8025748 8026192 8026255 8026443 8026657 8026888 8027125 8027369
8027618 8027872 8028133 8028399 8028670 8028949 8029233 8029519
8029806 8030098 8030392 8030686 8030981 8031280 8031581 8031884
8032188 8032494 8032801 8033109 8033422 8033736 8034053 8034374
8034698 8035022 8035348 8035676 8036005 8036337 8036671 8037007
8037345 8037686 8038027 8038371 8038716 8039061 8039409 8039758
8040108 8040460 8040813 8041166 8041521 8041878 8042235 8042593
8042953 8043317 8043682 8044048 8044415 8044783 8045151 8045520
8045891 8046264 8046638 8047012 8047386 8047762 8048138 8048517
8048897 8049277 8049657 8050038 8050419 8050801 8051184 8051568
8051952 8052337 8052724 8053111 8053498 8053886 8054274 8054662
8055050 8055438 8055826 8056214 8056603 8056992 8057383 8057774
8058166 8058559 8058952 8059346 8059740 8060134 8060528 8060922
8061316 8061711 8062106 8062502 8062898 8063294 8063690 8064086
8064482 8064878 8065274 8065671 8066068 8066465 8066863 8067261
8067659 8068057 8068455 8068853 8069252 8069651 8070050 8070449
8070848 8071247 8071646 8072046 8072446 8072846 8073246 8073646
8074046 8074446 8074846 8075246 8075646 8076046 8076446 8076846
8077247 8077648 8078049 8078450 8078851 8079254 8079658 8080064
8080470 8080878 8081286 8081695 8082104 8082513 8082923 8083334
8083745 8084157 8084569 8084981 8085393 8085805 8086218 8086631
8087044 8087457 8087873 8088289 8088705 8089122 8089539 8089957
8090375 8090794 8091213 8091632 8092051 8092471 8092891 8093311
8093731 8094151 8094571 8094993 8095415 8095837 8096259 8096681
8097104 8097528 8097951 8098374 8098798 8099222 8099647 8100072
8100497 8100924 8101353 8101784 8102215 8102647 8103081 8103515
8103949 8104383 8104818 8105254 8105690 8106126 8106562 8106998
8107435 8107872 8108308 8108745 8109183 8109621 8110059 8110496
8110933 8111371 8111809 8112248 8112687 8113126 8113566 8114009
8114452 8114895 8115339 8115783 8116227 8116671 8117114 8117559
8118004 8118447 8118890 8119333 8119777 8120223 8120669 8121115
8121560 8122005 8122450 8122894 8123339 8123785 8124232 8124679
8125126 8125572 8126019 8126466 8126914 8127361 8127808 8128256
8128704 8129152 8129600 8130046 8130491 8130936 8131380 8131826
8131889 8132079 8132294 8132530 8132774 8133021 8133274 8133539
8133806 8134076 8134351 8134631 8134917 8135203 8135495 8135789
8136084 8136381 8136679 8136980 8137284 8137589 8137895 8138203
8138511 8138825 8139141 8139459 8139781 8140105 8140430 8140757
8141089 8141421 8141754 8142089 8142426 8142766 8143107 8143449
8143793 8144138 8144486 8144835 8145185 8145537 8145890 8146243
8146598 8146954 8147311 8147669 8148027 8148389 8148755 8149121
8149488 8149856 8150224 8150593 8150963 8151335 8151709 8152083
8152457 8152832 8153209 8153588 8153968 8154348 8154728 8155109
8155490 8155872 8156255 8156639 8157024 8157409 8157796 8158183
8158570 8158958 8159346 8159734 8160122 8160510 8160898 8161286
8161675 8162064 8162455 8162846 8163238 8163631 8164024 8164418
8164812 8165206 8165600 8165994 8166389 8166784 8167179 8167575
8167971 8168367 8168763 8169159 8169555 8169951 8170348 8170745
8171142 8171540 8171938 8172336 8172734 8173133 8173532 8173931
8174330 8174729 8175128 8175528 8175928 8176328 8176728 8177128
8177528 8177928 8178328 8178728 8179128 8179529 8179930 8180331
8180732 8181133 8181534 8181935 8182336 8182737 8183139 8183541
8183943 8184345 8184747 8185149 8185554 8185960 8186367 8186775
8187184 8187593 8188003 8188413 8188823 8189234 8189645 8190056
8190468 8190880 8191292 8191704 8192117 8192530 8192943 8193356
8193771 8194187 8194603 8195019 8195436 8195853 8196271 8196690
8197109 8197528 8197947 8198367 8198788 8199209 8199630 8200051
8200473 8200896 8201319 8201742 8202165 8202588 8203012 8203437
8203862 8204287 8204712 8205137 8205563 8205989 8206415 8206841
8207269 8207699 8208130 8208561 8208994 8209428 8209862 8210297
8210732 8211168 8211605 8212042 8212479 8212916 8213354 8213793
8214232 8214671 8215110 8215550 8215990 8216430 8216870 8217310
8217750 8218190 8218630 8219070 8219511 8219952 8220395 8220838
8221281 8221725 8222169 8222613 8223058 8223504 8223951 8224398
8224845 8225292 8225739 8226186 8226634 8227082 8227529 8227975
8228421 8228867 8229313 8229761 8230210 8230658 8231106 8231554
8232003 8232451 8232900 8233349 8233798 8234248 8234697 8235146
8235595 8236044 8236493 8236943 8237393 8237841 8238290 8238738
8239185 8239631 8239694 8239884 8240099 8240336 8240580 8240829
8241082 8241349 8241617 8241889 8242166 8242448 8242734 8243021
8243311 8243604 8243898 8244193 8244490 8244790 8245093 8245398
8245703 8246011 8246320 8246633 8246948 8247266 8247586 8247910
8248235 8248562 8248890 8249223 8249557 8249891 8250227 8250567
8250908 8251250 8251594 8251939 8252286 8252635 8252985 8253337
8253690 8254043 8254398 8254754 8255111 8255468 8255826 8256187
8256550 8256916 8257282 8257649 8258017 8258385 8258754 8259125
8259496 8259870 8260244 8260618 8260992 8261367 8261743 8262121
8262501 8262881 8263261 8263642 8264024 8264406 8264789 8265173
8265558 8265945 8266332 8266719 8267107 8267495 8267883 8268271
8268659 8269047 8269435 8269824 8270213 8270604 8270995 8271387
8271780 8272173 8272567 8272961 8273355 8273749 8274144 8274539
8274934 8275330 8275726 8276122 8276518 8276914 8277310 8277706
8278103 8278500 8278897 8279295 8279693 8280091 8280489 8280888
8281287 8281686 8282086 8282486 8282886 8283286 8283686 8284086
8284486 8284886 8285286 8285686 8286087 8286488 8286889 8287290
8287691 8288092 8288494 8288896 8289298 8289700 8290102 8290504
8290906 8291308 8291710 8292112 8292514 8292916 8293320 8293726
8294133 8294540 8294949 8295358 8295768 8296178 8296589 8297000
8297411 8297822 8298234 8298646 8299058 8299470 8299884 8300298
8300712 8301126 8301543 8301961 8302379 8302798 8303217 8303637
8304057 8304478 8304899 8305320 8305740 8306162 8306584 8307006
8307428 8307850 8308272 8308695 8309118 8309541 8309964 8310387
8310811 8311235 8311660 8312085 8312510 8312936 8313362 8313789
8314216 8314643 8315072 8315503 8315935 8316367 8316801 8317236
8317671 8318106 8318541 8318977 8319414 8319851 8320288 8320725
8321164 8321603 8322042 8322481 8322921 8323362 8323803 8324244
8324685 8325126 8325567 8326009 8326451 8326894 8327336 8327780
8328224 8328668 8329113 8329557 8330001 8330446 8330891 8331338
8331785 8332232 8332679 8333127 8333575 8334025 8334475 8334924
8335373 8335821 8336268 8336715 8337164 8337613 8338062 8338511
8338960 8339410 8339859 8340308 8340758 8341207 8341657 8342107
8342557 8343007 8343457 8343907 8344357 8344808 8345259 8345710
8346161 8346611 8347060 8347508 8347956 8348404 8348467 8348656
8348871 8349098 8349335 8349579 8349828 8350081 8350347 8350614
8350888 8351165 8351446 8351732 8352018 8352306 8352598 8352892
8353186 8353481 8353779 8354078 8354379 8354682 8354987 8355295
8355603 8355917 8356233 8356551 8356872 8357196 8357521 8357848
8358178 8358510 8358844 8359179 8359515 8359854 8360194 8360535
8360878 8361221 8361568 8361916 8362265 8362616 8362969 8363322
8363677 8364032 8364389 8364746 8365104 8365463 8365825 8366191
8366557 8366925 8367293 8367663 8368034 8368407 8368781 8369155
8369530 8369905 8370281 8370659 8371038 8371418 8371799 8372180
8372562 8372944 8373327 8373711 8374096 8374483 8374870 8375258
8375646 8376034 8376422 8376810 8377198 8377586 8377975 8378364
8378755 8379146 8379538 8379931 8380324 8380718 8381112 8381506
8381901 8382296 8382692 8383088 8383484 8383880 8384276 8384672
8385069 8385466 8385863 8386261 8386659 8387057 8387456 8387855
8388254 8388653 8389053 8389453 8389853 8390253 8390653 8391053
8391454 8391855 8392256 8392657 8393058 8393459 8393861 8394263
8394665 8395067 8395469 8395871 8396273 8396675 8397077 8397479
8397881 8398283 8398685 8399087 8399490 8399894 8400298 8400702
8401106 8401510 8401914 8402320 8402728 8403137 8403548 8403961
8404374 8404788 8405202 8405616 8406031 8406446 8406861 8407277
8407693 8408109 8408525 8408942 8409359 8409776 8410193 8410612
8411032 8411452 8411873 8412294 8412716 8413138 8413561 8413984
8414407 8414830 8415254 8415679 8416104 8416529 8416954 8417379
8417805 8418232 8418659 8419086 8419513 8419940 8420368 8420797
8421226 8421655 8422084 8422514 8422943 8423373 8423803 8424232
8424663 8425098 8425533 8425968 8426405 8426842 8427280 8427717
8428155 8428594 8429033 8429472 8429910 8430350 8430790 8431230
8431670 8432110 8432551 8432992 8433433 8433874 8434316 8434758
8435201 8435644 8436088 8436532 8436979 8437426 8437873 8438321
8438769 8439217 8439665 8440114 8440564 8441014 8441464 8441912
8442361 8442812 8443263 8443713 8444163 8444613 8445063 8445513
8445964 8446417 8446870 8447323 8447775 8448228 8448681 8449133
8449585 8450037 8450490 8450943 8451395 8451847 8452299 8452751
8453203 8453656 8454109 8454561 8455015 8455469 8455923 8456377
8456831 8457285 8457738 8458190 8458642 8459093 8459545 8459996
8460059 8460250 8460466 8460696 8460934 8461179 8461428 8461681
8461946 8462213 8462486 8462764 8463045 8463330 8463617 8463905
8464197 8464491 8464785 8465080 8465377 8465676 8465975 8466276
8466581 8466886 8467193 8467505 8467819 8468135 8468453 8468774
8469098 8469424 8469752 8470083 8470417 8470752 8471087 8471426
8471767 8472108 8472450 8472793 8473138 8473486 8473835 8474185
8474536 8474889 8475243 8475598 8475955 8476312 8476670 8477028
8477388 8477752 8478118 8478485 8478853 8479221 8479590 8479960
8480332 8480705 8481079 8481453 8481828 8482205 8482583 8482962
8483342 8483722 8484103 8484485 8484867 8485250 8485634 8486019
8486406 8486793 8487181 8487569 8487957 8488345 8488733 8489121
8489510 8489899 8490290 8490682 8491074 8491467 8491861 8492255
8492649 8493044 8493439 8493835 8494231 8494627 8495023 8495419
8495816 8496213 8496610 8497008 8497406 8497804 8498203 8498602
8499001 8499401 8499801 8500201 8500601 8501001 8501402 8501803
8502204 8502605 8503006 8503408 8503810 8504212 8504614 8505016
8505418 8505820 8506222 8506624 8507026 8507428 8507831 8508235
8508639 8509043 8509447 8509851 8510255 8510659 8511064 8511470
8511876 8512282 8512688 8513094 8513500 8513906 8514315 8514726
8515137 8515550 8515963 8516377 8516791 8517205 8517620 8518035
8518450 8518866 8519282 8519698 8520114 8520531 8520948 8521365
8521782 8522201 8522621 8523041 8523462 8523883 8524305 8524727
8525150 8525573 8525996 8526419 8526844 8527269 8527694 8528119
8528544 8528970 8529397 8529824 8530251 8530678 8531105 8531533
8531961 8532390 8532819 8533248 8533677 8534107 8534537 8534968
8535399 8535832 8536268 8536705 8537142 8537582 8538022 8538462
8538903 8539344 8539785 8540227 8540669 8541110 8541552 8541995
8542437 8542879 8543321 8543765 8544208 8544651 8545093 8545535
8545978 8546422 8546865 8547308 8547752 8548197 8548644 8549091
8549538 8549986 8550434 8550883 8551332 8551783 8552234 8552685
8553136 8553588 8554040 8554494 8554947 8555400 8555853 8556305
8556757 8557208 8557662 8558115 8558568 8559021 8559474 8559928
8560382 8560837 8561292 8561747 8562202 8562657 8563111 8563565
8564018 8564472 8564927 8565382 8565836 8566290 8566746 8567201
8567656 8568111 8568565 8569019 8569474 8569929 8570384 8570839
8571294 8571748 8572202 8572655 8573110 8573564 8573627 8573818
8574037 8574268 8574506 8574751 8575000 8575253 8575519 8575787
8576057 8576332 8576612 8576894 8577180 8577468 8577757 8578049
8578343 8578638 8578935 8579234 8579534 8579835 8580140 8580446
8580754 8581068 8581384 8581702 8582023 8582344 8582668 8582997
8583327 8583659 8583994 8584332 8584671 8585012 8585353 8585696
8586039 8586382 8586729 8587078 8587428 8587780 8588133 8588487
8588842 8589199 8589556 8589914 8590272 8590631 8590992 8591358
8591724 8592091 8592459 8592827 8593197 8593568 8593941 8594315
8594689 8595064 8595441 8595818 8596197 8596577 8596957 8597338
8597720 8598102 8598485 8598870 8599255 8599642 8600030 8600418
8600806 8601194 8601582 8601970 8602359 8602748 8603139 8603530
8603922 8604315 8604708 8605102 8605496 8605891 8606286 8606681
8607077 8607473 8607869 8608265 8608661 8609058 8609455 8609853
8610251 8610650 8611049 8611448 8611848 8612248 8612648 8613048
8613448 8613848 8614249 8614650 8615051 8615453 8615855 8616257
8616659 8617061 8617463 8617865 8618267 8618669 8619071 8619474
8619878 8620282 8620686 8621090 8621494 8621899 8622305 8622711
8623117 8623523 8623929 8624335 8624741 8625147 8625553 8625959
8626365 8626774 8627184 8627595 8628008 8628421 8628835 8629249
8629663 8630078 8630493 8630908 8631324 8631740 8632156 8632572
8632989 8633406 8633823 8634240 8634657 8635077 8635497 8635917
8636338 8636760 8637182 8637605 8638028 8638451 8638874 8639299
8639724 8640149 8640574 8640999 8641424 8641850 8642277 8642704
8643131 8643558 8643985 8644413 8644842 8645271 8645700 8646129
8646558 8646988 8647418 8647849 8648280 8648711 8649146 8649583
8650020 8650460 8650901 8651342 8651783 8652226 8652669 8653112
8653555 8653999 8654443 8654887 8655331 8655775 8656220 8656665
8657109 8657553 8657997 8658442 8658888 8659332 8659776 8660221
8660668 8661115 8661562 8662009 8662456 8662904 8663352 8663801
8664251 8664702 8665153 8665604 8666055 8666507 8666960 8667414
8667868 8668322 8668776 8669230 8669683 8670138 8670594 8671049
8671503 8671957 8672412 8672866 8673320 8673775 8674230 8674686
8675142 8675598 8676053 8676508 8676963 8677419 8677875 8678331
8678786 8679243 8679700 8680157 8680613 8681069 8681524 8681980
8682435 8682890 8683346 8683802 8684258 8684713 8685169 8685625
8686080 8686535 8686988 8687051 8687239 8687454 8687681 8687918
8688163 8688411 8688664 8688923 8689190 8689464 8689741 8690022
8690306 8690592 8690881 8691172 8691466 8691761 8692057 8692356
8692656 8692956 8693257 8693561 8693868 8694176 8694490 8694806
8695124 8695444 8695767 8696091 8696420 8696752 8697085 8697419
8697758 8698099 8698442 8698785 8699128 8699472 8699819 8700168
8700518 8700870 8701223 8701578 8701934 8702291 8702649 8703007
8703366 8703725 8704087 8704452 8704819 8705187 8705555 8705924
8706294 8706666 8707039 8707413 8707788 8708164 8708541 8708919
8709298 8709679 8710061 8710443 8710825 8711208 8711593 8711980
8712368 8712756 8713144 8713532 8713920 8714308 8714697 8715087
8715478 8715869 8716261 8716654 8717047 8717441 8717836 8718231
8718626 8719022 8719418 8719814 8720210 8720607 8721004 8721401
8721799 8722198 8722597 8722996 8723396 8723796 8724196 8724596
8724996 8725396 8725797 8726198 8726599 8727000 8727402 8727804
8728206 8728608 8729010 8729412 8729814 8730217 8730621 8731025
8731429 8731833 8732238 8732643 8733049 8733455 8733861 8734267
8734673 8735079 8735485 8735891 8736297 8736703 8737109 8737515
8737921 8738327 8738733 8739141 8739551 8739962 8740373 8740786
8741199 8741613 8742027 8742441 8742856 8743271 8743686 8744102
8744518 8744934 8745350 8745767 8746184 8746601 8747018 8747437
8747857 8748277 8748698 8749119 8749541 8749963 8750386 8750809
8751232 8751656 8752081 8752506 8752931 8753356 8753781 8754208
8754635 8755062 8755489 8755916 8756344 8756773 8757202 8757631
8758060 8758489 8758919 8759350 8759781 8760212 8760644 8761080
8761517 8761957 8762397 8762838 8763279 8763721 8764164 8764607
8765050 8765494 8765939 8766384 8766829 8767274 8767721 8768168
8768615 8769062 8769510 8769957 8770405 8770853 8771301 8771750
8772201 8772651 8773101 8773551 8774001 8774451 8774901 8775351
8775801 8776252 8776703 8777154 8777605 8778057 8778511 8778965
8779419 8779873 8780327 8780781 8781235 8781691 8782148 8782605
8783062 8783520 8783978 8784435 8784893 8785350 8785808 8786265
8786722 8787178 8787634 8788090 8788547 8789005 8789463 8789920
8790379 8790837 8791295 8791753 8792211 8792669 8793127 8793585
8794043 8794500 8794958 8795415 8795871 8796329 8796786 8797243
8797699 8798154 8798608 8799062 8799517 8799580 8799768 8799980
8800206 8800442 8800683 8800931 8801184 8801451 8801721 8801996
8802273 8802554 8802838 8803125 8803415 8803707 8804001 8804296
8804593 8804892 8805192 8805492 8805795 8806100 8806408 8806718
8807033 8807351 8807669 8807990 8808314 8808639 8808969 8809301
8809634 8809970 8810310 8810651 8810993 8811336 8811679 8812023
8812368 8812716 8813066 8813417 8813770 8814124 8814479 8814836
8815193 8815551 8815909 8816268 8816627 8816989 8817354 8817721
8818088 8818456 8818825 8819196 8819568 8819941 8820315 8820690
8821067 8821444 8821822 8822202 8822583 8822965 8823347 8823730
8824113 8824498 8824885 8825273 8825661 8826049 8826437 8826825
8827213 8827601 8827990 8828379 8828770 8829161 8829553 8829945
8830338 8830731 8831125 8831519 8831914 8832309 8832705 8833101
8833497 8833893 8834289 8834685 8835082 8835479 8835876 8836274
8836673 8837072 8837471 8837870 8838270 8838670 8839070 8839470
8839870 8840270 8840670 8841071 8841472 8841874 8842276 8842678
8843080 8843482 8843884 8844287 8844690 8845094 8845498 8845902
8846306 8846711 8847117 8847523 8847929 8848335 8848741 8849147
8849553 8849959 8850365 8850771 8851177 8851583 8851989 8852395
8852801 8853207 8853616 8854027 8854438 8854851 8855264 8855678
8856092 8856506 8856921 8857336 8857751 8858167 8858583 8858999
8859415 8859832 8860249 8860666 8861083 8861502 8861922 8862342
8862763 8863184 8863606 8864029 8864452 8864875 8865298 8865722
8866147 8866572 8866997 8867422 8867847 8868274 8868701 8869128
8869555 8869982 8870410 8870838 8871267 8871696 8872125 8872554
8872983 8873413 8873844 8874275 8874706 8875141 8875578 8876016
8876456 8876897 8877338 8877780 8878223 8878666 8879109 8879553
8879998 8880443 8880888 8881334 8881781 8882228 8882675 8883122
8883570 8884017 8884465 8884913 8885361 8885810 8886261 8886711
8887161 8887611 8888061 8888511 8888961 8889411 8889862 8890313
8890764 8891215 8891667 8892121 8892575 8893029 8893483 8893937
8894391 8894846 8895302 8895759 8896216 8896673 8897131 8897589
8898046 8898504 8898961 8899419 8899876 8900332 8900788 8901244
8901701 8902158 8902616 8903073 8903532 8903990 8904448 8904906
8905364 8905822 8906280 8906738 8907195 8907653 8908110 8908567
8909023 8909481 8909938 8910395 8910852 8911308 8911764 8912218
8912672 8913148 8913627 8913690 8913878 8914090 8914316 8914552
8914794 8915042 8915295 8915562 8915832 8916107 8916385 8916666
8916950 8917237 8917527 8917820 8918114 8918410 8918707 8919006
8919306 8919606 8919909 8920214 8920522 8920834 8921149 8921467
8921785 8922106 8922430 8922757 8923087 8923419 8923752 8924091
8924432 8924773 8925116 8925459 8925802 8926146 8926492 8926841
8927191 8927543 8927896 8928250 8928605 8928962 8929319 8929677
8930035 8930394 8930753 8931116 8931482 8931849 8932217 8932585
8932954 8933325 8933698 8934071 8934445 8934820 8935197 8935574
8935953 8936333 8936714 8937096 8937478 8937861 8938244 8938630
8939017 8939405 8939793 8940181 8940569 8940957 8941345 8941733
8942122 8942512 8942903 8943295 8943687 8944080 8944473 8944867
8945261 8945655 8946050 8946445 8946841 8947237 8947633 8948029
8948425 8948821 8949218 8949615 8950013 8950411 8950810 8951209
8951608 8952007 8952407 8952807 8953207 8953607 8954007 8954407
8954808 8955209 8955610 8956011 8956413 8956815 8957217 8957619
8958021 8958423 8958826 8959230 8959634 8960038 8960442 8960847
8961253 8961659 8962065 8962471 8962877 8963283 8963689 8964095
8964501 8964907 8965313 8965719 8966125 8966531 8966937 8967343
8967751 8968161 8968572 8968983 8969396 8969809 8970223 8970637
8971052 8971467 8971882 8972297 8972713 8973129 8973545 8973961
8974378 8974795 8975212 8975629 8976049 8976469 8976889 8977310
8977731 8978153 8978576 8978999 8979422 8979845 8980270 8980695
8981120 8981545 8981970 8982396 8982823 8983250 8983677 8984104
8984531 8984959 8985387 8985816 8986245 8986674 8987103 8987533
8987963 8988394 8988825 8989258 8989694 8990131 8990571 8991012
8991453 8991895 8992338 8992781 8993224 8993667 8994112 8994557
8995002 8995447 8995894 8996341 8996788 8997235 8997682 8998130
8998578 8999026 8999474 8999923 9000373 9000823 9001273 9001723
9002173 9002623 9003073 9003523 9003974 9004425 9004876 9005327
9005779 9006232 9006686 9007140 9007594 9008048 9008502 9008956
9009412 9009869 9010326 9010783 9011240 9011698 9012155 9012612
9013069 9013527 9013985 9014442 9014898 9015354 9015810 9016267
9016725 9017183 9017640 9018099 9018558 9019016 9019474 9019932
9020390 9020848 9021306 9021764 9022221 9022679 9023136 9023593
9024051 9024508 9024965 9025422 9025878 9026333 9026787 9027250
9027713 9028193 9028677 9028740 9028928 9029141 9029367 9029604
9029846 9030095 9030348 9030615 9030885 9031160 9031439 9031720
9032004 9032291 9032582 9032875 9033170 9033466 9033763 9034062
9034362 9034662 9034965 9035270 9035577 9035886 9036199 9036515
9036833 9037153 9037475 9037799 9038126 9038457 9038790 9039123
9039462 9039803 9040145 9040488 9040831 9041174 9041518 9041865
9042214 9042564 9042916 9043269 9043624 9043979 9044336 9044694
9045052 9045410 9045769 9046133 9046499 9046866 9047233 9047601
9047969 9048339 9048711 9049085 9049460 9049835 9050211 9050588
9050967 9051348 9051729 9052110 9052492 9052874 9053257 9053642
9054028 9054415 9054803 9055191 9055579 9055967 9056355 9056743
9057132 9057521 9057912 9058303 9058695 9059087 9059480 9059873
9060267 9060661 9061056 9061451 9061846 9062242 9062638 9063034
9063430 9063826 9064222 9064619 9065016 9065414 9065812 9066211
9066610 9067009 9067409 9067809 9068209 9068609 9069009 9069409
9069810 9070211 9070613 9071015 9071417 9071819 9072221 9072623
9073025 9073428 9073832 9074236 9074640 9075044 9075448 9075853
9076259 9076665 9077071 9077477 9077883 9078289 9078695 9079101
9079507 9079913 9080319 9080725 9081131 9081537 9081944 9082353
9082764 9083175 9083587 9084000 9084414 9084828 9085242 9085657
9086072 9086487 9086903 9087319 9087735 9088151 9088568 9088985
9089402 9089819 9090238 9090658 9091078 9091499 9091920 9092342
9092764 9093187 9093610 9094033 9094457 9094882 9095307 9095732
9096157 9096582 9097009 9097436 9097863 9098290 9098717 9099145
9099573 9100002 9100431 9100860 9101289 9101718 9102148 9102579
9103010 9103441 9103876 9104313 9104751 9105191 9105632 9106073
9106516 9106959 9107402 9107846 9108291 9108736 9109181 9109627
9110074 9110521 9110968 9111415 9111863 9112310 9112758 9113206
9113655 9114105 9114556 9115006 9115456 9115906 9116356 9116806
9117256 9117706 9118157 9118608 9119059 9119511 9119963 9120417
9120871 9121325 9121779 9122233 9122687 9123143 9123600 9124057
9124514 9124971 9125429 9125886 9126344 9126802 9127259 9127717
9128174 9128630 9129086 9129542 9129999 9130457 9130915 9131372
9131831 9132290 9132748 9133206 9133664 9134122 9134581 9135039
9135497 9135955 9136413 9136872 9137330 9137788 9138246 9138703
9139161 9139618 9140075 9140532 9140989 9141446 9141900 9142358
9142837 9143316 9143805 9144295 9144358 9144546 9144760 9144986
9145223 9145465 9145714 9145967 9146230 9146497 9146768 9147043
9147323 9147605 9147890 9148178 9148469 9148763 9149058 9149354
9149651 9149950 9150250 9150551 9150855 9151161 9151469 9151779
9152092 9152408 9152726 9153046 9153368 9153692 9154019 9154350
9154683 9155016 9155355 9155696 9156038 9156381 9156724 9157067
9157412 9157759 9158108 9158459 9158811 9159164 9159519 9159874
9160231 9160589 9160947 9161305 9161664 9162029 9162395 9162762
9163129 9163497 9163865 9164235 9164607 9164981 9165356 9165731
9166108 9166486 9166865 9167246 9167627 9168009 9168391 9168773
9169156 9169541 9169928 9170316 9170704 9171092 9171480 9171868
9172256 9172644 9173033 9173422 9173813 9174204 9174596 9174988
9175381 9175774 9176168 9176562 9176957 9177353 9177749 9178145
9178541 9178937 9179333 9179730 9180127 9180525 9180924 9181323
9181722 9182122 9182522 9182922 9183322 9183722 9184122 9184522
9184923 9185324 9185725 9186126 9186528 9186930 9187332 9187734
9188136 9188539 9188943 9189347 9189751 9190156 9190562 9190968
9191374 9191780 9192186 9192592 9192998 9193404 9193810 9194216
9194622 9195028 9195434 9195840 9196246 9196652 9197060 9197469
9197880 9198291 9198704 9199117 9199531 9199945 9200359 9200774
9201189 9201604 9202020 9202436 9202852 9203269 9203686 9204103
9204520 9204937 9205357 9205777 9206197 9206618 9207040 9207462
9207885 9208308 9208731 9209154 9209579 9210004 9210429 9210854
9211279 9211705 9212132 9212559 9212986 9213413 9213840 9214268
9214697 9215126 9215555 9215984 9216414 9216844 9217275 9217706
9218137 9218573 9219010 9219447 9219887 9220327 9220768 9221209
9221651 9222094 9222537 9222980 9223423 9223868 9224313 9224758
9225203 9225650 9226097 9226544 9226991 9227439 9227887 9228335
9228783 9229231 9229680 9230131 9230581 9231031 9231481 9231931
9232381 9232831 9233281 9233732 9234183 9234634 9235085 9235536
9235988 9236441 9236895 9237349 9237803 9238257 9238711 9239165
9239621 9240078 9240535 9240992 9241450 9241908 9242365 9242823
9243280 9243738 9244195 9244652 9245108 9245564 9246020 9246477
9246935 9247393 9247850 9248309 9248768 9249226 9249684 9250142
9250600 9251058 9251516 9251974 9252432 9252890 9253348 9253806
9254264 9254721 9255179 9255637 9256094 9256551 9257009 9257466
9257922 9258377 9258845 9259329 9259813 9260303 9260794 9260857
9261045 9261259 9261485 9261722 9261964 9262213 9262466 9262729
9262996 9263268 9263543 9263823 9264105 9264390 9264678 9264969
9265263 9265558 9265854 9266151 9266450 9266750 9267052 9267356
9267662 9267970 9268280 9268594 9268910 9269228 9269548 9269870
9270194 9270522 9270853 9271186 9271520 9271859 9272200 9272543
9272886 9273229 9273572 9273917 9274264 9274613 9274964 9275316
9275669 9276024 9276379 9276736 9277094 9277452 9277811 9278170
9278531 9278896 9279262 9279629 9279996 9280364 9280732 9281102
9281473 9281845 9282219 9282594 9282969 9283346 9283724 9284103
9284484 9284865 9285247 9285629 9286011 9286394 9286779 9287166
9287554 9287942 9288330 9288718 9289106 9289494 9289883 9290272
9290663 9291054 9291446 9291838 9292231 9292624 9293018 9293413
9293808 9294204 9294600 9294996 9295392 9295788 9296185 9296582
9296979 9297376 9297774 9298173 9298572 9298971 9299371 9299771
9300171 9300571 9300971 9301372 9301773 9302174 9302575 9302976
9303378 9303780 9304182 9304584 9304986 9305389 9305793 9306197
9306601 9307005 9307409 9307814 9308220 9308626 9309032 9309438
9309844 9310250 9310656 9311062 9311468 9311874 9312280 9312686
9313092 9313498 9313904 9314312 9314722 9315133 9315545 9315958
9316371 9316785 9317199 9317614 9318029 9318444 9318859 9319275
9319691 9320107 9320524 9320941 9321358 9321775 9322192 9322612
9323032 9323452 9323873 9324295 9324717 9325140 9325563 9325986
9326409 9326834 9327259 9327684 9328109 9328534 9328960 9329387
9329814 9330241 9330668 9331096 9331525 9331954 9332383 9332812
9333242 9333672 9334103 9334534 9334965 9335401 9335838 9336276
9336716 9337157 9337598 9338040 9338483 9338926 9339369 9339813
9340258 9340703 9341148 9341593 9342040 9342487 9342934 9343381
9343829 9344276 9344724 9345172 9345620 9346069 9346520 9346970
9347420 9347870 9348320 9348770 9349220 9349670 9350121 9350572
9351023 9351475 9351927 9352381 9352835 9353289 9353743 9354197
9354651 9355105 9355562 9356019 9356476 9356933 9357391 9357849
9358306 9358764 9359221 9359679 9360136 9360593 9361049 9361505
9361962 9362420 9362878 9363336 9363793 9364252 9364710 9365168
9365626 9366084 9366542 9367000 9367458 9367916 9368374 9368832
9369289 9369747 9370204 9370661 9371118 9371576 9372034 9372490
9372951 9373429 9373913 9374401 9374892 9375383 9375446 9375634
9375849 9376075 9376312 9376554 9376803 9377056 9377323 9377596
9377872 9378152 9378434 9378719 9379007 9379299 9379593 9379888
9380184 9380481 9380780 9381080 9381383 9381688 9381994 9382302
9382614 9382928 9383244 9383562 9383882 9384204 9384529 9384858
9385189 9385522 9385856 9386195 9386536 9386879 9387222 9387566
9387912 9388259 9388608 9388959 9389311 9389664 9390019 9390375
9390732 9391090 9391448 9391807 9392166 9392528 9392893 9393259
9393626 9393993 9394361 9394729 9395100 9395472 9395845 9396219
9396594 9396969 9397346 9397724 9398103 9398484 9398866 9399248
9399630 9400013 9400398 9400785 9401172 9401560 9401948 9402336
9402724 9403112 9403501 9403890 9404281 9404672 9405064 9405456
9405849 9406242 9406636 9407030 9407425 9407820 9408216 9408612
9409008 9409404 9409800 9410197 9410594 9410991 9411389 9411787
9412186 9412585 9412984 9413384 9413784 9414184 9414584 9414984
9415384 9415784 9416185 9416586 9416987 9417388 9417790 9418192
9418594 9418996 9419398 9419800 9420202 9420605 9421009 9421413
9421817 9422221 9422626 9423032 9423438 9423844 9424250 9424656
9425062 9425468 9425874 9426280 9426686 9427092 9427498 9427904
9428310 9428716 9429122 9429531 9429941 9430352 9430765 9431178
9431592 9432006 9432420 9432835 9433250 9433665 9434081 9434497
9434913 9435329 9435746 9436163 9436580 9436997 9437415 9437835
9438255 9438676 9439097 9439519 9439941 9440364 9440787 9441210
9441634 9442059 9442484 9442909 9443334 9443759 9444186 9444613
9445040 9445467 9445894 9446322 9446750 9447179 9447608 9448037
9448466 9448895 9449325 9449755 9450186 9450617 9451049 9451485
9451922 9452362 9452802 9453243 9453684 9454126 9454569 9455012
9455455 9455900 9456345 9456790 9457235 9457681 9458128 9458575
9459022 9459469 9459917 9460364 9460812 9461260 9461708 9462158
9462608 9463058 9463508 9463958 9464408 9464858 9465308 9465758
9466209 9466660 9467111 9467562 9468014 9468467 9468921 9469375
9469829 9470283 9470737 9471191 9471646 9472103 9472560 9473017
9473474 9473932 9474389 9474847 9475304 9475761 9476219 9476676
9477132 9477588 9478044 9478501 9478959 9479417 9479874 9480333
9480792 9481250 9481708 9482166 9482624 9483083 9483541 9483999
9484457 9484916 9485375 9485833 9486291 9486750 9487208 9487665
9488122 9488579 9489037 9489495 9489951 9490421 9490900 9491390
9491880 9492372 9492867 9492930 9493118 9493333 9493559 9493796
9494038 9494287 9494540 9494805 9495072 9495345 9495621 9495901
9496183 9496469 9496757 9497049 9497343 9497638 9497935 9498233
9498532 9498832 9499135 9499440 9499746 9500054 9500368 9500684
9501002 9501322 9501645 9501970 9502299 9502631 9502964 9503298
9503637 9503978 9504321 9504664 9505008 9505355 9505702 9506051
9506402 9506754 9507107 9507462 9507818 9508175 9508533 9508892
9509252 9509614 9509979 9510346 9510713 9511081 9511449 9511820
9512192 9512565 9512939 9513314 9513689 9514066 9514444 9514823
9515204 9515586 9515968 9516350 9516733 9517118 9517505 9517892
9518280 9518668 9519056 9519444 9519832 9520221 9520611 9521002
9521393 9521785 9522178 9522571 9522965 9523360 9523755 9524151
9524547 9524943 9525339 9525735 9526131 9526528 9526925 9527323
9527721 9528119 9528518 9528917 9529316 9529716 9530116 9530516
9530916 9531316 9531716 9532116 9532517 9532918 9533319 9533720
9534122 9534524 9534926 9535328 9535730 9536132 9536535 9536939
9537343 9537747 9538151 9538556 9538962 9539368 9539774 9540180
9540586 9540992 9541398 9541804 9542210 9542616 9543022 9543428
9543834 9544240 9544646 9545052 9545458 9545867 9546277 9546688
9547101 9547514 9547928 9548342 9548756 9549171 9549586 9550001
9550417 9550833 9551249 9551665 9552082 9552499 9552916 9553333
9553752 9554172 9554592 9555013 9555434 9555856 9556278 9556701
9557124 9557547 9557971 9558396 9558821 9559246 9559671 9560096
9560523 9560950 9561377 9561804 9562231 9562658 9563086 9563515
9563944 9564373 9564802 9565232 9565662 9566093 9566524 9566957
9567394 9567831 9568271 9568712 9569153 9569594 9570037 9570480
9570923 9571366 9571811 9572256 9572701 9573146 9573592 9574039
9574486 9574933 9575381 9575828 9576276 9576724 9577172 9577621
9578072 9578522 9578972 9579421 9579871 9580321 9580771 9581221
9581672 9582123 9582574 9583025 9583477 9583931 9584385 9584839
9585293 9585747 9586201 9586655 9587111 9587568 9588025 9588482
9588940 9589398 9589855 9590313 9590770 9591228 9591685 9592142
9592598 9593054 9593511 9593968 9594426 9594884 9595341 9595800
9596258 9596716 9597174 9597632 9598091 9598549 9599007 9599465
9599924 9600384 9600842 9601300 9601759 9602217 9602674 9603131
9603588 9604046 9604504 9604962 9605441 9605925 9606415 9606905
9607400 9607897 9607960 9608148 9608363 9608589 9608826 9609069
9609318 9609574 9609842 9610115 9610391 9610672 9610955 9611242
9611530 9611822 9612116 9612411 9612708 9613007 9613306 9613606
9613909 9614214 9614521 9614829 9615143 9615459 9615777 9616097
9616420 9616747 9617076 9617408 9617741 9618075 9618414 9618756
9619099 9619442 9619785 9620129 9620476 9620826 9621178 9621531
9621885 9622240 9622597 9622954 9623312 9623670 9624029 9624390
9624755 9625121 9625488 9625856 9626224 9626593 9626964 9627336
9627709 9628083 9628458 9628834 9629211 9629590 9629969 9630350
9630731 9631113 9631495 9631877 9632260 9632645 9633032 9633420
9633808 9634196 9634584 9634972 9635360 9635749 9636139 9636530
9636922 9637314 9637707 9638100 9638494 9638888 9639283 9639678
9640073 9640469 9640865 9641261 9641657 9642053 9642449 9642846
9643243 9643640 9644038 9644436 9644835 9645234 9645633 9646032
9646432 9646832 9647232 9647632 9648032 9648432 9648832 9649233
9649634 9650035 9650437 9650839 9651241 9651643 9652045 9652447
9652850 9653254 9653658 9654062 9654466 9654870 9655275 9655681
9656087 9656493 9656899 9657305 9657711 9658117 9658523 9658929
9659335 9659741 9660147 9660553 9660959 9661365 9661773 9662183
9662594 9663005 9663418 9663831 9664245 9664659 9665073 9665488
9665903 9666318 9666734 9667150 9667566 9667983 9668400 9668817
9669234 9669652 9670072 9670492 9670913 9671334 9671756 9672178
9672601 9673024 9673447 9673870 9674295 9674720 9675145 9675570
9675995 9676421 9676848 9677275 9677702 9678129 9678557 9678985
9679414 9679843 9680272 9680701 9681130 9681560 9681990 9682421
9682852 9683283 9683718 9684155 9684593 9685033 9685474 9685915
9686357 9686800 9687243 9687686 9688130 9688575 9689020 9689465
9689911 9690358 9690805 9691252 9691699 9692147 9692594 9693042
9693490 9693939 9694388 9694839 9695289 9695739 9696189 9696639
9697089 9697539 9697990 9698441 9698892 9699343 9699795 9700247
9700701 9701155 9701609 9702063 9702517 9702971 9703427 9703884
9704341 9704798 9705255 9705713 9706170 9706627 9707085 9707542
9708000 9708457 9708913 9709369 9709825 9710282 9710740 9711198
9711655 9712113 9712572 9713030 9713488 9713946 9714404 9714863
9715321 9715779 9716238 9716698 9717156 9717614 9718073 9718531
9718988 9719445 9719903 9720361 9720820 9721284 9721766 9722255
9722746 9723237 9723735 9724233 9724296 9724484 9724703 9724935
9725173 9725418 9725667 9725923 9726189 9726457 9726730 9727006
9727287 9727571 9727858 9728146 9728439 9728733 9729028 9729325
9729624 9729923 9730223 9730526 9730831 9731138 9731448 9731762
9732078 9732397 9732717 9733040 9733367 9733696 9734028 9734361
9734696 9735035 9735377 9735720 9736063 9736406 9736750 9737097
9737444 9737794 9738146 9738499 9738853 9739208 9739565 9739922
9740280 9740638 9740997 9741358 9741723 9742090 9742458 9742827
9743197 9743569 9743942 9744316 9744691 9745067 9745444 9745823
9746202 9746583 9746964 9747346 9747728 9748110 9748493 9748878
9749265 9749653 9750041 9750429 9750817 9751205 9751594 9751983
9752373 9752764 9753156 9753548 9753941 9754334 9754728 9755122
9755517 9755912 9756307 9756703 9757099 9757495 9757891 9758287
9758683 9759080 9759477 9759874 9760272 9760670 9761069 9761468
9761867 9762267 9762667 9763067 9763467 9763867 9764267 9764667
9765068 9765469 9765870 9766272 9766674 9767076 9767478 9767880
9768282 9768685 9769089 9769493 9769897 9770301 9770706 9771111
9771517 9771923 9772329 9772735 9773141 9773547 9773953 9774359
9774765 9775171 9775577 9775983 9776389 9776795 9777201 9777609
9778019 9778430 9778842 9779255 9779668 9780082 9780496 9780911
9781326 9781741 9782156 9782572 9782988 9783404 9783821 9784238
9784655 9785072 9785491 9785911 9786331 9786752 9787173 9787595
9788017 9788440 9788863 9789286 9789709 9790134 9790559 9790984
9791409 9791834 9792260 9792687 9793114 9793541 9793968 9794396
9794824 9795253 9795682 9796111 9796540 9796970 9797400 9797831
9798262 9798693 9799128 9799565 9800005 9800445 9800885 9801326
9801767 9802209 9802652 9803095 9803540 9803985 9804430 9804875
9805321 9805768 9806215 9806662 9807109 9807557 9808005 9808453
9808901 9809350 9809800 9810250 9810700 9811150 9811600 9812050
9812500 9812950 9813401 9813852 9814303 9814754 9815206 9815659
9816113 9816567 9817021 9817475 9817929 9818383 9818839 9819296
9819753 9820210 9820667 9821125 9821582 9822040 9822497 9822955
9823413 9823870 9824326 9824782 9825239 9825697 9826155 9826613
9827070 9827529 9827988 9828446 9828904 9829362 9829820 9830279
9830738 9831196 9831654 9832112 9832571 9833031 9833491 9833950
9834408 9834868 9835326 9835784 9836241 9836700 9837159 9837618
9838096 9838580 9839070 9839565 9840060 9840558 9841058 9841121
9841309 9841524 9841755 9841993 9842238 9842487 9842744 9843010
9843278 9843551 9843828 9844109 9844393 9844680 9844969 9845263
9845558 9845855 9846154 9846454 9846755 9847058 9847363 9847670
9847980 9848294 9848611 9848930 9849251 9849574 9849901 9850230
9850562 9850895 9851230 9851569 9851912 9852255 9852598 9852941
9853285 9853632 9853980 9854330 9854682 9855035 9855389 9855744
9856101 9856458 9856816 9857174 9857533 9857894 9858259 9858626
9858993 9859361 9859730 9860100 9860472 9860845 9861219 9861594
9861970 9862347 9862726 9863105 9863486 9863868 9864250 9864632
9865015 9865398 9865783 9866169 9866556 9866944 9867332 9867720
9868108 9868496 9868884 9869273 9869662 9870053 9870444 9870835
9871227 9871619 9872012 9872405 9872799 9873193 9873587 9873982
9874377 9874773 9875169 9875565 9875961 9876357 9876753 9877149
9877546 9877943 9878341 9878739 9879138 9879537 9879936 9880336
9880736 9881136 9881536 9881936 9882336 9882736 9883136 9883537
9883938 9884339 9884740 9885142 9885544 9885946 9886348 9886750
9887152 9887555 9887958 9888362 9888766 9889170 9889574 9889979
9890384 9890790 9891196 9891602 9892008 9892414 9892820 9893226
9893632 9894038 9894444 9894850 9895256 9895662 9896068 9896474
9896880 9897289 9897700 9898111 9898524 9898937 9899351 9899765
9900179 9900594 9901009 9901424 9901840 9902256 9902672 9903088
9903505 9903922 9904339 9904756 9905175 9905595 9906015 9906436
9906857 9907279 9907702 9908125 9908548 9908971 9909395 9909820
9910245 9910670 9911095 9911521 9911948 9912375 9912802 9913229
9913656 9914084 9914512 9914941 9915370 9915799 9916229 9916659
9917090 9917521 9917954 9918390 9918827 9919267 9919707 9920148
9920590 9921033 9921476 9921919 9922364 9922809 9923254 9923699
9924146 9924593 9925040 9925487 9925934 9926381 9926829 9927277
9927725 9928174 9928625 9929075 9929525 9929974 9930424 9930874
9931324 9931774 9932225 9932676 9933127 9933578 9934030 9934484
9934938 9935392 9935846 9936300 9936754 9937208 9937665 9938122
9938579 9939036 9939494 9939952 9940409 9940867 9941324 9941782
9942239 9942696 9943152 9943608 9944065 9944523 9944981 9945439
9945898 9946357 9946816 9947274 9947732 9948190 9948649 9949108
9949567 9950025 9950484 9950944 9951404 9951864 9952323 9952784
9953245 9953705 9954164 9954622 9955081 9955540 9956002 9956465
9956945 9957435 9957926 9958423 9958920 9959420 9959921 9959984
9960173 9960392 9960625 9960864 9961109 9961359 9961616 9961882
9962151 9962425 9962702 9962983 9963267 9963554 9963843 9964137
9964432 9964729 9965028 9965328 9965630 9965933 9966239 9966546
9966858 9967172 9967490 9967810 9968131 9968454 9968781 9969111
9969443 9969776 9970113 9970454 9970797 9971140 9971483 9971830
9972179 9972529 9972881 9973234 9973588 9973943 9974300 9974657
9975015 9975373 9975732 9976094 9976460 9976827 9977195 9977566
9977938 9978311 9978685 9979060 9979436 9979814 9980193 9980573
9980954 9981335 9981717 9982099 9982481 9982864 9983247 9983632
9984017 9984403 9984790 9985178 9985566 9985954 9986342 9986730
9987118 9987507 9987896 9988287 9988678 9989070 9989462 9989855
9990248 9990642 9991036 9991431 9991826 9992222 9992618 9993014
9993410 9993806 9994203 9994600 9994997 9995394 9995792 9996190
9996589 9996988 9997387 9997787 9998187 9998587 9998987 9999387
9999787 10000187 10000588 10000989 10001391 10001793 10002195 10002597
10002999 10003401 10003804 10004207 10004611 10005015 10005419 10005823
10006228 10006634 10007040 10007446 10007852 10008258 10008664 10009070
10009476 10009882 10010288 10010694 10011100 10011506 10011912 10012318
10012724 10013133 10013544 10013955 10014368 10014781 10015195 10015609
10016023 10016438 10016853 10017268 10017684 10018100 10018516 10018932
10019349 10019766 10020183 10020600 10021020 10021440 10021860 10022281
10022702 10023124 10023547 10023970 10024393 10024816 10025241 10025666
10026091 10026516 10026941 10027367 10027794 10028221 10028648 10029075
10029502 10029930 10030359 10030788 10031217 10031646 10032075 10032505
10032935 10033366 10033797 10034228 10034664 10035101 10035541 10035981
10036422 10036864 10037307 10037750 10038193 10038638 10039083 10039528
10039973 10040419 10040866 10041313 10041760 10042207 10042655 10043103
10043551 10043999 10044448 10044898 10045349 10045799 10046248 10046698
10047148 10047598 10048048 10048499 10048950 10049401 10049852 10050304
10050756 10051210 10051664 10052118 10052572 10053026 10053480 10053936
10054393 10054850 10055307 10055765 10056223 10056680 10057138 10057596
10058054 10058512 10058969 10059425 10059881 10060337 10060794 10061252
10061710 10062167 10062626 10063085 10063543 10064001 10064459 10064917
10065376 10065835 10066294 10066752 10067210 10067669 10068129 10068589
10069048 10069509 10069970 10070430 10070890 10071350 10071810 10072271
10072733 10073208 10073684 10074168 10074658 10075150 10075648 10076146
10076647 10077149 10077212 10077400 10077615 10077842 10078079 10078323
10078571 10078824 10079090 10079359 10079633 10079910 10080191 10080475
10080762 10081051 10081344 10081638 10081933 10082230 10082529 10082829
10083131 10083435 10083741 10084049 10084363 10084677 10084995 10085315
10085636 10085960 10086288 10086618 10086950 10087284 10087621 10087962
10088305 10088648 10088992 10089339 10089688 10090038 10090390 10090743
10091097 10091453 10091810 10092167 10092525 10092883 10093242 10093604
10093970 10094337 10094705 10095074 10095445 10095818 10096192 10096567
10096944 10097322 10097701 10098081 10098462 10098843 10099225 10099607
10099989 10100372 10100755 10101140 10101526 10101913 10102300 10102688
10103076 10103464 10103852 10104240 10104628 10105017 10105406 10105797
10106188 10106580 10106972 10107365 10107758 10108152 10108546 10108941
10109336 10109732 10110128 10110524 10110920 10111316 10111712 10112109
10112506 10112903 10113301 10113699 10114098 10114497 10114896 10115296
10115696 10116096 10116496 10116896 10117296 10117696 10118096 10118497
10118898 10119300 10119702 10120104 10120506 10120908 10121310 10121712
10122115 10122518 10122922 10123326 10123730 10124134 10124539 10124945
10125351 10125757 10126163 10126569 10126975 10127381 10127787 10128193
10128599 10129005 10129411 10129817 10130223 10130629 10131036 10131446
10131857 10132268 10132681 10133094 10133508 10133922 10134337 10134752
10135167 10135583 10135999 10136415 10136831 10137248 10137665 10138082
10138499 10138916 10139336 10139756 10140176 10140597 10141019 10141441
10141864 10142287 10142710 10143134 10143559 10143984 10144409 10144834
10145259 10145686 10146113 10146540 10146967 10147394 10147822 10148250
10148679 10149108 10149537 10149966 10150395 10150825 10151256 10151687
10152118 10152551 10152988 10153426 10153866 10154307 10154748 10155191
10155634 10156077 10156522 10156967 10157412 10157857 10158303 10158750
10159197 10159644 10160091 10160539 10160987 10161435 10161883 10162332
10162783 10163233 10163683 10164133 10164583 10165033 10165483 10165933
10166384 10166835 10167286 10167737 10168189 10168641 10169094 10169548
10170002 10170456 10170910 10171364 10171818 10172274 10172731 10173188
10173645 10174103 10174561 10175018 10175476 10175933 10176391 10176848
10177305 10177761 10178217 10178674 10179132 10179590 10180048 10180505
10180964 10181423 10181881 10182339 10182797 10183255 10183714 10184173
10184631 10185089 10185549 10186009 10186469 10186929 10187390 10187851
10188311 10188771 10189232 10189693 10190157 10190635 10191114 10191602
10192093 10192588 10193088 10193588 10194090 10194594 10194657 10194845
10195060 10195287 10195524 10195768 10196016 10196269 10196536 10196805
10197079 10197356 10197637 10197921 10198209 10198498 10198792 10199086
10199381 10199678 10199977 10200277 10200580 10200884 10201190 10201498
10201812 10202127 10202445 10202765 10203086 10203410 10203739 10204070
10204402 10204736 10205075 10205416 10205759 10206102 10206445 10206789
10207136 10207485 10207835 10208187 10208540 10208895 10209251 10209608
10209966 10210324 10210682 10211041 10211403 10211767 10212133 10212500
10212867 10213235 10213605 10213976 10214348 10214722 10215096 10215471
10215848 10216226 10216605 10216985 10217366 10217747 10218129 10218511
10218893 10219276 10219659 10220044 10220430 10220817 10221204 10221592
10221980 10222368 10222756 10223144 10223532 10223921 10224310 10224701
10225092 10225484 10225877 10226270 10226663 10227057 10227452 10227847
10228242 10228638 10229034 10229430 10229826 10230222 10230618 10231014
10231411 10231808 10232205 10232603 10233002 10233401 10233800 10234199
10234599 10234999 10235399 10235799 10236199 10236599 10237000 10237401
10237802 10238204 10238606 10239008 10239410 10239812 10240214 10240616
10241019 10241423 10241827 10242231 10242635 10243039 10243445 10243851
10244257 10244663 10245069 10245475 10245881 10246287 10246693 10247099
10247505 10247911 10248317 10248723 10249129 10249535 10249942 10250350
10250760 10251171 10251583 10251996 10252410 10252824 10253238 10253653
10254068 10254483 10254899 10255315 10255731 10256147 10256564 10256981
10257398 10257815 10258234 10258654 10259074 10259495 10259916 10260338
10260760 10261183 10261606 10262029 10262454 10262879 10263304 10263729
10264154 10264580 10265007 10265434 10265861 10266288 10266715 10267143
10267571 10268000 10268429 10268858 10269287 10269717 10270147 10270577
10271008 10271439 10271870 10272306 10272743 10273180 10273620 10274061
10274503 10274946 10275389 10275833 10276278 10276723 10277168 10277613
10278060 10278507 10278954 10279401 10279849 10280296 10280744 10281192
10281640 10282089 10282540 10282990 10283440 10283890 10284340 10284790
10285240 10285690 10286140 10286591 10287042 10287493 10287944 10288396
10288849 10289303 10289757 10290211 10290665 10291119 10291573 10292028
10292485 10292942 10293399 10293856 10294314 10294772 10295229 10295687
10296144 10296602 10297059 10297516 10297972 10298428 10298885 10299343
10299801 10300259 10300718 10301177 10301636 10302094 10302552 10303010
10303469 10303928 10304387 10304846 10305305 10305765 10306225 10306685
10307147 10307609 10308071 10308532 10308993 10309454 10309916 10310394
10310874 10311356 10311846 10312341 10312838 10313339 10313840 10314344
10314848 10314911 10315099 10315314 10315542 10315779 10316023 10316271
10316524 10316791 10317061 10317336 10317613 10317894 10318178 10318466
10318755 10319049 10319343 10319638 10319935 10320234 10320534 10320837
10321142 10321448 10321756 10322070 10322385 10322703 10323023 10323344
10323668 10323997 10324328 10324661 10324995 10325334 10325675 10326018
10326361 10326704 10327048 10327395 10327744 10328094 10328447 10328800
10329155 10329511 10329868 10330226 10330584 10330942 10331301 10331666
10332032 10332399 10332766 10333134 10333504 10333875 10334247 10334621
10334996 10335371 10335748 10336126 10336505 10336885 10337266 10337647
10338029 10338411 10338793 10339176 10339559 10339944 10340330 10340717
10341104 10341492 10341880 10342268 10342656 10343044 10343432 10343821
10344211 10344602 10344994 10345386 10345779 10346172 10346566 10346960
10347355 10347750 10348146 10348542 10348938 10349334 10349730 10350126
10350523 10350920 10351317 10351714 10352112 10352511 10352910 10353309
10353708 10354108 10354508 10354908 10355308 10355708 10356108 10356509
10356910 10357311 10357712 10358114 10358516 10358918 10359320 10359722
10360125 10360529 10360933 10361337 10361741 10362146 10362552 10362958
10363364 10363770 10364176 10364582 10364988 10365394 10365800 10366206
10366612 10367018 10367424 10367830 10368236 10368644 10369053 10369464
10369875 10370287 10370700 10371114 10371528 10371942 10372357 10372772
10373187 10373603 10374019 10374435 10374851 10375268 10375685 10376102
10376519 10376938 10377358 10377778 10378199 10378621 10379043 10379466
10379889 10380312 10380735 10381160 10381585 10382010 10382435 10382860
10383286 10383713 10384140 10384567 10384994 10385421 10385849 10386278
10386707 10387136 10387565 10387995 10388425 10388856 10389287 10389718
10390153 10390590 10391030 10391470 10391911 10392352 10392794 10393237
10393680 10394123 10394568 10395013 10395458 10395903 10396348 10396795
10397242 10397689 10398136 10398584 10399031 10399479 10399927 10400375
10400823 10401273 10401723 10402173 10402623 10403073 10403523 10403973
10404423 10404873 10405324 10405775 10406226 10406677 10407129 10407582
10408036 10408490 10408944 10409398 10409852 10410306 10410760 10411216
10411673 10412130 10412587 10413045 10413503 10413960 10414418 10414875
10415332 10415790 10416247 10416703 10417159 10417616 10418073 10418531
10418989 10419447 10419906 10420365 10420824 10421282 10421740 10422199
10422658 10423117 10423577 10424037 10424497 10424957 10425419 10425881
10426344 10426807 10427270 10427732 10428196 10428676 10429160 10429644
10430135 10430632 10431130 10431631 10432133 10432637 10433141 10433204
10433392 10433607 10433835 10434072 10434316 10434564 10434817 10435084
10435354 10435629 10435906 10436187 10436471 10436759 10437049 10437343
10437637 10437933 10438231 10438530 10438830 10439133 10439438 10439745
10440053 10440367 10440683 10441001 10441321 10441643 10441967 10442296
10442627 10442960 10443294 10443633 10443974 10444317 10444660 10445004
10445351 10445699 10446048 10446399 10446752 10447105 10447460 10447817
10448174 10448532 10448890 10449249 10449608 10449973 10450339 10450706
10451074 10451442 10451812 10452184 10452557 10452930 10453305 10453680
10454057 10454434 10454813 10455194 10455575 10455957 10456339 10456722
10457107 10457494 10457881 10458269 10458657 10459045 10459433 10459821
10460209 10460598 10460987 10461378 10461769 10462161 10462554 10462947
10463341 10463735 10464130 10464525 10464921 10465317 10465713 10466109
10466505 10466901 10467298 10467695 10468093 10468491 10468890 10469289
10469688 10470087 10470487 10470887 10471287 10471687 10472087 10472487
10472887 10473288 10473689 10474090 10474492 10474894 10475296 10475698
10476100 10476503 10476906 10477310 10477714 10478118 10478522 10478927
10479333 10479739 10480145 10480551 10480957 10481363 10481769 10482175
10482581 10482987 10483393 10483799 10484205 10484611 10485017 10485424
10485833 10486244 10486655 10487068 10487481 10487895 10488309 10488723
10489138 10489553 10489968 10490384 10490800 10491216 10491633 10492050
10492467 10492884 10493301 10493721 10494141 10494561 10494982 10495404
10495826 10496249 10496672 10497095 10497518 10497943 10498368 10498793
10499218 10499643 10500069 10500496 10500923 10501350 10501777 10502204
10502632 10503061 10503490 10503919 10504348 10504777 10505207 10505638
10506069 10506500 10506933 10507370 10507807 10508247 10508687 10509128
10509571 10510014 10510457 10510900 10511345 10511790 10512235 10512680
10513126 10513573 10514020 10514467 10514914 10515361 10515809 10516257
10516705 10517154 10517605 10518055 10518505 10518955 10519405 10519855
10520305 10520755 10521205 10521656 10522107 10522558 10523009 10523461
10523915 10524369 10524823 10525277 10525731 10526185 10526640 10527096
10527553 10528010 10528467 10528925 10529383 10529840 10530298 10530755
10531213 10531670 10532127 10532583 10533039 10533496 10533954 10534412
10534870 10535328 10535787 10536246 10536705 10537163 10537621 10538079
10538538 10538997 10539456 10539916 10540377 10540838 10541299 10541760
10542223 10542686 10543149 10543612 10544075 10544538 10545009 10545493
10545982 10546472 10546964 10547462 10547962 10548465 10548969 10549473
10549977 10550040 10550228 10550443 10550671 10550908 10551153 10551402
10551655 10551922 10552192 10552467 10552744 10553025 10553309 10553597
10553887 10554181 10554476 10554772 10555071 10555370 10555670 10555973
10556278 10556585 10556893 10557207 10557523 10557841 10558161 10558483
10558807 10559136 10559467 10559800 10560135 10560474 10560815 10561158
10561501 10561844 10562188 10562535 10562884 10563235 10563588 10563941
10564296 10564653 10565010 10565368 10565726 10566085 10566444 10566809
10567175 10567542 10567910 10568278 10568648 10569020 10569393 10569766
10570141 10570517 10570894 10571272 10571651 10572032 10572413 10572795
10573177 10573560 10573945 10574332 10574720 10575108 10575496 10575884
10576272 10576660 10577048 10577437 10577826 10578215 10578606 10578997
10579389 10579782 10580175 10580569 10580963 10581358 10581753 10582149
10582545 10582941 10583337 10583733 10584129 10584526 10584923 10585321
10585719 10586118 10586517 10586916 10587316 10587716 10588116 10588516
10588916 10589316 10589716 10590116 10590517 10590918 10591320 10591722
10592124 10592526 10592928 10593330 10593732 10594135 10594539 10594943
10595347 10595751 10596155 10596560 10596966 10597372 10597778 10598184
10598590 10598996 10599402 10599808 10600214 10600620 10601026 10601432
10601838 10602244 10602650 10603058 10603468 10603879 10604291 10604704
10605117 10605531 10605945 10606360 10606775 10607190 10607606 10608022
10608438 10608854 10609271 10609688 10610105 10610522 10610940 10611360
10611780 10612201 10612622 10613044 10613466 10613889 10614312 10614735
10615159 10615584 10616009 10616434 10616859 10617284 10617711 10618138
10618565 10618992 10619419 10619847 10620275 10620704 10621133 10621562
10621991 10622420 10622850 10623280 10623711 10624142 10624573 10625007
10625444 10625881 10626321 10626762 10627203 10627644 10628087 10628530
10628973 10629416 10629861 10630306 10630751 10631196 10631643 10632090
10632537 10632984 10633432 10633879 10634327 10634775 10635223 10635672
10636123 10636573 10637023 10637473 10637923 10638373 10638823 10639273
10639724 10640175 10640626 10641078 10641530 10641984 10642438 10642892
10643346 10643800 10644254 10644710 10645167 10645624 10646081 10646538
10646996 10647453 10647910 10648368 10648826 10649284 10649741 10650197
10650653 10651109 10651566 10652024 10652482 10652940 10653399 10653858
10654317 10654775 10655233 10655692 10656151 10656610 10657069 10657528
10657989 10658450 10658911 10659372 10659835 10660298 10660761 10661225
10661688 10662151 10662629 10663117 10663607 10664097 10664592 10665092
10665593 10666097 10666601 10667105 10667610 10667673 10667861 10668077
10668305 10668542 10668787 10669036 10669289 10669556 10669826 10670101
10670379 10670660 10670945 10671233 10671524 10671818 10672113 10672409
10672708 10673007 10673307 10673610 10673915 10674222 10674530 10674844
10675160 10675478 10675798 10676120 10676444 10676773 10677104 10677437
10677772 10678111 10678452 10678795 10679138 10679482 10679829 10680178
10680529 10680882 10681235 10681590 10681947 10682304 10682662 10683020
10683379 10683740 10684105 10684471 10684838 10685206 10685575 10685945
10686317 10686690 10687064 10687439 10687815 10688192 10688570 10688949
10689330 10689712 10690094 10690476 10690859 10691244 10691631 10692019
10692407 10692795 10693183 10693571 10693959 10694347 10694736 10695125
10695516 10695907 10696299 10696691 10697084 10697477 10697871 10698265
10698660 10699055 10699451 10699847 10700243 10700639 10701035 10701432
10701829 10702226 10702624 10703022 10703421 10703820 10704219 10704619
10705019 10705419 10705819 10706219 10706619 10707019 10707420 10707821
10708222 10708624 10709026 10709428 10709830 10710232 10710635 10711039
10711443 10711847 10712251 10712655 10713060 10713466 10713872 10714278
10714684 10715090 10715496 10715902 10716308 10716714 10717120 10717526
10717932 10718338 10718744 10719150 10719559 10719969 10720380 10720793
10721206 10721620 10722034 10722448 10722863 10723278 10723693 10724109
10724525 10724941 10725357 10725774 10726191 10726608 10727025 10727444
10727864 10728284 10728705 10729126 10729548 10729970 10730393 10730816
10731239 10731664 10732089 10732514 10732939 10733364 10733790 10734217
10734644 10735071 10735498 10735925 10736353 10736782 10737211 10737640
10738069 10738498 10738928 10739358 10739789 10740220 10740651 10741086
10741523 10741961 10742401 10742842 10743283 10743725 10744168 10744611
10745054 10745498 10745943 10746388 10746833 10747279 10747726 10748173
10748620 10749067 10749515 10749963 10750411 10750859 10751308 10751757
10752207 10752657 10753107 10753557 10754007 10754457 10754907 10755358
10755809 10756260 10756711 10757163 10757616 10758070 10758524 10758978
10759432 10759886 10760340 10760796 10761253 10761710 10762167 10762624
10763082 10763539 10763997 10764454 10764912 10765370 10765827 10766283
10766739 10767196 10767654 10768112 10768570 10769029 10769488 10769947
10770406 10770864 10771322 10771780 10772239 10772698 10773157 10773617
10774078 10774539 10775000 10775461 10775924 10776387 10776850 10777313
10777776 10778240 10778704 10779167 10779631 10780111 10780601 10781092
10781583 10782080 10782581 10783083 10783587 10784091 10784596 10785101
10785164 10785352 10785568 10785797 10786035 10786279 10786528 10786781
10787048 10787318 10787593 10787872 10788154 10788439 10788726 10789015
10789309 10789604 10789900 10790199 10790498 10790798 10791102 10791407
10791714 10792024 10792338 10792654 10792972 10793293 10793615 10793940
10794270 10794601 10794934 10795271 10795610 10795951 10796294 10796637
10796981 10797328 10797677 10798029 10798382 10798735 10799090 10799447
10799804 10800162 10800520 10800879 10801240 10801605 10801972 10802339
10802707 10803076 10803446 10803818 10804191 10804565 10804940 10805316
10805693 10806071 10806450 10806831 10807213 10807595 10807978 10808361
10808746 10809133 10809521 10809909 10810297 10810685 10811073 10811461
10811849 10812238 10812628 10813019 10813411 10813803 10814195 10814588
10814981 10815375 10815769 10816164 10816559 10816954 10817350 10817746
10818142 10818538 10818934 10819331 10819728 10820125 10820523 10820921
10821320 10821719 10822119 10822519 10822919 10823319 10823719 10824119
10824520 10824921 10825322 10825723 10826125 10826527 10826929 10827331
10827733 10828135 10828538 10828942 10829346 10829750 10830154 10830558
10830963 10831369 10831775 10832181 10832587 10832993 10833399 10833805
10834211 10834617 10835023 10835429 10835835 10836241 10836647 10837053
10837462 10837872 10838282 10838693 10839106 10839519 10839933 10840347
10840761 10841176 10841591 10842006 10842422 10842838 10843254 10843670
10844087 10844504 10844921 10845338 10845757 10846177 10846597 10847018
10847440 10847862 10848285 10848708 10849131 10849554 10849979 10850404
10850829 10851254 10851679 10852105 10852532 10852959 10853386 10853813
10854241 10854669 10855098 10855527 10855956 10856385 10856814 10857244
10857674 10858105 10858536 10858967 10859402 10859839 10860279 10860719
10861159 10861600 10862041 10862483 10862926 10863369 10863812 10864257
10864702 10865147 10865592 10866039 10866486 10866933 10867380 10867827
10868275 10868723 10869171 10869619 10870068 10870518 10870968 10871418
10871867 10872317 10872767 10873217 10873667 10874118 10874569 10875020
10875472 10875924 10876378 10876832 10877286 10877740 10878194 10878648
10879103 10879560 10880017 10880474 10880931 10881389 10881847 10882304
10882762 10883219 10883677 10884134 10884591 10885047 10885503 10885960
10886418 10886876 10887334 10887794 10888253 10888712 10889171 10889629
10890087 10890546 10891005 10891464 10891923 10892382 10892842 10893303
10893764 10894225 10894688 10895151 10895614 10896077 10896541 10897005
10897469 10897945 10898429 10898919 10899411 10899904 10900402 10900903
10901407 10901911 10902415 10902920 10903428 10903491 10903679 10903895
10904124 10904362 10904607 10904856 10905109 10905376 10905644 10905919
10906198 10906480 10906766 10907054 10907345 10907639 10907934 10908230
10908529 10908828 10909128 10909432 10909737 10910044 10910354 10910668
10910984 10911302 10911623 10911945 10912270 10912600 10912932 10913265
10913603 10913942 10914284 10914627 10914970 10915314 10915661 10916011
10916363 10916716 10917070 10917425 10917782 10918139 10918497 10918855
10919214 10919575 10919940 10920307 10920674 10921042 10921411 10921781
10922153 10922526 10922900 10923275 10923651 10924028 10924406 10924785
10925166 10925548 10925930 10926313 10926696 10927082 10927469 10927857
10928245 10928633 10929021 10929409 10929797 10930185 10930574 10930964
10931355 10931747 10932139 10932532 10932926 10933320 10933715 10934110
10934505 10934901 10935297 10935693 10936089 10936485 10936881 10937278
10937675 10938073 10938472 10938871 10939270 10939669 10940069 10940469
10940869 10941269 10941669 10942069 10942470 10942871 10943272 10943674
10944076 10944478 10944880 10945282 10945684 10946086 10946488 10946891
10947295 10947699 10948103 10948507 10948912 10949318 10949724 10950130
10950536 10950942 10951348 10951754 10952160 10952566 10952972 10953378
10953784 10954190 10954596 10955002 10955408 10955818 10956229 10956640
10957053 10957466 10957880 10958294 10958708 10959123 10959538 10959953
10960369 10960785 10961201 10961618 10962035 10962452 10962869 10963288
10963708 10964128 10964549 10964970 10965392 10965814 10966237 10966660
10967083 10967506 10967931 10968356 10968781 10969206 10969631 10970058
10970485 10970912 10971339 10971766 10972194 10972622 10973051 10973480
10973909 10974338 10974768 10975198 10975629 10976060 10976493 10976929
10977366 10977806 10978246 10978687 10979129 10979572 10980015 10980458
10980903 10981348 10981793 10982238 10982685 10983132 10983579 10984026
10984473 10984920 10985368 10985816 10986264 10986713 10987164 10987614
10988064 10988514 10988964 10989414 10989864 10990315 10990766 10991217
10991668 10992119 10992571 10993023 10993477 10993931 10994385 10994839
10995293 10995747 10996203 10996660 10997117 10997574 10998032 10998490
10998947 10999405 10999863 11000321 11000779 11001236 11001693 11002149
11002605 11003062 11003520 11003978 11004436 11004896 11005355 11005814
11006273 11006731 11007189 11007648 11008107 11008566 11009025 11009485
11009946 11010407 11010868 11011329 11011792 11012255 11012718 11013181
11013645 11014109 11014573 11015042 11015521 11016010 11016501 11016997
11017493 11017993 11018496 11019000 11019504 11020009 11020518 11021027
11021090 11021278 11021494 11021723 11021961 11022206 11022455 11022708
11022975 11023243 11023518 11023798 11024080 11024366 11024654 11024945
11025239 11025534 11025830 11026129 11026428 11026728 11027033 11027339
11027646 11027958 11028272 11028588 11028906 11029227 11029550 11029877
11030207 11030539 11030872 11031211 11031550 11031892 11032235 11032578
11032922 11033269 11033619 11033971 11034324 11034678 11035033 11035390
11035747 11036105 11036463 11036822 11037183 11037548 11037915 11038283
11038652 11039023 11039395 11039768 11040142 11040517 11040893 11041270
11041648 11042028 11042409 11042791 11043173 11043556 11043939 11044325
11044712 11045100 11045488 11045876 11046264 11046652 11047040 11047429
11047818 11048209 11048600 11048992 11049385 11049778 11050172 11050566
11050961 11051356 11051751 11052147 11052543 11052939 11053335 11053731
11054127 11054524 11054921 11055319 11055718 11056117 11056516 11056915
11057315 11057715 11058115 11058515 11058915 11059315 11059715 11060116
11060517 11060918 11061320 11061722 11062124 11062526 11062928 11063330
11063733 11064137 11064541 11064945 11065349 11065754 11066160 11066566
11066972 11067378 11067784 11068190 11068596 11069002 11069408 11069814
11070220 11070626 11071032 11071438 11071844 11072252 11072662 11073073
11073485 11073898 11074311 11074725 11075139 11075554 11075969 11076384
11076799 11077215 11077631 11078047 11078464 11078881 11079298 11079715
11080134 11080554 11080974 11081395 11081816 11082238 11082661 11083084
11083507 11083930 11084354 11084779 11085204 11085629 11086054 11086480
11086907 11087334 11087761 11088188 11088615 11089043 11089471 11089900
11090329 11090758 11091187 11091617 11092047 11092477 11092908 11093339
11093773 11094209 11094646 11095086 11095526 11095967 11096408 11096850
11097293 11097736 11098180 11098625 11099070 11099515 11099961 11100408
11100855 11101302 11101749 11102197 11102644 11103092 11103540 11103989
11104439 11104890 11105340 11105789 11106239 11106689 11107139 11107589
11108040 11108491 11108942 11109393 11109845 11110298 11110752 11111206
11111660 11112114 11112568 11113022 11113476 11113932 11114389 11114846
11115303 11115761 11116219 11116676 11117134 11117592 11118050 11118508
11118965 11119421 11119877 11120334 11120792 11121250 11121708 11122168
11122627 11123086 11123545 11124004 11124463 11124922 11125381 11125840
11126299 11126760 11127221 11127682 11128143 11128606 11129069 11129532
11129995 11130459 11130923 11131401 11131881 11132371 11132866 11133363
11133861 11134362 11134866 11135370 11135875 11136380 11136889 11137399
11137462 11137651 11137867 11138097 11138335 11138580 11138829 11139082
11139349 11139618 11139893 11140173 11140456 11140743 11141031 11141323
11141617 11141912 11142209 11142508 11142807 11143107 11143412 11143718
11144026 11144340 11144654 11144970 11145288 11145609 11145932 11146259
11146590 11146922 11147255 11147594 11147933 11148276 11148619 11148962
11149306 11149651 11149998 11150347 11150697 11151049 11151402 11151756
11152111 11152468 11152825 11153183 11153542 11153901 11154263 11154629
11154996 11155363 11155731 11156099 11156470 11156842 11157215 11157589
11157964 11158341 11158718 11159096 11159476 11159857 11160239 11160621
11161003 11161386 11161769 11162155 11162542 11162930 11163318 11163706
11164094 11164482 11164871 11165260 11165649 11166040 11166431 11166823
11167215 11167608 11168001 11168395 11168789 11169184 11169579 11169974
11170370 11170766 11171162 11171558 11171954 11172351 11172748 11173145
11173543 11173941 11174340 11174739 11175138 11175537 11175937 11176337
11176737 11177137 11177537 11177937 11178337 11178738 11179139 11179540
11179942 11180344 11180746 11181148 11181550 11181952 11182354 11182757
11183161 11183565 11183969 11184373 11184777 11185182 11185588 11185994
11186400 11186806 11187212 11187618 11188024 11188430 11188836 11189242
11189648 11190054 11190460 11190866 11191272 11191680 11192090 11192501
11192912 11193324 11193737 11194150 11194564 11194978 11195393 11195808
11196223 11196639 11197055 11197471 11197887 11198304 11198721 11199138
11199555 11199975 11200395 11200815 11201236 11201657 11202079 11202502
11202925 11203348 11203771 11204196 11204621 11205046 11205471 11205896
11206322 11206749 11207176 11207603 11208030 11208457 11208885 11209314
11209743 11210172 11210601 11211030 11211460 11211890 11212321 11212752
11213183 11213616 11214053 11214491 11214931 11215372 11215813 11216256
11216699 11217142 11217587 11218032 11218477 11218922 11219368 11219815
11220262 11220709 11221156 11221604 11222052 11222500 11222948 11223397
11223848 11224298 11224748 11225198 11225648 11226098 11226548 11226999
11227450 11227901 11228352 11228804 11229256 11229710 11230164 11230618
11231072 11231526 11231980 11232434 11232891 11233348 11233805 11234262
11234720 11235178 11235636 11236094 11236551 11237009 11237466 11237923
11238379 11238836 11239293 11239751 11240209 11240667 11241127 11241586
11242045 11242504 11242963 11243421 11243880 11244339 11244798 11245257
11245717 11246178 11246639 11247100 11247562 11248025 11248488 11248951
11249414 11249878 11250342 11250806 11251270 11251750 11252234 11252725
11253221 11253719 11254217 11254718 11255222 11255726 11256231 11256738
11257248 11257758 11257821 11258010 11258228 11258458 11258696 11258941
11259190 11259448 11259715 11259984 11260260 11260540 11260823 11261110
11261399 11261691 11261985 11262280 11262577 11262876 11263175 11263475
11263780 11264086 11264394 11264708 11265022 11265338 11265657 11265978
11266301 11266628 11266959 11267291 11267624 11267963 11268303 11268646
11268989 11269332 11269676 11270023 11270371 11270720 11271070 11271422
11271775 11272129 11272484 11272841 11273198 11273556 11273915 11274274
11274636 11275002 11275369 11275736 11276104 11276473 11276844 11277216
11277589 11277963 11278338 11278715 11279092 11279471 11279851 11280232
11280614 11280996 11281379 11281764 11282150 11282537 11282925 11283313
11283701 11284089 11284477 11284866 11285255 11285644 11286035 11286426
11286818 11287210 11287603 11287996 11288390 11288784 11289179 11289574
11289970 11290366 11290762 11291158 11291554 11291951 11292348 11292746
11293144 11293543 11293942 11294341 11294740 11295140 11295540 11295940
11296340 11296740 11297140 11297540 11297941 11298342 11298743 11299145
11299547 11299949 11300351 11300753 11301155 11301557 11301960 11302364
11302768 11303172 11303576 11303981 11304386 11304792 11305198 11305604
11306010 11306416 11306822 11307228 11307634 11308040 11308446 11308852
11309258 11309664 11310070 11310476 11310885 11311296 11311707 11312120
11312533 11312947 11313361 11313775 11314190 11314605 11315020 11315436
11315852 11316268 11316684 11317101 11317518 11317935 11318352 11318772
11319192 11319612 11320033 11320454 11320876 11321299 11321722 11322145
11322569 11322994 11323419 11323844 11324269 11324694 11325121 11325548
11325975 11326402 11326829 11327257 11327685 11328114 11328543 11328972
11329401 11329830 11330260 11330691 11331122 11331553 11331989 11332426
11332863 11333303 11333743 11334184 11334626 11335069 11335512 11335955
11336400 11336845 11337290 11337735 11338182 11338629 11339076 11339523
11339971 11340418 11340866 11341314 11341762 11342211 11342661 11343111
11343561 11344011 11344461 11344911 11345361 11345811 11346262 11346713
11347164 11347616 11348069 11348523 11348977 11349431 11349885 11350339
11350793 11351247 11351703 11352160 11352617 11353074 11353532 11353990
11354448 11354906 11355364 11355822 11356280 11356737 11357194 11357650
11358107 11358564 11359022 11359480 11359938 11360398 11360857 11361316
11361775 11362233 11362692 11363151 11363610 11364070 11364531 11364992
11365453 11365916 11366379 11366842 11367305 11367769 11368233 11368697
11369171 11369655 11370144 11370635 11371133 11371633 11372133 11372636
11373140 11373645 11374154 11374663 11375173 11375683 11375746 11375935
11376154 11376385 11376623 11376868 11377117 11377376 11377643 11377912
11378188 11378468 11378752 11379039 11379328 11379620 11379914 11380209
11380506 11380805 11381104 11381404 11381709 11382015 11382323 11382637
11382951 11383268 11383588 11383910 11384233 11384560 11384891 11385223
11385556 11385895 11386236 11386579 11386922 11387265 11387609 11387956
11388305 11388655 11389007 11389360 11389714 11390070 11390427 11390785
11391143 11391502 11391861 11392223 11392589 11392956 11393324 11393693
11394064 11394436 11394809 11395184 11395559 11395935 11396312 11396691
11397072 11397453 11397835 11398217 11398600 11398985 11399371 11399759
11400147 11400535 11400923 11401311 11401699 11402088 11402477 11402868
11403259 11403651 11404044 11404437 11404831 11405225 11405620 11406015
11406410 11406806 11407202 11407598 11407994 11408390 11408787 11409184
11409582 11409980 11410378 11410777 11411176 11411575 11411975 11412375
11412775 11413175 11413575 11413975 11414375 11414776 11415177 11415578
11415979 11416381 11416783 11417185 11417587 11417989 11418391 11418793
11419196 11419600 11420004 11420408 11420812 11421217 11421622 11422028
11422434 11422840 11423246 11423652 11424058 11424464 11424870 11425276
11425682 11426088 11426494 11426900 11427306 11427712 11428121 11428532
11428943 11429356 11429769 11430183 11430597 11431012 11431427 11431842
11432258 11432674 11433090 11433506 11433923 11434340 11434757 11435174
11435593 11436013 11436433 11436854 11437275 11437697 11438119 11438542
11438965 11439388 11439812 11440237 11440662 11441087 11441512 11441937
11442364 11442791 11443218 11443645 11444072 11444500 11444929 11445358
11445787 11446216 11446645 11447075 11447505 11447936 11448367 11448798
11449234 11449671 11450109 11450549 11450990 11451431 11451873 11452316
11452759 11453202 11453646 11454091 11454536 11454981 11455426 11455873
11456320 11456767 11457214 11457662 11458109 11458557 11459005 11459454
11459904 11460354 11460804 11461253 11461703 11462153 11462603 11463054
11463505 11463956 11464407 11464858 11465309 11465761 11466215 11466669
11467123 11467577 11468031 11468485 11468940 11469396 11469853 11470310
11470767 11471225 11471683 11472140 11472598 11473055 11473513 11473971
11474428 11474885 11475341 11475798 11476256 11476714 11477172 11477632
11478092 11478551 11479010 11479469 11479928 11480387 11480846 11481305
11481764 11482224 11482685 11483146 11483608 11484071 11484534 11484997
11485460 11485924 11486388 11486854 11487333 11487821 11488311 11488806
11489306 11489807 11490308 11490812 11491316 11491821 11492330 11492839
11493349 11493860 11493923 11494112 11494331 11494562 11494800 11495045
11495294 11495553 11495820 11496090 11496366 11496647 11496931 11497218
11497507 11497800 11498094 11498389 11498686 11498985 11499285 11499586
11499891 11500198 11500506 11500820 11501138 11501458 11501780 11502104
11502432 11502763 11503095 11503429 11503768 11504109 11504452 11504795
11505138 11505485 11505835 11506185 11506537 11506890 11507245 11507602
11507959 11508317 11508675 11509034 11509396 11509761 11510127 11510494
11510862 11511231 11511602 11511974 11512347 11512722 11513097 11513473
11513850 11514229 11514610 11514991 11515373 11515755 11516138 11516523
11516910 11517298 11517686 11518074 11518462 11518850 11519238 11519627
11520016 11520407 11520798 11521190 11521583 11521976 11522370 11522764
11523159 11523554 11523949 11524345 11524741 11525137 11525533 11525929
11526325 11526722 11527119 11527517 11527915 11528313 11528712 11529111
11529511 11529911 11530311 11530711 11531111 11531511 11531911 11532311
11532712 11533113 11533514 11533916 11534318 11534720 11535122 11535524
11535926 11536329 11536732 11537136 11537540 11537944 11538348 11538753
11539159 11539565 11539971 11540377 11540783 11541189 11541595 11542001
11542407 11542813 11543219 11543625 11544031 11544437 11544843 11545251
11545661 11546072 11546483 11546896 11547310 11547724 11548138 11548553
11548968 11549383 11549799 11550215 11550631 11551047 11551464 11551881
11552298 11552715 11553134 11553554 11553974 11554395 11554816 11555238
11555661 11556084 11556507 11556930 11557355 11557780 11558205 11558630
11559055 11559481 11559908 11560335 11560762 11561189 11561616 11562044
11562473 11562902 11563331 11563760 11564190 11564620 11565050 11565481
11565912 11566344 11566780 11567217 11567657 11568097 11568538 11568979
11569422 11569865 11570308 11570751 11571196 11571641 11572086 11572531
11572978 11573425 11573872 11574319 11574766 11575213 11575661 11576109
11576557 11577006 11577457 11577907 11578357 11578807 11579257 11579707
11580157 11580608 11581059 11581510 11581961 11582413 11582865 11583319
11583773 11584227 11584681 11585135 11585589 11586043 11586499 11586956
11587413 11587870 11588327 11588785 11589243 11589701 11590159 11590617
11591075 11591532 11591989 11592445 11592902 11593360 11593818 11594276
11594734 11595194 11595654 11596113 11596572 11597031 11597490 11597949
11598408 11598867 11599327 11599788 11600249 11600710 11601171 11601634
11602097 11602560 11603023 11603487 11603953 11604420 11604891 11605371
11605861 11606352 11606849 11607350 11607852 11608355 11608859 11609364
11609873 11610383 11610893 11611404 11611915 11611978 11612167 11612386
11612618 11612856 11613101 11613352 11613612 11613880 11614150 11614426
11614707 11614991 11615278 11615567 11615858 11616153 11616448 11616745
11617044 11617344 11617646 11617951 11618258 11618567 11618881 11619197
11619515 11619835 11620157 11620481 11620810 11621141 11621473 11621807
11622146 11622487 11622830 11623173 11623517 11623864 11624214 11624564
11624917 11625271 11625626 11625983 11626340 11626698 11627056 11627415
11627777 11628142 11628508 11628876 11629244 11629614 11629985 11630358
11630731 11631105 11631480 11631857 11632235 11632614 11632995 11633377
11633759 11634141 11634524 11634909 11635296 11635683 11636071 11636459
11636847 11637235 11637623 11638012 11638402 11638793 11639185 11639577
11639969 11640362 11640756 11641150 11641545 11641940 11642335 11642731
11643127 11643523 11643919 11644315 11644711 11645108 11645505 11645903
11646301 11646700 11647099 11647498 11647897 11648297 11648697 11649097
11649497 11649897 11650297 11650697 11651097 11651498 11651899 11652301
11652703 11653105 11653507 11653909 11654311 11654714 11655117 11655521
11655925 11656329 11656733 11657138 11657544 11657950 11658356 11658762
11659168 11659574 11659980 11660386 11660792 11661198 11661604 11662010
11662416 11662822 11663228 11663637 11664047 11664458 11664870 11665283
11665697 11666111 11666525 11666940 11667355 11667770 11668186 11668602
11669018 11669435 11669852 11670269 11670686 11671103 11671523 11671943
11672363 11672784 11673206 11673628 11674051 11674474 11674897 11675320
11675745 11676170 11676595 11677020 11677445 11677872 11678299 11678726
11679153 11679580 11680008 11680436 11680865 11681294 11681723 11682152
11682581 11683011 11683441 11683872 11684303 11684734 11685168 11685604
11686041 11686481 11686922 11687363 11687805 11688248 11688691 11689134
11689578 11690023 11690468 11690913 11691359 11691806 11692253 11692700
11693147 11693594 11694042 11694490 11694938 11695386 11695835 11696284
11696734 11697184 11697634 11698084 11698534 11698984 11699434 11699885
11700336 11700787 11701238 11701690 11702144 11702598 11703052 11703506
11703960 11704414 11704868 11705322 11705779 11706236 11706693 11707150
11707608 11708066 11708523 11708981 11709439 11709897 11710355 11710812
11711269 11711725 11712182 11712640 11713098 11713556 11714016 11714476
11714936 11715395 11715854 11716313 11716773 11717233 11717692 11718151
11718610 11719070 11719531 11719992 11720453 11720916 11721379 11721842
11722305 11722769 11723235 11723703 11724172 11724641 11725120 11725607
11726098 11726593 11727092 11727594 11728098 11728602 11729106 11729613
11730122 11730632 11731142 11731653 11732164 11732227 11732416 11732635
11732866 11733104 11733349 11733598 11733852 11734118 11734386 11734660
11734937 11735219 11735504 11735792 11736081 11736375 11736670 11736965
11737262 11737561 11737861 11738164 11738470 11738777 11739091 11739408
11739726 11740046 11740369 11740693 11741022 11741354 11741687 11742022
11742361 11742702 11743045 11743388 11743732 11744079 11744428 11744778
11745129 11745482 11745836 11746191 11746548 11746905 11747263 11747621
11747980 11748341 11748705 11749071 11749438 11749806 11750174 11750544
11750915 11751288 11751662 11752037 11752412 11752789 11753167 11753546
11753927 11754309 11754691 11755073 11755456 11755839 11756224 11756611
11756999 11757387 11757775 11758163 11758551 11758940 11759329 11759720
11760111 11760503 11760895 11761288 11761681 11762075 11762469 11762864
11763259 11763654 11764050 11764446 11764842 11765238 11765634 11766030
11766426 11766823 11767220 11767617 11768015 11768413 11768812 11769211
11769610 11770010 11770410 11770810 11771210 11771610 11772010 11772411
11772812 11773213 11773614 11774016 11774418 11774820 11775222 11775624
11776027 11776431 11776835 11777239 11777643 11778048 11778454 11778860
11779266 11779672 11780078 11780484 11780890 11781296 11781702 11782108
11782514 11782920 11783326 11783732 11784138 11784547 11784957 11785368
11785780 11786193 11786607 11787021 11787435 11787850 11788265 11788680
11789096 11789512 11789928 11790344 11790761 11791178 11791595 11792012
11792431 11792851 11793271 11793692 11794113 11794535 11794958 11795381
11795804 11796227 11796652 11797077 11797502 11797927 11798352 11798778
11799205 11799632 11800059 11800486 11800914 11801342 11801771 11802200
11802629 11803058 11803488 11803918 11804348 11804779 11805210 11805643
11806079 11806516 11806956 11807396 11807837 11808279 11808722 11809165
11809608 11810051 11810496 11810941 11811386 11811831 11812278 11812725
11813172 11813619 11814067 11814514 11814962 11815410 11815859 11816308
11816759 11817209 11817659 11818109 11818559 11819009 11819459 11819910
11820361 11820812 11821263 11821715 11822168 11822622 11823076 11823530
11823984 11824438 11824892 11825346 11825802 11826259 11826716 11827173
11827631 11828089 11828546 11829004 11829462 11829920 11830378 11830835
11831292 11831748 11832205 11832663 11833121 11833579 11834039 11834499
11834959 11835419 11835878 11836337 11836797 11837257 11837717 11838177
11838637 11839098 11839559 11840020 11840483 11840946 11841409 11841872
11842335 11842802 11843270 11843739 11844209 11844688 11845168 11845652
11846143 11846640 11847138 11847640 11848144 11848648 11849152 11849659
11850169 11850679 11851190 11851701 11852217 11852734 11852797 11852986
11853205 11853437 11853675 11853920 11854169 11854425 11854691 11854959
11855233 11855510 11855791 11856075 11856362 11856651 11856941 11857235
11857530 11857826 11858125 11858424 11858724 11859027 11859334 11859642
11859956 11860274 11860592 11860913 11861236 11861561 11861891 11862223
11862556 11862893 11863234 11863575 11863918 11864262 11864609 11864956
11865306 11865656 11866008 11866361 11866716 11867071 11867428 11867786
11868144 11868502 11868863 11869228 11869594 11869961 11870329 11870698
11871069 11871441 11871814 11872188 11872563 11872939 11873316 11873695
11874074 11874455 11874837 11875219 11875601 11875984 11876369 11876754
11877140 11877527 11877915 11878303 11878691 11879079 11879467 11879855
11880244 11880633 11881024 11881415 11881807 11882199 11882592 11882985
11883379 11883773 11884167 11884562 11884958 11885354 11885750 11886146
11886542 11886938 11887335 11887732 11888129 11888527 11888926 11889325
11889724 11890123 11890523 11890923 11891323 11891723 11892123 11892523
11892923 11893323 11893724 11894125 11894526 11894928 11895330 11895732
11896134 11896536 11896939 11897343 11897747 11898151 11898555 11898959
11899364 11899770 11900176 11900582 11900988 11901394 11901800 11902206
11902612 11903018 11903424 11903830 11904236 11904642 11905048 11905456
11905866 11906277 11906688 11907101 11907514 11907928 11908342 11908756
11909171 11909586 11910001 11910417 11910833 11911249 11911666 11912083
11912500 11912917 11913336 11913756 11914176 11914597 11915018 11915440
11915863 11916286 11916709 11917132 11917556 11917981 11918406 11918831
11919256 11919682 11920109 11920536 11920963 11921390 11921817 11922245
11922673 11923102 11923531 11923960 11924389 11924819 11925249 11925679
11926110 11926541 11926974 11927411 11927849 11928289 11928730 11929171
11929614 11930057 11930500 11930943 11931388 11931833 11932278 11932723
11933170 11933617 11934064 11934511 11934959 11935406 11935854 11936302
11936750 11937199 11937650 11938100 11938550 11939000 11939450 11939900
11940350 11940800 11941251 11941702 11942153 11942605 11943057 11943511
11943965 11944419 11944873 11945327 11945781 11946235 11946691 11947148
11947605 11948062 11948520 11948978 11949436 11949894 11950352 11950811
11951269 11951726 11952183 11952640 11953097 11953555 11954013 11954471
11954930 11955390 11955850 11956310 11956770 11957229 11957689 11958149
11958609 11959069 11959530 11959991 11960452 11960913 11961376 11961839
11962302 11962770 11963241 11963712 11964187 11964666 11965150 11965639
11966129 11966625 11967125 11967626 11968130 11968635 11969140 11969645
11970155 11970666 11971177 11971692 11972208 11972727 11973246 11973309
11973501 11973721 11973954 11974194 11974440 11974691 11974949 11975216
11975484 11975759 11976039 11976323 11976610 11976899 11977191 11977485
11977780 11978077 11978376 11978676 11978976 11979281 11979589 11979903
11980219 11980537 11980857 11981179 11981503 11981830 11982161 11982494
11982828 11983167 11983508 11983851 11984194 11984540 11984887 11985236
11985586 11985938 11986291 11986645 11987000 11987357 11987714 11988072
11988430 11988789 11989150 11989512 11989878 11990245 11990613 11990981
11991352 11991725 11992100 11992475 11992852 11993230 11993609 11993990
11994371 11994752 11995134 11995516 11995899 11996282 11996667 11997054
11997442 11997830 11998218 11998606 11998994 11999382 11999771 12000160
12000550 12000941 12001333 12001725 12002118 12002512 12002907 12003302
12003697 12004093 12004489 12004885 12005281 12005677 12006074 12006471
12006868 12007266 12007664 12008063 12008462 12008861 12009261 12009661
12010061 12010461 12010861 12011261 12011661 12012062 12012463 12012864
12013265 12013667 12014069 12014471 12014873 12015275 12015677 12016080
12016484 12016888 12017292 12017696 12018101 12018506 12018912 12019318
12019724 12020130 12020536 12020942 12021348 12021754 12022160 12022566
12022972 12023378 12023784 12024190 12024598 12025009 12025420 12025832
12026245 12026659 12027073 12027487 12027902 12028317 12028732 12029148
12029564 12029980 12030397 12030814 12031231 12031648 12032065 12032485
12032905 12033325 12033746 12034168 12034590 12035013 12035436 12035859
12036283 12036708 12037133 12037558 12037983 12038408 12038835 12039262
12039689 12040116 12040543 12040971 12041400 12041829 12042258 12042687
12043116 12043546 12043976 12044407 12044838 12045269 12045700 12046135
12046572 12047012 12047452 12047893 12048335 12048777 12049220 12049663
12050108 12050553 12050998 12051443 12051890 12052337 12052784 12053231
12053679 12054126 12054574 12055022 12055471 12055920 12056371 12056821
12057271 12057721 12058171 12058621 12059071 12059522 12059973 12060424
12060875 12061327 12061781 12062235 12062689 12063143 12063597 12064051
12064505 12064961 12065418 12065875 12066332 12066789 12067247 12067705
12068163 12068621 12069079 12069538 12069996 12070454 12070911 12071369
12071827 12072285 12072743 12073201 12073661 12074121 12074581 12075041
12075501 12075962 12076423 12076884 12077347 12077810 12078273 12078736
12079201 12079669 12080139 12080610 12081083 12081559 12082036 12082515
12082999 12083489 12083982 12084480 12084978 12085479 12085983 12086487
12086992 12087501 12088011 12088522 12089033 12089547 12090064 12090583
12091104 12091626 12092148 12092670 12092733 12092921 12093136 12093362
12093599 12093841 12094090 12094343 12094603 12094870 12095139 12095415
12095695 12095979 12096265 12096554 12096848 12097144 12097441 12097740
12098040 12098342 12098648 12098956 12099269 12099583 12099899 12100217
12100537 12100860 12101187 12101516 12101848 12102181 12102515 12102854
12103197 12103540 12103883 12104230 12104577 12104926 12105276 12105628
12105981 12106335 12106691 12107048 12107406 12107764 12108122 12108481
12108846 12109212 12109579 12109947 12110316 12110687 12111060 12111434
12111809 12112184 12112561 12112939 12113318 12113699 12114081 12114463
12114846 12115229 12115614 12116000 12116387 12116775 12117163 12117551
12117939 12118327 12118715 12119104 12119493 12119884 12120275 12120667
12121060 12121453 12121847 12122241 12122636 12123031 12123427 12123823
12124219 12124615 12125011 12125407 12125804 12126201 12126599 12126997
12127396 12127795 12128194 12128594 12128994 12129394 12129794 12130194
12130594 12130994 12131395 12131796 12132197 12132598 12133000 12133402
12133804 12134206 12134608 12135010 12135413 12135816 12136220 12136624
12137028 12137432 12137837 12138243 12138649 12139055 12139461 12139867
12140273 12140679 12141085 12141491 12141897 12142303 12142709 12143115
12143521 12143930 12144340 12144751 12145164 12145577 12145991 12146405
12146819 12147234 12147649 12148064 12148480 12148896 12149312 12149728
12150145 12150562 12150979 12151397 12151817 12152237 12152658 12153079
12153501 12153923 12154346 12154769 12155192 12155616 12156041 12156466
12156891 12157316 12157742 12158169 12158596 12159023 12159450 12159877
12160305 12160733 12161162 12161591 12162020 12162449 12162879 12163309
12163740 12164171 12164602 12165035 12165472 12165912 12166352 12166793
12167234 12167677 12168120 12168564 12169009 12169454 12169899 12170344
12170791 12171238 12171685 12172132 12172580 12173027 12173475 12173923
12174372 12174822 12175272 12175722 12176172 12176622 12177072 12177522
12177973 12178424 12178875 12179326 12179777 12180229 12180683 12181137
12181591 12182045 12182499 12182953 12183409 12183866 12184323 12184780
12185237 12185695 12186153 12186612 12187070 12187529 12187988 12188446
12188904 12189361 12189819 12190278 12190736 12191194 12191654 12192114
12192574 12193034 12193494 12193954 12194415 12194876 12195337 12195798
12196260 12196723 12197186 12197650 12198118 12198588 12199060 12199533
12200009 12200486 12200964 12201442 12201922 12202411 12202902 12203397
12203897 12204399 12204902 12205406 12205911 12206420 12206930 12207441
12207952 12208468 12208984 12209503 12210022 12210544 12211066 12211588
12212110 12212633 12212696 12212884 12213100 12213326 12213564 12213808
12214057 12214311 12214578 12214848 12215124 12215405 12215689 12215976
12216265 12216557 12216851 12217147 12217444 12217743 12218043 12218346
12218652 12218964 12219278 12219593 12219910 12220228 12220548 12220871
12221198 12221528 12221860 12222193 12222530 12222871 12223214 12223557
12223901 12224248 12224597 12224947 12225299 12225652 12226007 12226364
12226721 12227079 12227437 12227796 12228155 12228520 12228886 12229253
12229621 12229989 12230359 12230731 12231104 12231478 12231853 12232228
12232605 12232983 12233363 12233744 12234126 12234508 12234891 12235274
12235659 12236045 12236432 12236819 12237207 12237595 12237983 12238371
12238759 12239148 12239537 12239928 12240319 12240711 12241103 12241496
12241890 12242284 12242679 12243074 12243469 12243865 12244261 12244657
12245053 12245449 12245845 12246242 12246639 12247036 12247434 12247832
12248231 12248630 12249030 12249430 12249830 12250230 12250630 12251030
12251431 12251832 12252233 12252634 12253036 12253438 12253840 12254242
12254644 12255046 12255449 12255853 12256257 12256661 12257065 12257470
12257876 12258282 12258688 12259094 12259500 12259906 12260312 12260718
12261124 12261530 12261936 12262342 12262748 12263154 12263562 12263972
12264383 12264794 12265207 12265620 12266034 12266448 12266863 12267278
12267693 12268109 12268525 12268941 12269357 12269774 12270191 12270608
12271025 12271445 12271865 12272285 12272706 12273127 12273549 12273972
12274395 12274818 12275242 12275667 12276092 12276517 12276942 12277367
12277794 12278221 12278648 12279075 12279502 12279930 12280359 12280788
12281217 12281646 12282075 12282505 12282935 12283366 12283797 12284228
12284664 12285101 12285541 12285981 12286422 12286863 12287306 12287749
12288192 12288635 12289080 12289525 12289970 12290415 12290862 12291309
12291756 12292203 12292651 12293098 12293546 12293994 12294442 12294891
12295340 12295790 12296240 12296690 12297140 12297590 12298040 12298491
12298942 12299393 12299844 12300296 12300748 12301202 12301656 12302110
12302564 12303018 12303472 12303928 12304385 12304842 12305299 12305756
12306214 12306672 12307131 12307589 12308048 12308507 12308965 12309423
12309880 12310338 12310797 12311256 12311714 12312174 12312634 12313094
12313554 12314014 12314474 12314935 12315396 12315857 12316318 12316779
12317242 12317705 12318169 12318639 12319110 12319583 12320058 12320535
12321013 12321491 12321970 12322454 12322943 12323434 12323931 12324431
12324934 12325438 12325942 12326447 12326956 12327466 12327977 12328488
12329005 12329524 12330043 12330562 12331084 12331606 12332128 12332652
12333176 12333239 12333427 12333643 12333869 12334107 12334351 12334600
12334855 12335123 12335393 12335670 12335951 12336235 12336522 12336811
12337103 12337397 12337694 12337992 12338291 12338591 12338894 12339201
12339513 12339827 12340145 12340463 12340783 12341104 12341427 12341755
12342085 12342417 12342751 12343089 12343430 12343773 12344116 12344460
12344807 12345156 12345506 12345858 12346211 12346564 12346919 12347276
12347633 12347991 12348349 12348708 12349069 12349434 12349801 12350169
12350537 12350906 12351278 12351651 12352025 12352400 12352776 12353153
12353531 12353911 12354292 12354674 12355056 12355439 12355824 12356209
12356596 12356984 12357372 12357760 12358148 12358536 12358924 12359313
12359703 12360094 12360485 12360877 12361269 12361662 12362056 12362450
12362845 12363240 12363635 12364030 12364426 12364822 12365218 12365614
12366010 12366406 12366803 12367200 12367597 12367995 12368393 12368792
12369191 12369590 12369990 12370390 12370790 12371190 12371590 12371991
12372392 12372793 12373195 12373597 12373999 12374401 12374803 12375205
12375608 12376012 12376416 12376820 12377224 12377628 12378033 12378439
12378845 12379251 12379657 12380063 12380469 12380875 12381281 12381687
12382093 12382499 12382905 12383311 12383717 12384126 12384537 12384948
12385361 12385774 12386188 12386602 12387016 12387431 12387846 12388261
12388676 12389092 12389508 12389924 12390340 12390757 12391174 12391591
12392010 12392430 12392850 12393271 12393692 12394114 12394536 12394959
12395382 12395805 12396230 12396655 12397080 12397505 12397930 12398356
12398783 12399210 12399637 12400064 12400491 12400919 12401348 12401777
12402206 12402635 12403064 12403494 12403924 12404355 12404786 12405217
12405651 12406088 12406525 12406965 12407406 12407847 12408289 12408732
12409175 12409618 12410062 12410507 12410952 12411397 12411844 12412291
12412738 12413185 12413632 12414079 12414527 12414975 12415423 12415872
12416323 12416773 12417223 12417673 12418123 12418573 12419023 12419474
12419925 12420376 12420827 12421278 12421730 12422183 12422637 12423091
12423545 12423999 12424453 12424907 12425364 12425821 12426278 12426735
12427193 12427651 12428109 12428567 12429025 12429483 12429942 12430401
12430859 12431317 12431775 12432233 12432692 12433151 12433610 12434070
12434530 12434990 12435450 12435910 12436370 12436831 12437292 12437753
12438216 12438680 12439145 12439612 12440083 12440556 12441032 12441508
12441986 12442464 12442943 12443423 12443912 12444402 12444897 12445397
12445898 12446402 12446906 12447410 12447915 12448425 12448936 12449447
12449962 12450481 12451000 12451519 12452041 12452563 12453085 12453608
12454133 12454658 12454721 12454909 12455128 12455356 12455594 12455838
12456087 12456343 12456611 12456881 12457158 12457439 12457723 12458011
12458300 12458594 12458889 12459186 12459485 12459785 12460087 12460391
12460698 12461012 12461326 12461642 12461960 12462280 12462601 12462925
12463254 12463585 12463918 12464253 12464592 12464933 12465276 12465619
12465965 12466314 12466663 12467013 12467365 12467717 12468070 12468424
12468779 12469136 12469493 12469851 12470210 12470569 12470931 12471296
12471662 12472029 12472396 12472764 12473133 12473504 12473876 12474249
12474623 12474998 12475374 12475752 12476131 12476512 12476893 12477275
12477657 12478040 12478425 12478811 12479198 12479586 12479974 12480362
12480750 12481138 12481527 12481916 12482307 12482698 12483090 12483482
12483875 12484268 12484662 12485056 12485451 12485846 12486241 12486637
12487033 12487429 12487825 12488221 12488618 12489015 12489412 12489810
12490208 12490607 12491006 12491405 12491805 12492205 12492605 12493005
12493405 12493805 12494206 12494607 12495008 12495409 12495811 12496213
12496615 12497017 12497419 12497821 12498224 12498628 12499032 12499436
12499840 12500245 12500651 12501057 12501463 12501869 12502275 12502681
12503087 12503493 12503899 12504305 12504711 12505117 12505523 12505929
12506337 12506747 12507158 12507570 12507983 12508397 12508811 12509225
12509640 12510055 12510470 12510886 12511302 12511718 12512135 12512552
12512969 12513386 12513803 12514223 12514643 12515064 12515485 12515907
12516329 12516752 12517175 12517598 12518023 12518448 12518873 12519298
12519723 12520149 12520576 12521003 12521430 12521857 12522285 12522713
12523142 12523571 12524000 12524429 12524859 12525289 12525719 12526150
12526581 12527012 12527448 12527885 12528325 12528765 12529206 12529649
12530092 12530535 12530978 12531423 12531868 12532313 12532758 12533205
12533652 12534099 12534546 12534994 12535441 12535889 12536337 12536786
12537235 12537685 12538135 12538585 12539035 12539485 12539935 12540386
12540837 12541288 12541739 12542190 12542642 12543096 12543550 12544004
12544458 12544912 12545366 12545821 12546278 12546735 12547192 12547649
12548107 12548565 12549023 12549481 12549940 12550399 12550858 12551316
12551774 12552233 12552692 12553151 12553610 12554071 12554532 12554993
12555454 12555914 12556374 12556836 12557298 12557760 12558223 12558686
12559151 12559616 12560083 12560553 12561027 12561503 12561979 12562457
12562935 12563414 12563893 12564377 12564867 12565360 12565857 12566358
12566862 12567366 12567871 12568380 12568889 12569399 12569910 12570424
12570941 12571460 12571982 12572504 12573026 12573548 12574071 12574594
12575120 12575646 12576173 12576236 12576424 12576643 12576872 12577110
12577355 12577606 12577859 12578125 12578392 12578665 12578943 12579225
12579510 12579797 12580086 12580378 12580672 12580967 12581264 12581563
12581863 12582166 12582471 12582779 12583093 12583410 12583728 12584048
12584370 12584695 12585025 12585357 12585690 12586028 12586367 12586709
12587052 12587395 12587742 12588091 12588441 12588793 12589146 12589500
12589856 12590213 12590571 12590929 12591288 12591650 12592015 12592381
12592748 12593116 12593484 12593854 12594226 12594598 12594972 12595347
12595722 12596099 12596477 12596856 12597237 12597619 12598001 12598384
12598767 12599153 12599540 12599928 12600316 12600704 12601092 12601480
12601869 12602258 12602649 12603040 12603432 12603824 12604217 12604610
12605004 12605398 12605793 12606188 12606583 12606979 12607375 12607771
12608167 12608563 12608960 12609357 12609755 12610154 12610553 12610952
12611352 12611752 12612152 12612552 12612952 12613352 12613753 12614154
12614555 12614956 12615358 12615760 12616162 12616564 12616966 12617368
12617770 12618173 12618577 12618981 12619385 12619789 12620194 12620599
12621005 12621411 12621817 12622223 12622629 12623035 12623441 12623847
12624253 12624659 12625065 12625471 12625877 12626286 12626696 12627107
12627520 12627933 12628347 12628761 12629175 12629590 12630005 12630420
12630835 12631251 12631667 12632083 12632500 12632917 12633334 12633751
12634170 12634590 12635010 12635431 12635852 12636274 12636697 12637120
12637543 12637966 12638391 12638816 12639241 12639666 12640091 12640518
12640945 12641372 12641799 12642226 12642654 12643082 12643511 12643940
12644369 12644798 12645228 12645658 12646088 12646519 12646950 12647381
12647812 12648248 12648685 12649125 12649565 12650006 12650449 12650892
12651335 12651778 12652223 12652668 12653113 12653558 12654005 12654452
12654899 12655346 12655794 12656242 12656690 12657138 12657587 12658038
12658488 12658938 12659388 12659838 12660288 12660738 12661189 12661640
12662091 12662542 12662994 12663446 12663900 12664354 12664808 12665262
12665716 12666170 12666626 12667083 12667540 12667997 12668454 12668912
12669370 12669828 12670287 12670746 12671204 12671663 12672122 12672581
12673040 12673499 12673958 12674418 12674877 12675336 12675797 12676258
12676719 12677180 12677641 12678102 12678565 12679028 12679491 12679956
12680423 12680894 12681367 12681841 12682317 12682794 12683272 12683751
12684230 12684709 12685189 12685673 12686163 12686653 12687149 12687649
12688150 12688654 12689159 12689664 12690174 12690685 12691196 12691707
12692223 12692742 12693261 12693783 12694305 12694827 12695350 12695875
12696401 12696928 12697456 12697984 12698047 12698235 12698448 12698677
12698914 12699159 12699407 12699660 12699926 12700194 12700467 12700744
12701026 12701311 12701599 12701890 12702184 12702479 12702775 12703074
12703373 12703673 12703976 12704281 12704590 12704904 12705220 12705538
12705858 12706178 12706501 12706828 12707159 12707491 12707824 12708163
12708503 12708846 12709189 12709533 12709880 12710229 12710579 12710931
12711284 12711638 12711993 12712350 12712707 12713065 12713423 12713782
12714141 12714503 12714869 12715236 12715604 12715972 12716342 12716714
12717087 12717461 12717836 12718212 12718589 12718967 12719348 12719729
12720111 12720493 12720876 12721259 12721644 12722030 12722417 12722804
12723192 12723580 12723968 12724356 12724744 12725133 12725522 12725912
12726303 12726694 12727086 12727478 12727871 12728265 12728659 12729054
12729449 12729845 12730241 12730637 12731033 12731429 12731825 12732222
12732619 12733017 12733415 12733814 12734213 12734612 12735011 12735411
12735811 12736211 12736611 12737011 12737411 12737811 12738212 12738613
12739014 12739416 12739818 12740220 12740622 12741024 12741427 12741830
12742234 12742638 12743042 12743446 12743851 12744257 12744663 12745069
12745475 12745881 12746287 12746693 12747099 12747505 12747911 12748317
12748723 12749129 12749537 12749947 12750358 12750769 12751182 12751595
12752009 12752423 12752837 12753252 12753667 12754082 12754497 12754913
12755329 12755745 12756161 12756578 12756995 12757412 12757829 12758249
12758669 12759089 12759510 12759932 12760354 12760777 12761200 12761623
12762048 12762473 12762898 12763323 12763748 12764174 12764601 12765028
12765455 12765882 12766309 12766737 12767166 12767595 12768024 12768453
12768882 12769312 12769742 12770173 12770604 12771035 12771469 12771906
12772344 12772784 12773225 12773666 12774109 12774552 12774995 12775440
12775885 12776330 12776775 12777222 12777669 12778116 12778563 12779010
12779457 12779905 12780353 12780802 12781252 12781702 12782152 12782603
12783053 12783503 12783953 12784404 12784855 12785306 12785757 12786209
12786662 12787116 12787570 12788024 12788478 12788932 12789386 12789842
12790299 12790756 12791213 12791671 12792129 12792587 12793046 12793505
12793964 12794423 12794882 12795341 12795801 12796261 12796721 12797181
12797641 12798103 12798565 12799027 12799489 12799951 12800414 12800877
12801340 12801803 12802266 12802731 12803200 12803671 12804144 12804620
12805096 12805573 12806050 12806529 12807008 12807487 12807967 12808456
12808946 12809437 12809932 12810432 12810935 12811439 12811944 12812453
12812963 12813474 12813985 12814496 12815012 12815531 12816050 12816572
12817094 12817617 12818140 12818665 12819191 12819718 12820246 12820775
12821304 12821367 12821556 12821770 12822001 12822239 12822484 12822733
12822989 12823256 12823524 12823798 12824075 12824359 12824645 12824934
12825226 12825520 12825816 12826115 12826414 12826714 12827018 12827324
12827634 12827949 12828265 12828583 12828903 12829225 12829548 12829875
12830206 12830538 12830871 12831210 12831551 12831894 12832237 12832581
12832928 12833278 12833628 12833980 12834333 12834687 12835042 12835399
12835756 12836114 12836472 12836831 12837192 12837556 12837922 12838289
12838657 12839025 12839395 12839766 12840139 12840513 12840888 12841264
12841641 12842020 12842401 12842782 12843164 12843546 12843929 12844314
12844700 12845087 12845475 12845863 12846251 12846639 12847027 12847415
12847804 12848195 12848586 12848978 12849370 12849763 12850156 12850550
12850944 12851339 12851734 12852130 12852526 12852922 12853318 12853714
12854110 12854507 12854904 12855302 12855700 12856099 12856498 12856898
12857298 12857698 12858098 12858498 12858898 12859298 12859698 12860099
12860500 12860902 12861304 12861706 12862108 12862510 12862912 12863315
12863719 12864123 12864527 12864931 12865336 12865742 12866148 12866554
12866960 12867366 12867772 12868178 12868584 12868990 12869396 12869802
12870208 12870614 12871020 12871429 12871840 12872251 12872664 12873077
12873491 12873905 12874320 12874735 12875150 12875565 12875981 12876397
12876813 12877229 12877646 12878063 12878480 12878897 12879316 12879736
12880156 12880577 12880999 12881421 12881844 12882267 12882690 12883113
12883538 12883963 12884388 12884813 12885238 12885665 12886092 12886519
12886946 12887373 12887801 12888230 12888659 12889088 12889517 12889946
12890376 12890806 12891237 12891668 12892099 12892530 12892966 12893403
12893843 12894284 12894725 12895168 12895611 12896054 12896498 12896943
12897388 12897833 12898279 12898726 12899173 12899620 12900068 12900515
12900963 12901411 12901859 12902308 12902758 12903208 12903658 12904108
12904558 12905008 12905459 12905910 12906361 12906812 12907263 12907715
12908169 12908623 12909077 12909531 12909985 12910439 12910895 12911352
12911809 12912266 12912723 12913181 12913639 12914098 12914557 12915016
12915475 12915934 12916393 12916852 12917311 12917771 12918231 12918691
12919151 12919613 12920075 12920537 12920999 12921461 12921923 12922386
12922849 12923313 12923777 12924246 12924717 12925189 12925665 12926141
12926618 12927095 12927574 12928053 12928533 12929016 12929504 12929995
12930486 12930982 12931480 12931981 12932485 12932989 12933496 12934006
12934516 12935027 12935543 12936060 12936578 12937097 12937619 12938141
12938663 12939186 12939710 12940236 12940763 12941291 12941820 12942349
12942879 12942942 12943131 12943346 12943577 12943814 12944056 12944305
12944557 12944816 12945084 12945358 12945635 12945919 12946206 12946495
12946787 12947081 12947377 12947676 12947975 12948275 12948580 12948887
12949199 12949515 12949831 12950149 12950469 12950791 12951114 12951443
12951774 12952106 12952440 12952779 12953120 12953463 12953806 12954150
12954497 12954847 12955199 12955552 12955905 12956260 12956617 12956975
12957333 12957692 12958051 12958413 12958778 12959144 12959511 12959879
12960248 12960618 12960990 12961363 12961737 12962112 12962489 12962867
12963246 12963627 12964008 12964390 12964772 12965155 12965540 12965927
12966314 12966702 12967090 12967478 12967866 12968254 12968643 12969032
12969423 12969814 12970206 12970598 12970991 12971384 12971778 12972173
12972568 12972964 12973360 12973756 12974152 12974548 12974944 12975340
12975737 12976134 12976531 12976929 12977327 12977726 12978125 12978524
12978924 12979324 12979724 12980124 12980524 12980924 12981325 12981726
12982127 12982529 12982931 12983333 12983735 12984137 12984539 12984942
12985345 12985749 12986153 12986557 12986961 12987366 12987772 12988178
12988584 12988990 12989396 12989802 12990208 12990614 12991020 12991426
12991832 12992238 12992644 12993052 12993462 12993873 12994284 12994697
12995111 12995525 12995939 12996354 12996769 12997184 12997600 12998016
12998432 12998848 12999265 12999682 13000099 13000516 13000933 13001353
13001773 13002194 13002615 13003037 13003459 13003882 13004305 13004728
13005153 13005578 13006003 13006428 13006853 13007279 13007706 13008133
13008560 13008987 13009415 13009843 13010272 13010701 13011130 13011559
13011989 13012419 13012849 13013280 13013711 13014144 13014581 13015018
13015458 13015899 13016341 13016784 13017227 13017672 13018117 13018562
13019007 13019454 13019901 13020348 13020795 13021242 13021690 13022138
13022586 13023035 13023486 13023936 13024386 13024836 13025286 13025736
13026186 13026637 13027088 13027539 13027990 13028442 13028896 13029350
13029804 13030258 13030712 13031166 13031621 13032078 13032535 13032992
13033449 13033907 13034365 13034824 13035283 13035743 13036202 13036661
13037120 13037579 13038039 13038500 13038961 13039422 13039884 13040346
13040808 13041270 13041733 13042196 13042660 13043124 13043588 13044053
13044519 13044988 13045459 13045931 13046405 13046881 13047358 13047835
13048314 13048793 13049273 13049754 13050243 13050733 13051228 13051724
13052224 13052725 13053229 13053733 13054238 13054748 13055259 13055770
13056286 13056804 13057323 13057842 13058364 13058886 13059408 13059931
13060456 13060982 13061509 13062037 13062565 13063094 13063626 13064158
13064221 13064410 13064625 13064856 13065093 13065335 13065584 13065841
13066108 13066376 13066651 13066928 13067212 13067499 13067788 13068082
13068377 13068673 13068972 13069271 13069571 13069876 13070183 13070496
13070812 13071130 13071448 13071768 13072090 13072414 13072743 13073075
13073408 13073743 13074082 13074423 13074766 13075110 13075456 13075805
13076155 13076507 13076860 13077214 13077569 13077926 13078284 13078642
13079001 13079360 13079722 13080087 13080454 13080822 13081190 13081559
13081930 13082302 13082676 13083050 13083425 13083802 13084179 13084558
13084939 13085320 13085702 13086084 13086467 13086852 13087239 13087626
13088014 13088402 13088790 13089178 13089566 13089955 13090344 13090735
13091126 13091518 13091910 13092303 13092696 13093090 13093485 13093880
13094275 13094671 13095067 13095463 13095859 13096255 13096651 13097048
13097445 13097842 13098240 13098638 13099037 13099436 13099836 13100236
13100636 13101036 13101436 13101837 13102238 13102639 13103040 13103442
13103844 13104246 13104648 13105050 13105453 13105857 13106261 13106665
13107069 13107473 13107878 13108284 13108690 13109096 13109502 13109908
13110314 13110720 13111126 13111532 13111938 13112344 13112750 13113156
13113565 13113976 13114387 13114800 13115213 13115627 13116041 13116456
13116871 13117286 13117701 13118117 13118533 13118949 13119365 13119782
13120199 13120616 13121033 13121452 13121872 13122292 13122713 13123135
13123557 13123980 13124403 13124826 13125249 13125674 13126099 13126524
13126949 13127375 13127802 13128229 13128656 13129083 13129510 13129938
13130367 13130796 13131225 13131654 13132083 13132513 13132944 13133375
13133806 13134241 13134678 13135118 13135558 13135999 13136441 13136884
13137327 13137772 13138217 13138662 13139107 13139554 13140001 13140448
13140895 13141343 13141791 13142239 13142687 13143136 13143586 13144036
13144486 13144936 13145386 13145836 13146286 13146737 13147188 13147639
13148090 13148542 13148995 13149449 13149903 13150357 13150811 13151265
13151719 13152176 13152633 13153090 13153547 13154005 13154463 13154922
13155381 13155840 13156299 13156758 13157217 13157676 13158136 13158597
13159058 13159519 13159982 13160445 13160908 13161371 13161834 13162298
13162762 13163227 13163695 13164166 13164637 13165109 13165581 13166057
13166534 13167011 13167488 13167967 13168446 13168926 13169406 13169886
13170374 13170865 13171358 13171856 13172356 13172857 13173361 13173865
13174372 13174881 13175391 13175902 13176416 13176934 13177453 13177972
13178494 13179016 13179538 13180061 13180585 13181111 13181638 13182166
13182695 13183224 13183756 13184288 13184820 13184883 13185071 13185286
13185517 13185755 13185998 13186247 13186506 13186774 13187049 13187328
13187612 13187899 13188188 13188482 13188777 13189073 13189372 13189672
13189973 13190278 13190585 13190899 13191215 13191533 13191852 13192172
13192494 13192817 13193141 13193470 13193802 13194135 13194472 13194813
13195155 13195498 13195842 13196189 13196538 13196888 13197240 13197593
13197947 13198303 13198660 13199018 13199376 13199735 13200096 13200461
13200828 13201196 13201564 13201934 13202305 13202678 13203052 13203427
13203802 13204179 13204557 13204936 13205317 13205699 13206081 13206464
13206847 13207232 13207618 13208005 13208393 13208781 13209169 13209557
13209945 13210333 13210722 13211111 13211500 13211891 13212282 13212674
13213066 13213459 13213852 13214246 13214640 13215035 13215430 13215825
13216221 13216617 13217013 13217409 13217805 13218202 13218599 13218996
13219394 13219792 13220191 13220590 13220990 13221390 13221790 13222190
13222590 13222990 13223391 13223792 13224194 13224596 13224998 13225400
13225802 13226204 13226606 13227009 13227413 13227817 13228221 13228625
13229030 13229436 13229842 13230248 13230654 13231060 13231466 13231872
13232278 13232684 13233090 13233496 13233902 13234308 13234717 13235127
13235538 13235951 13236364 13236778 13237192 13237606 13238021 13238436
13238851 13239267 13239683 13240099 13240515 13240932 13241349 13241766
13242183 13242602 13243022 13243442 13243863 13244284 13244706 13245129
13245552 13245975 13246398 13246823 13247248 13247673 13248098 13248523
13248950 13249377 13249804 13250231 13250658 13251086 13251515 13251944
13252373 13252802 13253231 13253661 13254091 13254521 13254952 13255383
13255816 13256253 13256690 13257130 13257571 13258013 13258456 13258899
13259344 13259789 13260234 13260679 13261126 13261573 13262020 13262467
13262914 13263361 13263809 13264257 13264706 13265156 13265606 13266056
13266507 13266957 13267407 13267857 13268308 13268759 13269210 13269661
13270113 13270566 13271020 13271474 13271928 13272382 13272836 13273290
13273746 13274203 13274660 13275117 13275575 13276033 13276491 13276950
13277410 13277870 13278329 13278788 13279247 13279706 13280166 13280627
13281088 13281549 13282012 13282475 13282938 13283401 13283864 13284327
13284791 13285256 13285721 13286186 13286653 13287124 13287596 13288070
13288544 13289021 13289498 13289975 13290454 13290934 13291414 13291895
13292379 13292869 13293364 13293862 13294363 13294864 13295368 13295872
13296377 13296886 13297396 13297907 13298422 13298939 13299458 13299980
13300502 13301024 13301546 13302069 13302593 13303119 13303646 13304174
13304702 13305231 13305762 13306294 13306826 13307359 13307422 13307610
13307825 13308057 13308295 13308539 13308788 13309047 13309314 13309583
13309859 13310139 13310424 13310712 13311003 13311297 13311592 13311889
13312188 13312488 13312791 13313098 13313406 13313720 13314038 13314356
13314676 13314997 13315320 13315644 13315971 13316302 13316635 13316968
13317307 13317648 13317991 13318334 13318680 13319027 13319377 13319729
13320081 13320434 13320789 13321144 13321501 13321858 13322216 13322574
13322933 13323295 13323659 13324025 13324392 13324760 13325130 13325502
13325875 13326249 13326624 13326999 13327376 13327755 13328134 13328515
13328897 13329279 13329662 13330047 13330434 13330821 13331209 13331597
13331985 13332373 13332761 13333149 13333538 13333927 13334316 13334706
13335097 13335488 13335880 13336272 13336665 13337058 13337452 13337847
13338242 13338637 13339033 13339429 13339825 13340221 13340617 13341013
13341410 13341807 13342204 13342602 13343000 13343399 13343798 13344198
13344598 13344998 13345398 13345798 13346198 13346599 13347000 13347401
13347802 13348204 13348606 13349008 13349410 13349812 13350214 13350617
13351021 13351425 13351829 13352233 13352638 13353044 13353450 13353856
13354262 13354668 13355074 13355480 13355886 13356292 13356698 13357104
13357510 13357916 13358324 13358735 13359146 13359559 13359972 13360386
13360800 13361214 13361629 13362044 13362460 13362876 13363292 13363708
13364125 13364542 13364959 13365376 13365795 13366215 13366635 13367056
13367478 13367900 13368323 13368746 13369169 13369593 13370018 13370443
13370868 13371293 13371718 13372145 13372572 13372999 13373426 13373853
13374281 13374710 13375139 13375568 13375997 13376427 13376857 13377287
13377718 13378149 13378583 13379019 13379456 13379896 13380337 13380778
13381221 13381664 13382107 13382552 13382997 13383442 13383887 13384334
13384781 13385228 13385675 13386122 13386570 13387018 13387466 13387915
13388366 13388816 13389266 13389716 13390166 13390616 13391066 13391517
13391968 13392419 13392871 13393323 13393777 13394231 13394685 13395139
13395593 13396047 13396503 13396960 13397417 13397874 13398332 13398790
13399248 13399707 13400166 13400626 13401086 13401545 13402004 13402464
13402924 13403385 13403846 13404307 13404770 13405233 13405696 13406159
13406623 13407088 13407553 13408020 13408489 13408961 13409433 13409907
13410384 13410861 13411338 13411816 13412295 13412775 13413256 13413742
13414232 13414724 13415222 13415723 13416226 13416730 13417234 13417739
13418248 13418758 13419269 13419782 13420299 13420818 13421337 13421859
13422381 13422904 13423428 13423954 13424480 13425008 13425537 13426066
13426597 13427129 13427661 13428194 13428729 13429264 13429327 13429515
13429731 13429964 13430202 13430446 13430695 13430951 13431219 13431488
13431764 13432046 13432331 13432619 13432910 13433204 13433499 13433797
13434096 13434396 13434699 13435006 13435315 13435629 13435947 13436267
13436589 13436912 13437239 13437570 13437903 13438236 13438575 13438916
13439259 13439602 13439948 13440295 13440645 13440997 13441350 13441704
13442060 13442417 13442775 13443133 13443491 13443850 13444215 13444581
13444948 13445316 13445684 13446054 13446426 13446799 13447173 13447548
13447925 13448302 13448681 13449062 13449443 13449825 13450207 13450590
13450975 13451362 13451749 13452137 13452525 13452913 13453301 13453689
13454077 13454466 13454855 13455244 13455635 13456026 13456417 13456809
13457201 13457594 13457988 13458382 13458777 13459172 13459568 13459964
13460360 13460756 13461152 13461548 13461945 13462342 13462740 13463139
13463538 13463937 13464337 13464737 13465137 13465537 13465937 13466337
13466737 13467137 13467538 13467939 13468340 13468742 13469144 13469546
13469948 13470350 13470752 13471155 13471558 13471962 13472366 13472770
13473174 13473579 13473985 13474391 13474797 13475203 13475609 13476015
13476421 13476827 13477233 13477639 13478045 13478451 13478857 13479266
13479677 13480088 13480501 13480914 13481328 13481742 13482157 13482572
13482987 13483402 13483818 13484234 13484650 13485066 13485483 13485900
13486317 13486734 13487151 13487571 13487991 13488411 13488832 13489254
13489676 13490099 13490522 13490945 13491370 13491795 13492220 13492645
13493070 13493496 13493923 13494350 13494777 13495204 13495632 13496060
13496489 13496918 13497347 13497776 13498206 13498636 13499066 13499497
13499928 13500361 13500798 13501235 13501675 13502116 13502558 13503001
13503444 13503889 13504334 13504779 13505224 13505670 13506117 13506564
13507011 13507459 13507906 13508354 13508802 13509251 13509699 13510149
13510599 13511049 13511499 13511949 13512399 13512850 13513301 13513752
13514203 13514655 13515108 13515562 13516016 13516470 13516924 13517378
13517832 13518289 13518746 13519203 13519660 13520118 13520576 13521035
13521494 13521954 13522414 13522874 13523333 13523792 13524252 13524713
13525174 13525635 13526098 13526561 13527024 13527488 13527952 13528417
13528882 13529349 13529817 13530288 13530760 13531234 13531710 13532187
13532664 13533142 13533621 13534101 13534582 13535063 13535547 13536037
13536529 13537025 13537525 13538028 13538532 13539037 13539542 13540051
13540561 13541072 13541585 13542101 13542620 13543139 13543661 13544183
13544706 13545229 13545752 13546277 13546803 13547330 13547858 13548387
13548917 13549449 13549981 13550514 13551048 13551584 13552120 13552183
13552371 13552587 13552821 13553060 13553306 13553557 13553815 13554083
13554356 13554633 13554916 13555201 13555489 13555781 13556075 13556371
13556670 13556970 13557270 13557574 13557881 13558193 13558509 13558827
13559147 13559469 13559793 13560122 13560453 13560786 13561120 13561459
13561802 13562145 13562488 13562835 13563184 13563534 13563886 13564239
13564593 13564948 13565305 13565662 13566020 13566378 13566737 13567096
13567458 13567823 13568190 13568558 13568926 13569297 13569669 13570042
13570417 13570792 13571169 13571547 13571926 13572307 13572688 13573070
13573453 13573836 13574222 13574609 13574997 13575385 13575773 13576161
13576549 13576937 13577326 13577715 13578106 13578497 13578889 13579281
13579674 13580067 13580461 13580855 13581250 13581645 13582040 13582436
13582832 13583228 13583624 13584020 13584417 13584814 13585211 13585609
13586007 13586405 13586804 13587203 13587602 13588002 13588402 13588802
13589202 13589602 13590002 13590402 13590803 13591204 13591606 13592008
13592410 13592812 13593214 13593617 13594020 13594424 13594828 13595232
13595636 13596041 13596447 13596853 13597259 13597665 13598071 13598477
13598883 13599289 13599695 13600101 13600507 13600913 13601319 13601728
13602139 13602550 13602963 13603376 13603790 13604204 13604619 13605034
13605449 13605865 13606281 13606697 13607113 13607529 13607946 13608363
13608780 13609198 13609618 13610038 13610459 13610880 13611302 13611725
13612148 13612571 13612994 13613418 13613843 13614268 13614693 13615118
13615545 13615972 13616399 13616826 13617253 13617681 13618109 13618538
13618967 13619396 13619825 13620255 13620685 13621115 13621546 13621977
13622410 13622847 13623284 13623724 13624165 13624607 13625050 13625493
13625938 13626383 13626828 13627273 13627720 13628167 13628614 13629061
13629509 13629956 13630404 13630852 13631301 13631752 13632202 13632652
13633102 13633552 13634002 13634452 13634904 13635355 13635806 13636257
13636709 13637163 13637617 13638071 13638525 13638979 13639433 13639889
13640346 13640803 13641260 13641717 13642175 13642633 13643092 13643551
13644011 13644471 13644931 13645391 13645850 13646310 13646771 13647232
13647693 13648157 13648621 13649085 13649549 13650013 13650478 13650943
13651409 13651878 13652348 13652820 13653294 13653769 13654246 13654723
13655201 13655679 13656159 13656640 13657121 13657603 13658091 13658581
13659073 13659571 13660072 13660576 13661080 13661585 13662094 13662603
13663113 13663624 13664137 13664655 13665174 13665696 13666218 13666740
13667263 13667787 13668313 13668840 13669368 13669896 13670425 13670957
13671489 13672021 13672555 13673090 13673626 13674162 13674698 13674761
13674949 13675168 13675402 13675642 13675888 13676139 13676399 13676667
13676941 13677218 13677502 13677789 13678078 13678368 13678662 13678957
13679253 13679552 13679852 13680152 13680457 13680765 13681078 13681394
13681712 13682032 13682353 13682676 13682999 13683326 13683655 13683987
13684320 13684657 13684998 13685341 13685684 13686028 13686375 13686724
13687074 13687427 13687780 13688135 13688491 13688848 13689205 13689563
13689921 13690280 13690641 13691005 13691370 13691737 13692104 13692472
13692842 13693213 13693585 13693959 13694334 13694709 13695086 13695464
13695843 13696224 13696606 13696988 13697371 13697755 13698141 13698528
13698916 13699304 13699692 13700080 13700468 13700857 13701246 13701637
13702028 13702420 13702812 13703204 13703597 13703991 13704385 13704780
13705175 13705570 13705966 13706362 13706758 13707154 13707550 13707946
13708342 13708739 13709136 13709533 13709931 13710329 13710728 13711127
13711526 13711926 13712326 13712726 13713126 13713526 13713926 13714327
13714728 13715129 13715531 13715933 13716335 13716737 13717139 13717542
13717946 13718350 13718754 13719158 13719562 13719967 13720373 13720779
13721185 13721591 13721997 13722403 13722809 13723215 13723621 13724027
13724433 13724839 13725248 13725658 13726069 13726482 13726895 13727309
13727723 13728137 13728552 13728967 13729382 13729798 13730214 13730630
13731047 13731464 13731881 13732298 13732715 13733135 13733555 13733975
13734396 13734818 13735240 13735663 13736086 13736509 13736934 13737359
13737784 13738209 13738634 13739060 13739487 13739914 13740341 13740768
13741196 13741624 13742053 13742482 13742911 13743340 13743770 13744200
13744631 13745062 13745493 13745925 13746361 13746798 13747238 13747678
13748119 13748561 13749004 13749447 13749892 13750337 13750782 13751229
13751676 13752123 13752570 13753017 13753464 13753912 13754360 13754809
13755260 13755710 13756160 13756611 13757061 13757511 13757961 13758413
13758864 13759315 13759766 13760218 13760672 13761126 13761580 13762034
13762488 13762942 13763398 13763855 13764312 13764769 13765227 13765685
13766143 13766602 13767061 13767521 13767981 13768441 13768901 13769362
13769823 13770285 13770747 13771209 13771673 13772137 13772601 13773065
13773529 13773994 13774461 13774930 13775401 13775875 13776349 13776824
13777301 13777779 13778257 13778735 13779215 13779696 13780178 13780662
13781151 13781642 13782137 13782635 13783136 13783640 13784144 13784651
13785160 13785670 13786181 13786692 13787206 13787725 13788244 13788766
13789288 13789810 13790333 13790858 13791384 13791911 13792439 13792968
13793497 13794029 13794561 13795094 13795628 13796164 13796700 13797236
13797773 13798310 13798373 13798565 13798784 13799019 13799258 13799503
13799754 13800015 13800283 13800558 13800835 13801119 13801406 13801695
13801986 13802280 13802575 13802872 13803171 13803470 13803770 13804071
13804377 13804687 13805001 13805317 13805636 13805956 13806278 13806601
13806930 13807260 13807592 13807925 13808263 13808604 13808947 13809290
13809635 13809983 13810332 13810684 13811037 13811391 13811746 13812103
13812460 13812818 13813177 13813536 13813898 13814263 13814630 13814998
13815366 13815736 13816107 13816479 13816852 13817226 13817601 13817977
13818354 13818732 13819113 13819494 13819876 13820258 13820641 13821026
13821412 13821800 13822188 13822576 13822964 13823352 13823740 13824129
13824518 13824908 13825299 13825690 13826082 13826474 13826867 13827260
13827654 13828049 13828444 13828839 13829235 13829631 13830027 13830423
13830819 13831215 13831611 13832008 13832405 13832802 13833200 13833599
13833998 13834397 13834797 13835197 13835597 13835997 13836397 13836798
13837199 13837600 13838001 13838402 13838804 13839206 13839608 13840010
13840412 13840815 13841218 13841622 13842026 13842430 13842834 13843239
13843645 13844051 13844457 13844863 13845269 13845675 13846081 13846487
13846893 13847299 13847705 13848111 13848519 13848929 13849340 13849752
13850165 13850579 13850993 13851407 13851822 13852237 13852653 13853069
13853485 13853901 13854318 13854735 13855152 13855569 13855988 13856408
13856828 13857249 13857671 13858093 13858516 13858939 13859362 13859786
13860211 13860636 13861061 13861486 13861912 13862339 13862766 13863193
13863620 13864048 13864476 13864905 13865334 13865763 13866192 13866622
13867052 13867482 13867913 13868344 13868777 13869214 13869651 13870091
13870532 13870974 13871417 13871860 13872305 13872750 13873195 13873642
13874089 13874536 13874983 13875430 13875878 13876326 13876774 13877223
13877673 13878123 13878573 13879024 13879474 13879924 13880374 13880826
13881277 13881728 13882179 13882631 13883085 13883539 13883993 13884447
13884901 13885355 13885811 13886268 13886725 13887182 13887640 13888098
13888556 13889015 13889475 13889935 13890395 13890855 13891315 13891776
13892238 13892700 13893162 13893626 13894090 13894554 13895018 13895482
13895949 13896417 13896886 13897357 13897831 13898305 13898780 13899257
13899735 13900213 13900694 13901175 13901658 13902145 13902635 13903126
13903623 13904123 13904625 13905129 13905633 13906142 13906652 13907163
13907674 13908187 13908704 13909223 13909742 13910264 13910786 13911309
13911833 13912358 13912884 13913412 13913940 13914469 13915001 13915533
13916065 13916598 13917132 13917668 13918204 13918740 13919277 13919814
13920351 13920414 13920602 13920821 13921052 13921290 13921535 13921784
13922037 13922299 13922568 13922843 13923123 13923406 13923690 13923978
13924268 13924562 13924857 13925153 13925450 13925749 13926049 13926352
13926659 13926971 13927285 13927603 13927923 13928244 13928566 13928890
13929217 13929546 13929877 13930210 13930545 13930884 13931225 13931568
13931911 13932257 13932606 13932956 13933308 13933661 13934015 13934370
13934727 13935084 13935442 13935800 13936159 13936518 13936880 13937245
13937611 13937978 13938346 13938714 13939085 13939457 13939830 13940204
13940579 13940955 13941333 13941712 13942093 13942474 13942856 13943238
13943621 13944006 13944393 13944781 13945169 13945557 13945945 13946333
13946721 13947110 13947499 13947888 13948279 13948670 13949061 13949453
13949845 13950238 13950631 13951025 13951419 13951814 13952209 13952604
13953000 13953396 13953792 13954188 13954584 13954980 13955377 13955774
13956171 13956569 13956967 13957366 13957765 13958165 13958565 13958965
13959365 13959765 13960165 13960565 13960966 13961367 13961768 13962170
13962572 13962974 13963376 13963778 13964181 13964585 13964989 13965393
13965797 13966202 13966607 13967013 13967419 13967825 13968231 13968637
13969043 13969449 13969855 13970261 13970667 13971073 13971480 13971890
13972301 13972713 13973126 13973540 13973954 13974368 13974783 13975198
13975613 13976029 13976445 13976861 13977278 13977695 13978112 13978529
13978946 13979365 13979785 13980205 13980626 13981048 13981470 13981893
13982316 13982739 13983163 13983588 13984013 13984438 13984863 13985289
13985716 13986143 13986570 13986997 13987425 13987853 13988282 13988711
13989140 13989569 13989999 13990429 13990860 13991291 13991724 13992161
13992598 13993038 13993479 13993921 13994364 13994807 13995250 13995695
13996140 13996585 13997030 13997477 13997924 13998371 13998818 13999265
13999713 14000161 14000609 14001057 14001507 14001957 14002407 14002857
14003307 14003757 14004208 14004660 14005111 14005562 14006013 14006465
14006919 14007373 14007827 14008281 14008735 14009189 14009646 14010103
14010560 14011017 14011474 14011932 14012390 14012849 14013308 14013768
14014228 14014688 14015148 14015608 14016069 14016531 14016993 14017455
14017919 14018383 14018847 14019311 14019775 14020240 14020708 14021177
14021647 14022117 14022591 14023066 14023541 14024018 14024496 14024974
14025454 14025935 14026418 14026901 14027385 14027873 14028362 14028853
14029345 14029843 14030344 14030847 14031351 14031856 14032365 14032875
14033386 14033899 14034416 14034935 14035454 14035975 14036497 14037019
14037542 14038066 14038592 14039119 14039647 14040176 14040705 14041237
14041769 14042301 14042835 14043370 14043906 14044442 14044979 14045516
14046053 14046592 14047131 14047194 14047386 14047606 14047842 14048082
14048327 14048578 14048833 14049098 14049368 14049643 14049923 14050207
14050492 14050780 14051070 14051364 14051660 14051957 14052256 14052556
14052859 14053166 14053479 14053794 14054112 14054432 14054755 14055079
14055408 14055739 14056072 14056409 14056748 14057090 14057433 14057776
14058123 14058472 14058822 14059174 14059527 14059881 14060236 14060593
14060951 14061309 14061668 14062028 14062390 14062757 14063124 14063492
14063860 14064231 14064603 14064976 14065350 14065725 14066102 14066480
14066859 14067239 14067620 14068001 14068383 14068765 14069148 14069531
14069917 14070304 14070692 14071080 14071468 14071856 14072244 14072632
14073021 14073411 14073802 14074193 14074585 14074977 14075369 14075762
14076155 14076549 14076943 14077338 14077733 14078128 14078524 14078920
14079316 14079712 14080108 14080504 14080901 14081298 14081696 14082094
14082492 14082891 14083290 14083690 14084090 14084490 14084890 14085290
14085690 14086091 14086492 14086893 14087295 14087697 14088099 14088501
14088903 14089305 14089708 14090111 14090515 14090919 14091323 14091727
14092132 14092538 14092944 14093350 14093756 14094162 14094568 14094974
14095380 14095786 14096192 14096598 14097004 14097413 14097824 14098235
14098648 14099061 14099475 14099889 14100304 14100719 14101134 14101550
14101966 14102382 14102798 14103215 14103632 14104049 14104467 14104886
14105306 14105726 14106147 14106568 14106990 14107413 14107836 14108259
14108682 14109107 14109532 14109957 14110382 14110807 14111234 14111661
14112088 14112515 14112942 14113370 14113799 14114228 14114657 14115086
14115515 14115945 14116375 14116806 14117237 14117668 14118103 14118540
14118980 14119420 14119861 14120303 14120746 14121190 14121635 14122080
14122525 14122972 14123419 14123866 14124313 14124760 14125207 14125655
14126103 14126552 14127002 14127452 14127902 14128353 14128803 14129253
14129703 14130155 14130606 14131057 14131508 14131960 14132414 14132868
14133322 14133776 14134230 14134684 14135140 14135597 14136054 14136511
14136968 14137426 14137884 14138342 14138801 14139260 14139720 14140180
14140640 14141100 14141561 14142023 14142485 14142947 14143411 14143875
14144339 14144803 14145267 14145734 14146202 14146671 14147141 14147611
14148084 14148558 14149033 14149508 14149986 14150464 14150944 14151425
14151908 14152394 14152881 14153371 14153861 14154354 14154851 14155352
14155856 14156360 14156865 14157374 14157884 14158395 14158908 14159425
14159944 14160463 14160985 14161507 14162029 14162552 14163076 14163602
14164129 14164657 14165185 14165714 14166245 14166777 14167310 14167843
14168378 14168914 14169450 14169987 14170524 14171061 14171600 14172139
14172678 14172741 14172933 14173153 14173389 14173629 14173874 14174125
14174381 14174647 14174917 14175193 14175473 14175757 14176042 14176330
14176621 14176915 14177211 14177509 14177808 14178109 14178412 14178719
14179033 14179348 14179666 14179986 14180307 14180630 14180955 14181284
14181615 14181948 14182286 14182625 14182968 14183311 14183654 14184001
14184350 14184700 14185052 14185406 14185761 14186118 14186476 14186834
14187193 14187554 14187918 14188285 14188652 14189020 14189389 14189760
14190132 14190505 14190880 14191255 14191632 14192009 14192388 14192769
14193151 14193533 14193915 14194298 14194684 14195071 14195459 14195847
14196235 14196623 14197011 14197399 14197788 14198177 14198567 14198958
14199349 14199741 14200133 14200525 14200918 14201311 14201706 14202101
14202496 14202892 14203288 14203684 14204080 14204476 14204872 14205268
14205665 14206062 14206460 14206858 14207257 14207656 14208056 14208456
14208856 14209256 14209656 14210056 14210457 14210858 14211259 14211661
14212063 14212465 14212867 14213269 14213672 14214076 14214480 14214884
14215288 14215692 14216097 14216503 14216909 14217315 14217721 14218127
14218533 14218939 14219345 14219751 14220157 14220563 14220971 14221380
14221791 14222203 14222616 14223030 14223444 14223858 14224273 14224688
14225103 14225519 14225935 14226351 14226768 14227185 14227602 14228019
14228438 14228858 14229278 14229698 14230119 14230540 14230962 14231385
14231808 14232231 14232655 14233080 14233505 14233930 14234355 14234781
14235208 14235635 14236062 14236489 14236917 14237345 14237774 14238203
14238632 14239061 14239491 14239921 14240352 14240783 14241214 14241647
14242083 14242520 14242960 14243400 14243841 14244284 14244727 14245171
14245616 14246061 14246506 14246953 14247400 14247847 14248294 14248741
14249189 14249637 14250085 14250534 14250984 14251434 14251884 14252334
14252784 14253234 14253685 14254137 14254588 14255039 14255491 14255944
14256398 14256852 14257306 14257760 14258214 14258668 14259125 14259582
14260039 14260497 14260955 14261413 14261872 14262331 14262791 14263251
14263711 14264171 14264632 14265094 14265556 14266018 14266482 14266946
14267410 14267874 14268338 14268802 14269270 14269739 14270209 14270682
14271156 14271631 14272106 14272584 14273062 14273542 14274023 14274506
14274991 14275478 14275968 14276459 14276950 14277447 14277945 14278446
14278950 14279454 14279961 14280471 14280981 14281492 14282009 14282528
14283047 14283566 14284088 14284610 14285132 14285656 14286181 14286707
14287235 14287763 14288292 14288822 14289353 14289885 14290417 14290950
14291484 14292020 14292556 14293092 14293629 14294166 14294703 14295242
14295781 14296320 14296383 14296572 14296791 14297023 14297263 14297509
14297761 14298018 14298285 14298555 14298832 14299113 14299397 14299683
14299972 14300264 14300559 14300855 14301152 14301451 14301751 14302054
14302359 14302667 14302981 14303297 14303615 14303936 14304258 14304582
14304909 14305238 14305569 14305901 14306234 14306573 14306914 14307257
14307600 14307944 14308291 14308641 14308993 14309346 14309701 14310058
14310416 14310775 14311135 14311500 14311867 14312235 14312603 14312973
14313344 14313716 14314089 14314463 14314838 14315215 14315593 14315972
14316353 14316735 14317117 14317500 14317884 14318269 14318656 14319043
14319431 14319819 14320207 14320595 14320983 14321371 14321759 14322148
14322537 14322928 14323319 14323710 14324102 14324495 14324888 14325282
14325676 14326071 14326466 14326861 14327257 14327653 14328049 14328445
14328841 14329237 14329634 14330031 14330429 14330827 14331225 14331624
14332023 14332423 14332823 14333223 14333623 14334023 14334423 14334823
14335224 14335625 14336026 14336428 14336830 14337232 14337634 14338036
14338439 14338842 14339246 14339650 14340054 14340458 14340863 14341269
14341675 14342081 14342487 14342893 14343299 14343705 14344111 14344517
14344923 14345329 14345737 14346148 14346559 14346972 14347385 14347799
14348213 14348628 14349043 14349458 14349874 14350290 14350706 14351122
14351539 14351956 14352373 14352790 14353210 14353630 14354050 14354471
14354892 14355314 14355736 14356159 14356582 14357005 14357430 14357855
14358280 14358705 14359131 14359558 14359985 14360412 14360839 14361266
14361694 14362123 14362552 14362981 14363410 14363840 14364270 14364700
14365131 14365562 14365993 14366430 14366867 14367307 14367748 14368190
14368633 14369076 14369519 14369964 14370409 14370854 14371299 14371746
14372193 14372640 14373087 14373534 14373982 14374430 14374878 14375326
14375776 14376226 14376676 14377126 14377576 14378026 14378477 14378929
14379380 14379831 14380283 14380735 14381189 14381643 14382097 14382551
14383005 14383459 14383916 14384373 14384830 14385288 14385746 14386204
14386663 14387122 14387582 14388042 14388502 14388962 14389423 14389884
14390346 14390808 14391271 14391735 14392199 14392663 14393127 14393594
14394064 14394534 14395007 14395482 14395957 14396434 14396912 14397390
14397870 14398351 14398834 14399319 14399806 14400294 14400784 14401276
14401772 14402272 14402772 14403275 14403779 14404284 14404793 14405303
14405814 14406327 14406843 14407362 14407881 14408403 14408925 14409447
14409970 14410494 14411020 14411547 14412075 14412603 14413132 14413662
14414194 14414726 14415259 14415794 14416330 14416866 14417403 14417940
14418477 14419016 14419555 14420094 14420634 14421174 14421715 14421778
14421967 14422187 14422420 14422660 14422906 14423159 14423419 14423686
14423959 14424236 14424517 14424802 14425089 14425378 14425672 14425968
14426265 14426564 14426864 14427164 14427468 14427774 14428086 14428402
14428719 14429039 14429361 14429684 14430010 14430339 14430670 14431002
14431335 14431670 14432011 14432352 14432695 14433039 14433385 14433734
14434084 14434436 14434789 14435144 14435501 14435858 14436216 14436574
14436933 14437295 14437660 14438027 14438395 14438763 14439135 14439508
14439882 14440256 14440631 14441008 14441385 14441763 14442144 14442526
14442908 14443290 14443673 14444059 14444446 14444834 14445222 14445610
14445998 14446386 14446775 14447164 14447553 14447943 14448334 14448725
14449117 14449509 14449902 14450295 14450689 14451083 14451478 14451873
14452268 14452664 14453060 14453456 14453852 14454248 14454644 14455041
14455438 14455835 14456233 14456631 14457030 14457429 14457828 14458228
14458628 14459028 14459428 14459828 14460228 14460629 14461030 14461431
14461832 14462233 14462635 14463037 14463439 14463841 14464244 14464647
14465051 14465455 14465859 14466264 14466669 14467075 14467481 14467887
14468293 14468699 14469105 14469511 14469917 14470323 14470729 14471135
14471544 14471955 14472366 14472779 14473192 14473606 14474020 14474435
14474850 14475265 14475681 14476097 14476513 14476930 14477347 14477764
14478181 14478600 14479020 14479440 14479861 14480282 14480703 14481125
14481548 14481971 14482394 14482818 14483243 14483668 14484093 14484518
14484944 14485371 14485798 14486225 14486652 14487080 14487508 14487937
14488366 14488795 14489224 14489654 14490084 14490515 14490946 14491377
14491811 14492247 14492684 14493124 14493565 14494006 14494449 14494892
14495336 14495781 14496226 14496671 14497117 14497564 14498011 14498458
14498905 14499352 14499800 14500248 14500696 14501146 14501596 14502046
14502497 14502947 14503397 14503847 14504299 14504750 14505201 14505653
14506105 14506559 14507013 14507467 14507921 14508375 14508829 14509285
14509742 14510199 14510656 14511114 14511572 14512031 14512490 14512950
14513410 14513870 14514330 14514790 14515251 14515713 14516175 14516638
14517102 14517566 14518030 14518496 14518963 14519433 14519903 14520375
14520847 14521320 14521795 14522271 14522749 14523228 14523708 14524189
14524672 14525158 14525646 14526135 14526625 14527116 14527613 14528114
14528616 14529120 14529624 14530129 14530636 14531146 14531657 14532168
14532685 14533204 14533723 14534245 14534767 14535290 14535814 14536338
14536864 14537390 14537918 14538447 14538976 14539508 14540040 14540572
14541106 14541641 14542177 14542713 14543250 14543787 14544324 14544863
14545402 14545941 14546481 14547021 14547562 14548104 14548646 14548709
14548898 14549118 14549352 14549593 14549839 14550092 14550353 14550620
14550894 14551173 14551455 14551740 14552028 14552318 14552612 14552907
14553203 14553501 14553800 14554100 14554400 14554705 14555012 14555325
14555641 14555959 14556279 14556602 14556926 14557253 14557584 14557916
14558249 14558586 14558927 14559270 14559613 14559957 14560304 14560653
14561005 14561357 14561711 14562066 14562423 14562780 14563138 14563496
14563855 14564217 14564582 14564948 14565315 14565682 14566050 14566418
14566788 14567160 14567533 14567907 14568282 14568658 14569036 14569415
14569796 14570178 14570560 14570942 14571325 14571708 14572094 14572481
14572869 14573257 14573645 14574033 14574421 14574809 14575198 14575587
14575977 14576368 14576760 14577152 14577544 14577937 14578330 14578724
14579119 14579514 14579909 14580305 14580701 14581097 14581493 14581889
14582285 14582681 14583078 14583475 14583872 14584269 14584667 14585066
14585465 14585865 14586265 14586665 14587065 14587465 14587865 14588266
14588667 14589068 14589470 14589872 14590274 14590676 14591078 14591480
14591883 14592287 14592691 14593095 14593499 14593904 14594309 14594715
14595121 14595527 14595933 14596339 14596745 14597151 14597557 14597963
14598369 14598778 14599188 14599599 14600012 14600425 14600839 14601253
14601667 14602082 14602497 14602913 14603329 14603745 14604161 14604578
14604995 14605412 14605831 14606251 14606671 14607092 14607513 14607935
14608358 14608781 14609204 14609627 14610052 14610477 14610902 14611327
14611753 14612180 14612607 14613034 14613461 14613889 14614317 14614746
14615175 14615604 14616033 14616463 14616893 14617324 14617755 14618186
14618622 14619059 14619497 14619937 14620378 14620821 14621264 14621707
14622152 14622597 14623042 14623489 14623936 14624383 14624830 14625276
14625723 14626171 14626619 14627068 14627518 14627968 14628418 14628869
14629319 14629768 14630218 14630670 14631122 14631573 14632024 14632476
14632930 14633384 14633838 14634292 14634746 14635200 14635657 14636114
14636571 14637029 14637487 14637945 14638404 14638863 14639323 14639783
14640243 14640703 14641164 14641625 14642087 14642549 14643012 14643476
14643940 14644404 14644870 14645338 14645808 14646280 14646754 14647229
14647704 14648180 14648659 14649140 14649623 14650109 14650596 14651084
14651573 14652063 14652556 14653053 14653554 14654057 14654561 14655066
14655571 14656080 14656590 14657101 14657614 14658131 14658650 14659172
14659694 14660216 14660739 14661263 14661789 14662315 14662842 14663370
14663899 14664428 14664960 14665492 14666025 14666559 14667094 14667630
14668166 14668703 14669240 14669777 14670316 14670855 14671394 14671934
14672475 14673016 14673558 14674101 14674644 14674707 14674898 14675118
14675350 14675589 14675834 14676083 14676336 14676601 14676870 14677145
14677422 14677706 14677993 14678281 14678572 14678866 14679161 14679458
14679757 14680057 14680358 14680664 14680972 14681286 14681603 14681921
14682242 14682565 14682891 14683220 14683551 14683883 14684216 14684555
14684897 14685240 14685583 14685929 14686276 14686626 14686978 14687331
14687686 14688043 14688400 14688758 14689116 14689475 14689836 14690199
14690564 14690931 14691299 14691667 14692036 14692407 14692779 14693152
14693527 14693902 14694278 14694655 14695033 14695413 14695794 14696176
14696558 14696941 14697326 14697713 14698101 14698489 14698877 14699265
14699653 14700041 14700430 14700819 14701208 14701599 14701990 14702381
14702773 14703165 14703558 14703951 14704345 14704739 14705134 14705529
14705925 14706321 14706717 14707113 14707509 14707905 14708301 14708698
14709095 14709492 14709890 14710289 14710688 14711087 14711487 14711887
14712287 14712687 14713087 14713488 14713889 14714290 14714692 14715094
14715496 14715898 14716300 14716703 14717106 14717510 14717914 14718318
14718723 14719129 14719535 14719941 14720347 14720753 14721159 14721565
14721971 14722377 14722783 14723189 14723598 14724009 14724420 14724833
14725246 14725660 14726074 14726489 14726904 14727319 14727735 14728151
14728567 14728984 14729401 14729818 14730235 14730654 14731074 14731494
14731915 14732337 14732759 14733182 14733605 14734028 14734451 14734875
14735300 14735725 14736150 14736575 14737002 14737429 14737856 14738283
14738710 14739138 14739567 14739996 14740425 14740854 14741283 14741713
14742143 14742574 14743005 14743436 14743871 14744308 14744748 14745189
14745630 14746072 14746515 14746958 14747401 14747846 14748291 14748736
14749181 14749628 14750075 14750522 14750968 14751415 14751863 14752311
14752760 14753208 14753658 14754108 14754558 14755008 14755457 14755907
14756359 14756811 14757262 14757713 14758165 14758619 14759073 14759527
14759981 14760435 14760889 14761345 14761802 14762259 14762716 14763174
14763632 14764091 14764550 14765010 14765470 14765930 14766390 14766851
14767313 14767775 14768237 14768701 14769165 14769629 14770095 14770563
14771032 14771502 14771974 14772446 14772921 14773396 14773871 14774347
14774827 14775308 14775790 14776274 14776760 14777247 14777736 14778226
14778717 14779209 14779707 14780208 14780711 14781215 14781720 14782229
14782739 14783249 14783760 14784273 14784790 14785309 14785830 14786352
14786874 14787397 14787922 14788448 14788975 14789503 14790031 14790560
14791089 14791621 14792153 14792686 14793220 14793756 14794292 14794829
14795366 14795903 14796442 14796981 14797520 14798060 14798600 14799141
14799683 14800225 14800768 14801311 14801855 14802399 14802462 14802653
14802873 14803106 14803346 14803591 14803842 14804098 14804364 14804634
14804909 14805188 14805472 14805760 14806049 14806342 14806637 14806932
14807229 14807528 14807828 14808131 14808438 14808748 14809063 14809381
14809700 14810022 14810347 14810675 14811005 14811337 14811670 14812005
14812344 14812687 14813030 14813374 14813721 14814070 14814420 14814773
14815127 14815482 14815839 14816197 14816555 14816914 14817276 14817641
14818006 14818373 14818741 14819109 14819479 14819851 14820224 14820598
14820973 14821348 14821725 14822103 14822481 14822861 14823242 14823623
14824005 14824387 14824770 14825156 14825543 14825931 14826319 14826707
14827095 14827483 14827872 14828261 14828650 14829040 14829431 14829822
14830214 14830606 14830999 14831392 14831786 14832180 14832575 14832970
14833365 14833761 14834157 14834553 14834949 14835345 14835741 14836137
14836534 14836931 14837329 14837727 14838126 14838525 14838924 14839324
14839724 14840124 14840524 14840924 14841324 14841724 14842125 14842526
14842927 14843329 14843731 14844133 14844535 14844937 14845339 14845742
14846146 14846550 14846954 14847358 14847763 14848169 14848575 14848981
14849387 14849793 14850199 14850605 14851011 14851417 14851823 14852231
14852640 14853051 14853463 14853876 14854290 14854704 14855118 14855533
14855948 14856363 14856779 14857195 14857611 14858028 14858445 14858862
14859279 14859699 14860119 14860540 14860961 14861383 14861806 14862229
14862652 14863075 14863500 14863925 14864350 14864775 14865201 14865628
14866055 14866482 14866909 14867337 14867765 14868194 14868623 14869052
14869481 14869911 14870341 14870772 14871203 14871634 14872070 14872507
14872947 14873388 14873830 14874273 14874716 14875161 14875606 14876051
14876496 14876943 14877390 14877837 14878283 14878730 14879178 14879626
14880074 14880522 14880972 14881422 14881872 14882322 14882772 14883222
14883674 14884126 14884577 14885028 14885480 14885934 14886388 14886842
14887296 14887750 14888204 14888660 14889117 14889574 14890031 14890489
14890947 14891406 14891865 14892325 14892785 14893245 14893705 14894166
14894628 14895090 14895552 14896016 14896480 14896944 14897412 14897880
14898349 14898819 14899291 14899763 14900236 14900711 14901189 14901668
14902148 14902631 14903115 14903602 14904089 14904578 14905068 14905559
14906054 14906552 14907053 14907557 14908061 14908566 14909075 14909585
14910096 14910610 14911124 14911643 14912162 14912684 14913206 14913728
14914251 14914776 14915302 14915829 14916357 14916886 14917416 14917948
14918480 14919012 14919545 14920080 14920616 14921152 14921689 14922226
14922763 14923302 14923841 14924380 14924920 14925460 14926001 14926543
14927085 14927628 14928172 14928716 14929260 14929805 14930350 14930413
14930605 14930826 14931060 14931300 14931546 14931798 14932056 14932323
14932593 14932869 14933149 14933434 14933723 14934016 14934311 14934606
14934905 14935205 14935508 14935812 14936120 14936432 14936748 14937066
14937386 14937708 14938034 14938363 14938694 14939026 14939359 14939692
14940029 14940370 14940713 14941056 14941400 14941748 14942098 14942450
14942803 14943157 14943513 14943870 14944228 14944587 14944946 14945308
14945673 14946040 14946408 14946776 14947147 14947519 14947892 14948266
14948641 14949018 14949395 14949774 14950154 14950536 14950918 14951301
14951686 14952072 14952460 14952848 14953236 14953624 14954012 14954400
14954788 14955177 14955566 14955957 14956348 14956739 14957131 14957523
14957916 14958309 14958703 14959097 14959492 14959887 14960283 14960679
14961075 14961471 14961867 14962263 14962659 14963056 14963453 14963851
14964249 14964648 14965047 14965446 14965846 14966246 14966646 14967046
14967446 14967846 14968247 14968648 14969050 14969452 14969854 14970256
14970659 14971062 14971466 14971870 14972274 14972679 14973084 14973489
14973895 14974301 14974707 14975113 14975519 14975925 14976331 14976737
14977143 14977549 14977959 14978370 14978781 14979194 14979607 14980021
14980435 14980850 14981265 14981681 14982097 14982513 14982929 14983346
14983763 14984180 14984597 14985017 14985437 14985857 14986278 14986700
14987123 14987546 14987969 14988392 14988815 14989240 14989665 14990090
14990515 14990941 14991368 14991795 14992222 14992649 14993077 14993505
14993934 14994363 14994792 14995221 14995651 14996081 14996512 14996943
14997374 14997809 14998246 14998686 14999126 14999567 15000010 15000453
15000896 15001341 15001786 15002231 15002678 15003125 15003572 15004018
15004465 15004913 15005361 15005810 15006258 15006708 15007158 15007608
15008058 15008507 15008957 15009409 15009861 15010312 15010763 15011215
15011669 15012123 15012577 15013031 15013485 15013939 15014395 15014852
15015309 15015767 15016225 15016683 15017142 15017601 15018061 15018521
15018981 15019441 15019902 15020364 15020826 15021288 15021752 15022216
15022682 15023150 15023619 15024089 15024561 15025033 15025507 15025983
15026460 15026938 15027420 15027904 15028389 15028876 15029364 15029853
15030343 15030833 15031325 15031820 15032320 15032822 15033326 15033830
15034338 15034847 15035357 15035868 15036383 15036902 15037421 15037940
15038462 15038984 15039507 15040030 15040556 15041083 15041611 15042139
15042668 15043199 15043731 15044263 15044796 15045329 15045864 15046400
15046936 15047473 15048010 15048547 15049086 15049625 15050164 15050704
15051245 15051786 15052328 15052871 15053414 15053958 15054502 15055046
15055591 15056138 15056685 15056748 15056940 15057163 15057398 15057639
15057885 15058138 15058398 15058665 15058938 15059215 15059496 15059782
15060071 15060362 15060656 15060951 15061248 15061547 15061847 15062148
15062454 15062765 15063079 15063396 15063716 15064037 15064360 15064689
15065020 15065352 15065685 15066022 15066360 15066702 15067045 15067388
15067735 15068084 15068434 15068786 15069140 15069495 15069852 15070210
15070568 15070926 15071285 15071647 15072012 15072379 15072746 15073114
15073482 15073852 15074223 15074595 15074968 15075343 15075718 15076095
15076472 15076850 15077230 15077611 15077993 15078375 15078758 15079143
15079530 15079918 15080306 15080694 15081082 15081470 15081859 15082248
15082638 15083028 15083419 15083811 15084203 15084595 15084988 15085381
15085775 15086170 15086565 15086960 15087356 15087752 15088148 15088544
15088940 15089336 15089732 15090129 15090526 15090924 15091322 15091720
15092119 15092518 15092918 15093318 15093718 15094118 15094518 15094918
15095319 15095720 15096121 15096523 15096925 15097327 15097729 15098131
15098534 15098937 15099341 15099745 15100149 15100553 15100958 15101364
15101770 15102176 15102582 15102988 15103394 15103800 15104206 15104612
15105018 15105426 15105836 15106247 15106660 15107073 15107487 15107901
15108316 15108731 15109146 15109562 15109978 15110394 15110811 15111228
15111645 15112062 15112482 15112902 15113322 15113743 15114165 15114587
15115010 15115433 15115856 15116281 15116706 15117131 15117556 15117981
15118406 15118833 15119260 15119687 15120114 15120542 15120970 15121399
15121828 15122257 15122686 15123116 15123546 15123977 15124408 15124839
15125275 15125712 15126152 15126593 15127034 15127477 15127920 15128363
15128808 15129253 15129698 15130143 15130590 15131037 15131484 15131930
15132377 15132825 15133273 15133721 15134169 15134619 15135069 15135520
15135970 15136419 15136869 15137321 15137773 15138224 15138676 15139128
15139582 15140036 15140490 15140944 15141398 15141852 15142309 15142766
15143223 15143681 15144139 15144597 15145055 15145514 15145974 15146434
15146894 15147354 15147814 15148275 15148737 15149199 15149662 15150126
15150592 15151060 15151529 15151998 15152470 15152942 15153416 15153891
15154368 15154846 15155325 15155808 15156292 15156778 15157265 15157753
15158242 15158732 15159222 15159713 15160206 15160704 15161205 15161707
15162211 15162716 15163225 15163735 15164246 15164759 15165276 15165795
15166316 15166838 15167360 15167882 15168405 15168930 15169456 15169983
15170511 15171040 15171569 15172101 15172633 15173166 15173701 15174236
15174772 15175308 15175845 15176382 15176919 15177458 15177997 15178536
15179076 15179616 15180157 15180699 15181242 15181785 15182329 15182873
15183417 15183962 15184509 15185056 15185605 15186154 15186703 15186766
15186958 15187181 15187417 15187659 15187905 15188158 15188420 15188688
15188961 15189239 15189520 15189807 15190096 15190388 15190682 15190978
15191277 15191577 15191877 15192180 15192485 15192792 15193105 15193420
15193738 15194058 15194380 15194704 15195034 15195365 15195698 15196031
15196369 15196708 15197051 15197394 15197738 15198085 15198435 15198785
15199138 15199493 15199848 15200205 15200563 15200921 15201280 15201642
15202007 15202374 15202742 15203110 15203480 15203852 15204225 15204599
15204974 15205351 15205729 15206108 15206488 15206869 15207251 15207633
15208015 15208398 15208784 15209170 15209557 15209945 15210333 15210721
15211109 15211497 15211886 15212275 15212665 15213056 15213447 15213839
15214231 15214624 15215017 15215410 15215804 15216199 15216594 15216989
15217385 15217781 15218177 15218573 15218969 15219365 15219762 15220159
15220556 15220954 15221352 15221751 15222150 15222549 15222949 15223349
15223749 15224149 15224549 15224950 15225351 15225752 15226154 15226556
15226958 15227360 15227762 15228165 15228568 15228972 15229376 15229780
15230184 15230589 15230995 15231401 15231807 15232213 15232619 15233025
15233431 15233837 15234243 15234652 15235062 15235473 15235886 15236299
15236713 15237127 15237542 15237957 15238372 15238788 15239204 15239620
15240037 15240454 15240871 15241288 15241708 15242128 15242548 15242969
15243391 15243813 15244236 15244659 15245082 15245505 15245930 15246355
15246780 15247205 15247630 15248056 15248483 15248910 15249337 15249764
15250192 15250620 15251049 15251478 15251907 15252336 15252766 15253196
15253627 15254058 15254489 15254924 15255361 15255801 15256242 15256683
15257126 15257569 15258012 15258457 15258902 15259347 15259792 15260239
15260686 15261132 15261579 15262026 15262474 15262922 15263370 15263819
15264269 15264719 15265170 15265620 15266070 15266520 15266972 15267424
15267875 15268327 15268781 15269235 15269689 15270143 15270597 15271051
15271507 15271964 15272421 15272878 15273336 15273794 15274253 15274712
15275172 15275632 15276092 15276552 15277013 15277475 15277937 15278399
15278863 15279330 15279799 15280268 15280740 15281213 15281687 15282161
15282639 15283118 15283597 15284081 15284565 15285051 15285538 15286026
15286515 15287005 15287495 15287987 15288479 15288976 15289476 15289978
15290482 15290986 15291493 15292003 15292513 15293024 15293541 15294060
15294579 15295101 15295623 15296146 15296670 15297196 15297723 15298251
15298780 15299309 15299841 15300373 15300906 15301440 15301975 15302511
15303047 15303584 15304121 15304658 15305197 15305736 15306275 15306815
15307355 15307896 15308438 15308980 15309522 15310065 15310609 15311153
15311697 15312242 15312787 15313334 15313882 15314431 15314981 15315531
15316082 15316145 15316337 15316561 15316797 15317039 15317287 15317540
15317806 15318074 15318349 15318629 15318911 15319195 15319483 15319773
15320066 15320361 15320657 15320954 15321254 15321554 15321857 15322164
15322471 15322785 15323101 15323419 15323740 15324062 15324388 15324719
15325051 15325384 15325717 15326055 15326394 15326735 15327078 15327422
15327768 15328116 15328466 15328818 15329171 15329526 15329882 15330239
15330597 15330955 15331314 15331676 15332041 15332408 15332776 15333145
15333515 15333887 15334260 15334635 15335010 15335387 15335764 15336142
15336521 15336902 15337284 15337666 15338049 15338434 15338820 15339208
15339596 15339984 15340372 15340760 15341148 15341537 15341926 15342316
15342707 15343098 15343490 15343882 15344274 15344667 15345060 15345454
15345849 15346244 15346639 15347035 15347431 15347827 15348223 15348619
15349015 15349411 15349808 15350205 15350602 15351000 15351398 15351797
15352196 15352596 15352996 15353396 15353796 15354196 15354596 15354996
15355396 15355797 15356198 15356599 15357001 15357403 15357805 15358207
15358610 15359014 15359418 15359822 15360226 15360631 15361036 15361442
15361848 15362254 15362660 15363066 15363472 15363878 15364284 15364690
15365099 15365510 15365921 15366334 15366747 15367161 15367575 15367990
15368405 15368820 15369236 15369652 15370068 15370485 15370902 15371319
15371736 15372156 15372576 15372997 15373418 15373840 15374263 15374686
15375109 15375533 15375958 15376383 15376808 15377233 15377658 15378084
15378511 15378938 15379365 15379792 15380220 15380649 15381078 15381507
15381936 15382366 15382796 15383226 15383657 15384088 15384519 15384952
15385389 15385826 15386266 15386707 15387150 15387593 15388037 15388482
15388927 15389372 15389819 15390266 15390713 15391159 15391606 15392054
15392502 15392950 15393397 15393847 15394297 15394747 15395197 15395646
15396096 15396548 15397000 15397452 15397904 15398356 15398810 15399264
15399718 15400172 15400626 15401080 15401537 15401994 15402451 15402909
15403367 15403825 15404284 15404744 15405204 15405664 15406124 15406584
15407045 15407507 15407969 15408432 15408898 15409366 15409835 15410307
15410780 15411254 15411728 15412202 15412681 15413160 15413643 15414127
15414612 15415098 15415584 15416071 15416559 15417049 15417539 15418031
15418526 15419025 15419525 15420026 15420530 15421034 15421539 15422048
15422558 15423069 15423583 15424102 15424621 15425143 15425665 15426188
15426711 15427237 15427764 15428292 15428820 15429349 15429881 15430413
15430946 15431480 15432015 15432551 15433087 15433624 15434161 15434698
15435235 15435774 15436313 15436852 15437392 15437933 15438475 15439017
15439560 15440103 15440646 15441190 15441734 15442279 15442824 15443371
15443919 15444468 15445018 15445568 15446121 15446675 15447229 15447292
15447484 15447704 15447936 15448176 15448422 15448674 15448927 15449193
15449461 15449734 15450011 15450292 15450577 15450865 15451156 15451450
15451745 15452042 15452341 15452640 15452940 15453243 15453548 15453855
15454164 15454479 15454795 15455114 15455436 15455759 15456088 15456420
15456753 15457091 15457429 15457771 15458114 15458458 15458804 15459153
15459505 15459857 15460211 15460566 15460923 15461281 15461639 15461997
15462356 15462718 15463080 15463447 15463814 15464182 15464550 15464918
15465289 15465661 15466034 15466409 15466785 15467162 15467540 15467918
15468298 15468679 15469061 15469443 15469825 15470208 15470594 15470981
15471369 15471757 15472145 15472533 15472921 15473309 15473697 15474086
15474475 15474865 15475256 15475647 15476039 15476431 15476824 15477217
15477611 15478005 15478400 15478795 15479190 15479586 15479982 15480378
15480774 15481170 15481566 15481963 15482360 15482757 15483155 15483553
15483952 15484351 15484750 15485150 15485550 15485950 15486350 15486750
15487150 15487550 15487951 15488352 15488753 15489155 15489557 15489959
15490361 15490764 15491167 15491571 15491975 15492379 15492784 15493189
15493595 15494001 15494407 15494813 15495219 15495625 15496031 15496437
15496843 15497251 15497662 15498073 15498486 15498899 15499313 15499727
15500142 15500557 15500972 15501388 15501804 15502220 15502637 15503054
15503471 15503888 15504308 15504728 15505149 15505570 15505992 15506415
15506838 15507261 15507685 15508110 15508535 15508960 15509385 15509810
15510236 15510663 15511090 15511517 15511944 15512372 15512801 15513230
15513659 15514088 15514518 15514948 15515378 15515809 15516240 15516671
15517105 15517541 15517979 15518419 15518860 15519303 15519746 15520189
15520634 15521079 15521524 15521969 15522416 15522863 15523309 15523755
15524202 15524650 15525098 15525546 15525994 15526444 15526894 15527345
15527795 15528245 15528695 15529145 15529597 15530049 15530501 15530953
15531407 15531861 15532315 15532769 15533223 15533677 15534133 15534590
15535047 15535505 15535963 15536421 15536880 15537339 15537799 15538259
15538719 15539179 15539640 15540102 15540564 15541027 15541493 15541961
15542431 15542901 15543373 15543846 15544320 15544794 15545270 15545749
15546230 15546713 15547198 15547683 15548169 15548656 15549144 15549634
15550124 15550615 15551110 15551608 15552109 15552612 15553116 15553620
15554125 15554634 15555144 15555655 15556168 15556686 15557205 15557727
15558249 15558771 15559294 15559819 15560345 15560873 15561401 15561930
15562461 15562993 15563525 15564058 15564593 15565129 15565665 15566202
15566739 15567276 15567815 15568354 15568893 15569432 15569972 15570513
15571055 15571597 15572140 15572683 15573227 15573771 15574315 15574860
15575407 15575954 15576502 15577051 15577600 15578150 15578703 15579257
15579811 15580366 15580921 15580984 15581176 15581396 15581630 15581870
15582116 15582368 15582623 15582890 15583159 15583434 15583711 15583992
15584277 15584566 15584859 15585153 15585448 15585746 15586046 15586346
15586649 15586954 15587260 15587572 15587888 15588206 15588526 15588849
15589173 15589503 15589835 15590168 15590501 15590839 15591177 15591519
15591862 15592205 15592551 15592898 15593248 15593600 15593953 15594308
15594665 15595022 15595380 15595738 15596097 15596459 15596824 15597191
15597559 15597927 15598295 15598665 15599037 15599410 15599784 15600159
15600535 15600913 15601291 15601671 15602053 15602435 15602817 15603199
15603583 15603969 15604356 15604744 15605132 15605520 15605908 15606296
15606684 15607072 15607461 15607850 15608240 15608631 15609022 15609414
15609806 15610199 15610592 15610985 15611379 15611774 15612169 15612565
15612961 15613357 15613753 15614149 15614545 15614941 15615337 15615734
15616131 15616529 15616927 15617326 15617725 15618124 15618524 15618924
15619324 15619724 15620124 15620524 15620925 15621326 15621727 15622128
15622530 15622932 15623334 15623736 15624138 15624541 15624944 15625348
15625752 15626156 15626561 15626966 15627372 15627778 15628184 15628590
15628996 15629402 15629808 15630214 15630620 15631030 15631441 15631853
15632266 15632680 15633094 15633509 15633924 15634339 15634755 15635171
15635587 15636004 15636421 15636838 15637255 15637674 15638094 15638514
15638935 15639357 15639780 15640203 15640626 15641049 15641474 15641899
15642324 15642749 15643174 15643601 15644028 15644455 15644882 15645309
15645737 15646165 15646594 15647023 15647452 15647881 15648311 15648741
15649172 15649603 15650034 15650467 15650904 15651341 15651781 15652222
15652665 15653108 15653552 15653997 15654442 15654889 15655336 15655782
15656228 15656675 15657123 15657571 15658018 15658465 15658915 15659365
15659816 15660266 15660715 15661165 15661617 15662069 15662521 15662973
15663425 15663879 15664333 15664787 15665241 15665695 15666151 15666608
15667065 15667522 15667980 15668438 15668897 15669356 15669816 15670276
15670736 15671196 15671657 15672119 15672581 15673043 15673510 15673980
15674450 15674922 15675394 15675867 15676342 15676817 15677293 15677772
15678252 15678734 15679217 15679702 15680188 15680675 15681163 15681651
15682141 15682631 15683123 15683619 15684117 15684618 15685122 15685626
15686131 15686636 15687145 15687655 15688166 15688682 15689199 15689718
15690240 15690762 15691284 15691808 15692333 15692859 15693387 15693915
15694444 15694976 15695508 15696041 15696575 15697110 15697646 15698183
15698720 15699257 15699796 15700335 15700874 15701413 15701953 15702493
15703034 15703576 15704118 15704661 15705205 15705749 15706293 15706838
15707383 15707930 15708477 15709026 15709575 15710125 15710676 15711229
15711783 15712337 15712892 15713448 15714005 15714562 15714625 15714818
15715044 15715281 15715526 15715775 15716032 15716299 15716569 15716846
15717129 15717414 15717701 15717990 15718284 15718579 15718875 15719174
15719473 15719773 15720074 15720377 15720683 15720990 15721304 15721621
15721939 15722260 15722583 15722909 15723240 15723573 15723906 15724242
15724580 15724921 15725264 15725607 15725951 15726298 15726646 15726996
15727348 15727701 15728056 15728413 15728770 15729128 15729487 15729849
15730213 15730579 15730946 15731314 15731682 15732052 15732424 15732797
15733172 15733548 15733925 15734303 15734681 15735061 15735442 15735824
15736206 15736588 15736971 15737355 15737742 15738130 15738518 15738906
15739294 15739682 15740070 15740459 15740848 15741238 15741629 15742020
15742412 15742804 15743196 15743589 15743982 15744376 15744771 15745166
15745561 15745957 15746353 15746749 15747145 15747541 15747937 15748333
15748730 15749127 15749525 15749923 15750322 15750721 15751120 15751520
15751920 15752320 15752720 15753120 15753520 15753921 15754322 15754723
15755125 15755527 15755929 15756331 15756733 15757136 15757539 15757943
15758347 15758751 15759155 15759560 15759966 15760372 15760778 15761184
15761590 15761996 15762402 15762808 15763215 15763625 15764036 15764448
15764861 15765275 15765689 15766104 15766519 15766934 15767350 15767766
15768182 15768599 15769016 15769433 15769850 15770270 15770690 15771111
15771532 15771954 15772377 15772800 15773223 15773647 15774072 15774497
15774922 15775347 15775773 15776200 15776627 15777054 15777481 15777909
15778338 15778767 15779196 15779625 15780055 15780485 15780915 15781346
15781777 15782208 15782643 15783080 15783520 15783961 15784402 15784845
15785288 15785731 15786176 15786621 15787066 15787512 15787959 15788405
15788851 15789298 15789746 15790194 15790641 15791088 15791538 15791988
15792439 15792889 15793338 15793788 15794240 15794692 15795144 15795596
15796048 15796502 15796956 15797410 15797864 15798318 15798774 15799231
15799688 15800145 15800603 15801061 15801520 15801979 15802439 15802899
15803359 15803819 15804280 15804742 15805204 15805670 15806139 15806609
15807079 15807551 15808024 15808499 15808974 15809450 15809927 15810407
15810888 15811370 15811855 15812340 15812826 15813313 15813801 15814289
15814779 15815270 15815762 15816257 15816756 15817257 15817761 15818265
15818770 15819279 15819789 15820299 15820810 15821324 15821843 15822362
15822884 15823406 15823929 15824452 15824978 15825505 15826033 15826562
15827091 15827623 15828155 15828688 15829222 15829758 15830294 15830830
15831367 15831904 15832443 15832982 15833521 15834061 15834601 15835142
15835684 15836226 15836768 15837311 15837855 15838399 15838944 15839489
15840036 15840583 15841131 15841680 15842229 15842779 15843330 15843883
15844437 15844992 15845548 15846104 15846661 15847219 15847777 15848336
15848399 15848593 15848819 15849056 15849301 15849550 15849809 15850077
15850349 15850627 15850911 15851197 15851488 15851782 15852077 15852374
15852673 15852973 15853275 15853580 15853887 15854201 15854516 15854834
15855153 15855475 15855800 15856129 15856461 15856794 15857128 15857466
15857807 15858150 15858493 15858836 15859180 15859527 15859877 15860229
15860582 15860936 15861292 15861649 15862007 15862365 15862724 15863086
15863451 15863818 15864185 15864553 15864921 15865291 15865662 15866034
15866407 15866782 15867158 15867535 15867913 15868291 15868671 15869053
15869435 15869817 15870200 15870586 15870973 15871361 15871749 15872137
15872525 15872913 15873301 15873690 15874079 15874468 15874858 15875249
15875640 15876032 15876424 15876817 15877210 15877603 15877998 15878393
15878788 15879184 15879580 15879976 15880372 15880768 15881164 15881560
15881957 15882354 15882751 15883149 15883547 15883946 15884345 15884744
15885144 15885544 15885944 15886344 15886744 15887144 15887545 15887946
15888347 15888749 15889151 15889553 15889955 15890358 15890762 15891166
15891570 15891974 15892379 15892784 15893190 15893596 15894002 15894408
15894814 15895220 15895626 15896035 15896445 15896856 15897269 15897682
15898096 15898510 15898925 15899340 15899756 15900172 15900588 15901004
15901421 15901838 15902255 15902672 15903092 15903512 15903933 15904355
15904777 15905200 15905623 15906046 15906471 15906896 15907321 15907746
15908172 15908599 15909026 15909453 15909880 15910308 15910736 15911165
15911594 15912023 15912453 15912883 15913313 15913744 15914175 15914606
15915039 15915476 15915914 15916354 15916795 15917238 15917681 15918126
15918571 15919016 15919461 15919908 15920355 15920801 15921248 15921695
15922143 15922590 15923037 15923487 15923937 15924387 15924838 15925287
15925737 15926188 15926640 15927092 15927544 15927996 15928450 15928904
15929358 15929812 15930266 15930722 15931179 15931636 15932093 15932551
15933009 15933468 15933927 15934387 15934847 15935307 15935767 15936228
15936691 15937154 15937620 15938089 15938559 15939029 15939502 15939975
15940450 15940925 15941401 15941879 15942359 15942840 15943322 15943806
15944291 15944777 15945263 15945750 15946238 15946727 15947217 15947708
15948199 15948691 15949183 15949675 15950171 15950671 15951172 15951676
15952180 15952685 15953194 15953704 15954215 15954730 15955246 15955765
15956284 15956806 15957328 15957850 15958374 15958900 15959426 15959954
15960483 15961012 15961544 15962076 15962609 15963143 15963679 15964215
15964752 15965289 15965826 15966365 15966904 15967443 15967983 15968524
15969065 15969607 15970149 15970692 15971235 15971779 15972323 15972867
15973412 15973959 15974506 15975055 15975604 15976153 15976703 15977256
15977810 15978364 15978919 15979475 15980031 15980588 15981146 15981704
15982263 15982823 15983384 15983447 15983641 15983853 15984080 15984318
15984563 15984814 15985076 15985344 15985618 15985899 15986183 15986471
15986759 15987052 15987347 15987642 15987940 15988239 15988539 15988840
15989143 15989450 15989763 15990078 15990394 15990712 15991032 15991355
15991684 15992014 15992347 15992681 15993019 15993358 15993700 15994043
15994386 15994729 15995075 15995424 15995774 15996126 15996480 15996835
15997192 15997550 15997908 15998267 15998626 15998988 15999352 15999719
16000087 16000455 16000825 16001197 16001570 16001943 16002318 16002694
16003072 16003450 16003830 16004210 16004592 16004974 16005356 16005738
16006122 16006509 16006897 16007285 16007673 16008061 16008449 16008837
16009225 16009614 16010003 16010393 16010784 16011175 16011567 16011959
16012351 16012744 16013137 16013531 16013926 16014321 16014717 16015113
16015509 16015905 16016301 16016697 16017093 16017490 16017887 16018284
16018682 16019080 16019479 16019878 16020277 16020677 16021077 16021477
16021877 16022277 16022677 16023078 16023479 16023880 16024281 16024683
16025085 16025487 16025889 16026292 16026695 16027099 16027503 16027907
16028311 16028716 16029121 16029527 16029933 16030339 16030745 16031151
16031557 16031965 16032375 16032786 16033198 16033611 16034025 16034439
16034854 16035269 16035684 16036100 16036516 16036932 16037349 16037766
16038183 16038600 16039020 16039440 16039861 16040282 16040704 16041127
16041550 16041973 16042397 16042822 16043247 16043672 16044097 16044524
16044951 16045378 16045805 16046232 16046660 16047089 16047518 16047947
16048376 16048805 16049235 16049665 16050096 16050527 16050958 16051389
16051825 16052262 16052702 16053143 16053586 16054029 16054474 16054919
16055364 16055810 16056257 16056703 16057149 16057595 16058042 16058490
16058937 16059384 16059834 16060284 16060734 16061184 16061633 16062083
16062535 16062987 16063439 16063892 16064345 16064799 16065253 16065707
16066161 16066615 16067071 16067528 16067985 16068442 16068900 16069358
16069817 16070276 16070736 16071196 16071656 16072118 16072580 16073043
16073508 16073975 16074445 16074916 16075389 16075862 16076337 16076813
16077289 16077767 16078246 16078727 16079210 16079693 16080177 16080662
16081148 16081634 16082122 16082610 16083099 16083591 16084083 16084577
16085074 16085572 16086070 16086569 16087069 16087571 16088075 16088579
16089088 16089598 16090109 16090620 16091137 16091656 16092177 16092699
16093221 16093743 16094266 16094791 16095317 16095844 16096372 16096901
16097432 16097964 16098496 16099030 16099565 16100101 16100637 16101174
16101711 16102250 16102789 16103328 16103868 16104408 16104949 16105491
16106033 16106576 16107120 16107664 16108208 16108752 16109297 16109844
16110391 16110940 16111489 16112039 16112591 16113144 16113698 16114252
16114807 16115363 16115919 16116476 16117034 16117592 16118151 16118710
16119271 16119836 16120403 16120970 16121033 16121227 16121452 16121689
16121933 16122182 16122438 16122704 16122974 16123249 16123529 16123813
16124098 16124388 16124682 16124977 16125274 16125573 16125873 16126174
16126477 16126784 16127097 16127413 16127731 16128051 16128373 16128697
16129027 16129359 16129692 16130030 16130368 16130710 16131053 16131396
16131741 16132089 16132439 16132791 16133144 16133499 16133855 16134212
16134570 16134928 16135287 16135649 16136013 16136378 16136745 16137113
16137481 16137851 16138222 16138594 16138966 16139339 16139714 16140090
16140467 16140845 16141225 16141605 16141987 16142369 16142751 16143134
16143518 16143904 16144291 16144679 16145067 16145455 16145843 16146231
16146619 16147007 16147396 16147785 16148175 16148566 16148957 16149349
16149741 16150134 16150527 16150920 16151315 16151710 16152105 16152501
16152897 16153293 16153689 16154085 16154481 16154877 16155274 16155671
16156068 16156466 16156865 16157264 16157663 16158062 16158462 16158862
16159262 16159662 16160062 16160462 16160862 16161263 16161664 16162066
16162468 16162870 16163272 16163675 16164078 16164482 16164886 16165290
16165694 16166099 16166505 16166911 16167317 16167723 16168129 16168535
16168945 16169356 16169767 16170180 16170593 16171007 16171421 16171836
16172251 16172666 16173082 16173498 16173914 16174331 16174748 16175165
16175584 16176004 16176424 16176845 16177266 16177688 16178111 16178534
16178957 16179382 16179807 16180232 16180657 16181082 16181509 16181936
16182363 16182790 16183218 16183646 16184075 16184504 16184933 16185363
16185793 16186223 16186654 16187085 16187519 16187956 16188396 16188837
16189279 16189722 16190166 16190611 16191056 16191501 16191947 16192393
16192839 16193285 16193732 16194180 16194627 16195074 16195524 16195974
16196424 16196875 16197324 16197774 16198225 16198677 16199129 16199581
16200034 16200488 16200942 16201396 16201850 16202304 16202760 16203217
16203674 16204131 16204589 16205047 16205506 16205965 16206426 16206887
16207348 16207810 16208272 16208735 16209201 16209670 16210141 16210614
16211087 16211560 16212036 16212513 16212990 16213468 16213948 16214430
16214913 16215396 16215880 16216366 16216852 16217338 16217826 16218314
16218802 16219292 16219784 16220276 16220768 16221264 16221763 16222264
16222766 16223270 16223774 16224278 16224782 16225287 16225796 16226306
16226817 16227330 16227848 16228367 16228889 16229411 16229933 16230456
16230982 16231508 16232036 16232565 16233094 16233626 16234158 16234691
16235225 16235761 16236297 16236834 16237371 16237908 16238447 16238986
16239525 16240065 16240606 16241148 16241690 16242233 16242776 16243320
16243864 16244409 16244954 16245501 16246048 16246596 16247145 16247695
16248245 16248798 16249352 16249906 16250461 16251017 16251573 16252130
16252687 16253245 16253804 16254363 16254924 16255488 16256054 16256621
16257190 16257761 16258334 16258909 16258972 16259166 16259392 16259629
16259874 16260123 16260381 16260648 16260918 16261194 16261475 16261759
16262046 16262337 16262631 16262927 16263224 16263523 16263823 16264124
16264428 16264735 16265047 16265363 16265681 16265999 16266319 16266641
16266967 16267298 16267630 16267963 16268301 16268642 16268985 16269328
16269672 16270018 16270366 16270717 16271069 16271423 16271778 16272135
16272493 16272851 16273210 16273569 16273933 16274298 16274665 16275033
16275401 16275771 16276143 16276515 16276888 16277263 16277639 16278016
16278394 16278774 16279154 16279536 16279918 16280300 16280683 16281067
16281454 16281842 16282230 16282618 16283006 16283394 16283782 16284170
16284559 16284948 16285338 16285728 16286119 16286511 16286903 16287296
16287689 16288083 16288478 16288873 16289268 16289664 16290060 16290456
16290852 16291248 16291644 16292041 16292438 16292835 16293233 16293631
16294030 16294429 16294828 16295228 16295628 16296028 16296428 16296828
16297228 16297628 16298029 16298430 16298831 16299233 16299635 16300037
16300439 16300841 16301244 16301648 16302052 16302456 16302860 16303265
16303670 16304076 16304482 16304888 16305294 16305700 16306110 16306521
16306932 16307345 16307758 16308172 16308586 16309001 16309416 16309831
16310247 16310663 16311079 16311496 16311913 16312330 16312748 16313168
16313588 16314009 16314431 16314853 16315276 16315699 16316122 16316547
16316972 16317397 16317822 16318248 16318675 16319102 16319529 16319956
16320384 16320813 16321242 16321671 16322100 16322529 16322959 16323389
16323820 16324251 16324682 16325113 16325547 16325984 16326424 16326865
16327308 16327752 16328197 16328642 16329087 16329533 16329979 16330425
16330871 16331318 16331765 16332211 16332658 16333108 16333558 16334008
16334457 16334906 16335356 16335808 16336260 16336712 16337165 16337619
16338074 16338528 16338982 16339436 16339890 16340347 16340804 16341261
16341719 16342177 16342635 16343095 16343555 16344016 16344477 16344938
16345400 16345863 16346328 16346796 16347267 16347738 16348211 16348684
16349159 16349636 16350113 16350591 16351070 16351552 16352035 16352518
16353002 16353488 16353974 16354460 16354948 16355436 16355924 16356414
16356906 16357398 16357892 16358387 16358884 16359385 16359887 16360391
16360895 16361400 16361908 16362417 16362926 16363435 16363946 16364457
16364973 16365492 16366013 16366535 16367057 16367580 16368104 16368630
16369158 16369686 16370215 16370747 16371279 16371811 16372345 16372880
16373416 16373953 16374490 16375027 16375566 16376105 16376644 16377184
16377724 16378265 16378807 16379349 16379892 16380436 16380980 16381525
16382070 16382617 16383165 16383713 16384262 16384811 16385361 16385914
16386468 16387022 16387577 16388133 16388690 16389247 16389804 16390362
16390921 16391480 16392041 16392604 16393170 16393737 16394306 16394877
16395449 16396024 16396599 16397174 16397237 16397431 16397657 16397894
16398139 16398391 16398653 16398920 16399193 16399470 16399752 16400037
16400325 16400618 16400913 16401210 16401509 16401809 16402111 16402414
16402721 16403031 16403344 16403660 16403977 16404295 16404615 16404937
16405260 16405589 16405921 16406254 16406590 16406931 16407274 16407617
16407961 16408307 16408654 16409004 16409356 16409709 16410064 16410421
16410778 16411136 16411495 16411854 16412216 16412581 16412948 16413316
16413684 16414052 16414423 16414795 16415168 16415543 16415918 16416294
16416671 16417049 16417427 16417806 16418188 16418570 16418952 16419335
16419721 16420107 16420495 16420883 16421271 16421659 16422047 16422435
16422823 16423212 16423601 16423991 16424382 16424773 16425165 16425557
16425949 16426342 16426735 16427129 16427524 16427919 16428314 16428710
16429106 16429502 16429898 16430294 16430690 16431087 16431484 16431881
16432279 16432678 16433077 16433476 16433875 16434275 16434675 16435075
16435475 16435875 16436275 16436675 16437076 16437477 16437879 16438281
16438683 16439085 16439488 16439891 16440295 16440699 16441103 16441508
16441913 16442318 16442724 16443130 16443536 16443943 16444353 16444764
16445177 16445590 16446004 16446418 16446832 16447247 16447662 16448077
16448493 16448909 16449325 16449742 16450159 16450576 16450995 16451415
16451835 16452256 16452678 16453101 16453524 16453947 16454371 16454796
16455221 16455646 16456071 16456497 16456924 16457351 16457778 16458206
16458634 16459063 16459492 16459921 16460350 16460780 16461210 16461641
16462072 16462503 16462935 16463371 16463808 16464248 16464690 16465133
16465576 16466021 16466466 16466911 16467357 16467803 16468249 16468695
16469142 16469589 16470035 16470482 16470932 16471382 16471832 16472281
16472730 16473180 16473631 16474083 16474535 16474988 16475442 16475897
16476352 16476806 16477260 16477714 16478171 16478628 16479085 16479544
16480003 16480462 16480922 16481383 16481844 16482305 16482766 16483229
16483693 16484160 16484630 16485101 16485574 16486047 16486522 16486998
16487475 16487953 16488432 16488914 16489397 16489880 16490363 16490847
16491333 16491819 16492305 16492791 16493279 16493767 16494255 16494747
16495239 16495733 16496230 16496729 16497230 16497732 16498236 16498740
16499245 16499754 16500264 16500775 16501286 16501800 16502315 16502831
16503348 16503867 16504389 16504911 16505433 16505957 16506482 16507008
16507536 16508064 16508593 16509125 16509657 16510190 16510725 16511261
16511797 16512334 16512871 16513408 16513947 16514486 16515025 16515565
16516106 16516648 16517190 16517733 16518277 16518821 16519365 16519910
16520457 16521004 16521553 16522102 16522652 16523205 16523758 16524312
16524866 16525421 16525977 16526534 16527091 16527649 16528207 16528766
16529327 16529888 16530450 16531016 16531583 16532151 16532722 16533295
16533870 16534445 16535020 16535596 16536172 16536749 16537327 16537390
16537584 16537811 16538049 16538294 16538546 16538812 16539080 16539355
16539635 16539919 16540204 16540493 16540787 16541082 16541379 16541678
16541978 16542281 16542587 16542900 16543216 16543533 16543853 16544173
16544496 16544822 16545153 16545486 16545819 16546157 16546500 16546843
16547186 16547530 16547876 16548223 16548571 16548922 16549275 16549629
16549985 16550342 16550700 16551058 16551417 16551776 16552138 16552503
16552870 16553238 16553606 16553974 16554344 16554715 16555087 16555461
16555836 16556212 16556589 16556967 16557345 16557725 16558107 16558489
16558871 16559253 16559636 16560020 16560406 16560793 16561181 16561569
16561957 16562345 16562733 16563121 16563510 16563899 16564288 16564678
16565069 16565460 16565852 16566244 16566637 16567030 16567424 16567819
16568214 16568610 16569006 16569402 16569798 16570194 16570590 16570986
16571382 16571779 16572176 16572574 16572972 16573371 16573770 16574169
16574569 16574969 16575369 16575769 16576169 16576569 16576969 16577369
16577770 16578171 16578572 16578974 16579376 16579778 16580181 16580584
16580987 16581391 16581795 16582199 16582604 16583009 16583415 16583821
16584227 16584635 16585046 16585457 16585870 16586283 16586697 16587111
16587526 16587941 16588356 16588772 16589188 16589604 16590021 16590438
16590855 16591272 16591692 16592112 16592533 16592954 16593376 16593799
16594222 16594645 16595070 16595495 16595920 16596345 16596771 16597198
16597625 16598052 16598479 16598907 16599336 16599765 16600194 16600623
16601053 16601483 16601914 16602345 16602776 16603207 16603643 16604080
16604520 16604962 16605405 16605848 16606293 16606738 16607183 16607628
16608074 16608520 16608966 16609413 16609860 16610306 16610752 16611202
16611652 16612102 16612551 16613000 16613450 16613901 16614353 16614805
16615258 16615711 16616166 16616621 16617076 16617531 16617986 16618443
16618901 16619359 16619818 16620277 16620736 16621196 16621657 16622118
16622579 16623041 16623504 16623968 16624436 16624906 16625377 16625850
16626324 16626800 16627277 16627754 16628233 16628713 16629195 16629678
16630161 16630644 16631129 16631615 16632101 16632587 16633075 16633563
16634051 16634543 16635035 16635528 16636023 16636520 16637020 16637521
16638024 16638528 16639033 16639538 16640047 16640557 16641068 16641581
16642098 16642617 16643136 16643655 16644174 16644696 16645218 16645741
16646265 16646791 16647318 16647846 16648375 16648905 16649437 16649969
16650503 16651038 16651574 16652110 16652647 16653184 16653723 16654262
16654801 16655341 16655881 16656422 16656964 16657506 16658049 16658593
16659137 16659682 16660229 16660776 16661324 16661873 16662422 16662972
16663525 16664079 16664633 16665188 16665744 16666300 16666857 16667415
16667973 16668532 16669091 16669652 16670217 16670784 16671351 16671918
16672489 16673061 16673635 16674210 16674785 16675361 16675937 16676514
16677091 16677671 16678251 16678831 16678894 16679088 16679297 16679527
16679765 16680011 16680264 16680531 16680799 16681074 16681355 16681641
16681931 16682225 16682520 16682816 16683115 16683414 16683715 16684021
16684333 16684649 16684966 16685285 16685605 16685927 16686253 16686582
16686914 16687247 16687583 16687923 16688266 16688609 16688953 16689299
16689647 16689997 16690349 16690703 16691058 16691415 16691773 16692131
16692490 16692849 16693211 16693575 16693942 16694310 16694678 16695046
16695416 16695788 16696160 16696533 16696906 16697281 16697656 16698033
16698411 16698789 16699168 16699548 16699930 16700312 16700694 16701077
16701460 16701846 16702233 16702621 16703009 16703397 16703785 16704173
16704561 16704949 16705338 16705727 16706117 16706508 16706899 16707291
16707683 16708076 16708469 16708862 16709257 16709652 16710047 16710443
16710839 16711235 16711631 16712027 16712423 16712820 16713217 16713614
16714012 16714410 16714809 16715208 16715607 16716007 16716407 16716807
16717207 16717607 16718007 16718407 16718807 16719208 16719609 16720010
16720412 16720814 16721216 16721618 16722021 16722424 16722828 16723232
16723636 16724041 16724446 16724851 16725257 16725663 16726071 16726481
16726892 16727305 16727718 16728132 16728546 16728961 16729376 16729791
16730207 16730623 16731039 16731456 16731873 16732290 16732707 16733127
16733547 16733968 16734389 16734811 16735234 16735657 16736080 16736505
16736930 16737355 16737780 16738206 16738633 16739060 16739487 16739914
16740342 16740771 16741200 16741629 16742058 16742488 16742918 16743349
16743780 16744211 16744644 16745081 16745521 16745962 16746405 16746848
16747291 16747736 16748181 16748625 16749071 16749517 16749963 16750409
16750855 16751301 16751747 16752194 16752642 16753092 16753541 16753990
16754439 16754889 16755341 16755793 16756245 16756698 16757152 16757607
16758062 16758517 16758972 16759427 16759885 16760343 16760801 16761260
16761719 16762179 16762639 16763100 16763562 16764024 16764487 16764950
16765417 16765886 16766357 16766830 16767304 16767780 16768256 16768733
16769213 16769693 16770175 16770658 16771141 16771624 16772108 16772594
16773080 16773566 16774052 16774540 16775028 16775516 16776004 16776495
16776987 16777479 16777973 16778468 16778965 16779464 16779965 16780467
16780971 16781476 16781985 16782495 16783006 16783517 16784028 16784545
16785064 16785585 16786107 16786629 16787152 16787675 16788201 16788728
16789256 16789785 16790315 16790847 16791379 16791912 16792446 16792982
16793518 16794055 16794592 16795131 16795670 16796209 16796749 16797289
16797830 16798372 16798914 16799457 16800001 16800545 16801090 16801637
16802184 16802732 16803281 16803830 16804380 16804933 16805487 16806042
16806598 16807154 16807711 16808268 16808826 16809384 16809943 16810502
16811063 16811628 16812195 16812762 16813333 16813905 16814477 16815052
16815627 16816202 16816778 16817354 16817931 16818509 16819089 16819669
16820249 16820829 16821410 16821992 16822055 16822249 16822460 16822691
16822931 16823177 16823430 16823697 16823967 16824242 16824523 16824808
16825096 16825387 16825681 16825976 16826273 16826572 16826872 16827174
16827481 16827791 16828105 16828421 16828739 16829059 16829381 16829703
16830031 16830362 16830695 16831029 16831366 16831709 16832052 16832396
16832742 16833088 16833436 16833786 16834136 16834488 16834843 16835199
16835556 16835914 16836272 16836631 16836992 16837354 16837718 16838085
16838453 16838821 16839191 16839562 16839934 16840306 16840679 16841054
16841429 16841805 16842182 16842559 16842937 16843316 16843696 16844078
16844460 16844842 16845224 16845608 16845993 16846380 16846768 16847156
16847544 16847932 16848320 16848708 16849096 16849485 16849874 16850264
16850655 16851046 16851438 16851830 16852222 16852615 16853008 16853403
16853798 16854193 16854589 16854985 16855381 16855777 16856173 16856569
16856965 16857362 16857759 16858157 16858555 16858954 16859353 16859752
16860152 16860552 16860952 16861352 16861752 16862152 16862552 16862953
16863354 16863755 16864157 16864559 16864961 16865364 16865767 16866170
16866574 16866978 16867382 16867787 16868192 16868598 16869004 16869412
16869823 16870235 16870648 16871062 16871476 16871890 16872305 16872720
16873136 16873552 16873968 16874384 16874801 16875218 16875635 16876053
16876473 16876893 16877314 16877736 16878159 16878582 16879005 16879429
16879854 16880279 16880704 16881129 16881556 16881983 16882410 16882837
16883265 16883693 16884122 16884551 16884980 16885410 16885840 16886270
16886701 16887132 16887563 16887998 16888435 16888875 16889317 16889760
16890203 16890648 16891093 16891537 16891983 16892429 16892875 16893321
16893767 16894213 16894659 16895105 16895555 16896005 16896454 16896903
16897352 16897802 16898254 16898706 16899158 16899611 16900066 16900521
16900976 16901431 16901886 16902343 16902801 16903259 16903717 16904176
16904635 16905095 16905555 16906017 16906479 16906941 16907404 16907870
16908338 16908807 16909278 16909751 16910226 16910702 16911179 16911657
16912137 16912617 16913099 16913582 16914065 16914548 16915033 16915519
16916005 16916491 16916978 16917466 16917954 16918442 16918930 16919420
16919912 16920405 16920899 16921394 16921892 16922391 16922892 16923393
16923897 16924401 16924906 16925415 16925925 16926436 16926950 16927467
16927986 16928505 16929027 16929549 16930072 16930596 16931122 16931648
16932175 16932703 16933232 16933762 16934294 16934827 16935361 16935896
16936432 16936968 16937505 16938042 16938581 16939120 16939659 16940199
16940740 16941282 16941824 16942367 16942911 16943455 16943999 16944544
16945091 16945638 16946187 16946736 16947286 16947839 16948393 16948947
16949502 16950058 16950615 16951172 16951730 16952289 16952848 16953407
16953968 16954532 16955099 16955666 16956237 16956809 16957382 16957957
16958532 16959107 16959682 16960258 16960835 16961413 16961993 16962573
16963153 16963733 16964314 16964896 16965480 16966065 16966650 16966713
16966907 16967119 16967351 16967591 16967839 16968092 16968348 16968616
16968887 16969163 16969447 16969734 16970022 16970315 16970610 16970905
16971203 16971503 16971803 16972106 16972415 16972730 16973047 16973365
16973685 16974008 16974337 16974669 16975002 16975338 16975676 16976019
16976362 16976708 16977056 16977406 16977758 16978111 16978466 16978823
16979181 16979539 16979898 16980257 16980619 16980982 16981348 16981715
16982083 16982451 16982819 16983189 16983561 16983933 16984305 16984678
16985053 16985428 16985805 16986182 16986560 16986938 16987318 16987698
16988080 16988462 16988844 16989227 16989612 16989998 16990385 16990773
16991161 16991549 16991937 16992325 16992713 16993102 16993491 16993881
16994272 16994663 16995055 16995447 16995839 16996232 16996625 16997019
16997414 16997809 16998205 16998601 16998997 16999393 16999789 17000185
17000581 17000978 17001375 17001772 17002170 17002569 17002968 17003367
17003767 17004167 17004567 17004967 17005367 17005767 17006167 17006567
17006968 17007369 17007770 17008172 17008574 17008976 17009379 17009782
17010185 17010589 17010993 17011397 17011802 17012207 17012612 17013018
17013428 17013839 17014251 17014664 17015078 17015492 17015907 17016322
17016737 17017153 17017569 17017985 17018402 17018819 17019236 17019653
17020073 17020493 17020914 17021335 17021757 17022180 17022603 17023026
17023451 17023876 17024301 17024726 17025152 17025579 17026006 17026433
17026860 17027288 17027717 17028146 17028575 17029004 17029434 17029864
17030295 17030726 17031157 17031591 17032028 17032468 17032910 17033353
17033796 17034241 17034685 17035129 17035575 17036021 17036467 17036913
17037359 17037805 17038251 17038700 17039150 17039599 17040048 17040497
17040947 17041399 17041851 17042303 17042756 17043209 17043664 17044119
17044574 17045029 17045486 17045944 17046402 17046860 17047319 17047778
17048238 17048699 17049161 17049623 17050085 17050548 17051015 17051483
17051952 17052425 17052898 17053373 17053849 17054325 17054805 17055285
17055765 17056248 17056731 17057214 17057697 17058183 17058669 17059155
17059641 17060127 17060615 17061103 17061591 17062080 17062571 17063063
17063556 17064050 17064544 17065040 17065539 17066040 17066541 17067043
17067547 17068051 17068556 17069065 17069575 17070086 17070602 17071120
17071639 17072161 17072683 17073205 17073728 17074253 17074779 17075306
17075834 17076362 17076891 17077423 17077955 17078487 17079021 17079557
17080093 17080630 17081167 17081704 17082243 17082782 17083321 17083861
17084402 17084944 17085486 17086029 17086573 17087117 17087662 17088207
17088754 17089302 17089851 17090401 17090952 17091505 17092059 17092614
17093169 17093725 17094282 17094839 17095397 17095956 17096515 17097077
17097640 17098206 17098773 17099341 17099912 17100484 17101059 17101634
17102209 17102785 17103361 17103938 17104515 17105094 17105674 17106254
17106834 17107415 17107996 17108579 17109164 17109749 17110336 17110923
17111511 17111574 17111769 17111989 17112222 17112462 17112710 17112963
17113230 17113503 17113780 17114064 17114351 17114640 17114933 17115228
17115524 17115823 17116123 17116423 17116727 17117038 17117352 17117668
17117986 17118306 17118628 17118951 17119282 17119614 17119947 17120284
17120623 17120966 17121310 17121656 17122002 17122350 17122700 17123051
17123403 17123757 17124113 17124470 17124828 17125186 17125545 17125904
17126266 17126630 17126996 17127364 17127732 17128100 17128468 17128838
17129210 17129582 17129955 17130330 17130705 17131081 17131458 17131836
17132214 17132593 17132973 17133354 17133736 17134118 17134500 17134883
17135269 17135655 17136043 17136431 17136819 17137207 17137595 17137983
17138371 17138760 17139149 17139539 17139930 17140321 17140713 17141105
17141497 17141890 17142283 17142678 17143073 17143469 17143865 17144261
17144657 17145053 17145449 17145845 17146241 17146638 17147035 17147433
17147831 17148230 17148629 17149028 17149428 17149828 17150228 17150628
17151028 17151428 17151828 17152229 17152630 17153031 17153432 17153834
17154236 17154638 17155041 17155444 17155847 17156251 17156655 17157059
17157464 17157869 17158274 17158683 17159094 17159505 17159918 17160332
17160746 17161161 17161576 17161991 17162407 17162823 17163239 17163655
17164071 17164488 17164905 17165322 17165741 17166161 17166581 17167002
17167424 17167847 17168270 17168693 17169117 17169542 17169967 17170392
17170818 17171245 17171672 17172099 17172526 17172954 17173383 17173812
17174241 17174670 17175100 17175530 17175961 17176392 17176823 17177256
17177692 17178131 17178574 17179017 17179461 17179905 17180350 17180796
17181242 17181688 17182134 17182580 17183026 17183472 17183920 17184370
17184819 17185268 17185717 17186167 17186618 17187070 17187522 17187975
17188429 17188884 17189339 17189794 17190249 17190705 17191163 17191621
17192079 17192538 17192997 17193458 17193920 17194382 17194844 17195306
17195769 17196236 17196705 17197175 17197648 17198123 17198599 17199075
17199554 17200034 17200514 17200994 17201477 17201960 17202443 17202926
17203412 17203898 17204384 17204870 17205357 17205845 17206333 17206822
17207311 17207802 17208294 17208787 17209281 17209777 17210274 17210773
17211274 17211776 17212280 17212784 17213289 17213794 17214304 17214815
17215326 17215843 17216362 17216881 17217403 17217925 17218447 17218970
17219495 17220021 17220549 17221077 17221606 17222136 17222668 17223200
17223733 17224267 17224803 17225339 17225876 17226413 17226952 17227491
17228030 17228570 17229110 17229652 17230194 17230737 17231280 17231824
17232368 17232913 17233460 17234007 17234556 17235105 17235655 17236208
17236762 17237316 17237871 17238427 17238984 17239541 17240099 17240658
17241217 17241778 17242341 17242907 17243474 17244041 17244612 17245184
17245759 17246334 17246909 17247485 17248061 17248638 17249216 17249794
17250374 17250954 17251534 17252114 17252695 17253277 17253861 17254446
17255033 17255620 17256209 17256799 17257389 17257452 17257649 17257869
17258103 17258345 17258594 17258852 17259120 17259395 17259673 17259957
17260246 17260540 17260835 17261132 17261431 17261731 17262032 17262339
17262653 17262968 17263286 17263606 17263928 17264255 17264587 17264920
17265254 17265591 17265933 17266276 17266621 17266967 17267315 17267665
17268016 17268368 17268723 17269080 17269437 17269795 17270154 17270513
17270874 17271238 17271603 17271970 17272338 17272706 17273074 17273444
17273816 17274188 17274561 17274934 17275309 17275685 17276061 17276438
17276816 17277194 17277573 17277954 17278336 17278718 17279100 17279482
17279865 17280250 17280636 17281023 17281411 17281799 17282187 17282575
17282963 17283351 17283740 17284129 17284519 17284910 17285301 17285692
17286084 17286476 17286869 17287262 17287657 17288052 17288447 17288842
17289238 17289634 17290030 17290426 17290822 17291218 17291614 17292011
17292408 17292806 17293204 17293603 17294002 17294401 17294801 17295201
17295601 17296001 17296401 17296801 17297201 17297601 17298002 17298403
17298804 17299206 17299608 17300010 17300413 17300816 17301219 17301623
17302027 17302432 17302837 17303242 17303650 17304060 17304471 17304884
17305297 17305711 17306125 17306540 17306955 17307371 17307787 17308203
17308620 17309037 17309454 17309871 17310290 17310710 17311130 17311551
17311973 17312396 17312819 17313242 17313666 17314091 17314516 17314941
17315367 17315794 17316221 17316648 17317075 17317503 17317932 17318361
17318790 17319219 17319649 17320079 17320510 17320941 17321372 17321805
17322240 17322677 17323117 17323559 17324002 17324445 17324889 17325333
17325777 17326223 17326669 17327115 17327560 17328006 17328452 17328898
17329348 17329798 17330246 17330695 17331144 17331594 17332046 17332498
17332950 17333403 17333857 17334312 17334767 17335222 17335677 17336134
17336592 17337050 17337509 17337968 17338428 17338889 17339350 17339812
17340274 17340736 17341201 17341669 17342137 17342606 17343076 17343551
17344026 17344502 17344979 17345458 17345938 17346418 17346898 17347381
17347864 17348347 17348832 17349318 17349804 17350290 17350777 17351265
17351753 17352241 17352730 17353220 17353712 17354205 17354699 17355193
17355689 17356188 17356689 17357190 17357694 17358198 17358703 17359212
17359721 17360231 17360742 17361255 17361773 17362292 17362814 17363336
17363858 17364382 17364908 17365434 17365961 17366489 17367018 17367548
17368080 17368612 17369145 17369679 17370215 17370751 17371287 17371824
17372361 17372900 17373439 17373979 17374519 17375060 17375602 17376144
17376687 17377231 17377775 17378320 17378865 17379412 17379960 17380509
17381058 17381609 17382162 17382716 17383271 17383827 17384383 17384940
17385498 17386056 17386615 17387176 17387738 17388304 17388871 17389440
17390011 17390583 17391157 17391732 17392307 17392883 17393459 17394036
17394614 17395193 17395773 17396353 17396933 17397513 17398094 17398676
17399260 17399845 17400432 17401019 17401607 17402197 17402787 17403378
17403971 17404565 17404628 17404823 17405041 17405277 17405519 17405769
17406028 17406296 17406572 17406853 17407137 17407423 17407712 17408003
17408298 17408594 17408892 17409192 17409493 17409796 17410106 17410422
17410740 17411060 17411382 17411705 17412033 17412363 17412696 17413029
17413366 17413708 17414051 17414395 17414741 17415088 17415437 17415788
17416140 17416494 17416850 17417207 17417565 17417923 17418282 17418643
17419006 17419371 17419737 17420105 17420473 17420841 17421211 17421582
17421954 17422326 17422699 17423074 17423449 17423825 17424202 17424580
17424958 17425337 17425717 17426099 17426481 17426863 17427246 17427630
17428015 17428401 17428789 17429177 17429565 17429953 17430341 17430729
17431117 17431506 17431895 17432285 17432676 17433067 17433459 17433851
17434243 17434636 17435029 17435424 17435819 17436214 17436610 17437006
17437402 17437798 17438194 17438590 17438986 17439383 17439780 17440178
17440577 17440976 17441375 17441774 17442174 17442574 17442974 17443374
17443774 17444174 17444574 17444975 17445376 17445777 17446178 17446580
17446982 17447384 17447787 17448190 17448593 17448997 17449401 17449806
17450211 17450616 17451025 17451436 17451849 17452262 17452676 17453090
17453505 17453920 17454336 17454752 17455168 17455585 17456002 17456419
17456836 17457256 17457676 17458097 17458518 17458940 17459363 17459786
17460209 17460634 17461059 17461484 17461909 17462335 17462762 17463189
17463616 17464043 17464471 17464900 17465329 17465758 17466187 17466617
17467048 17467479 17467910 17468341 17468775 17469212 17469649 17470092
17470535 17470979 17471423 17471867 17472313 17472759 17473204 17473648
17474094 17474540 17474986 17475434 17475883 17476331 17476780 17477229
17477679 17478131 17478583 17479035 17479488 17479941 17480396 17480851
17481306 17481761 17482218 17482676 17483134 17483594 17484054 17484514
17484975 17485436 17485898 17486360 17486822 17487287 17487755 17488224
17488698 17489173 17489648 17490125 17490603 17491083 17491563 17492043
17492526 17493009 17493492 17493975 17494461 17494947 17495433 17495919
17496406 17496894 17497382 17497871 17498360 17498851 17499344 17499837
17500331 17500828 17501325 17501823 17502322 17502823 17503325 17503829
17504334 17504839 17505348 17505859 17506370 17506886 17507403 17507922
17508441 17508963 17509485 17510008 17510533 17511059 17511587 17512116
17512645 17513174 17513706 17514238 17514771 17515305 17515841 17516377
17516914 17517451 17517988 17518527 17519066 17519605 17520145 17520686
17521228 17521770 17522313 17522857 17523401 17523945 17524490 17525037
17525584 17526133 17526683 17527233 17527786 17528340 17528894 17529449
17530005 17530562 17531120 17531679 17532238 17532799 17533363 17533928
17534495 17535066 17535637 17536210 17536785 17537360 17537935 17538511
17539087 17539664 17540242 17540822 17541402 17541982 17542562 17543143
17543725 17544310 17544895 17545482 17546069 17546658 17547248 17547838
17548429 17549022 17549616 17550210 17550805 17551401 17551997 17552060
17552255 17552474 17552710 17552954 17553206 17553472 17553742 17554019
17554300 17554584 17554872 17555163 17555456 17555751 17556050 17556350
17556652 17556959 17557273 17557589 17557907 17558227 17558549 17558872
17559198 17559528 17559860 17560193 17560527 17560864 17561207 17561550
17561895 17562242 17562592 17562944 17563298 17563653 17564010 17564368
17564726 17565085 17565444 17565805 17566169 17566535 17566901 17567269
17567637 17568007 17568377 17568749 17569121 17569494 17569869 17570244
17570620 17570997 17571374 17571752 17572131 17572510 17572891 17573273
17573655 17574037 17574421 17574806 17575192 17575579 17575967 17576355
17576743 17577131 17577519 17577907 17578296 17578685 17579075 17579466
17579857 17580248 17580640 17581032 17581424 17581817 17582210 17582605
17583000 17583396 17583792 17584188 17584584 17584980 17585376 17585772
17586169 17586566 17586963 17587361 17587760 17588159 17588558 17588958
17589358 17589758 17590158 17590558 17590958 17591358 17591759 17592160
17592561 17592963 17593366 17593769 17594172 17594576 17594980 17595384
17595789 17596197 17596607 17597018 17597431 17597845 17598259 17598674
17599089 17599504 17599920 17600336 17600753 17601170 17601587 17602004
17602424 17602844 17603264 17603685 17604107 17604529 17604952 17605375
17605798 17606223 17606648 17607073 17607498 17607925 17608352 17608779
17609206 17609634 17610063 17610492 17610921 17611350 17611780 17612210
17612641 17613072 17613503 17613937 17614373 17614813 17615256 17615698
17616142 17616586 17617030 17617476 17617922 17618366 17618810 17619255
17619701 17620147 17620594 17621043 17621491 17621939 17622388 17622838
17623289 17623741 17624193 17624646 17625100 17625555 17626010 17626465
17626920 17627376 17627834 17628292 17628751 17629211 17629671 17630132
17630594 17631056 17631518 17631980 17632446 17632914 17633383 17633858
17634333 17634809 17635287 17635765 17636245 17636725 17637205 17637685
17638168 17638651 17639134 17639619 17640105 17640591 17641077 17641564
17642051 17642539 17643028 17643517 17644007 17644500 17644993 17645487
17645981 17646478 17646977 17647478 17647979 17648480 17648982 17649486
17649991 17650499 17651009 17651519 17652030 17652547 17653066 17653588
17654110 17654632 17655154 17655677 17656203 17656729 17657257 17657786
17658315 17658847 17659379 17659911 17660444 17660979 17661515 17662051
17662588 17663125 17663662 17664201 17664740 17665280 17665820 17666361
17666903 17667445 17667988 17668532 17669076 17669621 17670168 17670715
17671264 17671813 17672363 17672916 17673470 17674024 17674579 17675135
17675692 17676249 17676807 17677366 17677925 17678487 17679052 17679619
17680188 17680759 17681331 17681906 17682481 17683056 17683632 17684208
17684785 17685363 17685943 17686523 17687103 17687683 17688264 17688846
17689431 17690016 17690602 17691189 17691777 17692367 17692957 17693548
17694141 17694735 17695329 17695923 17696519 17697115 17697712 17698309
17698906 17698969 17699165 17699384 17699620 17699865 17700117 17700384
17700654 17700931 17701213 17701497 17701785 17702078 17702373 17702669
17702968 17703268 17703571 17703878 17704192 17704509 17704827 17705147
17705468 17705791 17706119 17706450 17706782 17707115 17707451 17707789
17708132 17708475 17708821 17709169 17709518 17709869 17710221 17710575
17710930 17711287 17711645 17712003 17712362 17712723 17713085 17713449
17713815 17714183 17714551 17714919 17715289 17715661 17716033 17716405
17716778 17717153 17717528 17717904 17718281 17718659 17719037 17719416
17719795 17720176 17720558 17720940 17721322 17721707 17722093 17722481
17722869 17723257 17723645 17724033 17724421 17724809 17725198 17725587
17725977 17726368 17726759 17727151 17727543 17727935 17728328 17728721
17729115 17729510 17729906 17730302 17730698 17731094 17731490 17731886
17732282 17732678 17733074 17733471 17733868 17734266 17734665 17735064
17735463 17735862 17736262 17736662 17737062 17737462 17737862 17738262
17738662 17739063 17739464 17739865 17740266 17740667 17741069 17741471
17741873 17742276 17742679 17743082 17743486 17743890 17744295 17744702
17745112 17745522 17745935 17746349 17746763 17747178 17747593 17748008
17748424 17748840 17749256 17749673 17750090 17750507 17750927 17751347
17751767 17752188 17752610 17753032 17753455 17753878 17754301 17754726
17755151 17755576 17756001 17756428 17756855 17757282 17757709 17758137
17758565 17758994 17759423 17759852 17760282 17760712 17761143 17761574
17762005 17762437 17762873 17763312 17763755 17764197 17764641 17765085
17765529 17765975 17766420 17766864 17767308 17767753 17768199 17768645
17769092 17769540 17769988 17770437 17770886 17771336 17771788 17772240
17772692 17773145 17773598 17774053 17774508 17774963 17775418 17775875
17776333 17776792 17777252 17777712 17778172 17778633 17779095 17779557
17780019 17780481 17780947 17781416 17781886 17782361 17782836 17783312
17783790 17784270 17784750 17785230 17785713 17786196 17786679 17787162
17787647 17788133 17788619 17789105 17789592 17790080 17790568 17791057
17791547 17792037 17792530 17793023 17793517 17794013 17794511 17795010
17795511 17796012 17796515 17797019 17797523 17798028 17798537 17799047
17799558 17800069 17800586 17801105 17801627 17802149 17802671 17803194
17803718 17804244 17804771 17805299 17805828 17806360 17806892 17807425
17807959 17808493 17809029 17809565 17810102 17810639 17811176 17811715
17812254 17812793 17813333 17813874 17814415 17814957 17815500 17816043
17816587 17817131 17817676 17818223 17818771 17819320 17819869 17820419
17820972 17821526 17822081 17822636 17823192 17823749 17824306 17824864
17825423 17825982 17826545 17827111 17827678 17828249 17828821 17829394
17829969 17830544 17831119 17831695 17832272 17832850 17833430 17834010
17834590 17835170 17835750 17836331 17836913 17837498 17838083 17838670
17839257 17839846 17840436 17841026 17841618 17842211 17842805 17843399
17843994 17844590 17845187 17845784 17846381 17846978 17847575 17847638
17847837 17848057 17848294 17848539 17848792 17849059 17849333 17849614
17849898 17850187 17850481 17850778 17851077 17851377 17851678 17851984
17852294 17852610 17852928 17853248 17853568 17853890 17854215 17854543
17854875 17855208 17855543 17855880 17856222 17856565 17856909 17857255
17857604 17857956 17858310 17858665 17859021 17859379 17859737 17860096
17860455 17860817 17861180 17861545 17861913 17862281 17862649 17863019
17863390 17863762 17864134 17864507 17864881 17865256 17865632 17866009
17866387 17866765 17867144 17867523 17867904 17868286 17868668 17869050
17869434 17869820 17870207 17870595 17870983 17871371 17871759 17872147
17872535 17872924 17873313 17873703 17874094 17874485 17874877 17875269
17875661 17876053 17876446 17876841 17877236 17877632 17878028 17878424
17878820 17879216 17879612 17880008 17880405 17880802 17881199 17881597
17881996 17882395 17882794 17883193 17883593 17883993 17884393 17884793
17885193 17885593 17885993 17886393 17886794 17887195 17887596 17887997
17888398 17888800 17889203 17889606 17890009 17890412 17890816 17891220
17891627 17892036 17892446 17892858 17893271 17893685 17894100 17894515
17894930 17895346 17895762 17896178 17896595 17897012 17897429 17897849
17898269 17898690 17899112 17899534 17899957 17900380 17900803 17901226
17901651 17902076 17902501 17902926 17903353 17903780 17904207 17904634
17905062 17905491 17905920 17906349 17906778 17907208 17907638 17908069
17908500 17908931 17909366 17909803 17910243 17910685 17911127 17911569
17912013 17912457 17912901 17913346 17913790 17914234 17914679 17915125
17915571 17916018 17916466 17916914 17917362 17917811 17918260 17918711
17919163 17919615 17920068 17920521 17920976 17921431 17921886 17922341
17922798 17923256 17923715 17924175 17924635 17925095 17925556 17926017
17926479 17926941 17927403 17927870 17928339 17928809 17929284 17929759
17930236 17930714 17931194 17931674 17932154 17932635 17933118 17933601
17934084 17934568 17935053 17935539 17936025 17936511 17936998 17937486
17937975 17938464 17938954 17939445 17939938 17940432 17940926 17941424
17941922 17942421 17942922 17943424 17943928 17944432 17944937 17945446
17945955 17946465 17946976 17947489 17948007 17948526 17949048 17949570
17950093 17950617 17951143 17951669 17952197 17952725 17953254 17953786
17954318 17954851 17955386 17955922 17956458 17956995 17957532 17958069
17958608 17959147 17959686 17960226 17960767 17961308 17961850 17962392
17962935 17963479 17964023 17964568 17965113 17965660 17966209 17966758
17967308 17967861 17968414 17968968 17969523 17970079 17970636 17971193
17971751 17972310 17972869 17973430 17973995 17974562 17975129 17975700
17976273 17976848 17977423 17977998 17978574 17979151 17979729 17980308
17980888 17981468 17982048 17982629 17983210 17983792 17984377 17984962
17985549 17986136 17986725 17987315 17987905 17988497 17989090 17989684
17990278 17990872 17991468 17992064 17992661 17993258 17993855 17994452
17995050 17995649 17996249 17996849 17997450 17997513 17997707 17997926
17998159 17998402 17998653 17998915 17999183 17999456 17999733 18000014
18000298 18000586 18000877 18001171 18001467 18001766 18002066 18002366
18002668 18002978 18003292 18003609 18003929 18004249 18004571 18004894
18005222 18005554 18005887 18006220 18006557 18006895 18007238 18007582
18007928 18008276 18008627 18008980 18009334 18009690 18010047 18010405
18010764 18011123 18011484 18011847 18012212 18012578 18012946 18013314
18013684 18014054 18014426 18014798 18015171 18015545 18015920 18016296
18016673 18017050 18017428 18017807 18018186 18018567 18018948 18019330
18019712 18020095 18020480 18020867 18021255 18021643 18022031 18022419
18022807 18023195 18023583 18023972 18024361 18024751 18025142 18025533
18025925 18026317 18026709 18027102 18027495 18027889 18028284 18028679
18029075 18029471 18029867 18030263 18030659 18031055 18031451 18031848
18032245 18032642 18033040 18033439 18033838 18034237 18034637 18035037
18035437 18035837 18036237 18036637 18037037 18037437 18037837 18038238
18038639 18039040 18039441 18039842 18040244 18040646 18041049 18041452
18041855 18042258 18042662 18043067 18043476 18043886 18044298 18044711
18045125 18045539 18045954 18046369 18046785 18047201 18047618 18048035
18048452 18048871 18049291 18049711 18050132 18050554 18050977 18051400
18051823 18052246 18052671 18053096 18053521 18053946 18054372 18054799
18055226 18055653 18056080 18056508 18056937 18057366 18057795 18058225
18058655 18059086 18059517 18059948 18060380 18060816 18061256 18061697
18062137 18062579 18063021 18063465 18063909 18064353 18064797 18065241
18065685 18066129 18066574 18067019 18067465 18067909 18068354 18068802
18069250 18069699 18070148 18070599 18071051 18071503 18071955 18072408
18072863 18073318 18073773 18074228 18074684 18075143 18075602 18076062
18076522 18076982 18077443 18077904 18078366 18078828 18079291 18079758
18080228 18080699 18081174 18081651 18082129 18082607 18083087 18083567
18084047 18084530 18085013 18085496 18085980 18086465 18086950 18087436
18087922 18088409 18088896 18089385 18089874 18090363 18090854 18091347
18091840 18092334 18092830 18093328 18093827 18094327 18094828 18095330
18095834 18096339 18096845 18097354 18097864 18098375 18098889 18099406
18099925 18100445 18100967 18101489 18102012 18102537 18103063 18103591
18104120 18104650 18105181 18105713 18106245 18106779 18107315 18107851
18108388 18108925 18109462 18110001 18110540 18111079 18111619 18112159
18112701 18113243 18113786 18114329 18114873 18115417 18115961 18116506
18117053 18117601 18118150 18118699 18119249 18119802 18120356 18120911
18121467 18122023 18122580 18123138 18123697 18124256 18124818 18125382
18125949 18126518 18127089 18127661 18128236 18128811 18129386 18129962
18130538 18131115 18131695 18132275 18132855 18133435 18134016 18134598
18135183 18135768 18136355 18136942 18137529 18138118 18138708 18139298
18139890 18140484 18141078 18141672 18142268 18142864 18143460 18144057
18144654 18145251 18145848 18146446 18147045 18147645 18148245 18148848
18149452 18150056 18150661 18151266 18151329 18151524 18151744 18151978
18152222 18152474 18152740 18153008 18153282 18153560 18153844 18154132
18154424 18154719 18155016 18155315 18155615 18155916 18156220 18156533
18156848 18157166 18157486 18157809 18158134 18158462 18158794 18159127
18159462 18159799 18160140 18160483 18160829 18161175 18161524 18161876
18162228 18162582 18162937 18163294 18163652 18164010 18164369 18164728
18165090 18165455 18165820 18166187 18166555 18166923 18167293 18167665
18168037 18168409 18168781 18169155 18169531 18169908 18170285 18170663
18171042 18171421 18171801 18172182 18172564 18172946 18173328 18173713
18174099 18174487 18174875 18175263 18175651 18176039 18176427 18176815
18177204 18177593 18177983 18178373 18178764 18179155 18179547 18179939
18180331 18180724 18181118 18181513 18181909 18182305 18182701 18183097
18183493 18183889 18184285 18184681 18185078 18185475 18185872 18186271
18186670 18187069 18187469 18187869 18188269 18188669 18189069 18189469
18189869 18190269 18190669 18191069 18191470 18191871 18192272 18192673
18193075 18193477 18193880 18194283 18194686 18195089 18195496 18195905
18196316 18196728 18197141 18197554 18197969 18198384 18198800 18199216
18199632 18200049 18200466 18200883 18201302 18201722 18202142 18202563
18202985 18203408 18203831 18204254 18204679 18205104 18205529 18205954
18206379 18206806 18207233 18207660 18208087 18208515 18208944 18209373
18209802 18210231 18210661 18211092 18211523 18211954 18212385 18212820
18213257 18213695 18214135 18214576 18215018 18215461 18215905 18216347
18216790 18217234 18217678 18218122 18218567 18219013 18219458 18219902
18220347 18220795 18221243 18221692 18222141 18222591 18223043 18223495
18223947 18224400 18224855 18225310 18225765 18226220 18226675 18227134
18227593 18228052 18228512 18228972 18229433 18229895 18230357 18230819
18231284 18231751 18232221 18232694 18233169 18233645 18234123 18234601
18235081 18235561 18236041 18236522 18237005 18237488 18237972 18238457
18238943 18239429 18239915 18240402 18240889 18241378 18241867 18242357
18242848 18243341 18243835 18244329 18244827 18245325 18245824 18246325
18246826 18247328 18247832 18248337 18248842 18249352 18249863 18250374
18250891 18251410 18251929 18252451 18252973 18253496 18254019 18254545
18255072 18255600 18256129 18256661 18257193 18257726 18258259 18258793
18259329 18259865 18260402 18260939 18261478 18262017 18262556 18263096
18263637 18264178 18264720 18265262 18265805 18266349 18266893 18267437
18267982 18268527 18269074 18269623 18270172 18270722 18271275 18271829
18272383 18272938 18273494 18274051 18274609 18275167 18275726 18276287
18276849 18277415 18277982 18278551 18279123 18279698 18280273 18280848
18281424 18282000 18282577 18283156 18283736 18284316 18284896 18285477
18286059 18286644 18287229 18287815 18288402 18288990 18289580 18290170
18290760 18291351 18291944 18292538 18293132 18293727 18294323 18294920
18295517 18296114 18296711 18297308 18297906 18298505 18299105 18299705
18300308 18300912 18301516 18302121 18302726 18303333 18303940 18304550
18305161 18305224 18305419 18305639 18305873 18306117 18306363 18306615
18306882 18307152 18307427 18307707 18307991 18308279 18308572 18308867
18309164 18309463 18309763 18310064 18310370 18310684 18311000 18311318
18311638 18311960 18312288 18312619 18312952 18313286 18313622 18313960
18314302 18314645 18314991 18315337 18315686 18316038 18316391 18316745
18317101 18317458 18317816 18318174 18318533 18318893 18319255 18319620
18319985 18320352 18320720 18321088 18321458 18321830 18322202 18322574
18322947 18323321 18323696 18324072 18324449 18324826 18325204 18325583
18325962 18326343 18326724 18327106 18327488 18327872 18328257 18328644
18329032 18329420 18329808 18330196 18330584 18330972 18331360 18331749
18332138 18332528 18332919 18333310 18333702 18334094 18334486 18334878
18335271 18335665 18336060 18336456 18336852 18337248 18337644 18338040
18338436 18338832 18339229 18339626 18340023 18340421 18340820 18341219
18341618 18342018 18342418 18342818 18343218 18343618 18344018 18344418
18344818 18345218 18345618 18346019 18346420 18346821 18347222 18347623
18348025 18348427 18348830 18349233 18349636 18350042 18350451 18350860
18351272 18351685 18352098 18352512 18352927 18353342 18353758 18354174
18354590 18355007 18355424 18355841 18356261 18356681 18357102 18357524
18357947 18358370 18358793 18359218 18359643 18360068 18360493 18360918
18361344 18361771 18362198 18362625 18363053 18363482 18363911 18364340
18364769 18365199 18365629 18366060 18366491 18366922 18367357 18367793
18368230 18368670 18369110 18369552 18369994 18370438 18370882 18371324
18371767 18372211 18372655 18373099 18373544 18373990 18374434 18374879
18375327 18375775 18376224 18376673 18377123 18377574 18378026 18378478
18378931 18379386 18379841 18380296 18380751 18381207 18381665 18382124
18382583 18383043 18383503 18383964 18384425 18384887 18385349 18385813
18386280 18386751 18387223 18387698 18388175 18388653 18389131 18389611
18390091 18390571 18391054 18391537 18392020 18392505 18392990 18393476
18393962 18394449 18394936 18395425 18395914 18396404 18396895 18397388
18397882 18398377 18398875 18399373 18399873 18400374 18400875 18401379
18401883 18402388 18402897 18403407 18403918 18404430 18404946 18405465
18405987 18406509 18407031 18407553 18408077 18408603 18409130 18409658
18410187 18410719 18411251 18411784 18412318 18412853 18413389 18413925
18414462 18414999 18415538 18416077 18416616 18417156 18417697 18418239
18418781 18419323 18419866 18420410 18420954 18421499 18422044 18422591
18423138 18423687 18424236 18424786 18425339 18425893 18426447 18427002
18427558 18428115 18428673 18429232 18429791 18430352 18430917 18431483
18432050 18432621 18433193 18433768 18434343 18434918 18435494 18436071
18436648 18437227 18437807 18438387 18438967 18439548 18440130 18440715
18441300 18441887 18442474 18443064 18443654 18444244 18444834 18445426
18446020 18446614 18447208 18447804 18448400 18448997 18449594 18450191
18450788 18451385 18451983 18452582 18453182 18453782 18454385 18454989
18455593 18456198 18456805 18457412 18458022 18458633 18459246 18459860
18459923 18460120 18460340 18460576 18460820 18461068 18461321 18461588
18461858 18462133 18462414 18462698 18462987 18463281 18463577 18463875
18464175 18464476 18464777 18465084 18465398 18465714 18466033 18466355
18466678 18467003 18467334 18467667 18468002 18468338 18468679 18469021
18469365 18469711 18470059 18470410 18470762 18471117 18471473 18471831
18472189 18472548 18472907 18473268 18473631 18473996 18474362 18474730
18475098 18475468 18475838 18476210 18476582 18476954 18477328 18477703
18478078 18478454 18478831 18479209 18479587 18479966 18480345 18480726
18481108 18481490 18481872 18482257 18482642 18483030 18483418 18483806
18484194 18484582 18484970 18485358 18485747 18486136 18486525 18486915
18487306 18487697 18488089 18488481 18488873 18489266 18489660 18490055
18490450 18490846 18491242 18491638 18492034 18492430 18492826 18493223
18493620 18494017 18494415 18494814 18495213 18495612 18496011 18496411
18496811 18497211 18497611 18498011 18498411 18498811 18499211 18499611
18500011 18500412 18500813 18501214 18501615 18502016 18502417 18502819
18503222 18503625 18504028 18504431 18504834 18505239 18505648 18506058
18506470 18506883 18507296 18507710 18508124 18508540 18508956 18509372
18509789 18510206 18510623 18511043 18511463 18511884 18512306 18512728
18513151 18513574 18513997 18514422 18514847 18515272 18515697 18516123
18516550 18516977 18517404 18517832 18518260 18518689 18519118 18519547
18519977 18520407 18520838 18521269 18521700 18522131 18522567 18523004
18523443 18523883 18524325 18524767 18525209 18525653 18526095 18526537
18526981 18527425 18527869 18528314 18528758 18529202 18529647 18530095
18530543 18530991 18531440 18531889 18532340 18532792 18533244 18533697
18534152 18534607 18535062 18535517 18535973 18536431 18536890 18537349
18537809 18538269 18538730 18539191 18539653 18540115 18540580 18541048
18541518 18541991 18542467 18542944 18543422 18543901 18544381 18544861
18545342 18545824 18546307 18546790 18547274 18547760 18548246 18548732
18549219 18549708 18550197 18550686 18551177 18551668 18552161 18552656
18553151 18553649 18554148 18554648 18555149 18555651 18556154 18556658
18557163 18557672 18558182 18558693 18559204 18559721 18560240 18560762
18561284 18561807 18562331 18562855 18563381 18563909 18564437 18564966
18565498 18566030 18566563 18567098 18567634 18568170 18568707 18569244
18569781 18570320 18570859 18571398 18571938 18572480 18573022 18573565
18574108 18574652 18575196 18575740 18576285 18576832 18577379 18577928
18578477 18579026 18579576 18580129 18580683 18581238 18581794 18582351
18582908 18583466 18584025 18584584 18585146 18585711 18586278 18586849
18587420 18587993 18588568 18589143 18589719 18590295 18590872 18591450
18592030 18592610 18593190 18593771 18594352 18594936 18595521 18596107
18596694 18597283 18597873 18598463 18599055 18599648 18600242 18600836
18601430 18602025 18602621 18603218 18603815 18604412 18605009 18605607
18606206 18606806 18607406 18608006 18608609 18609213 18609817 18610422
18611028 18611635 18612245 18612858 18613472 18614087 18614702 18615319
18615936 18615999 18616196 18616417 18616653 18616898 18617151 18617410
18617678 18617952 18618231 18618515 18618803 18619093 18619387 18619683
18619982 18620282 18620583 18620885 18621194 18621510 18621827 18622147
18622469 18622796 18623128 18623460 18623793 18624129 18624466 18624807
18625149 18625494 18625840 18626188 18626539 18626892 18627248 18627605
18627963 18628321 18628680 18629040 18629401 18629764 18630129 18630496
18630864 18631232 18631602 18631974 18632346 18632718 18633091 18633465
18633840 18634215 18634591 18634968 18635346 18635725 18636104 18636484
18636865 18637247 18637629 18638011 18638396 18638782 18639170 18639558
18639946 18640334 18640722 18641110 18641498 18641887 18642276 18642666
18643057 18643448 18643839 18644231 18644623 18645015 18645408 18645802
18646197 18646593 18646989 18647385 18647781 18648177 18648573 18648969
18649366 18649763 18650160 18650558 18650957 18651356 18651755 18652155
18652555 18652955 18653355 18653755 18654155 18654555 18654955 18655355
18655755 18656155 18656556 18656957 18657358 18657759 18658160 18658562
18658965 18659368 18659771 18660176 18660583 18660992 18661404 18661816
18662229 18662643 18663057 18663471 18663887 18664303 18664720 18665137
18665554 18665973 18666393 18666813 18667234 18667656 18668079 18668502
18668925 18669350 18669775 18670200 18670625 18671050 18671477 18671904
18672331 18672758 18673186 18673615 18674044 18674473 18674902 18675332
18675763 18676194 18676625 18677057 18677492 18677929 18678368 18678808
18679249 18679691 18680133 18680577 18681019 18681461 18681905 18682349
18682793 18683237 18683681 18684125 18684569 18685017 18685465 18685913
18686362 18686812 18687263 18687715 18688167 18688620 18689074 18689529
18689984 18690439 18690895 18691353 18691812 18692271 18692731 18693191
18693652 18694113 18694575 18695037 18695501 18695969 18696440 18696913
18697389 18697867 18698345 18698823 18699303 18699783 18700264 18700747
18701230 18701713 18702198 18702683 18703169 18703656 18704143 18704632
18705121 18705610 18706101 18706594 18707087 18707580 18708075 18708571
18709069 18709568 18710069 18710570 18711071 18711575 18712079 18712584
18713093 18713603 18714114 18714627 18715144 18715663 18716185 18716707
18717230 18717755 18718281 18718807 18719335 18719864 18720393 18720925
18721457 18721990 18722525 18723061 18723597 18724134 18724671 18725208
18725747 18726286 18726826 18727366 18727908 18728450 18728993 18729537
18730081 18730625 18731169 18731714 18732261 18732809 18733358 18733908
18734458 18735009 18735562 18736116 18736671 18737227 18737784 18738341
18738899 18739458 18740017 18740580 18741146 18741713 18742284 18742856
18743429 18744004 18744579 18745155 18745731 18746308 18746886 18747466
18748046 18748626 18749207 18749789 18750373 18750958 18751545 18752132
18752721 18753311 18753901 18754493 18755087 18755681 18756275 18756869
18757465 18758061 18758658 18759255 18759852 18760449 18761048 18761647
18762247 18762848 18763449 18764052 18764656 18765261 18765866 18766473
18767083 18767694 18768307 18768922 18769538 18770155 18770772 18771390
18772009 18772072 18772267 18772490 18772726 18772972 18773225 18773488
18773756 18774031 18774312 18774598 18774887 18775178 18775473 18775769
18776068 18776368 18776669 18776971 18777284 18777600 18777918 18778238
18778561 18778886 18779218 18779551 18779886 18780222 18780560 18780902
18781245 18781591 18781939 18782288 18782640 18782994 18783350 18783708
18784066 18784424 18784783 18785144 18785506 18785871 18786237 18786604
18786972 18787342 18787712 18788084 18788456 18788828 18789201 18789576
18789951 18790327 18790704 18791082 18791460 18791839 18792218 18792598
18792979 18793361 18793743 18794128 18794513 18794901 18795289 18795677
18796065 18796453 18796841 18797229 18797618 18798007 18798397 18798787
18799178 18799569 18799961 18800353 18800745 18801138 18801532 18801927
18802322 18802718 18803114 18803510 18803906 18804302 18804698 18805094
18805490 18805887 18806284 18806682 18807081 18807480 18807879 18808279
18808679 18809079 18809479 18809879 18810279 18810679 18811079 18811479
18811879 18812280 18812681 18813082 18813483 18813884 18814286 18814689
18815092 18815495 18815901 18816309 18816718 18817129 18817542 18817955
18818369 18818783 18819198 18819613 18820029 18820446 18820863 18821280
18821699 18822119 18822540 18822961 18823383 18823806 18824229 18824653
18825078 18825503 18825928 18826354 18826781 18827208 18827635 18828062
18828489 18828917 18829346 18829775 18830204 18830634 18831064 18831495
18831926 18832357 18832792 18833228 18833664 18834103 18834543 18834984
18835426 18835868 18836310 18836752 18837196 18837640 18838084 18838527
18838971 18839415 18839859 18840307 18840755 18841203 18841652 18842101
18842550 18843001 18843453 18843905 18844358 18844812 18845267 18845722
18846177 18846633 18847091 18847550 18848009 18848469 18848929 18849390
18849851 18850313 18850775 18851239 18851708 18852179 18852652 18853128
18853605 18854083 18854562 18855042 18855522 18856003 18856486 18856969
18857453 18857938 18858424 18858910 18859396 18859883 18860372 18860861
18861350 18861841 18862333 18862826 18863321 18863817 18864315 18864815
18865316 18865817 18866319 18866823 18867327 18867832 18868341 18868851
18869362 18869875 18870393 18870912 18871434 18871956 18872479 18873003
18873529 18874057 18874585 18875114 18875643 18876175 18876707 18877241
18877777 18878313 18878850 18879387 18879924 18880463 18881002 18881541
18882081 18882622 18883164 18883706 18884249 18884793 18885337 18885882
18886427 18886974 18887521 18888070 18888619 18889169 18889722 18890276
18890830 18891384 18891938 18892493 18893050 18893607 18894165 18894724
18895283 18895844 18896409 18896976 18897544 18898115 18898687 18899262
18899837 18900412 18900988 18901565 18902143 18902723 18903303 18903883
18904464 18905046 18905629 18906214 18906800 18907387 18907976 18908566
18909156 18909748 18910342 18910936 18911530 18912126 18912722 18913319
18913916 18914513 18915110 18915707 18916306 18916905 18917505 18918106
18918709 18919313 18919917 18920521 18921126 18921732 18922339 18922949
18923562 18924177 18924792 18925409 18926027 18926647 18927269 18927891
18928513 18929136 18929199 18929394 18929617 18929854 18930100 18930353
18930617 18930888 18931163 18931444 18931730 18932021 18932316 18932614
18932913 18933213 18933515 18933821 18934135 18934452 18934770 18935091
18935414 18935741 18936071 18936403 18936736 18937072 18937409 18937747
18938089 18938433 18938779 18939127 18939477 18939829 18940183 18940540
18940898 18941256 18941615 18941974 18942335 18942698 18943063 18943430
18943797 18944165 18944535 18944905 18945277 18945649 18946022 18946396
18946771 18947147 18947523 18947900 18948278 18948656 18949035 18949415
18949796 18950177 18950559 18950941 18951326 18951713 18952101 18952489
18952877 18953265 18953653 18954041 18954429 18954818 18955207 18955597
18955987 18956378 18956770 18957162 18957554 18957946 18958339 18958733
18959128 18959524 18959920 18960316 18960712 18961108 18961504 18961900
18962296 18962693 18963090 18963487 18963885 18964284 18964683 18965082
18965482 18965882 18966282 18966682 18967082 18967482 18967882 18968282
18968682 18969082 18969482 18969883 18970284 18970685 18971086 18971487
18971888 18972290 18972693 18973096 18973499 18973906 18974314 18974723
18975134 18975546 18975959 18976373 18976787 18977202 18977617 18978032
18978449 18978866 18979283 18979702 18980122 18980543 18980965 18981387
18981810 18982233 18982656 18983081 18983506 18983931 18984357 18984784
18985211 18985638 18986065 18986493 18986921 18987350 18987779 18988208
18988638 18989068 18989499 18989930 18990361 18990793 18991228 18991667
18992106 18992546 18992988 18993428 18993870 18994312 18994754 18995198
18995641 18996084 18996527 18996971 18997415 18997862 18998310 18998758
18999207 18999656 19000106 19000556 19001008 19001460 19001912 19002365
19002820 19003275 19003730 19004186 19004644 19005103 19005562 19006022
19006482 19006943 19007404 19007866 19008328 19008792 19009260 19009731
19010204 19010680 19011158 19011636 19012115 19012595 19013075 19013556
19014039 19014522 19015006 19015491 19015977 19016463 19016950 19017437
19017926 19018415 19018904 19019395 19019888 19020381 19020874 19021369
19021867 19022365 19022865 19023366 19023867 19024369 19024873 19025377
19025882 19026391 19026901 19027412 19027927 19028444 19028963 19029485
19030007 19030530 19031056 19031582 19032110 19032639 19033168 19033699
19034231 19034764 19035298 19035834 19036370 19036907 19037444 19037983
19038522 19039061 19039600 19040140 19040681 19041223 19041766 19042309
19042853 19043397 19043942 19044489 19045036 19045584 19046133 19046682
19047232 19047785 19048339 19048893 19049448 19050004 19050561 19051118
19051676 19052235 19052794 19053355 19053920 19054487 19055056 19055627
19056202 19056777 19057352 19057928 19058504 19059081 19059660 19060240
19060820 19061400 19061981 19062563 19063148 19063733 19064320 19064907
19065496 19066086 19066676 19067268 19067862 19068456 19069050 19069646
19070243 19070840 19071437 19072034 19072631 19073228 19073827 19074427
19075027 19075628 19076232 19076836 19077441 19078046 19078652 19079259
19079869 19080481 19081094 19081709 19082326 19082943 19083561 19084182
19084804 19085427 19086050 19086674 19087298 19087361 19087561 19087785
19088022 19088268 19088518 19088775 19089042 19089312 19089588 19089870
19090158 19090449 19090742 19091037 19091336 19091636 19091937 19092239
19092545 19092860 19093178 19093497 19093819 19094145 19094473 19094806
19095139 19095475 19095814 19096155 19096497 19096841 19097187 19097536
19097886 19098239 19098595 19098951 19099308 19099666 19100024 19100383
19100742 19101102 19101464 19101827 19102192 19102559 19102927 19103295
19103665 19104037 19104409 19104781 19105154 19105528 19105904 19106280
19106657 19107034 19107412 19107791 19108170 19108550 19108931 19109313
19109695 19110077 19110462 19110850 19111238 19111626 19112014 19112402
19112790 19113178 19113567 19113956 19114346 19114736 19115127 19115518
19115910 19116302 19116694 19117087 19117481 19117876 19118272 19118668
19119064 19119460 19119856 19120252 19120648 19121044 19121441 19121838
19122236 19122635 19123034 19123433 19123833 19124233 19124633 19125033
19125433 19125833 19126233 19126633 19127033 19127433 19127833 19128233
19128634 19129035 19129436 19129837 19130238 19130641 19131044 19131451
19131859 19132268 19132679 19133091 19133503 19133916 19134330 19134744
19135159 19135574 19135989 19136405 19136822 19137239 19137659 19138079
19138500 19138922 19139345 19139768 19140191 19140616 19141041 19141466
19141891 19142318 19142745 19143172 19143599 19144026 19144454 19144883
19145312 19145741 19146171 19146601 19147032 19147463 19147893 19148325
19148760 19149196 19149635 19150075 19150516 19150958 19151398 19151838
19152280 19152722 19153165 19153608 19154051 19154493 19154936 19155380
19155824 19156270 19156718 19157166 19157615 19158064 19158514 19158966
19159418 19159871 19160325 19160780 19161235 19161691 19162147 19162605
19163064 19163523 19163983 19164443 19164904 19165366 19165828 19166290
19166756 19167226 19167697 19168171 19168647 19169125 19169603 19170082
19170562 19171042 19171523 19172006 19172489 19172973 19173458 19173944
19174430 19174917 19175405 19175894 19176383 19176874 19177365 19177858
19178353 19178849 19179347 19179845 19180344 19180845 19181346 19181847
19182351 19182855 19183360 19183869 19184378 19184888 19185399 19185915
19186434 19186956 19187478 19188000 19188524 19189050 19189577 19190105
19190634 19191166 19191698 19192231 19192764 19193299 19193835 19194371
19194908 19195445 19195984 19196523 19197063 19197603 19198145 19198687
19199229 19199772 19200316 19200860 19201404 19201949 19202496 19203044
19203593 19204143 19204693 19205246 19205800 19206355 19206910 19207466
19208023 19208580 19209138 19209697 19210256 19210817 19211382 19211949
19212516 19213087 19213660 19214235 19214810 19215386 19215962 19216539
19217118 19217698 19218278 19218858 19219439 19220021 19220606 19221191
19221778 19222365 19222954 19223544 19224134 19224726 19225320 19225914
19226508 19227104 19227701 19228298 19228895 19229492 19230089 19230688
19231287 19231887 19232487 19233089 19233693 19234297 19234902 19235508
19236115 19236725 19237337 19237949 19238563 19239178 19239795 19240412
19241032 19241654 19242276 19242900 19243524 19244150 19244776 19245402
19246029 19246657 19246720 19246920 19247146 19247383 19247629 19247880
19248139 19248406 19248679 19248956 19249240 19249528 19249822 19250118
19250417 19250717 19251018 19251324 19251635 19251951 19252269 19252589
19252911 19253238 19253568 19253900 19254233 19254568 19254904 19255241
19255582 19255925 19256270 19256617 19256967 19257318 19257672 19258028
19258385 19258743 19259101 19259460 19259819 19260180 19260543 19260908
19261274 19261641 19262009 19262379 19262751 19263123 19263495 19263868
19264242 19264616 19264991 19265367 19265744 19266121 19266499 19266878
19267257 19267637 19268018 19268399 19268781 19269163 19269548 19269935
19270323 19270711 19271099 19271487 19271875 19272263 19272652 19273041
19273430 19273820 19274211 19274602 19274994 19275386 19275778 19276170
19276564 19276958 19277353 19277749 19278145 19278541 19278937 19279333
19279729 19280125 19280522 19280919 19281316 19281715 19282114 19282513
19282912 19283312 19283712 19284112 19284512 19284912 19285312 19285712
19286112 19286512 19286912 19287312 19287713 19288114 19288515 19288916
19289317 19289719 19290122 19290527 19290934 19291342 19291751 19292161
19292573 19292985 19293397 19293811 19294225 19294640 19295055 19295471
19295887 19296303 19296722 19297142 19297562 19297983 19298405 19298828
19299251 19299674 19300099 19300524 19300949 19301375 19301802 19302229
19302656 19303084 19303512 19303940 19304369 19304798 19305227 19305656
19306086 19306516 19306946 19307376 19307806 19308239 19308675 19309111
19309550 19309990 19310431 19310871 19311311 19311753 19312195 19312636
19313079 19313522 19313964 19314407 19314851 19315295 19315740 19316188
19316636 19317084 19317533 19317983 19318434 19318886 19319338 19319791
19320244 19320699 19321154 19321609 19322065 19322523 19322982 19323441
19323901 19324361 19324822 19325283 19325745 19326207 19326674 19327142
19327613 19328088 19328564 19329042 19329520 19329999 19330479 19330959
19331440 19331923 19332406 19332890 19333375 19333861 19334347 19334834
19335322 19335811 19336300 19336791 19337282 19337775 19338270 19338765
19339264 19339763 19340263 19340764 19341265 19341767 19342269 19342773
19343278 19343783 19344292 19344803 19345314 19345830 19346349 19346868
19347390 19347913 19348436 19348962 19349489 19350017 19350546 19351078
19351610 19352143 19352678 19353214 19353750 19354286 19354823 19355360
19355899 19356438 19356978 19357518 19358060 19358602 19359145 19359688
19360232 19360776 19361321 19361868 19362415 19362964 19363513 19364063
19364616 19365170 19365724 19366278 19366834 19367391 19367948 19368506
19369065 19369624 19370183 19370745 19371311 19371878 19372447 19373019
19373592 19374167 19374742 19375318 19375894 19376471 19377050 19377630
19378210 19378790 19379371 19379954 19380539 19381124 19381711 19382298
19382888 19383478 19384068 19384661 19385255 19385849 19386443 19387039
19387636 19388233 19388830 19389427 19390025 19390624 19391224 19391824
19392425 19393028 19393632 19394236 19394841 19395447 19396054 19396665
19397278 19397893 19398509 19399126 19399743 19400361 19400982 19401604
19402226 19402850 19403475 19404101 19404728 19405356 19405986 19406616
19407247 19407878 19407941 19408141 19408367 19408605 19408853 19409105
19409367 19409635 19409910 19410189 19410473 19410762 19411055 19411350
19411646 19411945 19412245 19412547 19412854 19413168 19413485 19413804
19414124 19414447 19414776 19415108 19415441 19415774 19416110 19416447
19416786 19417127 19417472 19417818 19418166 19418516 19418868 19419223
19419580 19419937 19420295 19420653 19421012 19421371 19421730 19422091
19422455 19422820 19423187 19423555 19423923 19424293 19424665 19425037
19425409 19425783 19426157 19426532 19426908 19427284 19427661 19428038
19428416 19428795 19429174 19429554 19429935 19430316 19430698 19431083
19431468 19431856 19432244 19432632 19433020 19433408 19433796 19434184
19434573 19434962 19435352 19435742 19436133 19436524 19436916 19437308
19437700 19438093 19438487 19438881 19439277 19439673 19440069 19440465
19440861 19441257 19441653 19442050 19442447 19442844 19443241 19443640
19444039 19444438 19444837 19445237 19445637 19446037 19446437 19446837
19447237 19447637 19448037 19448437 19448837 19449237 19449638 19450039
19450440 19450841 19451244 19451649 19452056 19452464 19452873 19453283
19453693 19454104 19454517 19454930 19455343 19455758 19456173 19456588
19457004 19457420 19457836 19458254 19458673 19459093 19459515 19459938
19460361 19460784 19461209 19461634 19462059 19462484 19462910 19463337
19463764 19464191 19464619 19465048 19465477 19465906 19466335 19466764
19467193 19467623 19468053 19468483 19468914 19469349 19469785 19470224
19470664 19471104 19471544 19471984 19472425 19472867 19473308 19473750
19474193 19474635 19475077 19475521 19475965 19476409 19476857 19477305
19477753 19478202 19478651 19479102 19479554 19480006 19480459 19480914
19481369 19481824 19482280 19482736 19483195 19483654 19484113 19484573
19485034 19485495 19485957 19486419 19486883 19487351 19487822 19488295
19488771 19489249 19489727 19490206 19490686 19491166 19491647 19492130
19492613 19493097 19493582 19494068 19494554 19495041 19495529 19496018
19496508 19496999 19497490 19497984 19498479 19498975 19499474 19499973
19500474 19500975 19501476 19501977 19502478 19502982 19503486 19503990
19504495 19505003 19505513 19506023 19506534 19507051 19507570 19508091
19508613 19509135 19509659 19510185 19510712 19511240 19511769 19512301
19512833 19513367 19513902 19514438 19514975 19515512 19516049 19516586
19517125 19517664 19518204 19518745 19519287 19519829 19520372 19520916
19521460 19522004 19522549 19523096 19523643 19524192 19524741 19525291
19525844 19526398 19526953 19527509 19528065 19528622 19529179 19529737
19530296 19530855 19531417 19531982 19532548 19533115 19533686 19534258
19534833 19535408 19535983 19536559 19537136 19537714 19538294 19538874
19539454 19540035 19540617 19541201 19541786 19542373 19542960 19543549
19544139 19544729 19545321 19545915 19546509 19547103 19547699 19548295
19548892 19549489 19550086 19550684 19551283 19551883 19552483 19553086
19553690 19554294 19554898 19555503 19556109 19556716 19557327 19557939
19558553 19559169 19559786 19560404 19561024 19561644 19562266 19562888
19563512 19564136 19564762 19565389 19566017 19566647 19567278 19567909
19568542 19569175 19569808 19569871 19570071 19570299 19570537 19570782
19571031 19571284 19571550 19571818 19572094 19572378 19572665 19572955
19573249 19573544 19573842 19574142 19574442 19574743 19575046 19575359
19575674 19575992 19576312 19576634 19576961 19577293 19577626 19577959
19578294 19578631 19578972 19579313 19579656 19580002 19580348 19580697
19581049 19581402 19581758 19582116 19582474 19582832 19583191 19583550
19583910 19584271 19584634 19584999 19585364 19585731 19586099 19586469
19586840 19587212 19587584 19587956 19588330 19588705 19589081 19589458
19589835 19590213 19590592 19590971 19591351 19591731 19592112 19592494
19592876 19593261 19593648 19594036 19594424 19594812 19595200 19595588
19595977 19596366 19596755 19597145 19597535 19597926 19598317 19598709
19599101 19599493 19599885 19600279 19600674 19601070 19601466 19601862
19602258 19602654 19603050 19603446 19603842 19604239 19604636 19605034
19605433 19605832 19606231 19606631 19607031 19607431 19607831 19608231
19608631 19609031 19609431 19609831 19610231 19610631 19611031 19611431
19611832 19612233 19612634 19613038 19613445 19613852 19614262 19614672
19615082 19615493 19615904 19616315 19616727 19617140 19617554 19617969
19618384 19618800 19619216 19619632 19620051 19620470 19620890 19621311
19621732 19622154 19622576 19622999 19623424 19623849 19624274 19624701
19625128 19625555 19625981 19626408 19626836 19627264 19627692 19628120
19628549 19628978 19629408 19629838 19630268 19630701 19631136 19631572
19632011 19632449 19632887 19633326 19633766 19634206 19634647 19635088
19635529 19635972 19636414 19636856 19637299 19637743 19638187 19638632
19639080 19639528 19639977 19640426 19640876 19641328 19641780 19642233
19642686 19643141 19643596 19644052 19644508 19644964 19645422 19645881
19646340 19646800 19647260 19647721 19648183 19648645 19649107 19649575
19650046 19650518 19650993 19651471 19651949 19652428 19652908 19653388
19653869 19654352 19654835 19655319 19655804 19656290 19656776 19657263
19657751 19658240 19658730 19659221 19659712 19660206 19660701 19661197
19661696 19662195 19662696 19663197 19663698 19664201 19664705 19665209
19665713 19666218 19666723 19667233 19667743 19668253 19668764 19669281
19669800 19670319 19670841 19671363 19671887 19672413 19672940 19673468
19673997 19674529 19675061 19675595 19676130 19676666 19677203 19677740
19678277 19678816 19679355 19679894 19680434 19680975 19681517 19682059
19682602 19683146 19683690 19684235 19684782 19685330 19685878 19686427
19686977 19687529 19688083 19688637 19689192 19689748 19690305 19690863
19691421 19691980 19692539 19693100 19693665 19694232 19694799 19695370
19695942 19696514 19697089 19697664 19698240 19698816 19699393 19699971
19700551 19701131 19701711 19702292 19702875 19703460 19704045 19704632
19705219 19705809 19706399 19706990 19707583 19708177 19708771 19709367
19709963 19710560 19711157 19711754 19712351 19712950 19713550 19714150
19714751 19715355 19715959 19716564 19717170 19717777 19718387 19718997
19719609 19720223 19720838 19721455 19722072 19722692 19723314 19723936
19724560 19725184 19725808 19726434 19727060 19727688 19728318 19728949
19729581 19730214 19730847 19731480 19732113 19732748 19733384 19734021
19734084 19734284 19734513 19734752 19735001 19735254 19735521 19735791
19736070 19736354 19736642 19736934 19737229 19737525 19737824 19738124
19738425 19738731 19739045 19739361 19739680 19740001 19740323 19740650
19740983 19741316 19741651 19741987 19742326 19742667 19743009 19743352
19743698 19744046 19744396 19744749 19745103 19745459 19745817 19746175
19746534 19746893 19747254 19747615 19747979 19748344 19748710 19749077
19749446 19749816 19750188 19750560 19750932 19751306 19751681 19752057
19752433 19752810 19753188 19753566 19753945 19754325 19754705 19755086
19755467 19755849 19756234 19756620 19757008 19757396 19757784 19758172
19758560 19758949 19759338 19759727 19760117 19760507 19760897 19761288
19761680 19762072 19762464 19762856 19763250 19763644 19764040 19764436
19764832 19765228 19765624 19766020 19766416 19766812 19767209 19767606
19768003 19768402 19768801 19769200 19769600 19770000 19770400 19770800
19771200 19771600 19772000 19772400 19772800 19773200 19773600 19774000
19774400 19774800 19775200 19775601 19776004 19776409 19776815 19777224
19777633 19778043 19778454 19778865 19779276 19779688 19780100 19780513
19780927 19781341 19781756 19782172 19782588 19783004 19783423 19783842
19784262 19784683 19785105 19785527 19785949 19786373 19786797 19787221
19787646 19788072 19788498 19788924 19789350 19789777 19790205 19790633
19791061 19791490 19791919 19792348 19792778 19793208 19793638 19794072
19794508 19794943 19795380 19795818 19796257 19796696 19797135 19797576
19798017 19798457 19798899 19799341 19799783 19800227 19800671 19801115
19801563 19802011 19802459 19802908 19803358 19803809 19804261 19804713
19805166 19805621 19806076 19806532 19806988 19807446 19807904 19808363
19808822 19809282 19809742 19810203 19810665 19811127 19811591 19812059
19812529 19813003 19813479 19813957 19814435 19814914 19815393 19815873
19816354 19816836 19817319 19817803 19818288 19818774 19819260 19819747
19820235 19820724 19821214 19821705 19822197 19822691 19823186 19823684
19824183 19824682 19825183 19825684 19826186 19826690 19827194 19827699
19828208 19828717 19829227 19829738 19830249 19830762 19831278 19831797
19832319 19832841 19833364 19833888 19834414 19834942 19835471 19836000
19836532 19837064 19837598 19838134 19838670 19839207 19839744 19840283
19840822 19841361 19841901 19842442 19842984 19843526 19844069 19844612
19845156 19845701 19846246 19846793 19847342 19847891 19848441 19848991
19849544 19850098 19850653 19851209 19851765 19852322 19852880 19853439
19853998 19854560 19855123 19855688 19856255 19856826 19857398 19857973
19858548 19859123 19859698 19860274 19860851 19861429 19862009 19862589
19863169 19863750 19864332 19864916 19865501 19866088 19866675 19867265
19867855 19868445 19869038 19869632 19870226 19870820 19871416 19872013
19872610 19873207 19873804 19874402 19875001 19875601 19876202 19876806
19877410 19878015 19878620 19879227 19879837 19880449 19881063 19881678
19882293 19882910 19883527 19884147 19884769 19885391 19886015 19886639
19887265 19887891 19888518 19889146 19889776 19890407 19891039 19891672
19892305 19892938 19893571 19894206 19894842 19895479 19896116 19896754
19897392 19897455 19897655 19897879 19898117 19898366 19898619 19898882
19899152 19899429 19899712 19899999 19900292 19900587 19900883 19901182
19901482 19901784 19902092 19902407 19902723 19903042 19903364 19903687
19904016 19904349 19904684 19905020 19905360 19905701 19906044 19906388
19906734 19907082 19907432 19907785 19908140 19908497 19908855 19909213
19909572 19909931 19910291 19910652 19911016 19911382 19911748 19912116
19912486 19912856 19913228 19913600 19913972 19914346 19914722 19915098
19915474 19915851 19916228 19916606 19916985 19917364 19917744 19918124
19918505 19918887 19919269 19919654 19920042 19920430 19920818 19921206
19921594 19921982 19922371 19922760 19923149 19923539 19923929 19924320
19924711 19925103 19925495 19925887 19926279 19926673 19927067 19927463
19927859 19928255 19928651 19929047 19929443 19929839 19930235 19930632
19931029 19931426 19931824 19932223 19932622 19933021 19933421 19933821
19934221 19934621 19935021 19935421 19935821 19936221 19936621 19937021
19937421 19937821 19938221 19938621 19939022 19939427 19939833 19940242
19940652 19941062 19941472 19941883 19942294 19942706 19943118 19943530
19943943 19944357 19944771 19945187 19945603 19946019 19946437 19946856
19947276 19947697 19948119 19948541 19948963 19949387 19949811 19950235
19950659 19951085 19951511 19951937 19952364 19952791 19953219 19953647
19954075 19954504 19954933 19955363 19955793 19956223 19956653 19957087
19957522 19957959 19958396 19958834 19959272 19959711 19960150 19960590
19961031 19961472 19961913 19962355 19962797 19963239 19963682 19964126
19964571 19965017 19965465 19965914 19966363 19966813 19967265 19967717
19968169 19968622 19969077 19969532 19969988 19970444 19970902 19971361
19971820 19972279 19972739 19973199 19973660 19974122 19974584 19975048
19975516 19975987 19976461 19976936 19977414 19977892 19978371 19978851
19979331 19979812 19980295 19980778 19981262 19981747 19982233 19982719
19983205 19983693 19984181 19984670 19985161 19985652 19986144 19986639
19987134 19987632 19988131 19988631 19989132 19989633 19990135 19990639
19991144 19991649 19992158 19992668 19993178 19993688 19994199 19994712
19995229 19995748 19996267 19996789 19997311 19997834 19998359 19998885
19999413 19999942 20000474 20001006 20001539 20002074 20002610 20003146
20003683 20004220 20004759 20005298 20005837 20006377 20006919 20007461
20008003 20008546 20009090 20009634 20010179 20010726 20011273 20011822
20012372 20012922 20013475 20014029 20014583 20015138 20015694 20016251
20016808 20017366 20017925 20018486 20019050 20019616 20020183 20020750
20021321 20021894 20022469 20023044 20023619 20024195 20024771 20025348
20025928 20026508 20027088 20027668 20028249 20028831 20029416 20030001
20030588 20031177 20031767 20032357 20032949 20033542 20034136 20034730
20035326 20035922 20036519 20037116 20037713 20038311 20038910 20039510
20040110 20040712 20041316 20041920 20042525 20043131 20043738 20044348
20044961 20045576 20046192 20046809 20047426 20048045 20048665 20049287
20049910 20050534 20051160 20051786 20052413 20053043 20053674 20054305
20054936 20055569 20056202 20056835 20057468 20058103 20058738 20059375
20060012 20060649 20061288 20061927 20062566 20062629 20062830 20063055
20063295 20063541 20063793 20064048 20064316 20064587 20064868 20065152
20065441 20065734 20066029 20066325 20066624 20066925 20067227 20067538
20067854 20068171 20068491 20068813 20069137 20069467 20069800 20070134
20070470 20070809 20071150 20071494 20071838 20072186 20072534 20072884
20073238 20073594 20073951 20074309 20074667 20075026 20075386 20075747
20076110 20076475 20076841 20077208 20077576 20077946 20078317 20078689
20079061 20079433 20079807 20080183 20080560 20080937 20081315 20081693
20082072 20082451 20082831 20083211 20083592 20083974 20084357 20084742
20085130 20085518 20085906 20086294 20086682 20087070 20087459 20087848
20088237 20088627 20089018 20089409 20089800 20090192 20090584 20090976
20091370 20091764 20092159 20092555 20092951 20093347 20093743 20094139
20094535 20094931 20095328 20095725 20096122 20096520 20096919 20097318
20097717 20098117 20098517 20098917 20099317 20099717 20100117 20100517
20100917 20101317 20101717 20102117 20102517 20102917 20103317 20103717
20104117 20104521 20104927 20105334 20105743 20106153 20106563 20106974
20107385 20107797 20108209 20108622 20109035 20109448 20109863 20110278
20110694 20111110 20111529 20111948 20112368 20112789 20113210 20113632
20114054 20114478 20114902 20115326 20115750 20116176 20116602 20117028
20117454 20117882 20118310 20118738 20119166 20119595 20120024 20120454
20120884 20121314 20121745 20122179 20122614 20123051 20123488 20123925
20124363 20124802 20125241 20125681 20126122 20126562 20127004 20127446
20127888 20128331 20128775 20129219 20129663 20130110 20130558 20131007
20131456 20131906 20132358 20132810 20133262 20133715 20134170 20134625
20135081 20135537 20135995 20136454 20136913 20137373 20137833 20138293
20138754 20139216 20139678 20140145 20140615 20141086 20141561 20142038
20142516 20142994 20143473 20143953 20144434 20144915 20145398 20145882
20146366 20146851 20147337 20147824 20148312 20148801 20149291 20149782
20150274 20150768 20151263 20151761 20152260 20152759 20153260 20153761
20154262 20154766 20155270 20155775 20156284 20156793 20157303 20157814
20158327 20158840 20159353 20159868 20160387 20160909 20161431 20161953
20162475 20162999 20163525 20164052 20164581 20165110 20165642 20166174
20166707 20167243 20167779 20168316 20168853 20169392 20169931 20170470
20171010 20171551 20172093 20172636 20173179 20173723 20174267 20174812
20175357 20175904 20176453 20177002 20177552 20178105 20178659 20179214
20179769 20180325 20180882 20181439 20181997 20182556 20183117 20183681
20184247 20184814 20185385 20185956 20186528 20187103 20187678 20188253
20188829 20189406 20189983 20190561 20191141 20191721 20192301 20192882
20193465 20194050 20194635 20195222 20195809 20196399 20196989 20197580
20198173 20198767 20199361 20199957 20200554 20201151 20201748 20202345
20202943 20203542 20204142 20204742 20205345 20205949 20206553 20207158
20207765 20208372 20208983 20209597 20210212 20210829 20211446 20212064
20212685 20213307 20213929 20214552 20215176 20215802 20216428 20217055
20217685 20218316 20218947 20219580 20220213 20220846 20221479 20222112
20222746 20223382 20224019 20224656 20225294 20225933 20226572 20227211
20227851 20228493 20228556 20228756 20228982 20229222 20229468 20229720
20229978 20230246 20230520 20230801 20231086 20231376 20231670 20231966
20232263 20232563 20232864 20233165 20233479 20233797 20234117 20234439
20234766 20235097 20235430 20235765 20236104 20236445 20236787 20237133
20237481 20237830 20238182 20238537 20238893 20239251 20239609 20239968
20240327 20240687 20241048 20241411 20241775 20242140 20242506 20242873
20243242 20243612 20243984 20244356 20244728 20245102 20245477 20245853
20246230 20246607 20246985 20247363 20247742 20248121 20248501 20248881
20249261 20249642 20250024 20250409 20250796 20251184 20251572 20251960
20252348 20252736 20253125 20253514 20253903 20254293 20254683 20255073
20255464 20255855 20256247 20256639 20257031 20257423 20257817 20258211
20258607 20259003 20259399 20259795 20260191 20260587 20260983 20261379
20261776 20262173 20262572 20262971 20263370 20263769 20264168 20264568
20264968 20265368 20265768 20266168 20266568 20266968 20267368 20267768
20268168 20268568 20268968 20269368 20269768 20270171 20270577 20270985
20271393 20271803 20272214 20272625 20273036 20273447 20273858 20274271
20274684 20275097 20275511 20275925 20276339 20276755 20277174 20277593
20278013 20278434 20278856 20279278 20279700 20280124 20280548 20280972
20281397 20281823 20282249 20282675 20283102 20283530 20283958 20284386
20284814 20285243 20285673 20286103 20286532 20286961 20287393 20287827
20288260 20288696 20289133 20289570 20290008 20290447 20290886 20291327
20291767 20292207 20292649 20293091 20293532 20293974 20294417 20294860
20295304 20295751 20296198 20296646 20297096 20297548 20298000 20298452
20298905 20299360 20299815 20300271 20300727 20301185 20301643 20302102
20302561 20303021 20303481 20303941 20304402 20304864 20305326 20305791
20306261 20306732 20307206 20307683 20308161 20308639 20309118 20309598
20310078 20310559 20311042 20311525 20312009 20312495 20312981 20313468
20313956 20314444 20314934 20315425 20315916 20316410 20316905 20317402
20317901 20318400 20318901 20319402 20319904 20320407 20320911 20321416
20321921 20322430 20322940 20323451 20323967 20324486 20325005 20325524
20326043 20326565 20327088 20327611 20328137 20328665 20329193 20329722
20330254 20330786 20331320 20331856 20332392 20332929 20333466 20334005
20334544 20335084 20335624 20336166 20336708 20337251 20337795 20338339
20338884 20339429 20339976 20340523 20341072 20341621 20342172 20342725
20343279 20343834 20344390 20344947 20345504 20346062 20346620 20347179
20347740 20348304 20348871 20349440 20350011 20350584 20351159 20351734
20352309 20352885 20353462 20354039 20354618 20355198 20355778 20356358
20356938 20357520 20358103 20358688 20359275 20359862 20360451 20361041
20361631 20362224 20362818 20363412 20364006 20364602 20365199 20365796
20366393 20366990 20367588 20368187 20368787 20369388 20369992 20370596
20371201 20371807 20372414 20373024 20373637 20374251 20374866 20375483
20376101 20376721 20377343 20377965 20378589 20379213 20379839 20380465
20381092 20381722 20382352 20382983 20383616 20384249 20384882 20385515
20386148 20386781 20387416 20388053 20388690 20389327 20389966 20390605
20391244 20391883 20392525 20393167 20393812 20394457 20394520 20394721
20394948 20395188 20395435 20395688 20395947 20396215 20396490 20396774
20397061 20397353 20397648 20397944 20398243 20398543 20398844 20399149
20399464 20399782 20400101 20400422 20400747 20401075 20401408 20401743
20402079 20402417 20402757 20403099 20403444 20403790 20404139 20404489
20404842 20405198 20405555 20405913 20406272 20406631 20406991 20407352
20407715 20408079 20408443 20408809 20409176 20409543 20409913 20410285
20410657 20411029 20411402 20411776 20412152 20412529 20412906 20413284
20413662 20414041 20414420 20414799 20415179 20415559 20415940 20416322
20416706 20417091 20417479 20417867 20418255 20418643 20419031 20419419
20419808 20420198 20420588 20420978 20421368 20421759 20422150 20422542
20422934 20423326 20423718 20424112 20424506 20424900 20425296 20425692
20426088 20426484 20426880 20427276 20427672 20428069 20428466 20428863
20429262 20429661 20430060 20430459 20430859 20431259 20431659 20432059
20432459 20432859 20433259 20433659 20434059 20434459 20434859 20435259
20435659 20436059 20436459 20436861 20437266 20437671 20438079 20438488
20438898 20439309 20439720 20440132 20440544 20440956 20441368 20441780
20442194 20442608 20443022 20443439 20443856 20444273 20444693 20445114
20445535 20445957 20446379 20446803 20447227 20447651 20448075 20448501
20448927 20449353 20449780 20450208 20450636 20451064 20451492 20451920
20452349 20452777 20453205 20453634 20454066 20454499 20454935 20455372
20455809 20456247 20456686 20457125 20457565 20458005 20458445 20458886
20459327 20459768 20460210 20460653 20461096 20461542 20461989 20462436
20462884 20463334 20463785 20464237 20464690 20465143 20465598 20466054
20466510 20466966 20467425 20467884 20468343 20468803 20469263 20469723
20470184 20470646 20471108 20471570 20472037 20472507 20472979 20473454
20473932 20474410 20474889 20475368 20475848 20476329 20476812 20477295
20477779 20478264 20478750 20479236 20479724 20480212 20480701 20481192
20481683 20482177 20482672 20483168 20483667 20484166 20484666 20485167
20485668 20486170 20486674 20487179 20487684 20488193 20488703 20489214
20489727 20490245 20490764 20491286 20491808 20492331 20492854 20493379
20493906 20494434 20494963 20495495 20496027 20496560 20497096 20497632
20498169 20498706 20499243 20499782 20500321 20500861 20501402 20501944
20502487 20503031 20503575 20504119 20504664 20505211 20505760 20506309
20506858 20507408 20507961 20508515 20509070 20509626 20510183 20510741
20511299 20511858 20512417 20512978 20513542 20514109 20514678 20515249
20515822 20516397 20516972 20517548 20518124 20518701 20519278 20519858
20520438 20521018 20521598 20522179 20522761 20523345 20523930 20524517
20525104 20525694 20526284 20526874 20527467 20528061 20528655 20529250
20529846 20530443 20531040 20531637 20532234 20532833 20533433 20534033
20534635 20535239 20535843 20536448 20537055 20537662 20538273 20538887
20539502 20540119 20540736 20541354 20541975 20542597 20543220 20543844
20544470 20545096 20545724 20546352 20546982 20547613 20548244 20548877
20549510 20550143 20550776 20551411 20552048 20552685 20553322 20553959
20554597 20555236 20555875 20556514 20557156 20557798 20558441 20559087
20559733 20560380 20561027 20561674 20561737 20561942 20562170 20562412
20562660 20562913 20563175 20563445 20563721 20564002 20564287 20564579
20564874 20565173 20565473 20565774 20566079 20566395 20566713 20567033
20567355 20567682 20568011 20568344 20568680 20569016 20569357 20569698
20570040 20570384 20570732 20571081 20571431 20571785 20572141 20572498
20572856 20573215 20573574 20573935 20574296 20574659 20575023 20575388
20575754 20576121 20576489 20576859 20577231 20577603 20577975 20578349
20578723 20579099 20579476 20579853 20580231 20580609 20580988 20581367
20581746 20582126 20582506 20582886 20583267 20583649 20584034 20584420
20584808 20585196 20585584 20585972 20586360 20586749 20587138 20587528
20587918 20588308 20588699 20589090 20589482 20589874 20590266 20590658
20591052 20591446 20591842 20592238 20592634 20593030 20593426 20593822
20594218 20594614 20595011 20595408 20595807 20596206 20596605 20597004
20597404 20597804 20598204 20598604 20599004 20599404 20599804 20600204
20600604 20601004 20601404 20601804 20602204 20602604 20603006 20603411
20603818 20604225 20604634 20605044 20605455 20605866 20606278 20606690
20607102 20607514 20607926 20608339 20608752 20609165 20609582 20609999
20610416 20610834 20611254 20611675 20612097 20612519 20612943 20613367
20613791 20614216 20614642 20615068 20615494 20615921 20616349 20616776
20617203 20617630 20618057 20618484 20618911 20619338 20619767 20620200
20620633 20621069 20621506 20621944 20622383 20622821 20623259 20623699
20624138 20624579 20625020 20625461 20625903 20626346 20626789 20627233
20627680 20628127 20628575 20629023 20629473 20629925 20630377 20630830
20631285 20631740 20632196 20632652 20633108 20633567 20634026 20634486
20634946 20635406 20635867 20636328 20636790 20637255 20637722 20638190
20638661 20639135 20639611 20640089 20640567 20641046 20641526 20642007
20642488 20642971 20643455 20643939 20644424 20644910 20645398 20645886
20646375 20646865 20647356 20647848 20648342 20648838 20649336 20649835
20650335 20650836 20651337 20651839 20652343 20652847 20653352 20653861
20654371 20654882 20655393 20655909 20656428 20656950 20657472 20657995
20658520 20659046 20659572 20660100 20660629 20661158 20661687 20662219
20662752 20663286 20663822 20664359 20664896 20665433 20665972 20666511
20667051 20667592 20668134 20668677 20669221 20669765 20670309 20670854
20671401 20671950 20672499 20673049 20673599 20674152 20674706 20675261
20675817 20676374 20676931 20677489 20678048 20678609 20679173 20679738
20680305 20680872 20681443 20682017 20682592 20683167 20683743 20684319
20684896 20685475 20686055 20686635 20687215 20687796 20688377 20688961
20689546 20690131 20690717 20691304 20691894 20692484 20693075 20693668
20694262 20694856 20695452 20696048 20696645 20697242 20697839 20698437
20699036 20699636 20700236 20700839 20701443 20702047 20702652 20703258
20703866 20704478 20705091 20705706 20706321 20706938 20707555 20708175
20708797 20709419 20710043 20710668 20711294 20711920 20712549 20713179
20713810 20714441 20715073 20715706 20716339 20716972 20717605 20718240
20718877 20719514 20720151 20720789 20721428 20722067 20722706 20723345
20723987 20724629 20725274 20725920 20726566 20727213 20727860 20728509
20729160 20729811 20729874 20730080 20730309 20730546 20730790 20731039
20731293 20731557 20731827 20732103 20732384 20732670 20732963 20733258
20733557 20733858 20734161 20734469 20734786 20735105 20735425 20735747
20736074 20736405 20736738 20737074 20737411 20737751 20738092 20738435
20738780 20739128 20739477 20739828 20740183 20740540 20740898 20741256
20741615 20741975 20742336 20742697 20743061 20743426 20743791 20744157
20744524 20744893 20745263 20745635 20746007 20746379 20746753 20747129
20747505 20747882 20748260 20748638 20749017 20749396 20749775 20750155
20750535 20750915 20751296 20751677 20752061 20752446 20752833 20753221
20753609 20753997 20754385 20754774 20755163 20755552 20755942 20756332
20756723 20757114 20757506 20757898 20758290 20758682 20759075 20759469
20759864 20760260 20760656 20761052 20761448 20761844 20762240 20762636
20763033 20763430 20763827 20764226 20764625 20765024 20765424 20765824
20766224 20766624 20767024 20767424 20767824 20768224 20768624 20769024
20769424 20769824 20770224 20770627 20771031 20771437 20771844 20772252
20772661 20773071 20773482 20773894 20774306 20774718 20775131 20775544
20775957 20776370 20776783 20777198 20777614 20778032 20778450 20778869
20779289 20779709 20780130 20780553 20780976 20781399 20781823 20782248
20782673 20783098 20783524 20783951 20784378 20784803 20785228 20785654
20786081 20786508 20786935 20787366 20787799 20788233 20788669 20789105
20789542 20789980 20790418 20790855 20791294 20791733 20792172 20792613
20793054 20793495 20793937 20794380 20794823 20795267 20795714 20796161
20796609 20797057 20797508 20797960 20798412 20798865 20799320 20799776
20800232 20800688 20801146 20801605 20802064 20802524 20802984 20803445
20803906 20804368 20804830 20805296 20805766 20806237 20806709 20807184
20807662 20808140 20808619 20809099 20809579 20810060 20810543 20811026
20811510 20811995 20812481 20812968 20813456 20813944 20814434 20814925
20815417 20815911 20816406 20816903 20817400 20817899 20818398 20818899
20819400 20819902 20820404 20820908 20821413 20821918 20822427 20822937
20823448 20823963 20824482 20825001 20825523 20826046 20826569 20827095
20827623 20828151 20828679 20829208 20829740 20830272 20830806 20831342
20831878 20832415 20832952 20833491 20834030 20834570 20835110 20835652
20836195 20836738 20837282 20837826 20838371 20838918 20839466 20840015
20840565 20841118 20841672 20842226 20842781 20843337 20843894 20844451
20845009 20845568 20846129 20846694 20847260 20847828 20848397 20848968
20849540 20850115 20850690 20851266 20851842 20852420 20852999 20853579
20854159 20854739 20855319 20855901 20856486 20857071 20857657 20858244
20858832 20859421 20860011 20860602 20861195 20861789 20862383 20862978
20863574 20864171 20864768 20865365 20865963 20866562 20867162 20867762
20868365 20868969 20869574 20870179 20870786 20871396 20872008 20872622
20873237 20873854 20874472 20875090 20875710 20876332 20876954 20877578
20878202 20878828 20879455 20880083 20880713 20881344 20881976 20882609
20883242 20883875 20884508 20885142 20885778 20886415 20887052 20887690
20888329 20888968 20889607 20890246 20890885 20891527 20892170 20892815
20893461 20894107 20894754 20895402 20896052 20896703 20897354 20898005
20898656 20898719 20898923 20899154 20899396 20899645 20899898 20900165
20900439 20900717 20901001 20901287 20901579 20901875 20902175 20902476
20902781 20903094 20903412 20903733 20904057 20904387 20904719 20905054
20905390 20905730 20906071 20906414 20906759 20907108 20907458 20907811
20908167 20908525 20908883 20909242 20909602 20909963 20910324 20910688
20911053 20911419 20911785 20912154 20912524 20912896 20913268 20913640
20914013 20914388 20914764 20915141 20915519 20915897 20916276 20916655
20917034 20917414 20917794 20918174 20918554 20918935 20919316 20919700
20920087 20920475 20920863 20921251 20921639 20922027 20922416 20922805
20923195 20923585 20923976 20924367 20924758 20925149 20925541 20925933
20926325 20926718 20927112 20927506 20927902 20928298 20928694 20929090
20929486 20929882 20930278 20930674 20931071 20931468 20931867 20932266
20932665 20933064 20933464 20933864 20934264 20934664 20935064 20935464
20935864 20936264 20936664 20937064 20937464 20937864 20938264 20938668
20939073 20939480 20939888 20940296 20940705 20941114 20941525 20941937
20942350 20942763 20943176 20943589 20944002 20944415 20944831 20945247
20945664 20946082 20946501 20946920 20947339 20947758 20948179 20948600
20949021 20949443 20949866 20950289 20950712 20951136 20951561 20951986
20952411 20952837 20953263 20953690 20954117 20954544 20954974 20955407
20955842 20956278 20956714 20957150 20957587 20958024 20958463 20958902
20959341 20959782 20960223 20960664 20961106 20961549 20961992 20962438
20962885 20963332 20963780 20964228 20964679 20965131 20965583 20966036
20966491 20966946 20967402 20967858 20968316 20968775 20969235 20969695
20970156 20970617 20971079 20971544 20972009 20972479 20972949 20973423
20973899 20974377 20974855 20975333 20975812 20976292 20976773 20977254
20977737 20978221 20978706 20979191 20979677 20980165 20980653 20981143
20981634 20982126 20982618 20983113 20983609 20984108 20984607 20985107
20985608 20986109 20986610 20987112 20987616 20988121 20988626 20989135
20989645 20990156 20990669 20991187 20991706 20992228 20992750 20993273
20993799 20994326 20994854 20995383 20995915 20996447 20996979 20997513
20998049 20998585 20999121 20999658 21000195 21000734 21001273 21001813
21002353 21002895 21003437 21003980 21004524 21005068 21005613 21006160
21006708 21007257 21007807 21008360 21008914 21009469 21010025 21010582
21011139 21011696 21012254 21012813 21013374 21013939 21014506 21015074
21015645 21016218 21016793 21017368 21017943 21018519 21019096 21019674
21020254 21020834 21021414 21021995 21022577 21023161 21023746 21024331
21024918 21025506 21026096 21026686 21027277 21027869 21028462 21029056
21029650 21030246 21030843 21031440 21032037 21032634 21033233 21033832
21034432 21035033 21035636 21036240 21036845 21037450 21038057 21038668
21039280 21039895 21040512 21041129 21041747 21042369 21042991 21043615
21044239 21044865 21045491 21046119 21046749 21047380 21048012 21048645
21049278 21049911 21050544 21051179 21051814 21052451 21053088 21053725
21054364 21055003 21055642 21056282 21056924 21057566 21058211 21058856
21059502 21060148 21060795 21061442 21062091 21062742 21063393 21064044
21064696 21065348 21066004 21066663 21067322 21067385 21067593 21067824
21068062 21068307 21068557 21068813 21069080 21069355 21069634 21069918
21070206 21070499 21070795 21071095 21071396 21071704 21072017 21072335
21072655 21072976 21073303 21073634 21073967 21074302 21074641 21074981
21075322 21075664 21076007 21076352 21076700 21077049 21077400 21077753
21078109 21078467 21078825 21079184 21079544 21079905 21080266 21080630
21080995 21081361 21081728 21082097 21082467 21082839 21083211 21083583
21083957 21084333 21084709 21085086 21085464 21085843 21086222 21086601
21086980 21087360 21087740 21088120 21088500 21088881 21089263 21089648
21090035 21090423 21090811 21091199 21091587 21091975 21092364 21092753
21093143 21093534 21093925 21094316 21094707 21095099 21095491 21095883
21096275 21096668 21097062 21097457 21097853 21098249 21098645 21099041
21099437 21099833 21100229 21100626 21101023 21101420 21101819 21102218
21102617 21103017 21103417 21103817 21104217 21104617 21105017 21105417
21105817 21106217 21106617 21107017 21107417 21107819 21108224 21108631
21109038 21109445 21109853 21110262 21110671 21111081 21111492 21111904
21112317 21112730 21113143 21113556 21113971 21114387 21114803 21115220
21115637 21116055 21116474 21116893 21117312 21117733 21118154 21118575
21118996 21119419 21119842 21120265 21120689 21121113 21121538 21121963
21122388 21122814 21123241 21123668 21124095 21124526 21124958 21125391
21125826 21126261 21126696 21127133 21127570 21128009 21128448 21128887
21129328 21129769 21130210 21130652 21131095 21131538 21131982 21132429
21132876 21133324 21133773 21134223 21134675 21135127 21135580 21136035
21136491 21136947 21137403 21137862 21138321 21138781 21139241 21139701
21140162 21140624 21141089 21141558 21142028 21142500 21142974 21143450
21143928 21144406 21144884 21145363 21145843 21146324 21146805 21147288
21147772 21148257 21148743 21149229 21149717 21150205 21150695 21151186
21151678 21152170 21152665 21153162 21153661 21154160 21154661 21155162
21155663 21156167 21156671 21157176 21157681 21158190 21158700 21159211
21159724 21160242 21160761 21161283 21161805 21162329 21162855 21163382
21163911 21164440 21164972 21165505 21166038 21166572 21167108 21167644
21168181 21168718 21169255 21169794 21170333 21170873 21171414 21171956
21172499 21173042 21173586 21174130 21174675 21175222 21175771 21176320
21176870 21177423 21177977 21178532 21179088 21179645 21180203 21180761
21181320 21181879 21182440 21183005 21183572 21184141 21184713 21185288
21185863 21186438 21187014 21187590 21188167 21188745 21189325 21189905
21190485 21191066 21191648 21192233 21192818 21193404 21193991 21194580
21195170 21195760 21196352 21196946 21197540 21198134 21198729 21199325
21199922 21200519 21201116 21201713 21202312 21202912 21203512 21204115
21204719 21205323 21205928 21206535 21207143 21207755 21208369 21208984
21209601 21210219 21210839 21211461 21212084 21212708 21213334 21213960
21214587 21215217 21215848 21216479 21217112 21217745 21218378 21219011
21219646 21220282 21220919 21221556 21222193 21222831 21223470 21224109
21224748 21225390 21226032 21226675 21227321 21227967 21228613 21229260
21229907 21230556 21231206 21231857 21232508 21233159 21233811 21234467
21235125 21235785 21236446 21237108 21237171 21237378 21237611 21237855
21238106 21238361 21238629 21238904 21239183 21239467 21239756 21240049
21240346 21240646 21240947 21241260 21241577 21241896 21242217 21242539
21242866 21243198 21243531 21243867 21244207 21244548 21244889 21245232
21245576 21245923 21246272 21246624 21246978 21247335 21247693 21248051
21248410 21248771 21249132 21249496 21249861 21250227 21250593 21250960
21251330 21251701 21252073 21252445 21252818 21253192 21253568 21253944
21254321 21254700 21255079 21255458 21255838 21256218 21256598 21256978
21257358 21257740 21258124 21258510 21258898 21259286 21259674 21260062
21260450 21260839 21261228 21261618 21262008 21262399 21262790 21263181
21263573 21263965 21264357 21264750 21265144 21265538 21265933 21266329
21266725 21267121 21267517 21267913 21268309 21268705 21269102 21269499
21269898 21270297 21270696 21271096 21271496 21271896 21272296 21272696
21273096 21273496 21273896 21274296 21274696 21275096 21275496 21275900
21276305 21276712 21277120 21277528 21277937 21278346 21278756 21279166
21279577 21279989 21280402 21280817 21281233 21281649 21282065 21282481
21282898 21283316 21283734 21284153 21284572 21284992 21285413 21285834
21286255 21286676 21287099 21287522 21287945 21288369 21288794 21289219
21289644 21290070 21290496 21290923 21291350 21291777 21292207 21292639
21293072 21293506 21293941 21294377 21294814 21295251 21295690 21296129
21296568 21297007 21297448 21297889 21298330 21298772 21299215 21299659
21300106 21300553 21301001 21301449 21301899 21302351 21302803 21303256
21303711 21304166 21304622 21305078 21305535 21305994 21306453 21306913
21307373 21307834 21308296 21308760 21309229 21309699 21310173 21310647
21311123 21311601 21312079 21312558 21313037 21313516 21313997 21314478
21314961 21315445 21315930 21316415 21316901 21317389 21317877 21318367
21318858 21319350 21319843 21320339 21320835 21321334 21321833 21322334
21322835 21323337 21323839 21324341 21324845 21325350 21325855 21326364
21326874 21327385 21327898 21328417 21328936 21329458 21329980 21330503
21331029 21331557 21332085 21332614 21333146 21333678 21334212 21334748
21335284 21335820 21336357 21336894 21337433 21337972 21338511 21339051
21339592 21340134 21340677 21341220 21341764 21342309 21342854 21343401
21343950 21344499 21345049 21345603 21346157 21346712 21347268 21347825
21348383 21348942 21349501 21350060 21350622 21351188 21351755 21352326
21352898 21353473 21354048 21354624 21355200 21355777 21356354 21356934
21357514 21358094 21358675 21359256 21359840 21360425 21361011 21361598
21362187 21362777 21363367 21363958 21364552 21365146 21365740 21366336
21366932 21367528 21368124 21368721 21369318 21369915 21370513 21371112
21371712 21372313 21372917 21373521 21374126 21374732 21375339 21375949
21376562 21377177 21377794 21378411 21379029 21379650 21380272 21380896
21381520 21382146 21382772 21383400 21384028 21384658 21385289 21385921
21386554 21387187 21387820 21388455 21389090 21389727 21390364 21391002
21391641 21392280 21392919 21393558 21394198 21394840 21395483 21396128
21396774 21397420 21398067 21398715 21399363 21400013 21400664 21401315
21401966 21402618 21403272 21403928 21404587 21405248 21405910 21406576
21407243 21407911 21407974 21408182 21408416 21408661 21408913 21409172
21409440 21409716 21409997 21410281 21410571 21410866 21411164 21411464
21411765 21412068 21412381 21412697 21413017 21413338 21413661 21413989
21414321 21414655 21414991 21415331 21415672 21416014 21416357 21416701
21417048 21417397 21417746 21418099 21418455 21418813 21419171 21419530
21419890 21420251 21420613 21420977 21421343 21421709 21422075 21422443
21422813 21423185 21423557 21423929 21424302 21424677 21425053 21425430
21425808 21426187 21426566 21426946 21427326 21427706 21428086 21428466
21428846 21429227 21429610 21429994 21430381 21430769 21431157 21431545
21431933 21432321 21432710 21433100 21433490 21433880 21434271 21434662
21435054 21435446 21435838 21436230 21436623 21437017 21437412 21437808
21438204 21438600 21438996 21439392 21439788 21440184 21440581 21440978
21441375 21441774 21442173 21442572 21442972 21443372 21443772 21444172
21444572 21444972 21445372 21445772 21446172 21446572 21446972 21447376
21447782 21448189 21448597 21449006 21449415 21449824 21450234 21450644
21451055 21451466 21451877 21452292 21452708 21453124 21453541 21453959
21454377 21454796 21455215 21455634 21456054 21456475 21456896 21457317
21457738 21458161 21458584 21459007 21459431 21459855 21460280 21460705
21461129 21461554 21461980 21462406 21462832 21463261 21463692 21464125
21464559 21464994 21465430 21465867 21466304 21466743 21467182 21467621
21468062 21468503 21468944 21469386 21469829 21470272 21470719 21471166
21471614 21472062 21472512 21472963 21473415 21473868 21474322 21474777
21475233 21475689 21476147 21476606 21477065 21477525 21477985 21478446
21478908 21479373 21479841 21480312 21480786 21481262 21481740 21482218
21482696 21483175 21483655 21484136 21484617 21485098 21485581 21486065
21486550 21487036 21487524 21488012 21488500 21488990 21489481 21489973
21490467 21490963 21491461 21491960 21492459 21492960 21493461 21493963
21494467 21494972 21495477 21495982 21496490 21497000 21497510 21498021
21498538 21499057 21499579 21500101 21500624 21501148 21501675 21502203
21502732 21503264 21503796 21504329 21504865 21505401 21505938 21506475
21507012 21507551 21508090 21508630 21509170 21509710 21510252 21510794
21511337 21511881 21512425 21512970 21513517 21514066 21514615 21515165
21515718 21516272 21516827 21517383 21517940 21518498 21519057 21519616
21520178 21520744 21521311 21521878 21522449 21523021 21523596 21524171
21524747 21525323 21525900 21526480 21527060 21527640 21528220 21528801
21529382 21529966 21530551 21531137 21531724 21532314 21532904 21533495
21534088 21534682 21535276 21535870 21536466 21537062 21537659 21538256
21538853 21539450 21540048 21540648 21541248 21541849 21542453 21543057
21543662 21544269 21544876 21545487 21546101 21546716 21547333 21547951
21548571 21549193 21549815 21550439 21551065 21551691 21552318 21552948
21553579 21554210 21554843 21555476 21556109 21556742 21557377 21558013
21558650 21559287 21559925 21560564 21561203 21561842 21562484 21563126
21563768 21564413 21565059 21565705 21566352 21566999 21567649 21568300
21568951 21569602 21570253 21570904 21571556 21572212 21572871 21573532
21574194 21574859 21575526 21576194 21576862 21577532 21578203 21578875
21578938 21579146 21579380 21579625 21579878 21580138 21580406 21580682
21580963 21581247 21581537 21581832 21582130 21582430 21582731 21583034
21583349 21583667 21583987 21584308 21584631 21584959 21585291 21585625
21585961 21586302 21586643 21586985 21587329 21587676 21588025 21588374
21588727 21589083 21589441 21589799 21590158 21590518 21590879 21591241
21591605 21591971 21592337 21592703 21593071 21593442 21593814 21594186
21594559 21594932 21595307 21595683 21596060 21596438 21596817 21597196
21597576 21597956 21598336 21598716 21599096 21599476 21599857 21600240
21600624 21601011 21601399 21601787 21602175 21602563 21602952 21603341
21603731 21604121 21604512 21604903 21605294 21605686 21606078 21606470
21606862 21607255 21607649 21608044 21608440 21608836 21609232 21609628
21610024 21610420 21610816 21611213 21611610 21612008 21612407 21612806
21613205 21613605 21614005 21614405 21614805 21615205 21615605 21616005
21616405 21616805 21617205 21617606 21618011 21618418 21618825 21619233
21619642 21620051 21620460 21620870 21621280 21621690 21622101 21622512
21622923 21623338 21623754 21624170 21624586 21625004 21625422 21625841
21626260 21626679 21627100 21627521 21627942 21628363 21628784 21629207
21629630 21630053 21630477 21630902 21631327 21631751 21632176 21632601
21633027 21633453 21633879 21634309 21634740 21635174 21635608 21636043
21636479 21636916 21637353 21637792 21638231 21638670 21639110 21639551
21639992 21640433 21640876 21641319 21641763 21642210 21642657 21643105
21643553 21644003 21644454 21644906 21645359 21645814 21646270 21646726
21647182 21647640 21648099 21648558 21649018 21649479 21649940 21650403
21650869 21651338 21651810 21652284 21652761 21653239 21653717 21654196
21654675 21655155 21655636 21656117 21656599 21657082 21657566 21658051
21658537 21659025 21659513 21660001 21660491 21660983 21661475 21661971
21662467 21662965 21663464 21663964 21664465 21664966 21665468 21665972
21666477 21666982 21667487 21667996 21668506 21669017 21669528 21670045
21670564 21671086 21671608 21672131 21672656 21673183 21673711 21674240
21674772 21675304 21675838 21676374 21676910 21677447 21677984 21678523
21679062 21679601 21680141 21680681 21681222 21681764 21682307 21682850
21683394 21683939 21684484 21685031 21685580 21686129 21686679 21687233
21687787 21688342 21688898 21689455 21690013 21690572 21691131 21691694
21692261 21692828 21693396 21693967 21694540 21695115 21695690 21696266
21696842 21697419 21697999 21698579 21699159 21699739 21700320 21700902
21701487 21702072 21702659 21703247 21703837 21704427 21705019 21705613
21706207 21706801 21707395 21707991 21708588 21709185 21709782 21710379
21710976 21711575 21712175 21712775 21713378 21713982 21714586 21715191
21715798 21716408 21717020 21717634 21718249 21718866 21719484 21720104
21720726 21721350 21721974 21722600 21723226 21723853 21724483 21725114
21725745 21726378 21727011 21727644 21728277 21728912 21729549 21730186
21730824 21731463 21732102 21732741 21733381 21734023 21734665 21735308
21735953 21736599 21737246 21737893 21738541 21739191 21739842 21740493
21741144 21741795 21742447 21743100 21743759 21744418 21745079 21745743
21746409 21747076 21747744 21748413 21749084 21749756 21750428 21750491
21750699 21750934 21751179 21751432 21751692 21751960 21752236 21752517
21752801 21753091 21753387 21753685 21753985 21754286 21754589 21754904
21755222 21755542 21755863 21756186 21756515 21756848 21757183 21757519
21757860 21758201 21758543 21758887 21759231 21759578 21759927 21760276
21760629 21760985 21761343 21761701 21762060 21762420 21762781 21763144
21763508 21763874 21764240 21764606 21764974 21765345 21765717 21766089
21766462 21766835 21767210 21767586 21767963 21768341 21768720 21769099
21769479 21769859 21770239 21770619 21770999 21771379 21771760 21772144
21772529 21772916 21773304 21773692 21774080 21774468 21774857 21775246
21775636 21776026 21776417 21776808 21777200 21777592 21777984 21778376
21778768 21779161 21779555 21779950 21780346 21780742 21781138 21781534
21781930 21782326 21782722 21783119 21783516 21783914 21784313 21784712
21785111 21785511 21785911 21786311 21786711 21787111 21787511 21787911
21788311 21788711 21789111 21789513 21789918 21790325 21790732 21791140
21791549 21791958 21792367 21792777 21793187 21793597 21794008 21794419
21794832 21795247 21795663 21796079 21796496 21796913 21797330 21797749
21798168 21798587 21799008 21799429 21799850 21800271 21800693 21801116
21801539 21801962 21802386 21802810 21803234 21803658 21804083 21804508
21804934 21805360 21805786 21806216 21806647 21807081 21807516 21807951
21808388 21808825 21809262 21809701 21810140 21810579 21811020 21811461
21811902 21812344 21812787 21813230 21813674 21814121 21814568 21815016
21815465 21815916 21816368 21816821 21817275 21817730 21818186 21818642
21819098 21819557 21820016 21820476 21820936 21821397 21821859 21822322
21822791 21823261 21823735 21824211 21824689 21825167 21825645 21826124
21826603 21827083 21827564 21828046 21828529 21829013 21829498 21829983
21830469 21830957 21831445 21831935 21832426 21832918 21833412 21833908
21834405 21834904 21835403 21835904 21836405 21836907 21837410 21837914
21838419 21838924 21839429 21839938 21840448 21840959 21841473 21841992
21842511 21843033 21843556 21844080 21844606 21845134 21845663 21846193
21846725 21847258 21847793 21848329 21848866 21849403 21849942 21850481
21851020 21851559 21852099 21852640 21853181 21853723 21854266 21854810
21855354 21855899 21856446 21856994 21857543 21858093 21858646 21859200
21859754 21860310 21860867 21861424 21861982 21862541 21863102 21863667
21864234 21864803 21865374 21865946 21866521 21867096 21867671 21868247
21868824 21869403 21869983 21870563 21871143 21871724 21872306 21872889
21873474 21874061 21874648 21875238 21875828 21876419 21877012 21877606
21878200 21878794 21879390 21879987 21880584 21881181 21881778 21882375
21882973 21883572 21884172 21884773 21885377 21885981 21886586 21887192
21887800 21888411 21889025 21889640 21890257 21890875 21891495 21892117
21892739 21893363 21893988 21894614 21895241 21895870 21896501 21897132
21897765 21898398 21899031 21899664 21900299 21900936 21901573 21902210
21902849 21903488 21904127 21904767 21905409 21906051 21906694 21907339
21907985 21908631 21909278 21909925 21910575 21911226 21911877 21912528
21913180 21913832 21914484 21915140 21915799 21916460 21917122 21917788
21918455 21919123 21919792 21920461 21921132 21921804 21922476 21922539
21922726 21922935 21923171 21923417 21923670 21923930 21924200 21924477
21924761 21925047 21925339 21925634 21925933 21926234 21926541 21926858
21927177 21927498 21927825 21928155 21928488 21928823 21929163 21929504
21929846 21930189 21930533 21930880 21931228 21931577 21931928 21932284
21932640 21932998 21933357 21933716 21934077 21934440 21934804 21935169
21935535 21935901 21936267 21936633 21937002 21937374 21937746 21938118
21938491 21938865 21939241 21939618 21939995 21940374 21940753 21941133
21941513 21941893 21942273 21942653 21943033 21943413 21943795 21944179
21944566 21944954 21945342 21945730 21946118 21946506 21946895 21947284
21947673 21948063 21948453 21948844 21949235 21949627 21950019 21950411
21950803 21951195 21951588 21951982 21952377 21952772 21953168 21953564
21953960 21954356 21954752 21955148 21955544 21955941 21956338 21956737
21957136 21957535 21957935 21958335 21958735 21959135 21959535 21959935
21960335 21960735 21961135 21961535 21961935 21962339 21962744 21963151
21963559 21963967 21964376 21964785 21965195 21965605 21966015 21966426
21966837 21967248 21967662 21968076 21968491 21968908 21969326 21969744
21970162 21970580 21970998 21971418 21971838 21972258 21972679 21973100
21973522 21973944 21974366 21974789 21975213 21975637 21976061 21976486
21976910 21977335 21977760 21978185 21978614 21979045 21979479 21979913
21980348 21980785 21981222 21981659 21982098 21982537 21982977 21983418
21983859 21984300 21984742 21985185 21985628 21986072 21986519 21986966
21987414 21987863 21988313 21988765 21989218 21989671 21990126 21990582
21991038 21991495 21991954 21992413 21992873 21993333 21993794 21994256
21994721 21995188 21995659 21996133 21996609 21997087 21997565 21998044
21998524 21999004 21999485 21999966 22000449 22000933 22001417 22001902
22002388 22002876 22003364 22003852 22004342 22004834 22005326 22005822
22006318 22006816 22007315 22007814 22008315 22008816 22009318 22009822
22010327 22010832 22011341 22011851 22012361 22012871 22013382 22013899
22014418 22014940 22015462 22015985 22016510 22017037 22017565 22018094
22018626 22019158 22019692 22020228 22020764 22021301 22021838 22022377
22022916 22023456 22023996 22024537 22025079 22025622 22026165 22026708
22027252 22027797 22028342 22028889 22029438 22029987 22030539 22031093
22031647 22032202 22032759 22033316 22033874 22034433 22034993 22035557
22036124 22036692 22037263 22037838 22038413 22038988 22039563 22040139
22040716 22041294 22041874 22042454 22043034 22043615 22044198 22044783
22045368 22045955 22046542 22047132 22047722 22048312 22048905 22049499
22050093 22050689 22051285 22051882 22052479 22053076 22053673 22054271
22054870 22055470 22056070 22056671 22057275 22057879 22058484 22059091
22059701 22060312 22060926 22061541 22062158 22062776 22063394 22064014
22064636 22065259 22065883 22066509 22067135 22067763 22068393 22069024
22069656 22070289 22070922 22071555 22072188 22072823 22073460 22074097
22074735 22075374 22076013 22076652 22077292 22077934 22078577 22079223
22079869 22080516 22081163 22081810 22082458 22083108 22083759 22084410
22085061 22085713 22086367 22087026 22087686 22088347 22089008 22089672
22090339 22091006 22091674 22092343 22093014 22093686 22094358 22095031
22095705 22096381 22097057 22097120 22097308 22097516 22097752 22097997
22098248 22098511 22098783 22099062 22099346 22099632 22099924 22100220
22100520 22100821 22101133 22101451 22101771 22102092 22102418 22102746
22103078 22103413 22103749 22104089 22104431 22104774 22105118 22105463
22105811 22106159 22106508 22106859 22107211 22107567 22107925 22108283
22108642 22109002 22109363 22109727 22110091 22110457 22110823 22111189
22111555 22111923 22112294 22112666 22113038 22113411 22113785 22114160
22114536 22114913 22115291 22115670 22116050 22116430 22116810 22117190
22117570 22117950 22118330 22118710 22119093 22119479 22119866 22120254
22120642 22121030 22121418 22121806 22122195 22122584 22122974 22123364
22123755 22124146 22124538 22124930 22125322 22125714 22126106 22126499
22126892 22127287 22127682 22128078 22128474 22128870 22129266 22129662
22130058 22130454 22130851 22131248 22131646 22132045 22132444 22132843
22133243 22133643 22134043 22134443 22134843 22135243 22135643 22136043
22136443 22136845 22137250 22137657 22138064 22138472 22138881 22139290
22139700 22140110 22140520 22140931 22141342 22141753 22142167 22142581
22142996 22143412 22143829 22144246 22144663 22145081 22145500 22145919
22146338 22146757 22147176 22147597 22148018 22148439 22148860 22149282
22149705 22150128 22150551 22150975 22151399 22151824 22152249 22152674
22153104 22153535 22153969 22154403 22154838 22155274 22155711 22156148
22156587 22157026 22157467 22157908 22158349 22158791 22159234 22159677
22160120 22160567 22161014 22161461 22161909 22162358 22162809 22163261
22163714 22164169 22164624 22165080 22165536 22165994 22166453 22166912
22167372 22167832 22168293 22168756 22169221 22169691 22170165 22170639
22171117 22171595 22172074 22172553 22173034 22173515 22173998 22174481
22174965 22175449 22175934 22176420 22176908 22177396 22177884 22178374
22178866 22179358 22179852 22180348 22180846 22181345 22181844 22182345
22182846 22183348 22183852 22184357 22184862 22185370 22185880 22186390
22186901 22187418 22187936 22188455 22188976 22189498 22190021 22190546
22191073 22191601 22192130 22192662 22193194 22193728 22194264 22194800
22195337 22195874 22196413 22196952 22197492 22198033 22198575 22199118
22199661 22200204 22200748 22201293 22201838 22202383 22202930 22203479
22204029 22204582 22205136 22205690 22206246 22206803 22207360 22207918
22208477 22209038 22209603 22210170 22210739 22211311 22211886 22212461
22213037 22213613 22214190 22214767 22215346 22215926 22216506 22217087
22217669 22218253 22218838 22219425 22220012 22220602 22221192 22221782
22222374 22222968 22223562 22224156 22224752 22225349 22225946 22226543
22227140 22227738 22228337 22228937 22229538 22230141 22230745 22231350
22231955 22232560 22233167 22233778 22234391 22235006 22235623 22236240
22236860 22237482 22238104 22238728 22239354 22239980 22240607 22241237
22241868 22242499 22243132 22243765 22244398 22245031 22245666 22246303
22246940 22247577 22248216 22248855 22249494 22250134 22250776 22251419
22252064 22252710 22253356 22254003 22254652 22255302 22255953 22256604
22257255 22257906 22258558 22259214 22259873 22260534 22261196 22261860
22262527 22263195 22263863 22264531 22265200 22265871 22266543 22267215
22267888 22268562 22269238 22269916 22270595 22271275 22271955 22272637
22273319 22273382 22273570 22273780 22274017 22274259 22274507 22274764
22275032 22275307 22275588 22275872 22276159 22276453 22276749 22277049
22277350 22277653 22277967 22278286 22278607 22278929 22279256 22279586
22279918 22280254 22280591 22280932 22281275 22281619 22281963 22282309
22282657 22283005 22283355 22283707 22284062 22284419 22284777 22285136
22285496 22285856 22286218 22286582 22286948 22287314 22287680 22288046
22288413 22288780 22289149 22289521 22289893 22290265 22290638 22291013
22291389 22291766 22292144 22292523 22292903 22293283 22293663 22294043
22294423 22294803 22295183 22295563 22295944 22296327 22296714 22297102
22297490 22297878 22298266 22298654 22299043 22299432 22299822 22300212
22300603 22300994 22301386 22301778 22302170 22302562 22302954 22303347
22303740 22304133 22304528 22304923 22305319 22305715 22306111 22306507
22306903 22307299 22307695 22308092 22308490 22308888 22309287 22309686
22310086 22310486 22310886 22311286 22311686 22312086 22312486 22312886
22313287 22313692 22314097 22314504 22314912 22315320 22315729 22316139
22316549 22316959 22317370 22317781 22318192 22318605 22319019 22319434
22319850 22320267 22320684 22321101 22321520 22321939 22322358 22322777
22323196 22323616 22324037 22324458 22324879 22325301 22325723 22326145
22326568 22326991 22327414 22327838 22328263 22328688 22329113 22329543
22329974 22330408 22330843 22331278 22331715 22332152 22332589 22333028
22333467 22333907 22334348 22334789 22335231 22335674 22336117 22336561
22337008 22337455 22337903 22338351 22338801 22339252 22339704 22340157
22340612 22341067 22341523 22341979 22342437 22342896 22343356 22343816
22344277 22344739 22345202 22345669 22346140 22346614 22347090 22347568
22348046 22348525 22349005 22349486 22349967 22350450 22350934 22351419
22351904 22352390 22352878 22353366 22353855 22354345 22354835 22355327
22355820 22356316 22356813 22357312 22357811 22358312 22358813 22359315
22359819 22360324 22360829 22361335 22361844 22362354 22362865 22363380
22363897 22364416 22364938 22365460 22365982 22366506 22367032 22367560
22368089 22368621 22369153 22369686 22370222 22370758 22371295 22371832
22372371 22372910 22373450 22373991 22374533 22375076 22375619 22376163
22376708 22377253 22377798 22378345 22378894 22379443 22379993 22380546
22381100 22381654 22382210 22382767 22383324 22383882 22384441 22385002
22385567 22386134 22386705 22387277 22387852 22388427 22389003 22389580
22390157 22390737 22391317 22391897 22392477 22393058 22393640 22394225
22394811 22395398 22395986 22396576 22397167 22397759 22398353 22398947
22399541 22400137 22400734 22401331 22401928 22402525 22403124 22403723
22404323 22404924 22405527 22406131 22406735 22407340 22407946 22408553
22409165 22409778 22410392 22411007 22411624 22412242 22412863 22413485
22414108 22414732 22415358 22415984 22416612 22417243 22417874 22418507
22419140 22419773 22420406 22421041 22421677 22422314 22422951 22423589
22424228 22424867 22425506 22426148 22426791 22427436 22428082 22428729
22429376 22430024 22430675 22431326 22431977 22432628 22433280 22433936
22434592 22435251 22435911 22436572 22437237 22437904 22438572 22439241
22439910 22440581 22441253 22441925 22442597 22443270 22443945 22444621
22445299 22445978 22446658 22447340 22448024 22448708 22449392 22450076
22450763 22451450 22451513 22451701 22451913 22452147 22452389 22452636
22452895 22453165 22453444 22453730 22454019 22454314 22454612 22454913
22455215 22455523 22455838 22456158 22456479 22456804 22457133 22457464
22457799 22458135 22458475 22458817 22459160 22459504 22459850 22460197
22460545 22460895 22461246 22461600 22461956 22462314 22462672 22463031
22463391 22463752 22464115 22464481 22464847 22465213 22465579 22465946
22466313 22466682 22467052 22467424 22467796 22468169 22468542 22468917
22469293 22469670 22470049 22470428 22470808 22471188 22471568 22471948
22472328 22472708 22473088 22473469 22473852 22474238 22474625 22475013
22475401 22475789 22476177 22476565 22476954 22477344 22477734 22478124
22478515 22478906 22479298 22479690 22480082 22480474 22480867 22481260
22481653 22482048 22482443 22482839 22483235 22483631 22484027 22484423
22484819 22485215 22485612 22486009 22486407 22486806 22487205 22487605
22488005 22488405 22488805 22489205 22489605 22490005 22490405 22490808
22491213 22491620 22492028 22492436 22492845 22493254 22493664 22494074
22494485 22494896 22495309 22495723 22496137 22496552 22496968 22497384
22497801 22498219 22498638 22499057 22499476 22499896 22500317 22500738
22501159 22501580 22502001 22502422 22502845 22503268 22503691 22504114
22504538 22504962 22505387 22505812 22506237 22506666 22507097 22507531
22507965 22508400 22508837 22509274 22509711 22510150 22510589 22511030
22511471 22511912 22512354 22512797 22513240 22513687 22514134 22514582
22515030 22515478 22515928 22516379 22516831 22517284 22517739 22518195
22518651 22519107 22519566 22520025 22520485 22520945 22521406 22521868
22522333 22522804 22523275 22523750 22524228 22524706 22525185 22525664
22526144 22526625 22527108 22527592 22528076 22528562 22529049 22529537
22530025 22530514 22531004 22531496 22531988 22532481 22532976 22533472
22533971 22534470 22534971 22535472 22535973 22536475 22536979 22537483
22537988 22538493 22539002 22539512 22540023 22540536 22541053 22541572
22542094 22542616 22543140 22543666 22544193 22544722 22545254 22545786
22546319 22546855 22547391 22547928 22548465 22549004 22549543 22550083
22550624 22551166 22551709 22552252 22552796 22553341 22553886 22554433
22554982 22555531 22556081 22556634 22557188 22557742 22558296 22558852
22559409 22559967 22560526 22561085 22561647 22562213 22562781 22563352
22563925 22564500 22565075 22565651 22566228 22566806 22567386 22567966
22568546 22569127 22569711 22570296 22570881 22571468 22572055 22572645
22573235 22573827 22574420 22575014 22575609 22576205 22576802 22577399
22577996 22578593 22579191 22579790 22580390 22580991 22581595 22582199
22582804 22583409 22584015 22584622 22585233 22585847 22586462 22587079
22587697 22588315 22588935 22589557 22590181 22590805 22591431 22592058
22592686 22593316 22593947 22594579 22595212 22595845 22596478 22597113
22597750 22598387 22599024 22599663 22600302 22600941 22601581 22602223
22602866 22603512 22604158 22604805 22605452 22606100 22606751 22607402
22608053 22608704 22609356 22610012 22610671 22611332 22611993 22612658
22613324 22613991 22614659 22615328 22615999 22616670 22617342 22618015
22618688 22619363 22620040 22620717 22621396 22622075 22622756 22623438
22624122 22624806 22625491 22626178 22626865 22627554 22628243 22628932
22629621 22630310 22630373 22630561 22630776 22631005 22631243 22631491
22631753 22632024 22632300 22632584 22632870 22633162 22633458 22633757
22634058 22634362 22634672 22634987 22635308 22635629 22635956 22636286
22636617 22636952 22637291 22637631 22637974 22638318 22638663 22639010
22639357 22639706 22640056 22640409 22640765 22641121 22641479 22641838
22642197 22642558 22642919 22643283 22643649 22644015 22644381 22644748
22645117 22645487 22645857 22646229 22646602 22646975 22647350 22647726
22648103 22648481 22648860 22649240 22649620 22650000 22650380 22650760
22651140 22651520 22651901 22652283 22652666 22653053 22653441 22653829
22654217 22654605 22654993 22655382 22655771 22656161 22656551 22656942
22657333 22657725 22658117 22658509 22658901 22659294 22659687 22660080
22660474 22660869 22661264 22661660 22662056 22662452 22662848 22663244
22663640 22664036 22664433 22664831 22665229 22665628 22666027 22666427
22666827 22667227 22667627 22668027 22668427 22668829 22669234 22669640
22670047 22670455 22670864 22671273 22671683 22672093 22672504 22672915
22673326 22673740 22674154 22674569 22674984 22675400 22675817 22676234
22676653 22677072 22677491 22677911 22678332 22678753 22679174 22679595
22680016 22680438 22680861 22681284 22681707 22682130 22682554 22682979
22683404 22683829 22684258 22684689 22685122 22685556 22685991 22686427
22686864 22687302 22687741 22688180 22688621 22689062 22689503 22689946
22690389 22690832 22691279 22691726 22692174 22692622 22693072 22693522
22693973 22694426 22694879 22695334 22695790 22696246 22696703 22697162
22697621 22698081 22698542 22699003 22699466 22699933 22700404 22700878
22701354 22701832 22702310 22702789 22703268 22703749 22704230 22704713
22705197 22705682 22706168 22706656 22707144 22707633 22708125 22708617
22709109 22709601 22710097 22710595 22711093 22711592 22712091 22712592
22713093 22713595 22714099 22714604 22715109 22715618 22716127 22716637
22717148 22717663 22718182 22718704 22719226 22719749 22720275 22720801
22721329 22721858 22722390 22722922 22723454 22723989 22724525 22725062
22725599 22726136 22726675 22727215 22727755 22728297 22728840 22729383
22729927 22730472 22731017 22731564 22732113 22732662 22733215 22733769
22734323 22734877 22735433 22735990 22736547 22737104 22737663 22738222
22738783 22739349 22739916 22740487 22741060 22741635 22742210 22742786
22743363 22743941 22744521 22745101 22745681 22746262 22746847 22747432
22748019 22748607 22749197 22749787 22750377 22750969 22751563 22752157
22752753 22753349 22753946 22754543 22755140 22755738 22756337 22756936
22757536 22758137 22758741 22759345 22759950 22760557 22761165 22761777
22762391 22763006 22763621 22764238 22764857 22765478 22766100 22766724
22767348 22767972 22768596 22769222 22769849 22770478 22771109 22771741
22772374 22773007 22773640 22774273 22774908 22775545 22776182 22776820
22777459 22778098 22778737 22779379 22780021 22780666 22781312 22781958
22782605 22783253 22783903 22784554 22785205 22785856 22786508 22787164
22787822 22788483 22789144 22789808 22790475 22791143 22791811 22792481
22793152 22793823 22794495 22795167 22795840 22796514 22797191 22797870
22798549 22799230 22799912 22800594 22801278 22801962 22802647 22803334
22804021 22804710 22805399 22806088 22806777 22807467 22808159 22808851
22809545 22810239 22810302 22810490 22810706 22810936 22811175 22811424
22811688 22811962 22812239 22812523 22812809 22813101 22813397 22813697
22813998 22814307 22814621 22814939 22815260 22815583 22815911 22816242
22816574 22816910 22817250 22817591 22817934 22818279 22818625 22818972
22819319 22819668 22820021 22820375 22820732 22821090 22821449 22821808
22822168 22822529 22822892 22823257 22823623 22823989 22824356 22824723
22825093 22825464 22825836 22826208 22826581 22826954 22827329 22827706
22828083 22828462 22828842 22829222 22829602 22829982 22830362 22830742
22831123 22831504 22831886 22832270 22832654 22833041 22833429 22833817
22834205 22834594 22834983 22835372 22835762 22836152 22836542 22836933
22837324 22837716 22838108 22838501 22838894 22839287 22839680 22840073
22840468 22840863 22841258 22841654 22842050 22842446 22842842 22843238
22843634 22844031 22844428 22844826 22845225 22845624 22846023 22846423
22846823 22847223 22847623 22848026 22848430 22848835 22849242 22849650
22850058 22850467 22850876 22851286 22851697 22852108 22852519 22852933
22853347 22853762 22854178 22854595 22855012 22855429 22855848 22856267
22856686 22857106 22857527 22857948 22858369 22858791 22859213 22859635
22860058 22860481 22860904 22861327 22861751 22862176 22862601 22863026
22863451 22863881 22864312 22864746 22865181 22865616 22866053 22866490
22866927 22867366 22867805 22868246 22868687 22869128 22869570 22870013
22870457 22870904 22871351 22871799 22872247 22872698 22873149 22873601
22874054 22874507 22874962 22875417 22875873 22876329 22876788 22877247
22877707 22878167 22878628 22879090 22879555 22880023 22880494 22880969
22881445 22881923 22882402 22882881 22883361 22883842 22884324 22884808
22885293 22885778 22886266 22886754 22887243 22887734 22888226 22888718
22889214 22889710 22890207 22890705 22891204 22891705 22892206 22892707
22893209 22893713 22894218 22894723 22895231 22895740 22896250 22896761
22897272 22897785 22898304 22898826 22899348 22899871 22900396 22900922
22901450 22901979 22902511 22903043 22903577 22904113 22904650 22905187
22905724 22906263 22906803 22907343 22907885 22908428 22908971 22909515
22910060 22910605 22911152 22911701 22912251 22912804 22913358 22913912
22914468 22915025 22915582 22916140 22916699 22917259 22917820 22918382
22918949 22919518 22920089 22920663 22921238 22921813 22922389 22922966
22923545 22924125 22924705 22925285 22925867 22926452 22927037 22927624
22928213 22928803 22929394 22929987 22930581 22931175 22931769 22932365
22932962 22933559 22934156 22934753 22935352 22935952 22936552 22937155
22937759 22938363 22938968 22939574 22940181 22940792 22941406 22942021
22942638 22943256 22943876 22944497 22945119 22945743 22946367 22946993
22947619 22948247 22948877 22949507 22950137 22950768 22951401 22952034
22952667 22953300 22953935 22954572 22955209 22955847 22956486 22957125
22957764 22958406 22959048 22959693 22960339 22960985 22961632 22962280
22962930 22963581 22964232 22964883 22965535 22966191 22966850 22967511
22968172 22968838 22969505 22970173 22970842 22971512 22972183 22972855
22973527 22974201 22974875 22975551 22976228 22976907 22977587 22978268
22978951 22979635 22980319 22981005 22981692 22982379 22983067 22983756
22984445 22985134 22985824 22986516 22987208 22987902 22988596 22989291
22989986 22990681 22991377 22992074 22992137 22992325 22992534 22992771
22993015 22993265 22993523 22993789 22994064 22994342 22994627 22994915
22995207 22995503 22995803 22996104 22996414 22996729 22997047 22997368
22997689 22998015 22998345 22998676 22999010 22999346 22999686 23000028
23000372 23000718 23001065 23001412 23001760 23002111 23002465 23002820
23003178 23003536 23003895 23004254 23004614 23004977 23005340 23005706
23006072 23006439 23006806 23007174 23007543 23007913 23008284 23008656
23009029 23009402 23009776 23010151 23010528 23010905 23011284 23011664
23012044 23012424 23012804 23013184 23013565 23013946 23014327 23014709
23015093 23015479 23015866 23016254 23016642 23017030 23017419 23017808
23018197 23018587 23018977 23019367 23019758 23020150 23020542 23020934
23021327 23021720 23022113 23022506 23022899 23023293 23023688 23024083
23024478 23024874 23025270 23025666 23026062 23026458 23026854 23027251
23027648 23028046 23028445 23028844 23029244 23029644 23030044 23030446
23030851 23031256 23031663 23032071 23032479 23032888 23033297 23033707
23034117 23034528 23034939 23035350 23035764 23036179 23036594 23037011
23037428 23037845 23038262 23038681 23039100 23039519 23039940 23040361
23040782 23041204 23041627 23042050 23042473 23042896 23043319 23043742
23044166 23044590 23045015 23045440 23045868 23046299 23046733 23047167
23047602 23048039 23048476 23048913 23049352 23049791 23050232 23050673
23051114 23051556 23051999 23052442 23052889 23053336 23053784 23054233
23054684 23055135 23055588 23056043 23056498 23056954 23057410 23057866
23058324 23058783 23059243 23059703 23060164 23060627 23061092 23061562
23062034 23062508 23062986 23063464 23063943 23064422 23064903 23065384
23065867 23066351 23066836 23067322 23067810 23068298 23068787 23069279
23069771 23070265 23070761 23071259 23071758 23072257 23072758 23073259
23073760 23074262 23074766 23075270 23075774 23076278 23076783 23077288
23077797 23078307 23078818 23079329 23079846 23080365 23080884 23081406
23081928 23082452 23082978 23083506 23084035 23084564 23085096 23085629
23086164 23086700 23087237 23087774 23088313 23088852 23089392 23089933
23090475 23091018 23091562 23092106 23092651 23093198 23093747 23094296
23094847 23095401 23095955 23096511 23097068 23097625 23098184 23098743
23099304 23099866 23100432 23101000 23101569 23102140 23102713 23103288
23103863 23104439 23105016 23105594 23106174 23106754 23107334 23107916
23108501 23109086 23109673 23110262 23110852 23111443 23112036 23112630
23113224 23113820 23114417 23115014 23115611 23116208 23116805 23117404
23118004 23118604 23119208 23119812 23120417 23121023 23121630 23122240
23122852 23123466 23124082 23124699 23125317 23125939 23126561 23127185
23127809 23128435 23129061 23129688 23130318 23130949 23131580 23132213
23132846 23133479 23134112 23134747 23135382 23136019 23136656 23137294
23137933 23138572 23139211 23139853 23140497 23141142 23141788 23142435
23143082 23143731 23144382 23145033 23145684 23146336 23146989 23147647
23148308 23148969 23149633 23150300 23150968 23151636 23152306 23152977
23153649 23154321 23154994 23155669 23156346 23157025 23157704 23158383
23159064 23159746 23160430 23161114 23161799 23162486 23163174 23163863
23164552 23165241 23165930 23166619 23167310 23168002 23168696 23169390
23170085 23170780 23171476 23172173 23172871 23173570 23174269 23174972
23175676 23175739 23175927 23176138 23176374 23176614 23176861 23177120
23177395 23177674 23177960 23178248 23178541 23178839 23179139 23179440
23179743 23180056 23180371 23180689 23181011 23181339 23181670 23182002
23182336 23182674 23183014 23183357 23183701 23184048 23184395 23184742
23185090 23185441 23185795 23186150 23186508 23186866 23187225 23187585
23187946 23188309 23188673 23189039 23189405 23189772 23190139 23190508
23190878 23191249 23191621 23191993 23192366 23192740 23193115 23193491
23193868 23194247 23194626 23195006 23195386 23195766 23196146 23196527
23196908 23197289 23197671 23198054 23198439 23198825 23199213 23199601
23199989 23200378 23200767 23201156 23201546 23201936 23202326 23202717
23203108 23203500 23203892 23204284 23204677 23205070 23205463 23205856
23206249 23206643 23207038 23207433 23207828 23208224 23208620 23209016
23209412 23209808 23210204 23210601 23210999 23211397 23211796 23212195
23212595 23212995 23213395 23213800 23214207 23214614 23215021 23215429
23215837 23216246 23216655 23217065 23217475 23217886 23218297 23218710
23219124 23219539 23219955 23220372 23220789 23221207 23221626 23222045
23222464 23222884 23223305 23223726 23224147 23224569 23224992 23225415
23225838 23226261 23226684 23227108 23227532 23227957 23228382 23228807
23229237 23229668 23230102 23230537 23230972 23231409 23231846 23232283
23232722 23233161 23233602 23234043 23234485 23234928 23235371 23235815
23236262 23236709 23237157 23237606 23238057 23238508 23238961 23239416
23239872 23240328 23240784 23241240 23241698 23242157 23242616 23243076
23243536 23243997 23244460 23244928 23245399 23245873 23246349 23246827
23247305 23247784 23248264 23248745 23249228 23249711 23250195 23250680
23251167 23251655 23252144 23252635 23253127 23253620 23254116 23254613
23255112 23255611 23256112 23256613 23257114 23257616 23258120 23258625
23259130 23259635 23260140 23260645 23261153 23261663 23262173 23262684
23263201 23263720 23264242 23264764 23265287 23265812 23266339 23266867
23267396 23267928 23268460 23268995 23269531 23270068 23270605 23271144
23271683 23272222 23272762 23273303 23273845 23274388 23274932 23275476
23276021 23276568 23277116 23277665 23278217 23278770 23279324 23279880
23280437 23280995 23281554 23282113 23282675 23283242 23283809 23284376
23284947 23285521 23286096 23286671 23287246 23287822 23288399 23288978
23289558 23290138 23290719 23291301 23291886 23292472 23293059 23293648
23294238 23294829 23295422 23296016 23296610 23297206 23297803 23298400
23298997 23299594 23300192 23300791 23301391 23301992 23302596 23303200
23303805 23304412 23305022 23305634 23306247 23306862 23307478 23308095
23308715 23309337 23309959 23310583 23311209 23311835 23312462 23313090
23313720 23314351 23314984 23315617 23316250 23316883 23317516 23318151
23318788 23319425 23320062 23320701 23321340 23321979 23322621 23323263
23323908 23324554 23325200 23325847 23326495 23327145 23327796 23328447
23329098 23329750 23330406 23331065 23331726 23332388 23333054 23333721
23334389 23335058 23335729 23336401 23337073 23337746 23338420 23339096
23339773 23340452 23341133 23341815 23342499 23343183 23343867 23344551
23345238 23345925 23346614 23347303 23347992 23348681 23349371 23350063
23350755 23351448 23352142 23352837 23353532 23354228 23354925 23355622
23356321 23357023 23357727 23358434 23359141 23359850 23360560 23360623
23360811 23361022 23361258 23361499 23361746 23362006 23362281 23362561
23362847 23363136 23363429 23363727 23364027 23364332 23364646 23364961
23365280 23365601 23365924 23366252 23366583 23366916 23367250 23367589
23367929 23368272 23368616 23368963 23369310 23369658 23370006 23370358
23370713 23371071 23371429 23371787 23372146 23372506 23372867 23373230
23373594 23373960 23374326 23374693 23375061 23375430 23375800 23376171
23376543 23376915 23377288 23377662 23378037 23378413 23378790 23379169
23379548 23379928 23380308 23380688 23381068 23381449 23381830 23382212
23382594 23382977 23383362 23383748 23384136 23384524 23384912 23385301
23385690 23386079 23386469 23386859 23387249 23387640 23388031 23388423
23388815 23389208 23389601 23389994 23390387 23390780 23391174 23391569
23391964 23392359 23392755 23393151 23393547 23393943 23394339 23394735
23395132 23395530 23395928 23396327 23396726 23397126 23397526 23397929
23398334 23398741 23399149 23399557 23399966 23400375 23400785 23401195
23401606 23402017 23402428 23402842 23403256 23403671 23404088 23404505
23404922 23405341 23405760 23406179 23406598 23407019 23407440 23407861
23408283 23408706 23409129 23409552 23409975 23410399 23410823 23411247
23411672 23412097 23412522 23412950 23413381 23413812 23414246 23414681
23415117 23415554 23415991 23416430 23416869 23417310 23417751 23418192
23418635 23419078 23419522 23419969 23420416 23420864 23421313 23421764
23422215 23422668 23423122 23423578 23424034 23424490 23424947 23425406
23425865 23426325 23426785 23427246 23427709 23428175 23428646 23429120
23429596 23430074 23430552 23431031 23431511 23431992 23432474 23432958
23433442 23433927 23434415 23434903 23435392 23435883 23436375 23436868
23437364 23437860 23438359 23438858 23439359 23439860 23440361 23440863
23441367 23441872 23442377 23442882 23443387 23443892 23444398 23444908
23445419 23445930 23446446 23446965 23447485 23448007 23448530 23449055
23449582 23450111 23450640 23451172 23451705 23452240 23452776 23453313
23453850 23454389 23454928 23455468 23456009 23456551 23457094 23457638
23458182 23458727 23459274 23459823 23460372 23460923 23461477 23462031
23462587 23463144 23463701 23464260 23464819 23465381 23465948 23466517
23467088 23467659 23468234 23468809 23469384 23469959 23470535 23471112
23471691 23472271 23472851 23473432 23474014 23474599 23475185 23475772
23476362 23476952 23477544 23478138 23478732 23479327 23479923 23480520
23481117 23481714 23482312 23482911 23483510 23484110 23484711 23485315
23485920 23486525 23487132 23487743 23488356 23488971 23489586 23490203
23490821 23491441 23492063 23492686 23493310 23493936 23494562 23495191
23495821 23496452 23497083 23497716 23498349 23498982 23499615 23500250
23500886 23501523 23502160 23502798 23503437 23504076 23504716 23505358
23506001 23506647 23507293 23507940 23508587 23509235 23509886 23510537
23511188 23511840 23512494 23513151 23513810 23514471 23515135 23515802
23516470 23517138 23517807 23518478 23519150 23519822 23520496 23521171
23521848 23522527 23523206 23523887 23524570 23525254 23525938 23526622
23527309 23527996 23528685 23529374 23530063 23530752 23531442 23532134
23532827 23533521 23534215 23534909 23535604 23536300 23536996 23537693
23538392 23539092 23539796 23540503 23541210 23541920 23542630 23543342
23544054 23544117 23544305 23544516 23544752 23544993 23545240 23545500
23545767 23546042 23546322 23546608 23546897 23547191 23547489 23547789
23548094 23548408 23548723 23549042 23549363 23549687 23550015 23550346
23550679 23551013 23551352 23551692 23552035 23552379 23552726 23553073
23553421 23553769 23554121 23554476 23554834 23555192 23555550 23555909
23556269 23556630 23556993 23557358 23557724 23558091 23558458 23558826
23559195 23559566 23559937 23560309 23560681 23561054 23561428 23561803
23562179 23562556 23562935 23563315 23563695 23564075 23564455 23564835
23565216 23565597 23565979 23566361 23566744 23567129 23567515 23567903
23568291 23568679 23569068 23569457 23569846 23570236 23570626 23571016
23571407 23571798 23572190 23572582 23572975 23573368 23573761 23574154
23574548 23574942 23575337 23575732 23576127 23576523 23576919 23577315
23577711 23578107 23578503 23578900 23579298 23579696 23580095 23580494
23580894 23581295 23581699 23582104 23582511 23582919 23583327 23583736
23584145 23584555 23584965 23585376 23585787 23586198 23586612 23587026
23587441 23587858 23588275 23588692 23589111 23589530 23589949 23590368
23590789 23591210 23591631 23592053 23592476 23592899 23593322 23593746
23594170 23594594 23595018 23595443 23595868 23596293 23596722 23597153
23597586 23598020 23598455 23598891 23599328 23599767 23600206 23600645
23601086 23601527 23601968 23602411 23602854 23603298 23603745 23604192
23604640 23605090 23605541 23605992 23606445 23606900 23607356 23607812
23608268 23608726 23609185 23609644 23610104 23610564 23611025 23611488
23611955 23612426 23612900 23613376 23613854 23614332 23614811 23615291
23615772 23616254 23616738 23617222 23617707 23618195 23618683 23619172
23619663 23620155 23620648 23621144 23621641 23622140 23622640 23623141
23623642 23624143 23624645 23625149 23625654 23626159 23626664 23627170
23627676 23628184 23628694 23629205 23629716 23630233 23630752 23631274
23631796 23632319 23632845 23633372 23633901 23634430 23634962 23635496
23636031 23636567 23637104 23637641 23638180 23638719 23639259 23639801
23640343 23640886 23641430 23641975 23642520 23643067 23643616 23644166
23644719 23645273 23645828 23646384 23646941 23647499 23648058 23648619
23649182 23649749 23650320 23650891 23651462 23652037 23652612 23653187
23653762 23654338 23654916 23655496 23656076 23656656 23657237 23657821
23658406 23658992 23659579 23660169 23660759 23661351 23661945 23662539
23663135 23663732 23664329 23664926 23665523 23666121 23666720 23667320
23667920 23668523 23669127 23669732 23670337 23670944 23671556 23672169
23672784 23673400 23674017 23674635 23675256 23675878 23676502 23677126
23677752 23678379 23679009 23679640 23680271 23680902 23681535 23682168
23682801 23683435 23684070 23684707 23685344 23685981 23686620 23687259
23687898 23688538 23689180 23689824 23690470 23691116 23691763 23692411
23693060 23693711 23694362 23695013 23695665 23696321 23696980 23697641
23698303 23698968 23699635 23700303 23700972 23701643 23702315 23702987
23703660 23704334 23705010 23705687 23706366 23707046 23707728 23708412
23709096 23709780 23710465 23711152 23711839 23712528 23713217 23713906
23714595 23715285 23715977 23716671 23717365 23718059 23718754 23719449
23720145 23720842 23721539 23722238 23722940 23723645 23724352 23725060
23725771 23726482 23727194 23727908 23727971 23728159 23728373 23728610
23728852 23729100 23729361 23729637 23729919 23730205 23730496 23730790
23731088 23731389 23731697 23732012 23732329 23732649 23732971 23733297
23733626 23733957 23734291 23734627 23734966 23735308 23735651 23735996
23736343 23736690 23737038 23737387 23737740 23738096 23738454 23738812
23739171 23739531 23739891 23740252 23740615 23740980 23741346 23741713
23742080 23742449 23742819 23743190 23743561 23743933 23744305 23744678
23745052 23745427 23745804 23746183 23746562 23746942 23747322 23747702
23748082 23748463 23748844 23749226 23749609 23749992 23750376 23750762
23751148 23751536 23751924 23752312 23752701 23753090 23753480 23753870
23754260 23754651 23755042 23755433 23755825 23756217 23756610 23757003
23757396 23757789 23758183 23758577 23758971 23759366 23759761 23760156
23760552 23760948 23761344 23761740 23762136 23762532 23762929 23763327
23763725 23764123 23764522 23764924 23765329 23765735 23766143 23766551
23766960 23767369 23767778 23768188 23768598 23769009 23769420 23769831
23770245 23770660 23771076 23771493 23771910 23772328 23772747 23773166
23773585 23774004 23774425 23774846 23775267 23775689 23776112 23776535
23776959 23777383 23777808 23778233 23778658 23779083 23779511 23779941
23780372 23780806 23781241 23781677 23782114 23782551 23782990 23783429
23783869 23784310 23784751 23785193 23785636 23786080 23786527 23786974
23787422 23787870 23788321 23788772 23789225 23789680 23790136 23790592
23791048 23791507 23791966 23792425 23792885 23793345 23793806 23794269
23794737 23795208 23795682 23796158 23796636 23797114 23797593 23798073
23798554 23799037 23799521 23800005 23800491 23800979 23801467 23801956
23802447 23802939 23803433 23803929 23804427 23804926 23805425 23805926
23806428 23806930 23807434 23807939 23808444 23808949 23809458 23809968
23810478 23810988 23811499 23812010 23812528 23813047 23813569 23814091
23814614 23815140 23815668 23816197 23816729 23817261 23817794 23818330
23818867 23819404 23819943 23820482 23821021 23821562 23822104 23822646
23823188 23823732 23824276 23824821 23825368 23825917 23826466 23827016
23827570 23828124 23828679 23829236 23829793 23830351 23830910 23831471
23832037 23832604 23833175 23833748 23834323 23834898 23835473 23836049
23836626 23837204 23837783 23838363 23838943 23839524 23840106 23840691
23841276 23841863 23842453 23843043 23843635 23844229 23844823 23845418
23846014 23846611 23847208 23847805 23848403 23849002 23849602 23850204
23850807 23851411 23852016 23852621 23853228 23853840 23854453 23855068
23855685 23856303 23856924 23857545 23858167 23858790 23859414 23860040
23860667 23861297 23861928 23862559 23863192 23863825 23864458 23865091
23865726 23866363 23867000 23867637 23868275 23868914 23869553 23870192
23870834 23871476 23872121 23872767 23873413 23874060 23874708 23875358
23876009 23876660 23877311 23877963 23878619 23879278 23879939 23880603
23881268 23881935 23882603 23883272 23883943 23884615 23885287 23885960
23886635 23887311 23887990 23888669 23889350 23890032 23890716 23891400
23892085 23892772 23893459 23894148 23894837 23895526 23896215 23896905
23897597 23898289 23898983 23899677 23900372 23901067 23901763 23902460
23903157 23903856 23904558 23905261 23905967 23906675 23907385 23908097
23908811 23909525 23910240 23910955 23911672 23912391 23912454 23912642
23912857 23913094 23913336 23913584 23913848 23914124 23914407 23914693
23914984 23915278 23915576 23915877 23916185 23916500 23916817 23917137
23917462 23917788 23918118 23918449 23918783 23919119 23919459 23919802
23920145 23920491 23920838 23921186 23921534 23921884 23922238 23922595
23922953 23923312 23923671 23924031 23924391 23924753 23925117 23925482
23925848 23926215 23926583 23926952 23927323 23927694 23928065 23928437
23928810 23929183 23929557 23929932 23930309 23930688 23931067 23931447
23931827 23932207 23932587 23932968 23933349 23933731 23934114 23934497
23934881 23935267 23935653 23936041 23936429 23936818 23937207 23937597
23937987 23938377 23938767 23939158 23939549 23939941 23940333 23940725
23941118 23941511 23941904 23942298 23942692 23943086 23943481 23943876
23944271 23944667 23945063 23945459 23945855 23946251 23946647 23947044
23947442 23947840 23948238 23948637 23949042 23949449 23949856 23950264
23950673 23951082 23951491 23951901 23952311 23952722 23953133 23953546
23953960 23954375 23954791 23955208 23955625 23956044 23956463 23956882
23957302 23957723 23958144 23958565 23958986 23959408 23959831 23960254
23960677 23961101 23961526 23961951 23962376 23962801 23963230 23963661
23964092 23964526 23964961 23965396 23965832 23966269 23966706 23967145
23967584 23968025 23968466 23968907 23969350 23969793 23970237 23970683
23971129 23971576 23972026 23972477 23972928 23973381 23973836 23974292
23974748 23975205 23975664 23976124 23976584 23977044 23977504 23977965
23978428 23978891 23979359 23979830 23980304 23980781 23981259 23981738
23982217 23982698 23983179 23983662 23984146 23984631 23985118 23985606
23986094 23986585 23987077 23987569 23988065 23988562 23989060 23989559
23990060 23990561 23991063 23991567 23992072 23992577 23993082 23993591
23994100 23994610 23995121 23995632 23996143 23996654 23997168 23997687
23998209 23998731 23999254 23999780 24000307 24000835 24001365 24001897
24002430 24002966 24003502 24004039 24004576 24005115 24005654 24006194
24006735 24007277 24007820 24008364 24008908 24009452 24009999 24010546
24011095 24011645 24012198 24012752 24013307 24013863 24014420 24014978
24015537 24016098 24016663 24017230 24017801 24018374 24018949 24019524
24020100 24020676 24021253 24021831 24022411 24022991 24023571 24024152
24024734 24025319 24025904 24026491 24027080 24027670 24028262 24028855
24029449 24030044 24030640 24031237 24031834 24032431 24033029 24033629
24034229 24034832 24035436 24036040 24036645 24037250 24037857 24038467
24039080 24039695 24040312 24040930 24041551 24042173 24042797 24043421
24044047 24044673 24045300 24045930 24046561 24047193 24047826 24048459
24049092 24049726 24050361 24050997 24051634 24052272 24052910 24053549
24054188 24054827 24055467 24056109 24056754 24057400 24058046 24058693
24059341 24059991 24060642 24061293 24061944 24062597 24063253 24063912
24064573 24065235 24065901 24066569 24067237 24067906 24068577 24069249
24069921 24070595 24071270 24071947 24072626 24073305 24073986 24074669
24075353 24076037 24076724 24077411 24078100 24078789 24079478 24080167
24080856 24081546 24082238 24082931 24083625 24084319 24085014 24085710
24086407 24087104 24087803 24088502 24089204 24089909 24090616 24091325
24092036 24092749 24093463 24094178 24094895 24095613 24096333 24097053
24097775 24098497 24098560 24098749 24098964 24099202 24099445 24099693
24099957 24100233 24100517 24100803 24101094 24101389 24101688 24101989
24102298 24102613 24102930 24103250 24103576 24103907 24104239 24104573
24104910 24105250 24105593 24105936 24106283 24106630 24106978 24107326
24107677 24108032 24108388 24108746 24109105 24109464 24109824 24110185
24110548 24110913 24111278 24111644 24112011 24112380 24112749 24113120
24113491 24113862 24114234 24114607 24114981 24115356 24115731 24116108
24116487 24116866 24117246 24117626 24118006 24118386 24118767 24119149
24119532 24119915 24120298 24120682 24121068 24121454 24121842 24122230
24122619 24123008 24123398 24123788 24124178 24124568 24124959 24125350
24125742 24126134 24126526 24126919 24127312 24127706 24128100 24128494
24128888 24129283 24129678 24130073 24130469 24130865 24131261 24131657
24132053 24132449 24132846 24133244 24133642 24134040 24134442 24134846
24135253 24135661 24136070 24136479 24136889 24137299 24137709 24138120
24138531 24138943 24139357 24139772 24140188 24140605 24141022 24141440
24141859 24142278 24142698 24143119 24143540 24143961 24144382 24144805
24145228 24145651 24146075 24146499 24146924 24147349 24147774 24148203
24148633 24149064 24149498 24149932 24150367 24150803 24151240 24151677
24152116 24152555 24152996 24153437 24153878 24154321 24154763 24155206
24155652 24156099 24156546 24156995 24157446 24157897 24158350 24158805
24159261 24159717 24160175 24160634 24161094 24161554 24162014 24162475
24162936 24163399 24163865 24164333 24164804 24165279 24165757 24166235
24166714 24167193 24167674 24168156 24168639 24169123 24169608 24170095
24170583 24171072 24171563 24172055 24172548 24173044 24173542 24174041
24174540 24175041 24175543 24176045 24176549 24177054 24177559 24178068
24178577 24179087 24179598 24180109 24180626 24181144 24181663 24182182
24182701 24183223 24183745 24184268 24184794 24185322 24185851 24186383
24186915 24187449 24187985 24188522 24189059 24189598 24190137 24190677
24191218 24191760 24192303 24192847 24193391 24193936 24194481 24195028
24195577 24196126 24196677 24197231 24197785 24198341 24198898 24199456
24200015 24200576 24201139 24201706 24202277 24202848 24203423 24203998
24204574 24205150 24205728 24206307 24206887 24207467 24208047 24208628
24209209 24209793 24210378 24210965 24211554 24212144 24212734 24213327
24213921 24214515 24215111 24215708 24216305 24216902 24217500 24218099
24218699 24219302 24219906 24220510 24221115 24221722 24222329 24222939
24223553 24224168 24224785 24225403 24226023 24226645 24227269 24227893
24228519 24229145 24229772 24230402 24231033 24231665 24232298 24232931
24233564 24234199 24234836 24235473 24236110 24236747 24237386 24238025
24238664 24239304 24239946 24240588 24241233 24241879 24242526 24243173
24243821 24244472 24245123 24245774 24246426 24247078 24247736 24248396
24249057 24249721 24250388 24251056 24251725 24252396 24253067 24253739
24254412 24255085 24255761 24256438 24257117 24257797 24258479 24259162
24259846 24260531 24261218 24261905 24262594 24263283 24263972 24264661
24265351 24266043 24266735 24267429 24268123 24268818 24269513 24270209
24270906 24271605 24272304 24273007 24273712 24274419 24275126 24275836
24276548 24277261 24277975 24278690 24279407 24280126 24280847 24281569
24282292 24283015 24283738 24284461 24284524 24284711 24284919 24285155
24285398 24285646 24285907 24286177 24286453 24286737 24287023 24287314
24287610 24287908 24288208 24288509 24288820 24289135 24289452 24289772
24290098 24290427 24290758 24291091 24291426 24291764 24292104 24292447
24292791 24293138 24293485 24293833 24294182 24294533 24294884 24295240
24295596 24295954 24296313 24296672 24297032 24297393 24297756 24298121
24298486 24298853 24299220 24299589 24299958 24300329 24300700 24301071
24301444 24301817 24302191 24302566 24302941 24303318 24303697 24304077
24304457 24304837 24305217 24305597 24305978 24306360 24306743 24307126
24307509 24307893 24308279 24308665 24309053 24309441 24309830 24310219
24310609 24310999 24311389 24311779 24312170 24312561 24312953 24313345
24313738 24314131 24314524 24314918 24315312 24315706 24316100 24316494
24316889 24317284 24317679 24318075 24318471 24318867 24319263 24319659
24320055 24320452 24320850 24321248 24321650 24322053 24322459 24322867
24323275 24323684 24324094 24324504 24324914 24325325 24325736 24326147
24326561 24326976 24327391 24327808 24328225 24328642 24329061 24329480
24329899 24330320 24330741 24331162 24331583 24332005 24332428 24332851
24333274 24333698 24334123 24334548 24334976 24335405 24335835 24336266
24336700 24337134 24337569 24338005 24338442 24338879 24339318 24339757
24340198 24340639 24341079 24341520 24341962 24342405 24342851 24343297
24343744 24344192 24344642 24345093 24345546 24346001 24346457 24346913
24347371 24347830 24348289 24348749 24349210 24349671 24350134 24350597
24351063 24351534 24352005 24352480 24352958 24353436 24353915 24354395
24354876 24355358 24355842 24356326 24356811 24357299 24357787 24358276
24358768 24359260 24359754 24360250 24360748 24361247 24361748 24362249
24362751 24363255 24363760 24364265 24364771 24365280 24365790 24366300
24366811 24367322 24367839 24368358 24368879 24369401 24369923 24370445
24370968 24371493 24372019 24372547 24373076 24373608 24374141 24374676
24375212 24375749 24376286 24376825 24377364 24377904 24378445 24378987
24379530 24380074 24380618 24381165 24381712 24382259 24382808 24383358
24383911 24384465 24385020 24385576 24386133 24386691 24387250 24387811
24388377 24388944 24389515 24390088 24390663 24391238 24391814 24392391
24392970 24393550 24394130 24394710 24395291 24395874 24396458 24397043
24397629 24398216 24398806 24399396 24399988 24400582 24401176 24401772
24402368 24402965 24403562 24404159 24404758 24405358 24405958 24406562
24407166 24407771 24408378 24408988 24409600 24410213 24410828 24411445
24412062 24412682 24413304 24413926 24414550 24415176 24415802 24416430
24417060 24417691 24418322 24418955 24419588 24420221 24420855 24421491
24422128 24422765 24423403 24424042 24424681 24425320 24425962 24426604
24427247 24427893 24428539 24429185 24429832 24430480 24431130 24431781
24432432 24433083 24433735 24434392 24435051 24435712 24436376 24437042
24437710 24438379 24439048 24439719 24440391 24441063 24441736 24442412
24443089 24443768 24444448 24445129 24445812 24446495 24447179 24447863
24448550 24449237 24449926 24450615 24451304 24451993 24452683 24453375
24454069 24454763 24455457 24456152 24456847 24457543 24458240 24458938
24459637 24460341 24461046 24461754 24462464 24463174 24463886 24464600
24465314 24466029 24466746 24467465 24468185 24468907 24469630 24470353
24471076 24471799 24472524 24473249 24473312 24473499 24473707 24473944
24474191 24474452 24474723 24474999 24475283 24475569 24475861 24476157
24476455 24476756 24477060 24477372 24477689 24478006 24478326 24478653
24478983 24479314 24479647 24479982 24480321 24480662 24481005 24481350
24481697 24482045 24482393 24482742 24483093 24483444 24483800 24484156
24484515 24484874 24485233 24485593 24485954 24486317 24486682 24487048
24487415 24487784 24488153 24488523 24488894 24489265 24489636 24490009
24490382 24490756 24491131 24491507 24491885 24492264 24492644 24493024
24493404 24493784 24494165 24494546 24494929 24495312 24495695 24496079
24496463 24496849 24497235 24497623 24498012 24498401 24498791 24499181
24499571 24499961 24500351 24500742 24501133 24501525 24501917 24502310
24502703 24503097 24503491 24503885 24504279 24504673 24505067 24505462
24505857 24506252 24506648 24507044 24507440 24507836 24508232 24508628
24509024 24509422 24509823 24510226 24510631 24511038 24511447 24511856
24512266 24512676 24513086 24513497 24513908 24514319 24514733 24515148
24515564 24515980 24516397 24516815 24517234 24517653 24518073 24518494
24518915 24519336 24519758 24520180 24520603 24521026 24521449 24521873
24522298 24522723 24523151 24523582 24524013 24524447 24524882 24525317
24525753 24526190 24526629 24527068 24527507 24527947 24528387 24528828
24529270 24529712 24530157 24530603 24531050 24531497 24531946 24532396
24532848 24533303 24533758 24534214 24534670 24535128 24535587 24536047
24536507 24536968 24537431 24537896 24538363 24538831 24539302 24539777
24540253 24540731 24541210 24541689 24542170 24542651 24543134 24543618
24544103 24544590 24545078 24545567 24546058 24546550 24547043 24547539
24548036 24548535 24549034 24549535 24550036 24550538 24551042 24551547
24552052 24552561 24553071 24553581 24554092 24554603 24555120 24555639
24556161 24556683 24557206 24557729 24558255 24558783 24559312 24559844
24560376 24560910 24561446 24561983 24562520 24563059 24563598 24564138
24564679 24565221 24565764 24566308 24566852 24567397 24567944 24568493
24569042 24569591 24570144 24570698 24571253 24571809 24572366 24572924
24573483 24574044 24574608 24575175 24575746 24576318 24576893 24577468
24578044 24578621 24579201 24579781 24580361 24580942 24581523 24582105
24582690 24583277 24583864 24584451 24585041 24585631 24586223 24586817
24587411 24588006 24588603 24589200 24589797 24590394 24590993 24591593
24592194 24592798 24593402 24594007 24594614 24595224 24595837 24596452
24597069 24597686 24598304 24598924 24599546 24600169 24600793 24601419
24602046 24602676 24603307 24603939 24604571 24605204 24605837 24606470
24607105 24607741 24608378 24609016 24609655 24610294 24610933 24611572
24612214 24612856 24613501 24614147 24614793 24615440 24616087 24616735
24617386 24618037 24618688 24619340 24619994 24620652 24621313 24621975
24622640 24623307 24623975 24624644 24625315 24625987 24626659 24627332
24628006 24628682 24629361 24630040 24630721 24631403 24632087 24632771
24633457 24634143 24634830 24635518 24636207 24636896 24637585 24638275
24638967 24639660 24640354 24641049 24641744 24642440 24643136 24643833
24644530 24645229 24645931 24646636 24647343 24648053 24648764 24649477
24650191 24650905 24651620 24652337 24653056 24653776 24654498 24655221
24655944 24656667 24657392 24658117 24658844 24659572 24660300 24661029
24661092 24661279 24661489 24661726 24661973 24662236 24662508 24662785
24663069 24663355 24663647 24663943 24664241 24664542 24664848 24665162
24665479 24665796 24666117 24666446 24666777 24667108 24667441 24667778
24668117 24668458 24668801 24669146 24669493 24669841 24670189 24670540
24670891 24671245 24671600 24671957 24672316 24672675 24673035 24673396
24673758 24674121 24674486 24674852 24675219 24675588 24675957 24676327
24676698 24677069 24677441 24677814 24678187 24678561 24678936 24679313
24679692 24680072 24680452 24680832 24681212 24681592 24681973 24682356
24682739 24683122 24683506 24683890 24684275 24684661 24685047 24685435
24685824 24686213 24686603 24686993 24687383 24687773 24688163 24688554
24688945 24689337 24689729 24690122 24690515 24690909 24691303 24691697
24692091 24692485 24692879 24693274 24693669 24694064 24694460 24694856
24695252 24695648 24696044 24696440 24696839 24697242 24697647 24698053
24698460 24698868 24699278 24699688 24700099 24700510 24700921 24701334
24701748 24702163 24702579 24702996 24703413 24703832 24704251 24704670
24705091 24705512 24705933 24706355 24706778 24707201 24707624 24708047
24708471 24708895 24709320 24709745 24710174 24710605 24711039 24711473
24711908 24712343 24712779 24713216 24713653 24714091 24714529 24714967
24715406 24715846 24716286 24716727 24717169 24717612 24718058 24718504
24718951 24719399 24719849 24720299 24720752 24721207 24721663 24722119
24722577 24723036 24723496 24723956 24724417 24724880 24725346 24725817
24726288 24726761 24727235 24727709 24728186 24728664 24729142 24729621
24730102 24730583 24731066 24731550 24732035 24732522 24733010 24733499
24733990 24734482 24734975 24735471 24735969 24736468 24736967 24737468
24737969 24738471 24738976 24739481 24739986 24740495 24741005 24741516
24742029 24742546 24743065 24743584 24744106 24744628 24745152 24745678
24746205 24746733 24747262 24747794 24748326 24748860 24749396 24749933
24750470 24751009 24751548 24752088 24752630 24753172 24753715 24754259
24754803 24755350 24755898 24756447 24756997 24757550 24758104 24758658
24759213 24759770 24760327 24760885 24761444 24762005 24762571 24763140
24763711 24764286 24764861 24765436 24766012 24766590 24767170 24767750
24768330 24768911 24769496 24770081 24770668 24771255 24771844 24772434
24773024 24773614 24774207 24774801 24775395 24775991 24776588 24777185
24777782 24778381 24778980 24779580 24780184 24780788 24781393 24782000
24782607 24783219 24783834 24784450 24785067 24785687 24786309 24786931
24787554 24788178 24788804 24789431 24790061 24790691 24791322 24791955
24792588 24793221 24793854 24794489 24795125 24795762 24796400 24797039
24797678 24798317 24798959 24799601 24800246 24800891 24801537 24802184
24802831 24803479 24804130 24804781 24805432 24806083 24806735 24807391
24808050 24808711 24809373 24810038 24810705 24811373 24812042 24812713
24813385 24814057 24814730 24815405 24816081 24816760 24817440 24818121
24818804 24819488 24820172 24820859 24821546 24822235 24822924 24823613
24824302 24824991 24825681 24826373 24827067 24827761 24828456 24829151
24829847 24830544 24831243 24831943 24832645 24833349 24834054 24834762
24835473 24836185 24836899 24837613 24838328 24839045 24839765 24840485
24841206 24841928 24842651 24843374 24844098 24844823 24845549 24846277
24847006 24847735 24848465 24849196 24849927 24850659 24850722 24850910
24851120 24851357 24851605 24851868 24852141 24852419 24852704 24852990
24853282 24853578 24853876 24854177 24854484 24854798 24855115 24855434
24855756 24856085 24856416 24856748 24857081 24857418 24857757 24858099
24858443 24858788 24859135 24859483 24859832 24860183 24860535 24860889
24861244 24861602 24861961 24862320 24862680 24863041 24863403 24863767
24864132 24864498 24864865 24865234 24865603 24865973 24866344 24866716
24867088 24867461 24867834 24868208 24868583 24868960 24869339 24869719
24870099 24870479 24870859 24871239 24871620 24872003 24872386 24872769
24873153 24873537 24873922 24874308 24874694 24875082 24875471 24875860
24876250 24876640 24877030 24877420 24877810 24878201 24878592 24878984
24879377 24879770 24880163 24880557 24880951 24881345 24881739 24882133
24882527 24882922 24883317 24883712 24884108 24884504 24884900 24885296
24885692 24886091 24886492 24886897 24887303 24887709 24888116 24888524
24888932 24889343 24889754 24890165 24890576 24890990 24891405 24891820
24892237 24892654 24893071 24893490 24893909 24894328 24894749 24895170
24895591 24896013 24896436 24896859 24897282 24897706 24898130 24898555
24898980 24899409 24899840 24900274 24900709 24901144 24901580 24902016
24902452 24902890 24903328 24903768 24904208 24904648 24905089 24905531
24905974 24906420 24906866 24907313 24907762 24908212 24908662 24909115
24909570 24910026 24910482 24910939 24911398 24911858 24912318 24912779
24913242 24913707 24914178 24914652 24915127 24915602 24916077 24916553
24917031 24917510 24917989 24918469 24918950 24919432 24919916 24920401
24920887 24921375 24921864 24922355 24922847 24923340 24923836 24924333
24924832 24925331 24925832 24926333 24926835 24927340 24927845 24928350
24928859 24929369 24929880 24930391 24930908 24931427 24931949 24932471
24932993 24933516 24934042 24934570 24935098 24935627 24936159 24936692
24937226 24937762 24938299 24938836 24939375 24939914 24940454 24940995
24941537 24942080 24942624 24943169 24943714 24944262 24944811 24945361
24945914 24946468 24947023 24947578 24948135 24948693 24949251 24949810
24950374 24950940 24951509 24952081 24952656 24953231 24953807 24954383
24954961 24955541 24956121 24956701 24957283 24957868 24958454 24959041
24959629 24960218 24960808 24961400 24961993 24962587 24963181 24963777
24964373 24964970 24965567 24966164 24966763 24967363 24967963 24968567
24969171 24969776 24970383 24970993 24971605 24972220 24972837 24973455
24974075 24974697 24975320 24975944 24976568 24977194 24977821 24978451
24979082 24979714 24980347 24980980 24981613 24982248 24982883 24983520
24984157 24984795 24985434 24986073 24986712 24987354 24987997 24988643
24989289 24989935 24990582 24991230 24991880 24992531 24993182 24993833
24994485 24995137 24995793 24996452 24997113 24997777 24998444 24999112
24999780 25000451 25001122 25001794 25002467 25003141 25003817 25004495
25005174 25005855 25006537 25007221 25007905 25008591 25009278 25009966
25010655 25011344 25012033 25012722 25013412 25014104 25014797 25015491
25016185 25016880 25017576 25018273 25018971 25019670 25020372 25021077
25021783 25022490 25023199 25023911 25024625 25025339 25026054 25026771
25027490 25028210 25028932 25029654 25030377 25031100 25031824 25032549
25033275 25034003 25034731 25035460 25036190 25036921 25037653 25038385
25039121 25039857 25039920 25040108 25040317 25040553 25040795 25041043
25041307 25041582 25041860 25042145 25042432 25042724 25043021 25043320
25043621 25043928 25044242 25044559 25044878 25045201 25045531 25045862
25046195 25046528 25046865 25047204 25047547 25047892 25048238 25048585
25048933 25049282 25049633 25049987 25050341 25050696 25051054 25051412
25051772 25052132 25052493 25052856 25053220 25053585 25053951 25054318
25054687 25055057 25055427 25055798 25056170 25056542 25056915 25057289
25057663 25058038 25058415 25058794 25059174 25059554 25059934 25060314
25060694 25061075 25061458 25061841 25062224 25062608 25062992 25063377
25063762 25064148 25064536 25064925 25065314 25065704 25066094 25066484
25066874 25067264 25067655 25068046 25068438 25068831 25069224 25069617
25070011 25070405 25070799 25071193 25071587 25071981 25072375 25072770
25073165 25073560 25073956 25074352 25074748 25075146 25075547 25075950
25076355 25076761 25077168 25077576 25077984 25078392 25078801 25079212
25079625 25080039 25080454 25080870 25081287 25081704 25082123 25082542
25082961 25083382 25083803 25084224 25084646 25085068 25085491 25085914
25086338 25086763 25087188 25087613 25088042 25088473 25088907 25089340
25089774 25090209 25090644 25091079 25091514 25091951 25092388 25092827
25093266 25093706 25094146 25094588 25095030 25095473 25095919 25096366
25096813 25097262 25097712 25098162 25098616 25099071 25099527 25099983
25100442 25100901 25101361 25101821 25102282 25102745 25103214 25103685
25104160 25104638 25105116 25105594 25106072 25106550 25107029 25107509
25107990 25108471 25108955 25109439 25109924 25110412 25110900 25111389
25111881 25112373 25112867 25113363 25113861 25114360 25114861 25115362
25115864 25116368 25116873 25117378 25117887 25118396 25118906 25119417
25119932 25120451 25120973 25121495 25122018 25122542 25123068 25123595
25124124 25124656 25125188 25125720 25126254 25126790 25127326 25127863
25128402 25128941 25129481 25130022 25130564 25131107 25131651 25132195
25132742 25133290 25133839 25134389 25134942 25135496 25136051 25136608
25137165 25137722 25138281 25138840 25139402 25139969 25140540 25141111
25141686 25142261 25142837 25143414 25143993 25144573 25145153 25145734
25146316 25146901 25147488 25148075 25148665 25149255 25149846 25150438
25151032 25151626 25152220 25152815 25153412 25154009 25154606 25155204
25155803 25156403 25157004 25157608 25158212 25158817 25159424 25160034
25160648 25161263 25161880 25162498 25163120 25163742 25164366 25164992
25165618 25166244 25166872 25167503 25168134 25168767 25169400 25170033
25170667 25171303 25171940 25172577 25173214 25173853 25174492 25175131
25175773 25176415 25177060 25177706 25178352 25178999 25179647 25180296
25180947 25181598 25182249 25182901 25183554 25184212 25184871 25185530
25186191 25186853 25187519 25188186 25188854 25189523 25190194 25190866
25191538 25192211 25192886 25193563 25194242 25194922 25195604 25196287
25196971 25197656 25198343 25199030 25199719 25200408 25201097 25201787
25202478 25203170 25203862 25204556 25205250 25205945 25206641 25207338
25208035 25208734 25209436 25210141 25210848 25211557 25212268 25212980
25213694 25214408 25215123 25215840 25216559 25217279 25218001 25218724
25219447 25220170 25220894 25221619 25222345 25223073 25223801 25224530
25225260 25225991 25226723 25227459 25228195 25228932 25229669 25230407
25231145 25231208 25231396 25231606 25231843 25232085 25232334 25232599
25232874 25233152 25233438 25233726 25234018 25234315 25234615 25234916
25235226 25235540 25235858 25236177 25236499 25236830 25237161 25237494
25237828 25238166 25238505 25238848 25239193 25239540 25239888 25240237
25240586 25240938 25241292 25241646 25242002 25242359 25242717 25243077
25243437 25243799 25244162 25244526 25244891 25245258 25245626 25245995
25246365 25246735 25247107 25247479 25247851 25248225 25248599 25248973
25249349 25249727 25250106 25250486 25250866 25251246 25251626 25252007
25252388 25252771 25253154 25253538 25253922 25254306 25254691 25255076
25255462 25255850 25256239 25256628 25257018 25257408 25257798 25258188
25258578 25258969 25259360 25259752 25260145 25260538 25260931 25261325
25261719 25262113 25262507 25262901 25263295 25263689 25264083 25264478
25264873 25265268 25265664 25266062 25266463 25266866 25267270 25267675
25268081 25268489 25268897 25269306 25269715 25270126 25270538 25270951
25271364 25271777 25272191 25272607 25273023 25273441 25273859 25274278
25274699 25275120 25275541 25275962 25276384 25276806 25277228 25277651
25278074 25278497 25278920 25279346 25279774 25280205 25280637 25281070
25281505 25281940 25282375 25282812 25283249 25283686 25284124 25284562
25285000 25285439 25285879 25286319 25286761 25287206 25287651 25288098
25288547 25288997 25289447 25289900 25290355 25290811 25291267 25291725
25292184 25292644 25293104 25293565 25294030 25294497 25294968 25295443
25295920 25296398 25296877 25297356 25297835 25298314 25298794 25299275
25299757 25300240 25300724 25301210 25301698 25302186 25302677 25303168
25303661 25304157 25304653 25305151 25305650 25306151 25306652 25307154
25307658 25308163 25308669 25309178 25309688 25310199 25310710 25311227
25311746 25312268 25312790 25313314 25313840 25314368 25314896 25315425
25315957 25316489 25317024 25317560 25318096 25318633 25319170 25319709
25320248 25320789 25321331 25321874 25322418 25322962 25323507 25324054
25324602 25325151 25325704 25326258 25326813 25327369 25327926 25328484
25329043 25329603 25330164 25330729 25331296 25331867 25332440 25333015
25333590 25334166 25334744 25335324 25335904 25336484 25337065 25337650
25338236 25338823 25339412 25340002 25340593 25341187 25341781 25342375
25342970 25343566 25344163 25344760 25345357 25345954 25346553 25347153
25347754 25348358 25348962 25349567 25350174 25350784 25351397 25352012
25352629 25353247 25353869 25354491 25355115 25355741 25356367 25356995
25357626 25358257 25358888 25359521 25360154 25360787 25361422 25362059
25362696 25363333 25363972 25364611 25365250 25365889 25366531 25367173
25367818 25368464 25369111 25369758 25370408 25371059 25371710 25372361
25373012 25373664 25374320 25374979 25375640 25376302 25376968 25377635
25378302 25378970 25379638 25380309 25380980 25381652 25382325 25382999
25383675 25384354 25385033 25385714 25386396 25387080 25387764 25388450
25389137 25389826 25390515 25391204 25391893 25392584 25393276 25393970
25394664 25395359 25396054 25396749 25397446 25398143 25398842 25399544
25400248 25400955 25401664 25402374 25403086 25403800 25404514 25405231
25405948 25406667 25407387 25408109 25408832 25409555 25410278 25411003
25411728 25412456 25413184 25413913 25414642 25415372 25416103 25416835
25417571 25418307 25419044 25419781 25420520 25421260 25422000 25422740
25423481 25424223 25424286 25424474 25424684 25424921 25425163 25425413
25425678 25425954 25426232 25426518 25426806 25427099 25427397 25427697
25427998 25428309 25428623 25428942 25429261 25429586 25429917 25430249
25430582 25430917 25431255 25431595 25431938 25432283 25432630 25432978
25433327 25433677 25434029 25434383 25434737 25435093 25435449 25435807
25436167 25436527 25436889 25437252 25437616 25437982 25438349 25438717
25439086 25439456 25439826 25440197 25440569 25440941 25441315 25441689
25442063 25442439 25442817 25443196 25443576 25443956 25444336 25444716
25445097 25445478 25445861 25446244 25446628 25447012 25447396 25447781
25448166 25448551 25448939 25449328 25449717 25450107 25450497 25450887
25451277 25451667 25452058 25452449 25452841 25453234 25453627 25454020
25454414 25454808 25455202 25455596 25455990 25456384 25456778 25457172
25457567 25457962 25458357 25458754 25459155 25459558 25459962 25460366
25460771 25461178 25461585 25461994 25462403 25462812 25463224 25463637
25464050 25464463 25464877 25465292 25465707 25466123 25466540 25466957
25467375 25467795 25468214 25468634 25469055 25469476 25469897 25470319
25470742 25471165 25471588 25472017 25472446 25472878 25473311 25473745
25474180 25474616 25475052 25475488 25475924 25476362 25476800 25477238
25477677 25478117 25478557 25478998 25479443 25479888 25480334 25480782
25481232 25481682 25482134 25482589 25483045 25483501 25483960 25484419
25484879 25485339 25485800 25486263 25486732 25487203 25487678 25488156
25488634 25489113 25489593 25490074 25490555 25491036 25491517 25491999
25492483 25492967 25493453 25493941 25494429 25494919 25495411 25495904
25496400 25496897 25497395 25497894 25498395 25498896 25499398 25499903
25500408 25500914 25501423 25501933 25502444 25502957 25503474 25503993
25504515 25505037 25505561 25506088 25506616 25507145 25507675 25508207
25508740 25509275 25509811 25510348 25510885 25511422 25511961 25512500
25513041 25513583 25514126 25514670 25515214 25515759 25516306 25516855
25517405 25517958 25518512 25519067 25519623 25520181 25520739 25521298
25521862 25522428 25522994 25523563 25524135 25524710 25525285 25525861
25526437 25527015 25527595 25528175 25528756 25529339 25529924 25530511
25531099 25531689 25532279 25532872 25533466 25534060 25534656 25535252
25535849 25536446 25537043 25537640 25538238 25538837 25539437 25540040
25540644 25541249 25541855 25542465 25543078 25543692 25544309 25544927
25545547 25546169 25546793 25547417 25548043 25548670 25549300 25549931
25550564 25551197 25551830 25552463 25553096 25553731 25554368 25555005
25555643 25556282 25556921 25557561 25558203 25558845 25559490 25560136
25560782 25561429 25562077 25562728 25563379 25564030 25564682 25565335
25565991 25566650 25567311 25567974 25568639 25569306 25569974 25570643
25571312 25571983 25572655 25573327 25574001 25574677 25575354 25576033
25576714 25577396 25578080 25578764 25579448 25580133 25580820 25581509
25582198 25582887 25583576 25584266 25584958 25585652 25586346 25587041
25587736 25588432 25589129 25589826 25590525 25591224 25591928 25592635
25593343 25594054 25594766 25595480 25596195 25596912 25597631 25598351
25599071 25599793 25600515 25601238 25601961 25602686 25603411 25604139
25604867 25605596 25606326 25607056 25607787 25608519 25609255 25609991
25610728 25611466 25612205 25612945 25613685 25614426 25615169 25615912
25616656 25617400 25617463 25617651 25617862 25618099 25618341 25618592
25618857 25619133 25619411 25619697 25619985 25620278 25620576 25620876
25621177 25621488 25621803 25622122 25622441 25622766 25623097 25623430
25623763 25624099 25624437 25624777 25625120 25625465 25625812 25626160
25626509 25626859 25627211 25627565 25627919 25628275 25628631 25628989
25629349 25629709 25630071 25630434 25630798 25631164 25631531 25631900
25632270 25632640 25633010 25633381 25633753 25634125 25634499 25634873
25635247 25635623 25636001 25636380 25636760 25637140 25637520 25637900
25638281 25638662 25639045 25639428 25639812 25640196 25640580 25640965
25641350 25641735 25642123 25642512 25642902 25643292 25643682 25644072
25644462 25644852 25645243 25645634 25646026 25646419 25646812 25647205
25647599 25647993 25648387 25648781 25649175 25649569 25649963 25650357
25650752 25651147 25651542 25651941 25652341 25652744 25653148 25653553
25653958 25654364 25654771 25655179 25655588 25655999 25656411 25656824
25657238 25657652 25658066 25658481 25658897 25659314 25659731 25660149
25660568 25660987 25661406 25661826 25662247 25662668 25663090 25663512
25663935 25664358 25664785 25665214 25665646 25666079 25666513 25666948
25667382 25667818 25668254 25668690 25669127 25669565 25670003 25670441
25670881 25671321 25671763 25672205 25672650 25673096 25673542 25673991
25674441 25674892 25675347 25675803 25676259 25676716 25677175 25677634
25678094 25678555 25679018 25679484 25679955 25680429 25680905 25681383
25681862 25682341 25682822 25683303 25683784 25684265 25684746 25685229
25685713 25686198 25686686 25687174 25687663 25688154 25688647 25689140
25689636 25690134 25690633 25691134 25691635 25692137 25692641 25693146
25693651 25694160 25694670 25695180 25695691 25696208 25696727 25697249
25697771 25698294 25698820 25699348 25699877 25700409 25700941 25701474
25702008 25702544 25703081 25703618 25704155 25704694 25705233 25705773
25706315 25706858 25707401 25707945 25708490 25709037 25709586 25710136
25710688 25711242 25711797 25712353 25712910 25713468 25714027 25714589
25715156 25715723 25716290 25716861 25717436 25718011 25718587 25719164
25719742 25720322 25720902 25721482 25722064 25722649 25723235 25723822
25724412 25725002 25725594 25726188 25726782 25727378 25727975 25728572
25729169 25729766 25730364 25730963 25731562 25732162 25732765 25733369
25733974 25734581 25735188 25735800 25736415 25737031 25737648 25738268
25738890 25739514 25740139 25740765 25741392 25742022 25742653 25743285
25743918 25744551 25745184 25745817 25746452 25747089 25747726 25748365
25749004 25749643 25750285 25750927 25751572 25752217 25752863 25753509
25754156 25754805 25755456 25756107 25756758 25757410 25758066 25758725
25759384 25760045 25760707 25761373 25762040 25762708 25763377 25764048
25764719 25765391 25766064 25766737 25767413 25768091 25768770 25769451
25770133 25770817 25771501 25772185 25772871 25773558 25774247 25774936
25775625 25776314 25777005 25777697 25778391 25779085 25779780 25780475
25781172 25781869 25782568 25783267 25783969 25784673 25785380 25786090
25786801 25787514 25788228 25788943 25789660 25790379 25791099 25791821
25792543 25793266 25793989 25794713 25795438 25796164 25796892 25797621
25798350 25799080 25799811 25800542 25801274 25802010 25802747 25803484
25804222 25804962 25805702 25806442 25807184 25807927 25808671 25809415
25810160 25810905 25810968 25811154 25811363 25811600 25811843 25812095
25812360 25812638 25812924 25813213 25813506 25813804 25814104 25814407
25814718 25815033 25815352 25815671 25815997 25816328 25816661 25816994
25817330 25817668 25818009 25818352 25818698 25819045 25819393 25819742
25820092 25820444 25820798 25821153 25821509 25821865 25822224 25822583
25822943 25823305 25823668 25824032 25824399 25824766 25825135 25825505
25825875 25826246 25826617 25826989 25827362 25827735 25828109 25828483
25828859 25829237 25829617 25829997 25830377 25830757 25831137 25831518
25831900 25832283 25832666 25833050 25833434 25833818 25834202 25834587
25834972 25835360 25835749 25836139 25836529 25836919 25837309 25837699
25838089 25838480 25838871 25839263 25839656 25840049 25840442 25840836
25841230 25841624 25842018 25842412 25842806 25843200 25843594 25843988
25844382 25844780 25845180 25845582 25845985 25846390 25846795 25847201
25847607 25848014 25848421 25848832 25849243 25849655 25850068 25850483
25850898 25851313 25851728 25852145 25852562 25852979 25853398 25853817
25854236 25854657 25855078 25855499 25855921 25856343 25856766 25857189
25857614 25858039 25858467 25858898 25859328 25859760 25860193 25860626
25861061 25861497 25861934 25862372 25862810 25863248 25863687 25864127
25864567 25865012 25865457 25865902 25866348 25866795 25867244 25867694
25868146 25868601 25869057 25869513 25869970 25870429 25870889 25871349
25871810 25872273 25872739 25873210 25873685 25874162 25874640 25875119
25875598 25876079 25876561 25877044 25877527 25878010 25878494 25878979
25879466 25879954 25880443 25880934 25881426 25881919 25882415 25882911
25883410 25883910 25884411 25884912 25885415 25885920 25886425 25886931
25887440 25887950 25888461 25888973 25889491 25890011 25890533 25891056
25891582 25892109 25892638 25893170 25893702 25894236 25894770 25895306
25895842 25896379 25896918 25897457 25897996 25898536 25899078 25899620
25900163 25900707 25901251 25901798 25902346 25902895 25903445 25903999
25904553 25905109 25905666 25906224 25906783 25907344 25907908 25908475
25909046 25909618 25910190 25910765 25911341 25911917 25912494 25913074
25913654 25914234 25914816 25915400 25915985 25916572 25917161 25917751
25918343 25918937 25919531 25920127 25920724 25921321 25921918 25922515
25923113 25923712 25924312 25924912 25925513 25926117 25926722 25927327
25927934 25928546 25929160 25929776 25930394 25931014 25931636 25932260
25932884 25933510 25934137 25934767 25935398 25936031 25936664 25937297
25937930 25938565 25939200 25939837 25940474 25941112 25941751 25942390
25943030 25943672 25944317 25944963 25945610 25946257 25946904 25947552
25948203 25948854 25949505 25950157 25950813 25951472 25952133 25952795
25953459 25954125 25954793 25955462 25956131 25956802 25957474 25958146
25958819 25959493 25960169 25960846 25961525 25962206 25962888 25963572
25964256 25964942 25965629 25966316 25967005 25967694 25968383 25969073
25969764 25970456 25971150 25971844 25972539 25973235 25973932 25974630
25975329 25976031 25976736 25977441 25978149 25978859 25979571 25980285
25980999 25981714 25982433 25983152 25983873 25984595 25985318 25986041
25986764 25987489 25988214 25988941 25989669 25990398 25991128 25991859
25992591 25993326 25994062 25994798 25995535 25996272 25997011 25997751
25998491 25999232 25999974 26000718 26001463 26002208 26002953 26003698
26004448 26005198 26005261 26005447 26005657 26005894 26006137 26006389
26006650 26006918 26007194 26007477 26007766 26008059 26008357 26008657
26008962 26009274 26009590 26009909 26010229 26010555 26010885 26011218
26011551 26011887 26012225 26012567 26012910 26013257 26013604 26013952
26014301 26014651 26015004 26015358 26015713 26016069 26016425 26016783
26017142 26017502 26017865 26018229 26018593 26018960 26019327 26019696
26020066 26020436 26020807 26021178 26021549 26021922 26022295 26022669
26023043 26023420 26023798 26024178 26024558 26024938 26025318 26025699
26026080 26026462 26026845 26027228 26027612 26027996 26028380 26028764
26029149 26029534 26029922 26030310 26030700 26031090 26031480 26031870
26032260 26032650 26033041 26033432 26033824 26034217 26034610 26035003
26035397 26035791 26036185 26036579 26036973 26037367 26037761 26038155
26038549 26038945 26039344 26039746 26040149 26040552 26040956 26041361
26041767 26042174 26042581 26042990 26043400 26043811 26044224 26044638
26045052 26045466 26045880 26046296 26046712 26047128 26047546 26047964
26048382 26048801 26049221 26049641 26050062 26050484 26050906 26051327
26051753 26052180 26052610 26053041 26053473 26053906 26054339 26054774
26055209 26055646 26056083 26056521 26056959 26057397 26057837 26058277
26058717 26059161 26059606 26060052 26060498 26060945 26061395 26061845
26062297 26062752 26063208 26063664 26064123 26064582 26065042 26065502
26065963 26066428 26066899 26067370 26067845 26068323 26068801 26069280
26069760 26070241 26070724 26071208 26071692 26072177 26072662 26073150
26073638 26074127 26074618 26075111 26075604 26076100 26076598 26077097
26077598 26078099 26078601 26079105 26079610 26080115 26080624 26081134
26081644 26082155 26082672 26083191 26083713 26084235 26084758 26085284
26085812 26086341 26086873 26087406 26087941 26088477 26089013 26089550
26090087 26090626 26091165 26091705 26092245 26092787 26093330 26093874
26094418 26094965 26095512 26096061 26096611 26097164 26097718 26098274
26098831 26099389 26099948 26100507 26101071 26101638 26102207 26102779
26103354 26103929 26104504 26105080 26105657 26106236 26106816 26107396
26107977 26108561 26109146 26109733 26110322 26110912 26111503 26112097
26112691 26113286 26113883 26114480 26115077 26115675 26116274 26116874
26117474 26118077 26118681 26119285 26119889 26120495 26121105 26121717
26122331 26122948 26123565 26124185 26124807 26125430 26126054 26126680
26127307 26127937 26128568 26129200 26129833 26130466 26131099 26131734
26132371 26133008 26133645 26134284 26134923 26135562 26136204 26136846
26137491 26138137 26138784 26139431 26140081 26140731 26141382 26142033
26142684 26143337 26143993 26144652 26145313 26145977 26146644 26147312
26147980 26148649 26149320 26149992 26150664 26151337 26152011 26152687
26153364 26154043 26154723 26155405 26156089 26156773 26157457 26158144
26158832 26159521 26160210 26160899 26161588 26162278 26162970 26163664
26164358 26165053 26165748 26166444 26167141 26167840 26168540 26169244
26169951 26170659 26171370 26172081 26172794 26173508 26174223 26174940
26175659 26176379 26177101 26177824 26178547 26179271 26179996 26180722
26181448 26182176 26182905 26183634 26184365 26185096 26185831 26186567
26187303 26188040 26188778 26189517 26190257 26190997 26191738 26192480
26193224 26193969 26194714 26195459 26196208 26196958 26197711 26198464
26199221 26199978 26200041 26200228 26200439 26200676 26200919 26201171
26201433 26201703 26201979 26202262 26202551 26202843 26203141 26203441
26203747 26204059 26204375 26204694 26205014 26205340 26205671 26206004
26206337 26206673 26207012 26207354 26207697 26208044 26208391 26208739
26209088 26209439 26209792 26210147 26210502 26210858 26211215 26211573
26211932 26212292 26212655 26213019 26213383 26213750 26214117 26214486
26214856 26215226 26215597 26215968 26216339 26216712 26217085 26217458
26217832 26218209 26218588 26218968 26219348 26219728 26220108 26220489
26220870 26221252 26221635 26222018 26222402 26222786 26223170 26223554
26223939 26224324 26224711 26225099 26225488 26225878 26226268 26226658
26227048 26227438 26227829 26228220 26228612 26229005 26229398 26229791
26230185 26230579 26230973 26231367 26231761 26232155 26232549 26232945
26233344 26233745 26234147 26234549 26234953 26235358 26235763 26236169
26236575 26236981 26237391 26237802 26238214 26238627 26239040 26239455
26239870 26240285 26240700 26241116 26241533 26241950 26242368 26242786
26243205 26243624 26244044 26244465 26244886 26245307 26245733 26246160
26246590 26247021 26247453 26247886 26248319 26248754 26249189 26249626
26250063 26250500 26250939 26251379 26251819 26252259 26252700 26253144
26253589 26254035 26254481 26254928 26255378 26255829 26256281 26256736
26257192 26257648 26258107 26258567 26259027 26259488 26259951 26260416
26260887 26261361 26261836 26262314 26262793 26263272 26263753 26264234
26264717 26265201 26265687 26266174 26266661 26267149 26267637 26268126
26268617 26269109 26269602 26270098 26270594 26271093 26271593 26272094
26272595 26273098 26273603 26274108 26274614 26275123 26275633 26276144
26276657 26277176 26277698 26278220 26278743 26279269 26279796 26280325
26280857 26281389 26281923 26282459 26282996 26283533 26284070 26284609
26285148 26285688 26286230 26286772 26287314 26287858 26288402 26288947
26289494 26290043 26290592 26291145 26291699 26292254 26292810 26293368
26293926 26294485 26295049 26295615 26296184 26296756 26297331 26297906
26298482 26299059 26299636 26300215 26300795 26301375 26301956 26302541
26303126 26303713 26304303 26304893 26305484 26306078 26306672 26307268
26307865 26308462 26309059 26309657 26310256 26310856 26311459 26312063
26312667 26313272 26313879 26314486 26315093 26315705 26316320 26316936
26317554 26318174 26318796 26319420 26320046 26320672 26321299 26321929
26322560 26323193 26323826 26324459 26325093 26325730 26326367 26327004
26327643 26328282 26328921 26329560 26330202 26330844 26331490 26332136
26332783 26333431 26334082 26334733 26335384 26336035 26336687 26337340
26337999 26338660 26339321 26339987 26340655 26341323 26341992 26342663
26343334 26344006 26344678 26345352 26346028 26346705 26347384 26348063
26348744 26349426 26350110 26350794 26351480 26352167 26352856 26353545
26354234 26354923 26355614 26356305 26356998 26357692 26358386 26359081
26359777 26360474 26361172 26361871 26362574 26363281 26363988 26364698
26365410 26366124 26366838 26367552 26368269 26368987 26369707 26370429
26371151 26371874 26372597 26373322 26374048 26374776 26375504 26376233
26376962 26377692 26378423 26379157 26379893 26380629 26381366 26382104
26382843 26383583 26384323 26385063 26385805 26386549 26387294 26388039
26388784 26389532 26390282 26391035 26391791 26392548 26393305 26394062
26394821 26395580 26395643 26395842 26396070 26396308 26396551 26396803
26397069 26397346 26397629 26397915 26398206 26398498 26398796 26399097
26399398 26399708 26400020 26400336 26400655 26400977 26401303 26401635
26401968 26402301 26402637 26402976 26403318 26403663 26404010 26404357
26404705 26405055 26405406 26405759 26406114 26406469 26406824 26407181
26407538 26407896 26408257 26408620 26408984 26409348 26409715 26410082
26410451 26410821 26411191 26411562 26411933 26412305 26412677 26413050
26413423 26413797 26414174 26414553 26414933 26415313 26415693 26416073
26416454 26416835 26417217 26417600 26417983 26418367 26418751 26419135
26419519 26419903 26420288 26420674 26421062 26421451 26421841 26422231
26422621 26423011 26423401 26423792 26424183 26424574 26424966 26425359
26425752 26426145 26426539 26426933 26427327 26427721 26428115 26428509
26428908 26429308 26429710 26430112 26430515 26430919 26431323 26431729
26432135 26432543 26432952 26433362 26433773 26434185 26434597 26435012
26435427 26435842 26436257 26436674 26437091 26437508 26437927 26438346
26438765 26439185 26439605 26440026 26440447 26440872 26441299 26441729
26442160 26442591 26443023 26443456 26443889 26444324 26444761 26445198
26445635 26446074 26446514 26446954 26447394 26447834 26448278 26448722
26449167 26449613 26450061 26450510 26450959 26451410 26451864 26452319
26452775 26453233 26453692 26454152 26454612 26455073 26455536 26456005
26456476 26456951 26457429 26457907 26458386 26458866 26459347 26459829
26460313 26460797 26461284 26461772 26462260 26462749 26463238 26463727
26464218 26464711 26465204 26465700 26466198 26466697 26467198 26467699
26468201 26468706 26469211 26469716 26470225 26470735 26471245 26471756
26472273 26472792 26473314 26473837 26474361 26474887 26475415 26475944
26476476 26477010 26477545 26478081 26478618 26479157 26479696 26480235
26480775 26481316 26481858 26482401 26482945 26483489 26484034 26484581
26485129 26485678 26486231 26486785 26487340 26487896 26488453 26489011
26489570 26490131 26490697 26491266 26491837 26492412 26492987 26493563
26494140 26494719 26495299 26495879 26496459 26497040 26497622 26498207
26498794 26499382 26499972 26500564 26501157 26501751 26502347 26502943
26503540 26504137 26504734 26505333 26505933 26506534 26507138 26507743
26508348 26508954 26509562 26510174 26510787 26511401 26512018 26512636
26513256 26513878 26514502 26515126 26515752 26516380 26517010 26517641
26518274 26518907 26519540 26520175 26520811 26521448 26522086 26522725
26523364 26524004 26524646 26525288 26525931 26526577 26527223 26527870
26528518 26529168 26529819 26530470 26531122 26531776 26532432 26533091
26533752 26534415 26535082 26535750 26536418 26537089 26537760 26538432
26539105 26539778 26540452 26541128 26541807 26542486 26543167 26543849
26544532 26545216 26545900 26546584 26547271 26547958 26548647 26549336
26550025 26550715 26551407 26552100 26552794 26553488 26554183 26554878
26555574 26556271 26556970 26557672 26558377 26559084 26559793 26560505
26561217 26561931 26562646 26563363 26564082 26564801 26565522 26566244
26566967 26567690 26568414 26569139 26569867 26570595 26571324 26572054
26572785 26573517 26574250 26574986 26575722 26576459 26577197 26577936
26578676 26579416 26580157 26580900 26581644 26582388 26583133 26583878
26584625 26585375 26586128 26586883 26587640 26588397 26589156 26589915
26590676 26591437 26592200 26592963 26593026 26593225 26593453 26593691
26593934 26594186 26594453 26594731 26595015 26595301 26595592 26595884
26596183 26596484 26596785 26597095 26597407 26597723 26598043 26598365
26598692 26599023 26599355 26599690 26600027 26600366 26600708 26601053
26601400 26601748 26602097 26602447 26602798 26603151 26603506 26603861
26604216 26604573 26604930 26605288 26605649 26606012 26606376 26606740
26607106 26607473 26607842 26608212 26608582 26608953 26609324 26609696
26610068 26610441 26610814 26611188 26611565 26611944 26612324 26612704
26613084 26613464 26613845 26614226 26614608 26614991 26615374 26615758
26616142 26616526 26616910 26617294 26617679 26618065 26618452 26618841
26619230 26619620 26620010 26620400 26620790 26621180 26621571 26621962
26622354 26622747 26623140 26623533 26623926 26624320 26624714 26625108
26625502 26625901 26626302 26626703 26627105 26627508 26627911 26628315
26628720 26629125 26629532 26629940 26630349 26630760 26631172 26631584
26631998 26632412 26632826 26633240 26633656 26634072 26634488 26634907
26635326 26635745 26636165 26636586 26637007 26637428 26637855 26638282
26638712 26639143 26639575 26640008 26640443 26640878 26641315 26641752
26642189 26642628 26643068 26643509 26643950 26644394 26644838 26645283
26645729 26646175 26646624 26647074 26647524 26647975 26648429 26648885
26649341 26649799 26650258 26650718 26651178 26651640 26652103 26652573
26653047 26653522 26654000 26654479 26654958 26655439 26655920 26656403
26656887 26657372 26657859 26658347 26658837 26659328 26659819 26660311
26660803 26661296 26661792 26662288 26662787 26663287 26663788 26664289
26664793 26665298 26665803 26666310 26666819 26667329 26667840 26668353
26668872 26669394 26669916 26670439 26670965 26671493 26672022 26672554
26673086 26673621 26674157 26674694 26675231 26675770 26676309 26676850
26677391 26677933 26678476 26679020 26679564 26680109 26680654 26681202
26681751 26682301 26682855 26683410 26683966 26684523 26685081 26685640
26686201 26686767 26687334 26687905 26688480 26689055 26689631 26690208
26690786 26691366 26691946 26692526 26693107 26693690 26694275 26694862
26695450 26696040 26696630 26697224 26697818 26698412 26699009 26699606
26700203 26700801 26701400 26702000 26702603 26703207 26703812 26704418
26705028 26705639 26706251 26706866 26707483 26708100 26708718 26709338
26709960 26710584 26711210 26711836 26712464 26713094 26713725 26714358
26714991 26715624 26716259 26716896 26717533 26718171 26718810 26719449
26720089 26720731 26721376 26722022 26722668 26723314 26723961 26724609
26725260 26725911 26726562 26727214 26727871 26728530 26729191 26729852
26730517 26731184 26731852 26732521 26733192 26733864 26734536 26735209
26735885 26736562 26737239 26737918 26738599 26739281 26739965 26740649
26741334 26742020 26742707 26743394 26744083 26744772 26745461 26746150
26746842 26747534 26748228 26748923 26749618 26750314 26751010 26751707
26752405 26753104 26753808 26754513 26755221 26755932 26756644 26757358
26758073 26758789 26759508 26760229 26760951 26761674 26762397 26763120
26763843 26764568 26765294 26766022 26766751 26767481 26768212 26768944
26769680 26770416 26771153 26771890 26772628 26773366 26774106 26774846
26775587 26776330 26777074 26777819 26778564 26779309 26780056 26780806
26781559 26782314 26783071 26783828 26784587 26785346 26786107 26786870
26787633 26788400 26789167 26789934 26790701 26790764 26790961 26791183
26791421 26791668 26791926 26792190 26792468 26792750 26793037 26793326
26793619 26793917 26794218 26794522 26794829 26795141 26795457 26795777
26796099 26796426 26796757 26797088 26797423 26797760 26798099 26798440
26798785 26799132 26799480 26799829 26800180 26800531 26800884 26801239
26801594 26801950 26802306 26802663 26803020 26803380 26803743 26804107
26804471 26804837 26805205 26805574 26805944 26806315 26806686 26807058
26807430 26807802 26808174 26808546 26808919 26809296 26809673 26810053
26810433 26810813 26811193 26811574 26811955 26812337 26812720 26813103
26813486 26813870 26814254 26814638 26815022 26815406 26815792 26816178
26816565 26816953 26817342 26817731 26818120 26818510 26818900 26819290
26819681 26820072 26820463 26820856 26821249 26821642 26822035 26822428
26822826 26823225 26823626 26824028 26824431 26824834 26825238 26825642
26826047 26826453 26826861 26827270 26827680 26828091 26828502 26828915
26829328 26829741 26830156 26830571 26830986 26831402 26831820 26832238
26832656 26833075 26833495 26833916 26834340 26834766 26835194 26835624
26836055 26836488 26836921 26837356 26837791 26838226 26838663 26839100
26839537 26839976 26840415 26840859 26841303 26841749 26842195 26842641
26843087 26843535 26843984 26844433 26844885 26845340 26845796 26846252
26846708 26847167 26847626 26848086 26848547 26849010 26849477 26849948
26850422 26850899 26851377 26851856 26852336 26852817 26853299 26853783
26854268 26854755 26855243 26855733 26856224 26856717 26857211 26857707
26858203 26858699 26859196 26859695 26860194 26860695 26861196 26861699
26862204 26862709 26863215 26863724 26864234 26864745 26865258 26865777
26866299 26866821 26867344 26867870 26868398 26868927 26869459 26869991
26870526 26871062 26871599 26872136 26872675 26873215 26873756 26874298
26874841 26875385 26875929 26876474 26877021 26877569 26878118 26878668
26879218 26879772 26880327 26880883 26881440 26881999 26882558 26883121
26883688 26884257 26884829 26885404 26885979 26886555 26887132 26887712
26888292 26888872 26889453 26890038 26890624 26891211 26891798 26892388
26892978 26893570 26894164 26894758 26895354 26895951 26896548 26897145
26897744 26898344 26898945 26899549 26900154 26900759 26901366 26901978
26902592 26903209 26903827 26904446 26905066 26905688 26906312 26906936
26907560 26908186 26908814 26909444 26910075 26910708 26911341 26911974
26912609 26913246 26913883 26914521 26915160 26915799 26916441 26917083
26917728 26918374 26919021 26919668 26920318 26920969 26921620 26922271
26922923 26923575 26924233 26924894 26925555 26926221 26926889 26927557
26928226 26928897 26929568 26930240 26930913 26931587 26932263 26932942
26933622 26934303 26934986 26935670 26936354 26937038 26937725 26938413
26939102 26939791 26940480 26941169 26941859 26942549 26943241 26943935
26944629 26945324 26946020 26946717 26947414 26948113 26948815 26949520
26950225 26950933 26951643 26952355 26953069 26953783 26954500 26955219
26955939 26956661 26957384 26958107 26958831 26959556 26960282 26961010
26961739 26962468 26963199 26963931 26964666 26965402 26966139 26966876
26967615 26968355 26969095 26969837 26970579 26971323 26972067 26972812
26973557 26974304 26975054 26975807 26976562 26977319 26978076 26978835
26979594 26980353 26981114 26981877 26982643 26983410 26984177 26984946
26985717 26986489 26987263 26988037 26988811 26989586 26989649 26989846
26990068 26990306 26990554 26990812 26991076 26991353 26991634 26991921
26992210 26992503 26992801 26993102 26993406 26993714 26994026 26994342
26994662 26994985 26995312 26995643 26995974 26996309 26996646 26996985
26997325 26997670 26998017 26998365 26998714 26999065 26999416 26999769
27000124 27000479 27000835 27001191 27001547 27001904 27002263 27002626
27002989 27003353 27003719 27004087 27004456 27004826 27005197 27005568
27005940 27006312 27006684 27007056 27007428 27007801 27008177 27008554
27008934 27009314 27009694 27010074 27010455 27010836 27011218 27011601
27011984 27012367 27012750 27013134 27013518 27013902 27014286 27014671
27015057 27015443 27015831 27016219 27016607 27016996 27017385 27017775
27018165 27018555 27018946 27019337 27019728 27020121 27020514 27020907
27021300 27021697 27022095 27022496 27022898 27023301 27023704 27024108
27024513 27024918 27025323 27025731 27026140 27026550 27026961 27027372
27027785 27028198 27028611 27029026 27029441 27029856 27030271 27030686
27031103 27031520 27031938 27032357 27032777 27033197 27033620 27034047
27034475 27034905 27035337 27035770 27036203 27036638 27037073 27037510
27037947 27038384 27038823 27039263 27039707 27040151 27040597 27041044
27041492 27041940 27042389 27042838 27043289 27043742 27044197 27044653
27045109 27045566 27046025 27046485 27046945 27047406 27047871 27048339
27048810 27049285 27049763 27050241 27050720 27051200 27051681 27052164
27052648 27053133 27053621 27054109 27054599 27055091 27055584 27056080
27056578 27057076 27057575 27058074 27058573 27059074 27059575 27060077
27060582 27061087 27061592 27062101 27062611 27063121 27063632 27064149
27064668 27065190 27065713 27066237 27066764 27067293 27067823 27068355
27068889 27069425 27069962 27070499 27071038 27071577 27072118 27072660
27073203 27073747 27074291 27074836 27075383 27075931 27076480 27077030
27077584 27078138 27078692 27079246 27079802 27080359 27080917 27081476
27082039 27082605 27083174 27083746 27084321 27084896 27085472 27086049
27086629 27087209 27087789 27088371 27088956 27089541 27090128 27090718
27091308 27091898 27092490 27093084 27093678 27094274 27094871 27095468
27096065 27096664 27097264 27097865 27098469 27099073 27099679 27100289
27100901 27101516 27102133 27102750 27103370 27103992 27104615 27105239
27105865 27106492 27107119 27107747 27108378 27109010 27109643 27110276
27110909 27111544 27112181 27112818 27113456 27114095 27114734 27115376
27116018 27116664 27117310 27117957 27118605 27119255 27119906 27120557
27121209 27121861 27122515 27123174 27123835 27124499 27125166 27125834
27126503 27127174 27127846 27128518 27129190 27129863 27130538 27131215
27131894 27132574 27133256 27133940 27134624 27135310 27135997 27136684
27137373 27138062 27138751 27139440 27140131 27140823 27141516 27142210
27142904 27143598 27144293 27144988 27145684 27146381 27147080 27147780
27148485 27149192 27149901 27150613 27151325 27152039 27152753 27153468
27154187 27154906 27155628 27156351 27157074 27157797 27158522 27159247
27159975 27160704 27161433 27162164 27162896 27163630 27164366 27165103
27165840 27166579 27167319 27168059 27168800 27169543 27170287 27171032
27171777 27172522 27173267 27174017 27174770 27175525 27176282 27177040
27177799 27178558 27179319 27180080 27180843 27181609 27182376 27183143
27183912 27184683 27185455 27186229 27187003 27187778 27188555 27189332
27190110 27190888 27190951 27191148 27191370 27191608 27191856 27192114
27192378 27192655 27192937 27193224 27193513 27193806 27194103 27194404
27194708 27195016 27195328 27195644 27195964 27196287 27196614 27196945
27197276 27197610 27197947 27198286 27198626 27198971 27199318 27199666
27200015 27200366 27200717 27201070 27201425 27201780 27202136 27202492
27202848 27203205 27203564 27203927 27204290 27204654 27205020 27205388
27205757 27206127 27206498 27206869 27207241 27207613 27207985 27208357
27208729 27209102 27209478 27209855 27210235 27210615 27210995 27211375
27211756 27212137 27212519 27212902 27213285 27213668 27214051 27214435
27214819 27215203 27215587 27215972 27216358 27216744 27217132 27217520
27217908 27218297 27218686 27219076 27219466 27219856 27220247 27220638
27221029 27221422 27221815 27222208 27222601 27222999 27223399 27223799
27224201 27224604 27225007 27225411 27225816 27226221 27226627 27227035
27227444 27227854 27228265 27228676 27229089 27229502 27229915 27230330
27230745 27231160 27231575 27231991 27232408 27232825 27233242 27233661
27234081 27234501 27234925 27235352 27235782 27236213 27236645 27237078
27237511 27237946 27238381 27238816 27239253 27239690 27240128 27240567
27241007 27241451 27241896 27242342 27242790 27243238 27243687 27244136
27244585 27245037 27245491 27245947 27246403 27246860 27247318 27247777
27248237 27248697 27249159 27249625 27250095 27250569 27251046 27251524
27252003 27252482 27252963 27253444 27253928 27254412 27254898 27255386
27255875 27256366 27256859 27257352 27257848 27258346 27258845 27259344
27259843 27260344 27260845 27261347 27261852 27262357 27262863 27263372
27263882 27264393 27264906 27265425 27265944 27266466 27266989 27267515
27268043 27268572 27269104 27269637 27270173 27270709 27271246 27271785
27272324 27272864 27273405 27273947 27274490 27275034 27275579 27276126
27276673 27277222 27277771 27278324 27278878 27279432 27279987 27280543
27281101 27281659 27282218 27282783 27283350 27283921 27284495 27285070
27285645 27286222 27286799 27287379 27287959 27288539 27289121 27289706
27290293 27290881 27291471 27292061 27292651 27293245 27293839 27294434
27295031 27295628 27296225 27296823 27297423 27298023 27298626 27299230
27299835 27300442 27301053 27301666 27302281 27302898 27303516 27304138
27304761 27305385 27306009 27306635 27307262 27307890 27308520 27309151
27309784 27310417 27311050 27311685 27312321 27312958 27313596 27314235
27314874 27315514 27316156 27316801 27317447 27318093 27318740 27319390
27320041 27320692 27321343 27321995 27322648 27323305 27323966 27324627
27325292 27325960 27326628 27327297 27327968 27328640 27329313 27329986
27330660 27331336 27332015 27332695 27333376 27334059 27334743 27335427
27336114 27336801 27337490 27338179 27338868 27339557 27340247 27340939
27341633 27342327 27343021 27343715 27344409 27345104 27345800 27346497
27347195 27347894 27348596 27349303 27350012 27350722 27351434 27352146
27352860 27353575 27354292 27355011 27355731 27356453 27357176 27357899
27358623 27359348 27360074 27360802 27361531 27362261 27362992 27363726
27364462 27365198 27365935 27366673 27367413 27368153 27368893 27369635
27370379 27371124 27371869 27372614 27373359 27374108 27374860 27375615
27376372 27377129 27377888 27378647 27379408 27380170 27380933 27381697
27382464 27383231 27384000 27384771 27385543 27386317 27387091 27387866
27388642 27389420 27390198 27390976 27391754 27391817 27392013 27392236
27392474 27392721 27392979 27393243 27393519 27393800 27394087 27394376
27394669 27394965 27395265 27395570 27395879 27396192 27396508 27396829
27397152 27397478 27397809 27398140 27398474 27398810 27399149 27399488
27399831 27400178 27400526 27400875 27401226 27401577 27401929 27402283
27402637 27402993 27403349 27403705 27404061 27404419 27404781 27405144
27405508 27405874 27406241 27406610 27406980 27407351 27407722 27408093
27408465 27408837 27409209 27409581 27409953 27410328 27410703 27411082
27411462 27411842 27412222 27412602 27412983 27413364 27413746 27414128
27414511 27414894 27415277 27415660 27416044 27416428 27416812 27417197
27417582 27417968 27418355 27418742 27419130 27419518 27419907 27420296
27420686 27421076 27421466 27421857 27422250 27422645 27423040 27423436
27423832 27424231 27424632 27425033 27425435 27425838 27426241 27426646
27427051 27427459 27427868 27428278 27428689 27429100 27429513 27429926
27430339 27430754 27431169 27431584 27432001 27432418 27432835 27433252
27433670 27434089 27434509 27434932 27435357 27435787 27436218 27436649
27437082 27437515 27437950 27438385 27438822 27439259 27439697 27440136
27440576 27441020 27441465 27441911 27442359 27442808 27443258 27443709
27444161 27444614 27445068 27445524 27445980 27446438 27446897 27447357
27447817 27448277 27448740 27449205 27449676 27450151 27450627 27451105
27451584 27452063 27452544 27453027 27453511 27453996 27454484 27454972
27455462 27455954 27456447 27456941 27457438 27457936 27458435 27458936
27459437 27459938 27460440 27460942 27461447 27461952 27462457 27462965
27463475 27463985 27464496 27465013 27465532 27466054 27466577 27467101
27467628 27468157 27468686 27469218 27469752 27470288 27470825 27471362
27471901 27472440 27472981 27473523 27474066 27474610 27475154 27475701
27476250 27476799 27477350 27477903 27478457 27479012 27479568 27480125
27480683 27481241 27481800 27482365 27482932 27483503 27484076 27484651
27485226 27485802 27486379 27486959 27487539 27488120 27488702 27489287
27489874 27490462 27491052 27491643 27492237 27492831 27493426 27494021
27494618 27495215 27495812 27496410 27497010 27497610 27498214 27498818
27499423 27500030 27500642 27501256 27501872 27502490 27503110 27503732
27504356 27504980 27505606 27506235 27506865 27507495 27508126 27508759
27509392 27510025 27510658 27511293 27511930 27512567 27513206 27513845
27514484 27515126 27515768 27516414 27517060 27517707 27518355 27519006
27519657 27520308 27520960 27521616 27522275 27522936 27523600 27524265
27524932 27525600 27526269 27526940 27527612 27528284 27528958 27529634
27530311 27530990 27531669 27532351 27533033 27533717 27534402 27535089
27535777 27536466 27537155 27537844 27538534 27539225 27539917 27540611
27541305 27542000 27542696 27543393 27544090 27544787 27545484 27546182
27546881 27547585 27548291 27549000 27549711 27550423 27551137 27551852
27552569 27553288 27554008 27554730 27555452 27556175 27556898 27557623
27558349 27559077 27559805 27560534 27561265 27561996 27562731 27563467
27564204 27564941 27565680 27566420 27567160 27567902 27568645 27569389
27570134 27570879 27571626 27572377 27573130 27573886 27574643 27575400
27576158 27576917 27577677 27578438 27579201 27579968 27580735 27581504
27582274 27583045 27583816 27584590 27585364 27586139 27586915 27587693
27588471 27589250 27590031 27590812 27591595 27592378 27593162 27593948
27594011 27594207 27594430 27594668 27594915 27595173 27595437 27595713
27595994 27596281 27596570 27596861 27597154 27597449 27597748 27598053
27598362 27598673 27598985 27599301 27599621 27599943 27600269 27600600
27600931 27601264 27601598 27601936 27602275 27602617 27602964 27603312
27603661 27604011 27604362 27604714 27605068 27605422 27605778 27606134
27606490 27606846 27607203 27607563 27607925 27608288 27608653 27609019
27609387 27609756 27610126 27610497 27610868 27611240 27611612 27611984
27612356 27612728 27613101 27613475 27613852 27614231 27614611 27614991
27615371 27615752 27616133 27616515 27616897 27617279 27617662 27618045
27618428 27618811 27619195 27619579 27619963 27620348 27620733 27621119
27621506 27621893 27622280 27622668 27623057 27623446 27623836 27624226
27624616 27625011 27625406 27625802 27626199 27626597 27626996 27627396
27627796 27628198 27628600 27629004 27629408 27629815 27630222 27630631
27631041 27631451 27631864 27632277 27632690 27633105 27633520 27633935
27634352 27634769 27635186 27635603 27636021 27636440 27636858 27637280
27637705 27638133 27638563 27638994 27639426 27639858 27640293 27640728
27641165 27641602 27642040 27642478 27642917 27643360 27643804 27644249
27644696 27645145 27645594 27646047 27646501 27646955 27647409 27647865
27648321 27648778 27649237 27649697 27650157 27650617 27651078 27651541
27652010 27652481 27652956 27653434 27653912 27654391 27654872 27655353
27655836 27656320 27656805 27657293 27657782 27658272 27658764 27659257
27659753 27660251 27660750 27661251 27661752 27662255 27662760 27663265
27663770 27664275 27664782 27665291 27665801 27666312 27666825 27667344
27667866 27668388 27668912 27669438 27669966 27670495 27671027 27671560
27672096 27672633 27673170 27673709 27674248 27674788 27675330 27675873
27676417 27676961 27677508 27678055 27678604 27679156 27679709 27680264
27680819 27681375 27681932 27682490 27683049 27683610 27684172 27684739
27685310 27685882 27686457 27687033 27687609 27688187 27688767 27689347
27689928 27690512 27691097 27691684 27692273 27692863 27693455 27694049
27694643 27695239 27695836 27696433 27697030 27697627 27698226 27698826
27699427 27700031 27700635 27701240 27701850 27702462 27703077 27703694
27704312 27704933 27705555 27706179 27706805 27707432 27708060 27708691
27709324 27709957 27710590 27711223 27711858 27712493 27713128 27713765
27714403 27715042 27715681 27716321 27716963 27717608 27718254 27718900
27719547 27720197 27720848 27721499 27722151 27722803 27723462 27724123
27724784 27725450 27726118 27726786 27727455 27728126 27728798 27729470
27730143 27730819 27731496 27732175 27732856 27733538 27734222 27734906
27735590 27736276 27736963 27737652 27738341 27739030 27739720 27740412
27741106 27741800 27742494 27743189 27743885 27744582 27745279 27745978
27746680 27747384 27748088 27748793 27749498 27750206 27750917 27751629
27752343 27753058 27753775 27754494 27755215 27755937 27756660 27757383
27758107 27758832 27759560 27760288 27761017 27761748 27762479 27763214
27763950 27764687 27765424 27766163 27766903 27767643 27768383 27769125
27769868 27770612 27771357 27772102 27772850 27773601 27774354 27775111
27775868 27776626 27777385 27778144 27778905 27779666 27780429 27781196
27781963 27782732 27783503 27784274 27785048 27785822 27786596 27787371
27788147 27788925 27789703 27790483 27791264 27792045 27792828 27793614
27794400 27795187 27795974 27796761 27797548 27797611 27797806 27798022
27798254 27798493 27798740 27799002 27799278 27799559 27799844 27800134
27800426 27800719 27801016 27801319 27801626 27801937 27802249 27802565
27802883 27803204 27803530 27803860 27804191 27804524 27804858 27805195
27805533 27805873 27806218 27806566 27806915 27807264 27807615 27807966
27808319 27808672 27809026 27809381 27809737 27810093 27810450 27810808
27811167 27811529 27811894 27812259 27812626 27812995 27813364 27813735
27814106 27814477 27814849 27815221 27815593 27815965 27816337 27816710
27817084 27817461 27817839 27818219 27818599 27818979 27819360 27819741
27820123 27820505 27820887 27821269 27821651 27822034 27822417 27822800
27823184 27823568 27823953 27824338 27824723 27825108 27825493 27825879
27826266 27826653 27827041 27827432 27827827 27828224 27828622 27829020
27829418 27829816 27830215 27830615 27831015 27831416 27831817 27832219
27832623 27833030 27833437 27833845 27834255 27834665 27835075 27835487
27835900 27836313 27836728 27837143 27837558 27837974 27838390 27838807
27839224 27839644 27840066 27840493 27840922 27841352 27841784 27842217
27842651 27843085 27843521 27843957 27844396 27844835 27845275 27845715
27846159 27846604 27847050 27847499 27847949 27848401 27848855 27849311
27849767 27850224 27850682 27851141 27851600 27852060 27852520 27852981
27853446 27853912 27854381 27854854 27855330 27855808 27856287 27856766
27857247 27857729 27858213 27858697 27859184 27859672 27860162 27860653
27861146 27861640 27862137 27862636 27863135 27863636 27864138 27864642
27865147 27865653 27866159 27866668 27867178 27867689 27868200 27868717
27869237 27869759 27870282 27870808 27871335 27871864 27872396 27872928
27873463 27873999 27874536 27875075 27875614 27876154 27876696 27877239
27877782 27878326 27878873 27879420 27879969 27880520 27881073 27881628
27882184 27882741 27883299 27883858 27884417 27884979 27885546 27886117
27886688 27887260 27887835 27888411 27888987 27889565 27890145 27890725
27891306 27891890 27892475 27893062 27893652 27894242 27894834 27895428
27896022 27896618 27897215 27897812 27898409 27899008 27899608 27900208
27900811 27901415 27902020 27902627 27903237 27903850 27904465 27905082
27905700 27906322 27906946 27907570 27908196 27908824 27909454 27910085
27910718 27911351 27911984 27912619 27913256 27913893 27914530 27915169
27915808 27916447 27917086 27917728 27918371 27919017 27919663 27920310
27920959 27921610 27922261 27922912 27923565 27924221 27924882 27925544
27926209 27926877 27927546 27928215 27928887 27929559 27930232 27930905
27931580 27932257 27932936 27933617 27934299 27934983 27935667 27936354
27937041 27937730 27938419 27939108 27939797 27940487 27941179 27941873
27942567 27943262 27943958 27944655 27945353 27946052 27946751 27947455
27948162 27948871 27949582 27950294 27951008 27951722 27952436 27953150
27953865 27954584 27955304 27956026 27956749 27957472 27958196 27958921
27959647 27960375 27961104 27961833 27962564 27963298 27964034 27964770
27965507 27966245 27966985 27967725 27968465 27969208 27969952 27970697
27971442 27972187 27972934 27973684 27974437 27975193 27975950 27976708
27977467 27978226 27978987 27979751 27980517 27981284 27982051 27982820
27983590 27984361 27985135 27985909 27986684 27987461 27988239 27989017
27989797 27990577 27991358 27992139 27992922 27993706 27994492 27995279
27996066 27996854 27997646 27998438 27999234 28000030 28000828 28001627
28001690 28001884 28002098 28002330 28002569 28002815 28003077 28003345
28003620 28003898 28004182 28004470 28004760 28005052 28005345 28005640
28005941 28006247 28006557 28006868 28007183 28007501 28007821 28008146
28008475 28008805 28009137 28009471 28009807 28010144 28010484 28010827
28011172 28011520 28011869 28012219 28012570 28012922 28013275 28013628
28013982 28014337 28014693 28015049 28015406 28015765 28016125 28016489
28016854 28017220 28017587 28017955 28018324 28018695 28019066 28019437
28019809 28020181 28020553 28020925 28021297 28021670 28022045 28022420
28022798 28023177 28023557 28023937 28024318 28024699 28025080 28025462
28025844 28026226 28026608 28026990 28027373 28027756 28028139 28028523
28028907 28029291 28029676 28030061 28030446 28030831 28031217 28031608
28032001 28032397 28032794 28033192 28033590 28033988 28034387 28034787
28035187 28035588 28035989 28036393 28036797 28037202 28037609 28038016
28038425 28038834 28039243 28039654 28040065 28040476 28040889 28041303
28041717 28042132 28042548 28042964 28043380 28043800 28044223 28044650
28045078 28045508 28045939 28046372 28046805 28047239 28047675 28048112
28048551 28048990 28049433 28049876 28050320 28050765 28051213 28051662
28052112 28052566 28053020 28053476 28053935 28054394 28054853 28055312
28055772 28056232 28056693 28057155 28057621 28058092 28058563 28059037
28059514 28059992 28060471 28060951 28061432 28061915 28062399 28062885
28063373 28063862 28064353 28064845 28065338 28065834 28066332 28066831
28067332 28067833 28068336 28068841 28069346 28069854 28070364 28070874
28071384 28071894 28072405 28072916 28073433 28073952 28074474 28074997
28075521 28076048 28076577 28077109 28077641 28078176 28078712 28079249
28079788 28080327 28080867 28081409 28081951 28082495 28083039 28083584
28084131 28084680 28085230 28085783 28086338 28086894 28087451 28088010
28088569 28089132 28089696 28090263 28090832 28091404 28091979 28092554
28093129 28093705 28094284 28094864 28095444 28096025 28096608 28097193
28097780 28098369 28098959 28099552 28100146 28100740 28101336 28101933
28102530 28103128 28103727 28104327 28104931 28105535 28106139 28106744
28107351 28107961 28108575 28109192 28109809 28110429 28111051 28111675
28112301 28112928 28113556 28114187 28114819 28115452 28116085 28116720
28117355 28117992 28118630 28119269 28119908 28120547 28121189 28121831
28122473 28123118 28123764 28124411 28125058 28125709 28126360 28127011
28127663 28128317 28128976 28129637 28130301 28130968 28131636 28132305
28132976 28133648 28134320 28134994 28135671 28136350 28137029 28137709
28138391 28139074 28139758 28140444 28141131 28141820 28142509 28143198
28143888 28144578 28145270 28145963 28146657 28147352 28148047 28148744
28149442 28150141 28150845 28151550 28152257 28152965 28153676 28154390
28155104 28155819 28156536 28157255 28157974 28158693 28159412 28160134
28160857 28161580 28162304 28163029 28163755 28164483 28165212 28165941
28166672 28167406 28168142 28168878 28169615 28170353 28171093 28171833
28172574 28173317 28174061 28174806 28175551 28176299 28177049 28177802
28178555 28179312 28180069 28180828 28181587 28182346 28183107 28183872
28184639 28185406 28186175 28186946 28187718 28188490 28189264 28190038
28190813 28191590 28192368 28193146 28193927 28194708 28195490 28196273
28197057 28197843 28198629 28199416 28200203 28200993 28201785 28202578
28203376 28204175 28204974 28205775 28206577 28207380 28208186 28208249
28208443 28208656 28208887 28209125 28209371 28209622 28209888 28210164
28210448 28210733 28211020 28211312 28211605 28211899 28212193 28212495
28212801 28213110 28213422 28213737 28214055 28214377 28214701 28215029
28215357 28215687 28216020 28216354 28216690 28217028 28217369 28217711
28218057 28218405 28218754 28219104 28219454 28219805 28220157 28220510
28220863 28221217 28221572 28221929 28222286 28222645 28223006 28223368
28223732 28224098 28224464 28224830 28225198 28225566 28225936 28226307
28226678 28227050 28227422 28227794 28228166 28228539 28228912 28229287
28229662 28230038 28230416 28230795 28231174 28231554 28231935 28232316
28232697 28233078 28233459 28233841 28234223 28234605 28234987 28235370
28235753 28236136 28236520 28236904 28237293 28237685 28238079 28238473
28238869 28239266 28239663 28240061 28240459 28240857 28241256 28241656
28242059 28242464 28242870 28243277 28243685 28244094 28244503 28244914
28245325 28245736 28246148 28246561 28246974 28247388 28247802 28248217
28248635 28249054 28249476 28249901 28250329 28250757 28251188 28251621
28252054 28252487 28252922 28253358 28253796 28254235 28254677 28255121
28255566 28256013 28256460 28256909 28257359 28257812 28258267 28258723
28259181 28259640 28260100 28260560 28261021 28261482 28261944 28262409
28262878 28263349 28263824 28264302 28264780 28265258 28265737 28266218
28266699 28267182 28267666 28268152 28268640 28269130 28269621 28270114
28270610 28271106 28271605 28272105 28272606 28273108 28273613 28274118
28274624 28275133 28275643 28276154 28276668 28277185 28277702 28278220
28278739 28279261 28279783 28280306 28280832 28281360 28281889 28282421
28282955 28283491 28284028 28284565 28285104 28285643 28286184 28286726
28287269 28287813 28288358 28288905 28289454 28290004 28290557 28291111
28291666 28292223 28292781 28293340 28293902 28294469 28295038 28295610
28296183 28296758 28297333 28297909 28298487 28299067 28299647 28300227
28300808 28301391 28301976 28302563 28303153 28303743 28304336 28304930
28305524 28306121 28306718 28307315 28307913 28308512 28309112 28309716
28310320 28310925 28311532 28312142 28312753 28313368 28313985 28314603
28315224 28315846 28316470 28317096 28317723 28318353 28318984 28319617
28320250 28320883 28321518 28322155 28322792 28323431 28324070 28324709
28325351 28325993 28326636 28327282 28327928 28328575 28329222 28329871
28330522 28331173 28331824 28332478 28333136 28333797 28334461 28335127
28335795 28336464 28337135 28337807 28338480 28339153 28339829 28340508
28341187 28341869 28342553 28343237 28343921 28344606 28345293 28345982
28346671 28347360 28348049 28348741 28349435 28350129 28350824 28351519
28352215 28352912 28353610 28354310 28355013 28355720 28356429 28357140
28357854 28358568 28359282 28359997 28360716 28361436 28362158 28362881
28363604 28364327 28365051 28365776 28366504 28367232 28367961 28368691
28369422 28370156 28370892 28371629 28372366 28373105 28373845 28374585
28375327 28376070 28376815 28377560 28378305 28379055 28379808 28380561
28381318 28382075 28382834 28383593 28384352 28385113 28385876 28386642
28387409 28388177 28388947 28389719 28390493 28391267 28392042 28392818
28393596 28394374 28395152 28395932 28396713 28397495 28398278 28399064
28399850 28400637 28401424 28402213 28403003 28403795 28404588 28405386
28406184 28406983 28407785 28408588 28409395 28410202 28411010 28411818
28412626 28413435 28414244 28414307 28414473 28414667 28414879 28415109
28415346 28415590 28415837 28416102 28416371 28416646 28416926 28417211
28417497 28417787 28418079 28418372 28418666 28418965 28419267 28419572
28419884 28420197 28420512 28420827 28421148 28421472 28421796 28422122
28422449 28422777 28423110 28423444 28423781 28424120 28424461 28424803
28425149 28425496 28425843 28426192 28426541 28426891 28427242 28427594
28427947 28428301 28428655 28429010 28429367 28429727 28430088 28430450
28430813 28431178 28431543 28431909 28432275 28432641 28433007 28433375
28433746 28434118 28434490 28434862 28435234 28435606 28435979 28436352
28436727 28437102 28437479 28437856 28438234 28438612 28438990 28439369
28439748 28440128 28440509 28440890 28441272 28441654 28442036 28442418
28442800 28443182 28443564 28443950 28444340 28444731 28445122 28445515
28445911 28446307 28446703 28447099 28447496 28447894 28448293 28448694
28449096 28449500 28449905 28450311 28450719 28451127 28451537 28451947
28452357 28452768 28453180 28453592 28454006 28454421 28454836 28455254
28455675 28456098 28456523 28456950 28457381 28457812 28458245 28458678
28459113 28459548 28459985 28460423 28460863 28461306 28461750 28462195
28462644 28463093 28463542 28463992 28464446 28464902 28465359 28465818
28466277 28466737 28467199 28467662 28468127 28468593 28469061 28469532
28470007 28470482 28470960 28471439 28471918 28472397 28472878 28473361
28473845 28474330 28474818 28475307 28475798 28476291 28476784 28477280
28477778 28478277 28478778 28479280 28479782 28480287 28480793 28481301
28481811 28482322 28482833 28483350 28483870 28484392 28484914 28485436
28485959 28486485 28487013 28487542 28488074 28488607 28489143 28489680
28490217 28490756 28491296 28491836 28492378 28492921 28493465 28494010
28494557 28495106 28495656 28496209 28496763 28497319 28497876 28498434
28498993 28499557 28500124 28500695 28501268 28501843 28502419 28502995
28503572 28504150 28504730 28505310 28505890 28506471 28507056 28507642
28508229 28508819 28509410 28510003 28510597 28511193 28511790 28512387
28512984 28513582 28514182 28514783 28515387 28515992 28516599 28517206
28517819 28518434 28519051 28519668 28520287 28520909 28521532 28522156
28522782 28523409 28524040 28524672 28525305 28525938 28526572 28527207
28527844 28528482 28529121 28529760 28530402 28531044 28531689 28532335
28532981 28533628 28534276 28534927 28535578 28536229 28536880 28537532
28538188 28538847 28539509 28540174 28540841 28541510 28542179 28542851
28543523 28544196 28544872 28545550 28546229 28546910 28547593 28548277
28548962 28549649 28550337 28551026 28551715 28552404 28553093 28553785
28554479 28555173 28555868 28556564 28557260 28557957 28558656 28559355
28560057 28560764 28561473 28562184 28562897 28563611 28564326 28565045
28565765 28566485 28567207 28567930 28568653 28569377 28570102 28570828
28571556 28572284 28573012 28573741 28574472 28575203 28575938 28576674
28577411 28578148 28578888 28579628 28580368 28581108 28581851 28582595
28583340 28584085 28584830 28585580 28586333 28587088 28587845 28588604
28589363 28590122 28590883 28591646 28592413 28593180 28593947 28594716
28595487 28596259 28597033 28597807 28598583 28599360 28600138 28600917
28601697 28602478 28603259 28604042 28604826 28605612 28606399 28607186
28607973 28608764 28609556 28610352 28611150 28611948 28612747 28613548
28614350 28615155 28615962 28616769 28617577 28618385 28619195 28620007
28620820 28621633 28622446 28623260 28623323 28623488 28623681 28623893
28624119 28624358 28624605 28624858 28625121 28625389 28625664 28625942
28626224 28626509 28626795 28627086 28627378 28627671 28627964 28628258
28628559 28628861 28629168 28629480 28629793 28630112 28630434 28630757
28631082 28631409 28631739 28632070 28632405 28632743 28633083 28633424
28633767 28634112 28634459 28634806 28635153 28635501 28635850 28636199
28636551 28636903 28637257 28637611 28637967 28638325 28638686 28639047
28639410 28639773 28640136 28640500 28640865 28641230 28641596 28641962
28642328 28642697 28643067 28643439 28643811 28644183 28644555 28644928
28645301 28645674 28646049 28646424 28646800 28647176 28647553 28647931
28648309 28648687 28649065 28649444 28649824 28650205 28650586 28650967
28651349 28651731 28652117 28652504 28652893 28653283 28653675 28654069
28654463 28654858 28655253 28655648 28656044 28656440 28656839 28657238
28657639 28658041 28658445 28658851 28659258 28659666 28660075 28660484
28660894 28661305 28661717 28662130 28662544 28662958 28663372 28663792
28664216 28664640 28665067 28665495 28665926 28666357 28666790 28667225
28667660 28668095 28668533 28668971 28669414 28669859 28670304 28670752
28671201 28671651 28672101 28672555 28673011 28673467 28673926 28674386
28674846 28675307 28675772 28676240 28676710 28677181 28677652 28678127
28678604 28679082 28679561 28680041 28680522 28681003 28681486 28681970
28682455 28682943 28683432 28683922 28684415 28684909 28685405 28685903
28686403 28686904 28687406 28687911 28688416 28688922 28689431 28689941
28690452 28690966 28691483 28692003 28692525 28693048 28693571 28694095
28694622 28695150 28695679 28696211 28696745 28697281 28697818 28698355
28698894 28699434 28699976 28700518 28701061 28701605 28702150 28702697
28703246 28703796 28704350 28704905 28705461 28706018 28706577 28707136
28707701 28708268 28708839 28709414 28709989 28710565 28711142 28711719
28712299 28712879 28713459 28714041 28714625 28715210 28715797 28716387
28716977 28717569 28718163 28718757 28719353 28719950 28720547 28721145
28721744 28722344 28722947 28723551 28724156 28724763 28725375 28725989
28726606 28727224 28727844 28728464 28729086 28729710 28730336 28730963
28731593 28732224 28732857 28733490 28734123 28734758 28735395 28736032
28736671 28737310 28737949 28738591 28739236 28739882 28740529 28741177
28741825 28742475 28743126 28743777 28744428 28745080 28745736 28746395
28747056 28747721 28748388 28749056 28749725 28750397 28751069 28751742
28752418 28753095 28753774 28754455 28755137 28755821 28756506 28757193
28757881 28758570 28759259 28759948 28760637 28761329 28762021 28762715
28763410 28764105 28764802 28765500 28766199 28766902 28767606 28768313
28769021 28769732 28770446 28771160 28771875 28772594 28773314 28774036
28774759 28775482 28776205 28776929 28777654 28778380 28779108 28779837
28780566 28781296 28782027 28782762 28783498 28784235 28784973 28785712
28786452 28787193 28787935 28788679 28789423 28790168 28790913 28791660
28792410 28793163 28793919 28794676 28795434 28796193 28796954 28797715
28798480 28799247 28800014 28800783 28801552 28802323 28803095 28803869
28804644 28805420 28806198 28806976 28807755 28808536 28809317 28810100
28810885 28811671 28812457 28813244 28814031 28814821 28815613 28816406
28817204 28818002 28818801 28819602 28820404 28821206 28822013 28822820
28823628 28824436 28825245 28826056 28826868 28827681 28828495 28829311
28830127 28830943 28831763 28831826 28831990 28832182 28832391 28832617
28832852 28833097 28833351 28833611 28833876 28834149 28834426 28834706
28834989 28835275 28835562 28835852 28836144 28836437 28836731 28837031
28837337 28837647 28837959 28838274 28838594 28838916 28839239 28839565
28839892 28840221 28840552 28840889 28841228 28841568 28841909 28842251
28842594 28842939 28843285 28843631 28843978 28844326 28844674 28845023
28845375 28845729 28846083 28846439 28846797 28847157 28847518 28847879
28848241 28848604 28848967 28849330 28849694 28850058 28850424 28850790
28851156 28851524 28851895 28852267 28852639 28853011 28853383 28853756
28854129 28854502 28854875 28855250 28855625 28856001 28856378 28856755
28857132 28857510 28857888 28858266 28858645 28859024 28859403 28859785
28860171 28860559 28860948 28861339 28861731 28862125 28862520 28862915
28863310 28863705 28864100 28864498 28864897 28865296 28865697 28866098
28866502 28866907 28867314 28867722 28868131 28868541 28868952 28869363
28869775 28870187 28870600 28871015 28871434 28871857 28872281 28872708
28873136 28873567 28874000 28874433 28874867 28875302 28875737 28876175
28876615 28877058 28877502 28877947 28878395 28878844 28879294 28879748
28880202 28880658 28881115 28881574 28882034 28882494 28882955 28883420
28883891 28884362 28884835 28885310 28885785 28886263 28886741 28887220
28887700 28888181 28888662 28889144 28889628 28890114 28890602 28891091
28891582 28892075 28892569 28893066 28893564 28894063 28894564 28895066
28895571 28896076 28896582 28897091 28897601 28898112 28898626 28899145
28899665 28900187 28900712 28901238 28901764 28902291 28902820 28903352
28903884 28904419 28904955 28905492 28906031 28906570 28907110 28907652
28908195 28908739 28909283 28909830 28910377 28910926 28911479 28912033
28912588 28913145 28913703 28914262 28914824 28915389 28915958 28916530
28917105 28917680 28918256 28918833 28919413 28919993 28920573 28921154
28921738 28922323 28922910 28923497 28924087 28924678 28925271 28925865
28926461 28927058 28927655 28928252 28928850 28929450 28930053 28930657
28931262 28931869 28932479 28933092 28933708 28934325 28934945 28935567
28936190 28936814 28937440 28938067 28938695 28939326 28939959 28940592
28941225 28941860 28942497 28943134 28943773 28944412 28945051 28945693
28946335 28946981 28947627 28948274 28948923 28949574 28950225 28950876
28951528 28952184 28952840 28953499 28954160 28954825 28955492 28956160
28956829 28957500 28958172 28958845 28959519 28960196 28960875 28961555
28962237 28962921 28963605 28964292 28964980 28965669 28966358 28967047
28967737 28968429 28969122 28969816 28970511 28971206 28971903 28972600
28973299 28974003 28974708 28975417 28976126 28976837 28977549 28978263
28978978 28979695 28980415 28981137 28981860 28982583 28983307 28984032
28984757 28985485 28986214 28986943 28987673 28988404 28989136 28989871
28990607 28991344 28992082 28992822 28993562 28994302 28995045 28995789
28996534 28997279 28998024 28998772 28999522 29000275 29001032 29001789
29002548 29003307 29004068 29004831 29005597 29006364 29007132 29007902
29008673 29009447 29010221 29010995 29011770 29012546 29013324 29014102
29014882 29015663 29016444 29017227 29018013 29018799 29019586 29020373
29021160 29021950 29022742 29023538 29024336 29025135 29025936 29026738
29027543 29028350 29029157 29029964 29030772 29031580 29032389 29033201
29034014 29034827 29035642 29036458 29037277 29038098 29038919 29039740
29040561 29040624 29040782 29040971 29041173 29041394 29041623 29041862
29042105 29042355 29042614 29042883 29043154 29043430 29043707 29043989
29044274 29044560 29044847 29045136 29045427 29045720 29046017 29046321
29046628 29046938 29047249 29047563 29047880 29048201 29048524 29048848
29049174 29049504 29049835 29050171 29050510 29050850 29051191 29051532
29051873 29052214 29052557 29052900 29053245 29053590 29053937 29054285
29054635 29054989 29055344 29055700 29056057 29056414 29056771 29057129
29057488 29057847 29058207 29058568 29058931 29059295 29059660 29060026
29060392 29060758 29061124 29061491 29061859 29062229 29062600 29062972
29063344 29063716 29064088 29064461 29064835 29065209 29065583 29065958
29066333 29066708 29067084 29067460 29067836 29068217 29068601 29068987
29069375 29069765 29070156 29070549 29070942 29071335 29071730 29072125
29072521 29072918 29073316 29073715 29074114 29074516 29074918 29075322
29075728 29076134 29076542 29076953 29077364 29077776 29078189 29078602
29079018 29079437 29079859 29080283 29080711 29081141 29081572 29082005
29082438 29082873 29083308 29083744 29084182 29084622 29085065 29085510
29085956 29086405 29086854 29087307 29087761 29088217 29088673 29089131
29089590 29090050 29090511 29090974 29091440 29091911 29092386 29092863
29093341 29093819 29094297 29094776 29095255 29095736 29096218 29096702
29097186 29097670 29098157 29098646 29099136 29099628 29100121 29100617
29101115 29101614 29102115 29102616 29103121 29103626 29104131 29104640
29105150 29105661 29106174 29106691 29107211 29107733 29108256 29108782
29109310 29109839 29110368 29110897 29111429 29111961 29112496 29113032
29113569 29114108 29114647 29115187 29115729 29116271 29116815 29117359
29117904 29118452 29119001 29119552 29120106 29120662 29121218 29121776
29122335 29122896 29123462 29124033 29124605 29125180 29125756 29126332
29126910 29127490 29128070 29128651 29129233 29129818 29130403 29130990
29131580 29132170 29132760 29133354 29133948 29134544 29135141 29135738
29136335 29136934 29137534 29138136 29138740 29139345 29139952 29140563
29141177 29141793 29142411 29143032 29143654 29144278 29144904 29145530
29146157 29146787 29147418 29148051 29148684 29149317 29149952 29150589
29151227 29151866 29152505 29153145 29153787 29154432 29155078 29155725
29156373 29157024 29157675 29158326 29158979 29159633 29160289 29160950
29161612 29162276 29162942 29163610 29164279 29164950 29165622 29166295
29166968 29167644 29168323 29169002 29169684 29170368 29171052 29171739
29172426 29173115 29173804 29174493 29175183 29175875 29176569 29177263
29177958 29178653 29179350 29180047 29180746 29181449 29182154 29182862
29183573 29184285 29184999 29185713 29186428 29187145 29187865 29188587
29189310 29190033 29190758 29191483 29192211 29192939 29193668 29194397
29195128 29195860 29196595 29197331 29198068 29198805 29199543 29200283
29201023 29201764 29202507 29203251 29203996 29204741 29205490 29206240
29206993 29207746 29208503 29209260 29210019 29210778 29211539 29212302
29213069 29213836 29214605 29215376 29216147 29216921 29217695 29218470
29219247 29220024 29220802 29221580 29222361 29223142 29223924 29224708
29225494 29226281 29227068 29227857 29228648 29229441 29230234 29231032
29231830 29232629 29233430 29234232 29235039 29235846 29236654 29237462
29238270 29239079 29239890 29240702 29241515 29242329 29243145 29243964
29244784 29245605 29246426 29247248 29248071 29248894 29249719 29250544
29250607 29250770 29250958 29251158 29251374 29251600 29251837 29252078
29252321 29252569 29252825 29253085 29253354 29253625 29253899 29254177
29254458 29254742 29255028 29255314 29255601 29255889 29256179 29256477
29256778 29257083 29257391 29257702 29258013 29258325 29258642 29258962
29259284 29259611 29259939 29260270 29260602 29260935 29261270 29261607
29261946 29262286 29262627 29262968 29263309 29263651 29263994 29264338
29264683 29265032 29265382 29265735 29266090 29266445 29266801 29267157
29267513 29267870 29268227 29268584 29268942 29269301 29269660 29270024
29270389 29270754 29271120 29271486 29271852 29272218 29272584 29272951
29273318 29273685 29274052 29274422 29274794 29275167 29275540 29275914
29276288 29276662 29277036 29277410 29277787 29278167 29278550 29278933
29279318 29279706 29280095 29280485 29280878 29281273 29281668 29282063
29282458 29282855 29283254 29283653 29284053 29284454 29284856 29285260
29285665 29286070 29286478 29286888 29287298 29287710 29288123 29288536
29288954 29289376 29289798 29290225 29290654 29291085 29291516 29291949
29292384 29292819 29293254 29293692 29294130 29294573 29295018 29295463
29295911 29296360 29296810 29297264 29297720 29298176 29298633 29299092
29299552 29300012 29300474 29300941 29301412 29301887 29302365 29302843
29303321 29303800 29304279 29304758 29305239 29305720 29306204 29306689
29307174 29307660 29308148 29308638 29309129 29309622 29310118 29310616
29311115 29311616 29312117 29312620 29313125 29313630 29314139 29314649
29315160 29315671 29316190 29316709 29317231 29317755 29318281 29318809
29319340 29319872 29320404 29320936 29321471 29322007 29322544 29323081
29323620 29324160 29324702 29325245 29325789 29326333 29326880 29327427
29327976 29328529 29329083 29329638 29330195 29330753 29331312 29331875
29332441 29333012 29333585 29334160 29334736 29335313 29335891 29336471
29337051 29337632 29338217 29338802 29339389 29339976 29340566 29341157
29341749 29342343 29342937 29343533 29344130 29344727 29345325 29345924
29346524 29347128 29347732 29348337 29348944 29349555 29350170 29350787
29351405 29352027 29352650 29353274 29353900 29354528 29355158 29355788
29356419 29357052 29357685 29358318 29358955 29359592 29360230 29360869
29361508 29362150 29362793 29363438 29364084 29364731 29365379 29366030
29366681 29367332 29367985 29368644 29369303 29369964 29370628 29371295
29371963 29372631 29373300 29373971 29374643 29375316 29375991 29376668
29377347 29378028 29378710 29379394 29380079 29380766 29381455 29382144
29382833 29383523 29384215 29384908 29385602 29386297 29386993 29387689
29388386 29389085 29389784 29390489 29391196 29391906 29392618 29393332
29394046 29394763 29395480 29396200 29396921 29397643 29398366 29399089
29399814 29400541 29401269 29401998 29402728 29403458 29404189 29404923
29405659 29406396 29407133 29407872 29408612 29409352 29410092 29410832
29411575 29412319 29413064 29413809 29414554 29415304 29416057 29416813
29417570 29418327 29419086 29419845 29420606 29421369 29422134 29422901
29423670 29424439 29425210 29425984 29426758 29427533 29428310 29429088
29429866 29430644 29431425 29432206 29432988 29433772 29434558 29435345
29436132 29436919 29437710 29438503 29439299 29440097 29440896 29441695
29442496 29443298 29444105 29444912 29445720 29446528 29447336 29448147
29448959 29449771 29450584 29451398 29452214 29453030 29453850 29454671
29455492 29456314 29457137 29457962 29458789 29459616 29460445 29461274
29461337 29461483 29461667 29461865 29462072 29462292 29462522 29462758
29462996 29463239 29463484 29463735 29463993 29464253 29464514 29464784
29465058 29465332 29465609 29465888 29466169 29466451 29466736 29467024
29467313 29467603 29467900 29468201 29468504 29468809 29469115 29469422
29469732 29470049 29470369 29470691 29471015 29471340 29471666 29471993
29472322 29472652 29472984 29473316 29473650 29473985 29474320 29474656
29474996 29475339 29475682 29476027 29476375 29476723 29477071 29477421
29477771 29478121 29478472 29478823 29479176 29479529 29479883 29480239
29480597 29480956 29481315 29481675 29482037 29482399 29482761 29483123
29483485 29483848 29484211 29484576 29484942 29485309 29485677 29486047
29486417 29486787 29487159 29487532 29487907 29488284 29488663 29489043
29489427 29489813 29490201 29490589 29490981 29491373 29491765 29492158
29492551 29492946 29493342 29493739 29494138 29494538 29494941 29495346
29495752 29496158 29496566 29496976 29497387 29497799 29498212 29498629
29499048 29499470 29499894 29500322 29500753 29501186 29501619 29502053
29502488 29502923 29503361 29503800 29504243 29504686 29505131 29505579
29506028 29506479 29506933 29507389 29507847 29508306 29508765 29509225
29509685 29510146 29510612 29511083 29511558 29512035 29512514 29512993
29513472 29513951 29514431 29514912 29515394 29515878 29516363 29516851
29517339 29517827 29518317 29518809 29519302 29519798 29520296 29520795
29521296 29521798 29522301 29522806 29523312 29523821 29524331 29524842
29525355 29525874 29526396 29526918 29527442 29527969 29528497 29529029
29529562 29530096 29530630 29531165 29531701 29532237 29532774 29533313
29533852 29534393 29534935 29535478 29536022 29536566 29537113 29537662
29538212 29538765 29539320 29539876 29540433 29540992 29541551 29542115
29542682 29543253 29543828 29544403 29544979 29545556 29546136 29546716
29547297 29547881 29548466 29549053 29549640 29550230 29550820 29551412
29552006 29552600 29553194 29553791 29554388 29554985 29555584 29556184
29556785 29557389 29557994 29558600 29559210 29559824 29560439 29561056
29561677 29562299 29562923 29563549 29564176 29564806 29565437 29566069
29566702 29567335 29567968 29568603 29569240 29569878 29570517 29571156
29571798 29572440 29573085 29573731 29574378 29575026 29575677 29576328
29576979 29577632 29578289 29578950 29579614 29580279 29580945 29581613
29582282 29582952 29583623 29584295 29584968 29585642 29586319 29586998
29587678 29588360 29589044 29589728 29590415 29591104 29591793 29592482
29593172 29593864 29594558 29595252 29595947 29596643 29597340 29598038
29598737 29599439 29600144 29600851 29601561 29602273 29602987 29603702
29604419 29605138 29605859 29606581 29607304 29608027 29608751 29609476
29610202 29610930 29611659 29612389 29613120 29613854 29614589 29615325
29616062 29616800 29617539 29618279 29619019 29619760 29620502 29621244
29621988 29622733 29623478 29624226 29624977 29625730 29626487 29627244
29628003 29628762 29629521 29630282 29631045 29631811 29632578 29633346
29634117 29634889 29635663 29636437 29637213 29637990 29638768 29639547
29640328 29641109 29641890 29642673 29643457 29644243 29645030 29645817
29646606 29647398 29648191 29648989 29649788 29650588 29651390 29652192
29652998 29653805 29654612 29655420 29656228 29657037 29657849 29658661
29659474 29660289 29661105 29661921 29662741 29663562 29664383 29665204
29666026 29666850 29667675 29668504 29669333 29670162 29670991 29671822
29672653 29672716 29672891 29673082 29673280 29673485 29673693 29673905
29674122 29674347 29674577 29674811 29675047 29675285 29675525 29675768
29676013 29676260 29676508 29676758 29677009 29677260 29677512 29677766
29678024 29678283 29678542 29678802 29679063 29679328 29679595 29679865
29680138 29680412 29680687 29680969 29681254 29681542 29681832 29682123
29682416 29682710 29683004 29683298 29683593 29683889 29684188 29684488
29684790 29685092 29685397 29685704 29686013 29686322 29686635 29686948
29687264 29687584 29687905 29688228 29688553 29688878 29689204 29689532
29689862 29690199 29690539 29690879 29691222 29691567 29691912 29692260
29692611 29692962 29693314 29693667 29694021 29694377 29694733 29695091
29695450 29695811 29696173 29696537 29696907 29697277 29697650 29698024
29698400 29698777 29699158 29699543 29699929 29700319 29700710 29701101
29701492 29701884 29702276 29702671 29703066 29703465 29703864 29704266
29704670 29705074 29705481 29705889 29706297 29706707 29707119 29707532
29707950 29708369 29708791 29709215 29709643 29710074 29710507 29710940
29711373 29711808 29712243 29712680 29713118 29713561 29714004 29714449
29714898 29715347 29715797 29716251 29716707 29717164 29717623 29718083
29718543 29719003 29719466 29719931 29720402 29720877 29721354 29721832
29722311 29722791 29723272 29723753 29724234 29724717 29725201 29725685
29726172 29726661 29727151 29727641 29728133 29728626 29729122 29729620
29730119 29730620 29731122 29731627 29732132 29732638 29733147 29733657
29734168 29734684 29735203 29735725 29736248 29736772 29737299 29737828
29738360 29738893 29739429 29739965 29740501 29741037 29741574 29742111
29742650 29743189 29743730 29744272 29744815 29745359 29745904 29746451
29747000 29747551 29748105 29748660 29749217 29749774 29750333 29750894
29751459 29752028 29752600 29753175 29753750 29754327 29754905 29755485
29756065 29756646 29757231 29757818 29758405 29758995 29759585 29760177
29760771 29761365 29761961 29762558 29763155 29763752 29764350 29764949
29765549 29766153 29766757 29767362 29767972 29768584 29769199 29769816
29770434 29771056 29771680 29772304 29772930 29773560 29774191 29774823
29775456 29776089 29776722 29777357 29777994 29778631 29779270 29779909
29780548 29781190 29781835 29782481 29783128 29783776 29784426 29785077
29785728 29786380 29787037 29787698 29788359 29789025 29789693 29790361
29791030 29791701 29792373 29793045 29793717 29794391 29795068 29795747
29796427 29797109 29797793 29798477 29799164 29799851 29800540 29801229
29801918 29802610 29803304 29803998 29804693 29805389 29806086 29806785
29807487 29808191 29808896 29809603 29810313 29811025 29811739 29812454
29813171 29813890 29814612 29815334 29816057 29816780 29817504 29818229
29818956 29819685 29820414 29821144 29821876 29822611 29823347 29824084
29824821 29825559 29826299 29827039 29827779 29828522 29829266 29830010
29830755 29831500 29832245 29832995 29833746 29834499 29835256 29836013
29836772 29837532 29838293 29839056 29839819 29840586 29841353 29842122
29842893 29843665 29844439 29845214 29845990 29846768 29847546 29848325
29849106 29849888 29850671 29851457 29852243 29853029 29853816 29854603
29855394 29856186 29856982 29857780 29858579 29859380 29860182 29860988
29861795 29862602 29863410 29864218 29865026 29865837 29866649 29867462
29868276 29869092 29869908 29870728 29871548 29872369 29873190 29874012
29874835 29875660 29876488 29877317 29878146 29878975 29879805 29880636
29881468 29882300 29883132 29883964 29883965 29883966 29883967 29883968
29883969 29883970 29883971 29883972 29883973 29883974 29883975 29883976
29883977 29883978 29883979 29883980 29883981 29883982 29883983 29883984
29883985 29883986 29883987 29883988 29883989 29883990 29883991 29883992
29883993 29883994 29883995 29883996 29883997 29883998 29883999 29884000
29884001 29884002 29884003 29884004 29884005 29884006 29884007 29884008
29884009 29884010 29884011 29884012 29884013 29884014 29884015 29884016
29884017 29884018 29884019 29884020 29884021 29884022 29884023 29884024
29884025 29884026 29884027 29884028 29884029 29884030 29884031 29884032
29884033 29884034 29884035 29884036 29884037 29884038 29884039 29884040
29884041 29884042 29884043 29884044 29884045 29884046 29884047 29884048
29884049 29884050 29884051 29884052 29884053 29884054 29884055 29884056
29884057 29884058 29884059 29884060 29884061 29884062 29884063 29884064
29884065 29884066 29884067 29884068 29884069 29884070 29884071 29884072
29884073 29884074 29884075 29884076 29884077 29884078 29884079 29884080
29884081 29884082 29884083 29884084 29884085 29884086 29884087 29884088
29884089 29884090 29884091 29884092 29884093 29884094 29884095 29884096
29884097 29884098 29884099 29884100 29884101 29884102 29884103 29884104
29884105 29884106 29884107 29884108 29884109 29884110 29884111 29884112
29884113 29884114 29884115 29884116 29884117 29884118 29884119 29884120
29884121 29884122 29884123 29884124 29884125 29884126 29884127 29884128
29884129 29884130 29884131 29884132 29884133 29884134 29884135 29884136
29884137 29884138 29884139 29884140 29884141 29884142 29884143 29884144
29884145 29884146 29884147 29884148 29884149 29884150 29884151 29884152
29884153 29884154 29884155 29884156 29884157 29884158 29884159 29884160
29884161 29884162 29884163 29884164 29884165 29884166 29884167 29884168
29884169 29884170 29884171 29884172 29884173 29884174 29884175 29884176
29884177 29884178 29884179 29884180 29884181 29884182 29884183 29884184
29884185 29884186 29884187 29884188 29884189 29884190 29884191 29884192
29884193 29884194 29884195 29884196 29884197 29884198 29884199 29884200
29884201 29884202 29884203 29884204 29884205 29884206 29884207 29884208
29884209 29884210 29884211 29884212 29884213 29884214 29884215 29884216
29884217 29884218 29884219 29884220 29884221 29884222 29884223 29884224
29884225 29884226 29884227 29884228 29884229 29884230 29884231 29884232
29884233 29884234 29884235 29884236 29884237 29884238 29884239 29884240
29884241 29884242 29884243 29884244 29884245 29884246 29884247 29884248
29884249 29884250 29884251 29884252 29884253 29884254 29884255 29884256
29884257 29884258 29884259 29884260 29884261 29884262 29884263 29884264
29884265 29884266 29884267 29884268 29884269 29884270 29884271 29884272
29884273 29884274 29884275 29884276 29884277 29884278 29884279 29884280
29884281 29884282 29884283 29884284 29884285 29884286 29884287 29884288
29884289 29884290 29884291 29884292 29884293 29884294 29884295 29884296
29884297 29884298 29884299 29884300 29884301 29884302 29884303 29884304
29884305 29884306 29884307 29884308 29884309 29884310 29884311 29884312
29884313 29884314 29884315 29884316 29884317 29884318 29884319 29884320
29884321 29884322 29884323 29884324 29884325 29884326 29884327 29884328
29884329 29884330 29884331 29884332 29884333 29884334 29884335 29884336
29884337 29884338 29884339 29884340 29884341 29884342 29884343 29884344
29884345 29884346 29884347 29884348 29884349 29884350 29884351 29884352
29884353 29884354 29884355 29884356 29884357 29884358 29884359 29884360
29884361 29884362 29884363 29884364 29884365 29884366 29884367 29884368
29884369 29884370 29884371 29884372 29884373 29884374 29884375 29884376
29884377 29884378 29884379 29884380 29884381 29884382 29884383 29884384
29884385 29884386 29884387 29884388 29884389 29884390 29884391 29884392
29884393 29884394 29884395 29884396 29884397 29884398 29884399 29884400
29884401 29884402 29884403 29884404 29884405 29884406 29884407 29884408
29884409 29884410 29884411 29884412 29884413 29884414 29884415 29884416
29884417 29884418 29884419 29884420 29884421 29884422 29884424 29884427
29884430 29884435 29884440 29884445 29884451 29884459 29884467 29884477
29884487 29884497 29884509 29884521 29884533 29884546 29884559 29884572
29884585 29884599 29884613 29884627 29884641 29884656 29884673 29884690
29884707 29884725 29884743 29884761 29884779 29884797 29884815 29884834
29884853 29884872 29884891 29884911 29884931 29884951 29884971 29884991
29885011 29885031 29885051 29885072 29885093 29885114 29885136 29885158
29885180 29885202 29885224 29885246 29885268 29885290 29885312 29885334
29885357 29885379 29885402 29885425 29885449 29885473 29885497 29885521
29885545 29885569 29885593 29885617 29885641 29885665 29885689 29885713
29885737 29885762 29885787 29885813 29885839 29885865 29885891 29885917
29885943 29885969 29885995 29886021 29886047 29886073 29886099 29886125
29886152 29886178 29886205 29886233 29886261 29886289 29886317 29886345
29886373 29886401 29886429 29886457 29886485 29886513 29886541 29886569
29886597 29886625 29886653 29886682 29886711 29886741 29886771 29886801
29886831 29886861 29886891 29886921 29886951 29886981 29887011 29887041
29887071 29887101 29887131 29887161 29887191 29887221 29887251 29887282
29887314 29887346 29887378 29887410 29887442 29887474 29887506 29887538
29887570 29887602 29887634 29887666 29887698 29887730 29887762 29887794
29887826 29887858 29887891 29887923 29887956 29887990 29888024 29888058
29888092 29888126 29888160 29888194 29888228 29888262 29888296 29888330
29888364 29888398 29888432 29888466 29888500 29888534 29888568 29888602
29888636 29888670 29888704 29888739 29888775 29888811 29888847 29888883
29888919 29888955 29888991 29889027 29889063 29889099 29889135 29889171
29889207 29889243 29889279 29889315 29889351 29889387 29889423 29889459
29889495 29889532 29889568 29889606 29889644 29889682 29889720 29889758
29889796 29889834 29889872 29889910 29889948 29889986 29890024 29890062
29890100 29890138 29890176 29890214 29890252 29890290 29890328 29890366
29890404 29890442 29890480 29890518 29890556 29890596 29890636 29890676
29890716 29890756 29890796 29890836 29890876 29890916 29890956 29890996
29891036 29891076 29891116 29891156 29891196 29891236 29891276 29891316
29891356 29891396 29891436 29891476 29891516 29891556 29891596 29891636
29891678 29891720 29891762 29891804 29891846 29891888 29891930 29891972
29892014 29892056 29892098 29892140 29892182 29892224 29892266 29892308
29892350 29892392 29892434 29892476 29892518 29892560 29892602 29892644
29892686 29892728 29892770 29892813 29892857 29892901 29892945 29892989
29893033 29893077 29893121 29893165 29893209 29893253 29893297 29893341
29893385 29893429 29893473 29893517 29893561 29893605 29893649 29893693
29893737 29893781 29893825 29893869 29893913 29893957 29894001 29894045
29894090 29894135 29894181 29894227 29894273 29894319 29894365 29894411
29894457 29894503 29894549 29894595 29894641 29894687 29894733 29894779
29894825 29894871 29894917 29894963 29895009 29895055 29895101 29895147
29895193 29895239 29895285 29895331 29895377 29895423 29895469 29895516
29895562 29895610 29895658 29895706 29895754 29895802 29895850 29895898
29895946 29895994 29896042 29896090 29896138 29896186 29896234 29896282
29896330 29896378 29896426 29896474 29896522 29896570 29896618 29896666
29896714 29896762 29896810 29896858 29896906 29896954 29897002 29897050
29897098 29897147 29897197 29897247 29897297 29897347 29897397 29897447
29897497 29897547 29897597 29897647 29897697 29897747 29897797 29897847
29897897 29897947 29897997 29898047 29898097 29898147 29898197 29898247
29898297 29898347 29898397 29898447 29898497 29898547 29898597 29898647
29898697 29898747 29898798 29898849 29898901 29898953 29899005 29899057
29899109 29899161 29899213 29899265 29899317 29899369 29899421 29899473
29899525 29899577 29899629 29899681 29899733 29899785 29899837 29899889
29899941 29899993 29900045 29900097 29900149 29900201 29900253 29900305
29900357 29900409 29900461 29900513 29900565 29900617 29900670 29900724
29900778 29900832 29900886 29900940 29900994 29901048 29901102 29901156
29901212 29901269 29901327 29901386 29901446 29901506 29901568 29901631
29901696 29901762 29901828 29901896 29901965 29902034 29902103 29902173
29902243 29902314 29902385 29902456 29902528 29902600 29902672 29902745
29902818 29902891 29902965 29903041 29903117 29903193 29903270 29903347
29903425 29903503 29903581 29903659 29903737 29903815 29903894 29903973
29904053 29904133 29904213 29904293 29904373 29904453 29904534 29904615
29904697 29904779 29904861 29904943 29905025 29905107 29905189 29905272
29905355 29905439 29905523 29905607 29905691 29905775 29905859 29905943
29906027 29906113 29906201 29906289 29906377 29906465 29906553 29906641
29906729 29906817 29906905 29906994 29907083 29907173 29907263 29907353
29907443 29907533 29907623 29907713 29907803 29907893 29907984 29908075
29908167 29908259 29908351 29908443 29908535 29908627 29908719 29908811
29908903 29908995 29909088 29909181 29909275 29909369 29909463 29909557
29909652 29909748 29909844 29909940 29910036 29910132 29910228 29910325
29910423 29910521 29910619 29910717 29910815 29910913 29911011 29911109
29911207 29911305 29911403 29911501 29911600 29911699 29911799 29911899
29911999 29912099 29912199 29912299 29912399 29912499 29912599 29912699
29912799 29912899 29912999 29913100 29913202 29913304 29913406 29913508
29913610 29913712 29913816 29913920 29914024 29914128 29914232 29914336
29914440 29914545 29914651 29914757 29914863 29914969 29915075 29915181
29915287 29915393 29915499 29915605 29915714 29915824 29915935 29916047
29916159 29916274 29916392 29916511 29916632 29916754 29916876 29916999
29917123 29917247 29917372 29917497 29917623 29917749 29917876 29918003
29918131 29918260 29918391 29918523 29918656 29918790 29918924 29919059
29919194 29919329 29919464 29919600 29919736 29919873 29920010 29920147
29920284 29920422 29920562 29920703 29920844 29920985 29921126 29921268
29921410 29921553 29921696 29921839 29921982 29922125 29922269 29922414
29922559 29922704 29922849 29922995 29923142 29923290 29923438 29923587
29923736 29923885 29924034 29924183 29924332 29924482 29924633 29924784
29924935 29925086 29925237 29925388 29925539 29925692 29925846 29926001
29926156 29926311 29926466 29926621 29926776 29926931 29927087 29927244
29927401 29927558 29927715 29927872 29928030 29928190 29928352 29928517
29928685 29928854 29929023 29929195 29929369 29929544 29929720 29929896
29930074 29930253 29930433 29930614 29930796 29930978 29931161 29931345
29931529 29931714 29931901 29932090 29932280 29932471 29932662 29932853
29933045 29933238 29933431 29933624 29933818 29934013 29934210 29934407
29934604 29934802 29935000 29935199 29935398 29935598 29935799 29936001
29936205 29936410 29936615 29936820 29937026 29937232 29937439 29937646
29937853 29938060 29938267 29938476 29938687 29938900 29939116 29939333
29939551 29939772 29939995 29940219 29940446 29940674 29940903 29941135
29941369 29941605 29941842 29942079 29942317 29942556 29942795 29943036
29943278 29943521 29943765 29944009 29944255 29944502 29944750 29944998
29945248 29945499 29945751 29946003 29946256 29946509 29946763 29947017
29947272 29947529 29947786 29948045 29948305 29948565 29948826 29949087
29949349 29949615 29949883 29950154 29950427 29950701 29950976 29951252
29951528 29951807 29952088 29952372 29952659 29952948 29953237 29953528
29953820 29954114 29954409 29954704 29955000 29955297 29955594 29955894
29956196 29956499 29956803 29957107 29957413 29957720 29958029 29958339
29958650 29958962 29959276 29959593 29959913 29960236 29960562 29960889
29961216 29961545 29961875 29962208 29962544 29962884 29963225 29963569
29963913 29964259 29964605 29964954 29965306 29965658 29966011 29966365
29966723 29967082 29967442 29967804 29968167 29968534 29968905 29969279
29969654 29970031 29970410 29970791 29971176 29971563 29971954 29972346
29972739 29973135 29973535 29973935 29974336 29974740 29975145 29975553
29975962 29976373 29976786 29977199 29977618 29978040 29978464 29978890
29979319 29979753 29980189 29980625 29981063 29981503 29981947 29982393
29982843 29983293 29983748 29984204 29984664 29985125 29985587 29986055
29986529 29987007 29987487 29987969 29988453 29988938 29989427 29989917
29990410 29990907 29991407 29991909 29992414 29992920 29993430 29993942
29994462 29994984 29995510 29996040 29996573 29997110 29997649 29998190
29998733 29999278 29999826 30000377 30000932 30001490 30002051 30002619
30003194 30003771 30004352 30004934 30005520 30006109 30006703 30007300
30007898 30008499 30009104 30009714 30010330 30010951 30011576 30012207
30012841 30013476 30014114 30014754 30015399 30016047 30016699 30017354
30018017 30018686 30019359 30020036 30020717 30021402 30022092 30022783
30023478 30024176 30024880 30025592 30026309 30027032 30027758 30028488
30029221 30029959 30030700 30031446 30032197 30032955 30033717 30034485
30035259 30036037 30036819 30037606 30038395 30039194 30039997 30040806
30041619 30042436 30043258 30044086 30044918 30045752 30046598 30047450
30048309 30049170 30050036 30050907 30051784 30052665 30053556 30054453
30055356 30056263 30057175 30058091 30059012 30059942 30060880 30061824
30062774 30063730 30064689 30065653 30066629 30067609 30068595 30069587
30070585 30071589 30072600 30073620 30074646 30075680 30076718 30077763
30078812 30079873 30080941 30082012 30083091 30084174 30085267 30086367
30087477 30088592 30089714 30090841 30091980 30093125 30094279 30095437
30096601 30097775 30098958 30100149 30101347 30102549 30103762 30104984
30106215 30107451 30108694 30109944 30111207 30112476 30113753 30115037
30116331 30117634 30118943 30120260 30121586 30122923 30124267 30125617
30126975 30128345 30129724 30131110 30132503 30133909 30135323 30136745
30138173 30139614 30141063 30142521 30143988 30145467 30146953 30148448
30149951 30151468 30152991 30154523 30156068 30157624 30159186 30160757
30162342 30163934 30165534 30167147 30168771 30170403 30172048 30173701
30175362 30177037 30178722 30180415 30182123 30183839 30185563 30187303
30189052 30190809 30192581 30194362 30196152 30197957 30199771 30201593
30203432 30205281 30207142 30209017 30210900 30212796 30214704 30216620
30218552 30220495 30222455 30224426 30226409 30228406 30230412 30232435
30234469 30236521 30238583 30240658 30242748 30244847 30246966 30249096
30251245 30253405 30255582 30257773 30259977 30262196 30264429 30266680
30268945 30271227 30273524 30275838 30278169 30280515 30282878 30285257
30287654 30290065 30292494 30294936 30297394 30299861 30302346 30304843
30307349 30309869 30312398 30314938 30317488 30320048 30322619 30325194
30327780 30330376 30332975 30335583 30338198 30340817 30343444 30346074
30348707 30351347 30353991 30356636 30359285 30361936 30364587 30367239
30369892 30372546 30375200 30377853 30380506 30383159 30385813 30388465
30391119 30393772 30396425 30399078 30401731 30404384 30407036 30409690
30412342 30414996 30417647 30420299 30422951 30425603 30428255 30430907
30433559 30436212 30438864 30441518 30444171 30446825 30449478 30452132
30454785 30457439 30460092 30462747 30465401 30468054 30470708 30473361
30476016 30478670 30481323 30483977 30486631 30489285 30491939 30494593
30497248 30499902 30502556 30505210 30507864 30510518 30513171 30515826
30518480 30521134 30523789 30526444 30529098 30531752 30534406 30537061
30539715 30542369 30545023 30547678 30550333 30552987 30555641 30558295
30560949 30563603 30566258 30568913 30571567 30574221 30576876 30579531
30582186 30584841 30587496 30590151 30592806 30595461 30598116 30600771
30603426 30606081 30608736 30611391 30614046 30616701 30619356 30622011
30624666 30627321 30629976 30632631 30635286 30637940 30640595 30643250
30645905 30648560 30651214 30653869 30656524 30659179 30661833 30664488
30667143 30669797 30672452 30675107 30677761 30680416 30683071 30685725
30688380 30691034 30693689 30696344 30698999 30701654 30704309 30706964
30709619 30712274 30714929 30717583 30720238 30722892 30725547 30728202
30730856 30733511 30736166 30738820 30741475 30744130 30746785 30749439
30752094 30754749 30757404 30760059 30762714 30765369 30768024 30770679
30773334 30775989 30778644 30781299 30783954 30786609 30789264 30791919
30794574 30797229 30799884 30802539 30805194 30807849 30810504 30813158
30815813 30818468 30821122 30823777 30826432 30829086 30831741 30834395
30837050 30839704 30842359 30845013 30847668 30850323 30852978 30855633
30858288 30860943 30863598 30866253 30868908 30871563 30874218 30876873
30879528 30882183 30884838 30887493 30890148 30892803 30895458 30898113
30900768 30903423 30906078 30908733 30911388 30914043 30916698 30919353
30922008 30924662 30927317 30929971 30932626 30935281 30937936 30940591
30943246 30945901 30948556 30951211 30953866 30956521 30959176 30961831
30964486 30967141 30969796 30972451 30975106 30977761 30980416 30983071
30985726 30988381 30991036 30993691 30996346 30999001 31001656 31004311
31006966 31009621 31012276 31014931 31017586 31020241 31022896 31025551
31028206 31030861 31033516 31036171 31038826 31041481 31044136 31046791
31049446 31052101 31054756 31057411 31060066 31062721 31065376 31068031
31070686 31073341 31075996 31078651 31081306 31083961 31086616 31089271
31091926 31094581 31097236 31099891 31102546 31105201 31107856 31110511
31113166 31115821 31118476 31121131 31123786 31126441 31129096 31131751
31134406 31137061 31139716 31142371 31145026 31147681 31150336 31152991
31155646 31158301 31160956 31163610 31166265 31168920 31171574 31174229
31176884 31179539 31182193 31184847 31187502 31190157 31192811 31195466
31198120 31200774 31203429 31206084 31208738 31211392 31214047 31216702
31219356 31222011 31224665 31227319 31229974 31232629 31235283 31237937
31240592 31243246 31245901 31248555 31251210 31253865 31256520 31259175
31261830 31264485 31267140 31269795 31272450 31275105 31277760 31280415
31283070 31285725 31288380 31291035 31293690 31296345 31299000 31301655
31304310 31306965 31309620 31312275 31314930 31317585 31320240 31322895
31325550 31328205 31330860 31333515 31336170 31338825 31341480 31344135
31346790 31349445 31352100 31354755 31357410 31360065 31362720 31365375
31368030 31370685 31373340 31375995 31378650 31381305 31383960 31386615
31389270 31391925 31394580 31397235 31399890 31402545 31405200 31407855
31410510 31413165 31415820 31418475 31421130 31423785 31426440 31429095
31431750 31434405 31437060 31439715 31442370 31445025 31447680 31450335
31452990 31455645 31458300 31460955 31463610 31466265 31468920 31471575
31474230 31476885 31479540 31482195 31484850 31487505 31490160 31492815
31495470 31498125 31500780 31503435 31506090 31508745 31511400 31514055
31516710 31519365 31522020 31524675 31527330 31529985 31532640 31535295
31537950 31540605 31543260 31545915 31548570 31551225 31553880 31556535
31559190 31561845 31564500 31567155 31569810 31572465 31575120 31577775
31580430 31583085 31585740 31588395 31591050 31593705 31596360 31599015
31601670 31604325 31606980 31609635 31612290 31614945 31617600 31620255
31622910 31625565 31628220 31630875 31633530 31636185 31638840 31641495
31644150 31646805 31649460 31652115 31654770 31657425 31660080 31662735
31665390 31668045 31670700 31673355 31676010 31678665 31681320 31683975
31686630 31689285 31691940 31694595 31697250 31699905 31702560 31705215
31707870 31710525 31713180 31715835 31718490 31721145 31723800 31726455
31729110 31731765 31734420 31737075 31739730 31742385 31745040 31747695
31750350 31753005 31755660 31758315 31760970 31763625 31766280 31768935
31771590 31774245 31776900 31779555
