# deflection: f64, 999628 values. See README.md.
values 659
0 1.7629727602593508e-14 2.0149618756026079e-14 2.5210729223500238e-14 2.8814204840022902e-14 3.1242731181517609e-14 3.6051655607381529e-14 4.120467045137005e-14
4.4677493253155936e-14 5.1554314851857007e-14 5.8923190017991781e-14 6.3889369715750778e-14 7.3723309930327121e-14 8.4260892851793833e-14 9.1362591440547282e-14 1.0542524796811055e-13
1.2049412229741081e-13 1.306496393980629e-13 1.5075941272362078e-13 1.7230808999093469e-13 1.8683060545575118e-13 2.1558783083579759e-13 2.4640270670664928e-13 2.6717008401846472e-13
3.0829327313506099e-13 3.5235892798508471e-13 3.8205653522510934e-13 4.4086320592334377e-13 5.0387763913085001e-13 5.4634558597558607e-13 6.3043985475434103e-13 7.2055127613178071e-13
7.8128096706717216e-13 9.015368148726457e-13 1.0303972655557954e-12 1.1172414771347525e-12 1.2892088316456781e-12 1.4734808750386335e-12 1.5976691751700189e-12 1.8435846259123685e-12
2.1070959344340876e-12 2.2846867445654114e-12 2.636348890475615e-12 3.0131733313418472e-12 3.2671303933978828e-12 3.7700116255158971e-12 4.3088752516378299e-12 4.6720370015078903e-12
5.3911634032477758e-12 6.161745074887163e-12 6.6810708833562472e-12 7.7094305608516202e-12 8.811371912766486e-12 9.5540142627346984e-12 1.1024581361564287e-11 1.2600371167824067e-11
1.3662358943074667e-11 1.576528814137534e-11 1.8018687116917257e-11 1.9537342812798325e-11 2.2544557659768014e-11 2.5766946155239877e-11 2.7938642644013293e-11 3.223899718906535e-11
3.6847052721376152e-11 3.9952605646994728e-11 4.610216600573826e-11 5.2691742594252864e-11 5.7132721811963592e-11 6.5926669429455264e-11 7.5349845715294158e-11 8.1700501100827524e-11
9.427595531020583e-11 1.0775121432286606e-10 1.1683273032387857e-10 1.3481578588104581e-10 1.5408557347179294e-10 1.6707225403778933e-10 1.9278824662046598e-10 2.2034428197708851e-10
2.3891539632676596e-10 2.7568958480713857e-10 3.1509505728572691e-10 3.4165198123839803e-10 3.9423952706390815e-10 4.5058984165615699e-10 4.8856657242999972e-10 5.6376741547310509e-10
6.4434906454153641e-10 6.9865626076799825e-10 8.0619439942079091e-10 9.2142715745549168e-10 9.9908712190958874e-10 1.1528679945293082e-09 1.3176522683409235e-09 1.4287069811245102e-09
1.6486155371023688e-09 1.8842590933161709e-09 2.0430687105770026e-09 2.3575406742772901e-09 2.6945138835567612e-09 2.9216136067686809e-09 3.371312416866237e-09 3.8531882873402029e-09
4.1779437094140703e-09 4.8210185877707806e-09 5.5101070617226097e-09 5.9745113448927812e-09 6.8941164002937139e-09 7.8795214683379247e-09 8.5436253556557605e-09 9.858671995449804e-09
1.1267813469778249e-08 1.2217490268924079e-08 1.4098023281087257e-08 1.6113113074174708e-08 1.7471162680657786e-08 2.0160348221932097e-08 2.3041951629524935e-08 2.4983979417639442e-08
2.8829548109401031e-08 3.2950276737542255e-08 3.5727400571461585e-08 4.122661151696191e-08 4.7119304585702866e-08 5.1090626127095789e-08 5.8954566014035529e-08 6.7381190219583128e-08
7.3060229300412825e-08 8.4305760915453533e-08 9.6355938087958501e-08 1.0447703443974849e-07 1.2055828418517258e-07 1.3779018706190991e-07 1.49403455612515e-07 1.7239984228656241e-07
1.9704167721583108e-07 2.1364879534203654e-07 2.4653391362787056e-07 2.8177204333559171e-07 3.0552042831919506e-07 3.5254655551046114e-07 4.0293751823147608e-07 4.36898003430861e-07
5.0414594882024309e-07 5.7620565076845226e-07 6.247695659893787e-07 7.2093496231683186e-07 8.2398123022826475e-07 8.9342823158112105e-07 1.030945941561243e-06 1.1783033832851425e-06
1.2776134569265161e-06 1.4742654885344619e-06 1.6849884586285908e-06 1.8270030961871549e-06 2.1082179414687012e-06 2.409554403379395e-06 2.6126370972229348e-06 3.0147778153233447e-06
3.4456926948748862e-06 3.7361034669457658e-06 4.3111696836400017e-06 4.9273833082426305e-06 5.3426743157559581e-06 6.1650261411198578e-06 7.0462192703547723e-06 7.6400905640798625e-06
8.8160638781911091e-06 1.0076180986947918e-05 1.0925424305801606e-05 1.2607080736599746e-05 1.4409063837807425e-05 1.562349232128197e-05 1.8028281883519616e-05 2.0605140077470768e-05
2.2341787877614819e-05 2.5780666790534287e-05 2.9465605981852449e-05 3.194903388459431e-05 3.6866673400094444e-05 4.2136182166850423e-05 4.5687514882444946e-05 5.2719800408275806e-05
6.0255263329438683e-05 6.533371317810455e-05 7.5389968737491693e-05 8.6165774215689577e-05 9.342802051330148e-05 0.00010780859074245985 0.00012321812628378001 0.00012837666049145543
0.00013003707734822044 0.00013170816319115503 0.00013749942900261188 0.0001565180314767176 0.0001767681471939306 0.00019105427466329205 0.00022046161305365458 0.00025197311912613957
0.0002732099833930462 0.00031526284218107473 0.00036032468686330519 0.00039011017193689044 0.00044805226243616405 0.00051000468124037866 0.00052946507313226686 0.00053180279719477195
0.00053414567072102178 0.00055869679054686876 0.00064469217382827815 0.0007368407391457664 0.00079894334285934875 0.00092191780799287559 0.001053691399787422 0.0011043155563285208
0.0011412232397345001 0.0011787375789259838 0.0012293888104630676 0.0013704923548943646 0.0015192596702174389 0.0016219538671254654 0.0018291871116053037 0.0020488754833695591
0.0021286536844477952 0.0021754105698168127 0.0022226754101569513 0.00233633653196699 0.0026959486846414239 0.003081291974888105 0.0032101904927094786 0.0032513658779457014
0.0032928036503629462 0.0034376073844505778 0.0039135266631643286 0.004420289753671508 0.0045942729580826904 0.00466584923259937 0.0047379787654307755 0.0049395362085967818
0.0055852997554365798 0.0062707222354510747 0.0064846664382575353 0.0065088908507355677 0.0065331604258012412 0.0067443143854467192 0.0074695456022225654 0.0082318042750425813
0.0085588717787650637 0.0089010047132213228 0.0092498425166215453 0.00950077290459647 0.010018803182515043 0.010550583894164831 0.010977768741120487 0.011930729063388197
0.012923348318830607 0.013237035075345632 0.013296885156436514 0.013356870235926856 0.013658067103976096 0.014655755119882236 0.015192246987791938 0.015688609371390268
0.016325221535292877 0.017482979707845861 0.018680396813573544 0.019046330469556613 0.019080861781889554 0.019115424368798609 0.0194754161723346 0.020702124378018372
0.021966295401658554 0.022730245880790534 0.024092801903628797 0.025495016859641756 0.026070756380505027 0.026625231877418214 0.027185541814428529 0.027614527147053404
0.028534383590235447 0.029469310542266404 0.030192841777613461 0.031760195650737004 0.033367208457035231 0.034074173710931702 0.034320729057771913 0.035990481856038078
0.037699893587478939 0.038306306356173145 0.038656254451085621 0.03900779376516806 0.039521326653933604 0.040949882995203822 0.042403801624931028 0.04336968228158275
0.045244232930134187 0.047158442511860327 0.048290748225235131 0.050267697798929228 0.052284306305798001 0.053218016038404134 0.05439277192836086 0.055580352671162528
0.05619301723146515 0.057107337592271129 0.058029036529554913 0.058926058776033872 0.060307379214091607 0.061107806200013222 0.063329212557167294 0.064640303383180234
0.066924449732302216 0.0692482550145989 0.070618940878157885 0.073005486152422513 0.07543169035986183 0.076572438965270079 0.078049921431083039 0.079541522192999869
0.08027411679595492 0.081295122789556723 0.082322580900214368 0.083369394531607161 0.085960737656157069 0.088591739713881665 0.090141210690078771 0.092834952739771312
0.095568353722638569 0.097177419736381707 0.099973560711216894 0.10280936061922676 0.10447802167051595 0.10737656157049379 0.11031476040364629 0.11153476546101723
0.11276788004503058 0.11400777378701207 0.11488451212858773 0.11666195398497145 0.11845304038600855 0.1198724042022784 0.12297574195254149 0.12611873863597933
0.1279661847999066 0.13117192147531231 0.13397459621556132 0.13441731708389279 0.1363243582853661 0.13963249388591453 0.14298028841963759 0.14494692465865691
0.14835745918434792 0.15180765264321369 0.15383388391977906 0.15734681737061276 0.16089940975462116 0.16212165713007878 0.16274447870028058 0.16336849432249942
0.16441767425089437 0.16741587248916825 0.17044116074360102 0.17240098110551735 0.17611871240663626 0.17987610264092993 0.18208111903013344 0.18590124925639506
0.18976103841583131 0.19202564984258086 0.19594817899398512 0.19991036707856405 0.20223457354285965 0.20625950161940648 0.21032408862912808 0.21270789013096969
0.21683521713265921 0.22100220306752338 0.22344559960691104 0.22767532553374314 0.23194471039375 0.23327161405988653 0.23353661997897626 0.23380177634130528
0.23395555688102193 0.2350565796616356 0.23912599077658417 0.24323032601734107 0.24571419722228771 0.25014872099940516 0.25462290370969731 0.25724508536172308
0.26178200806398311 0.26635858969941789 0.26904036638898976 0.27367968801639248 0.27835866857696978 0.28110004030408769 0.28584176085663299 0.29062314034235304
0.29289321881345248 0.29342410710701694 0.29826822658470492 0.30315200499556755 0.3060125667977775 0.31095908520060817 0.31594526253661348 0.31886541937636947
0.32391433670434266 0.32900291296549067 0.33093608460652857 0.33246751885174464 0.3340024883415082 0.33550193724725613 0.33913012478876126 0.34277782495168274
0.34536430319704725 0.35061801837530571 0.35591139248673898 0.35721239031346069 0.35901033443913311 0.3643664485425343 0.36976222157911021 0.37292075856905033
0.37837927159759416 0.38387744355931264 0.3870955755867988 0.39265648754048521 0.39825705842734638 0.40153478549237864 0.40719809637120774 0.41290106618321143
0.41623838828578974 0.42200409808976141 0.42780946682690785 0.43120638396703215 0.43707449269614657 0.44298226035843563 0.44643877253610603 0.45240928019036303
0.45841944677779467 0.46193555399301106 0.46800846057241063 0.47412102608498502 0.47617290403087092 0.47708656552975098 0.47800110273724233 0.47979456177087254
0.48506122325630441 0.4903566330067603 0.49372229557031516 0.49999999999999989 0.5063173633628596 0.5100122556907144 0.51639235904554182 0.52281212133354382
0.52656660869894467 0.53304911097891483 0.53957127219205958 0.54338535459500636 0.54997025580011905 0.55659481593840654 0.56046849337889948 0.56715579350915479
0.5738827525725847 0.57781602505062368 0.58460572410602174 0.59143508209459439 0.59542794961017931 0.60232004759071989 0.60925180450443517 0.61330426705756613
0.62029876396324934 0.62733291980210748 0.63144497739278449 0.63854187322361056 0.6456784279876111 0.64985008061583416 0.65704937537180264 0.65797985667433112
0.66428832906094581 0.66836611270071467 0.6751368545690376 0.68194171860727404 0.68408354590909326 0.68461716208287782 0.68515098629793103 0.6874534657254272
0.69485755833168095 0.70230130987110939 0.70665174761197058 0.71415823914336729 0.72170438960793826 0.7261144223863456 0.73372331284288461 0.74118095489747926
0.74137186223259854 0.74584149004855183 0.75355277943023347 0.76130372774508981 0.76583295059858914 0.77364663890541374 0.78149998614541272 0.78608880403645809
0.79400489126842499 0.80196063743356683 0.80660905036215835 0.81462753651926789 0.82268568160955213 0.82635182233306947 0.82739368957568959 0.83551457465794199
0.84367511867336886 0.84844272167705248 0.85666600568444728 0.86492894862501679 0.86975614666624634 0.87808182959878378 0.88644717146449625 0.89133396454327185
0.89976204640095225 0.90822978719180703 0.91317617530812867 0.92170665609095137 0.93027679580694878 0.93528277896081646 0.94391565866878191 0.95258819730992217
0.95765377550133601 0.96638905413444398 0.97516399170072665 0.97775882731219177 0.97787542547384743 0.97799203058727913 0.980556646364383 0.98927824388064578
0.99803845713897188 0.99999999999999978 1.0031889472458686 1.0121290237292617 1.0211087591458301 1.0263531224498819 1.0353955978584179 1.0444777322001284
1.0497816905417263 1.0589265648754052 1.0681110981422584 1.0734746515214024 1.0827219247802236 1.0920088569722195 1.0974320053889095 1.1067816775728734
1.1161710086900121 1.1216537521442482 1.1311058232533548 1.1405975532956361 1.1461398917874182 1.1556943618216673 1.165288490789091 1.1708904243184193
1.1736481776669303 1.1805472932778109 1.1902438211703776 1.1959053497372518 1.2056646176217862 1.2154635444394952 1.2211846680439153 1.2310463348535927
1.2409476605964445 1.2467283792384107 1.2566924449732304 1.2588190451025207 1.2666961696412249 1.2725364833207373 1.2826029479806995 1.2927090715738365
1.2986089802908949 1.308777843876 1.3189863663942798 1.3249458701488841 1.3352171326591316 1.3420201433256687 1.3455280541025543 1.3515471528947047
1.3619208143300949 1.3723341346986597 1.3779787325374859 1.3869562416926198 1.395962900134736 1.3990265931216801 1.4005299954757493 1.4020342051786712
1.4055428970498394 1.4161213563355148 1.4267394745543649 1.4329373584591536 1.4436182166699716 1.4543387338139648 1.4605962127562995 1.4713794698922604
1.482202385961396 1.4885194599412765 1.4994051160023798 1.4999999999999998 1.5103304309966579 1.5167071000140846 1.5276951550003306 1.5387228689197516
1.5451591329747245 1.556249586886113 1.5673796997306764 1.5738755588231952 1.5850684116597269 1.5963009234294327 1.6028563775594975 1.6141516293211715
1.6254865400160203 1.6321015891836315 1.6427876096865393 1.6434992398704478 1.6549365494904391 1.661611193695596 1.6731112433075555 1.6846509518526893
1.6913851910953923 1.7029876396324941 1.7146297471027707 1.7214235813830197 1.7331284288452642 1.7448729352406835 1.7517263645584786 1.7635336109458661
1.7660444431189777 1.775380516266428 1.782293540621769 1.7942031859342988 1.8061524901800032 1.8131251095728904 1.8251371538105625 1.8371888569814101
1.8442210714118432 1.8563355145746587 1.8660254037844388 1.8684896166706484 1.8755814261386277 1.8877982682265853 1.9000547692477174 1.9072061737532429
1.919525414766343 1.9318843147126183 1.9390953142556897 1.9396926207859082 1.9515169541939326 1.9639782530653502 1.9712488476459675 1.9837728865093531
1.9848077530122081 1.9963365843059133 2
copy 659 0
copy 659 0
copy 659 0
copy 659 0
copy 659 0
copy 659 0
copy 659 0
copy 659 0
copy 659 0
copy 659 0
copy 659 0
copy 659 0
copy 659 0
copy 659 0
copy 659 0
copy 659 0
copy 659 0
copy 659 0
copy 659 0
copy 659 0
copy 659 0
copy 659 0
copy 659 0
copy 659 0
copy 659 0
copy 659 0
copy 659 0
copy 659 0
copy 659 0
copy 659 0
copy 659 0
copy 659 0
copy 659 0
copy 659 0
copy 659 0
copy 659 0
copy 659 0
copy 659 0
copy 659 0
copy 659 0
copy 659 0
copy 659 0
copy 659 0
copy 659 0
copy 659 0
copy 659 0
copy 659 0
copy 659 0
copy 659 0
copy 659 0
copy 659 0
copy 659 0
copy 659 0
copy 659 0
copy 659 0
copy 659 0
copy 659 0
copy 659 0
copy 659 0
copy 659 0
copy 659 0
copy 659 0
copy 659 0
copy 659 0
copy 659 0
copy 659 0
copy 659 0
copy 659 0
copy 659 0
copy 659 0
copy 659 0
copy 659 0
copy 659 0
copy 659 0
copy 659 0
copy 659 0
copy 659 0
copy 659 0
copy 659 0
copy 659 0
copy 659 0
copy 659 0
copy 659 0
copy 659 0
copy 659 0
copy 659 0
copy 659 0
copy 659 0
copy 659 0
copy 659 0
copy 659 0
copy 659 0
copy 659 0
copy 659 0
copy 659 0
copy 659 0
copy 659 0
copy 659 0
copy 659 0
copy 659 0
copy 659 0
copy 659 0
copy 659 0
copy 659 0
copy 659 0
copy 659 0
copy 659 0
copy 659 0
copy 659 0
copy 659 0
copy 659 0
copy 659 0
copy 659 0
copy 659 0
copy 659 0
copy 659 0
copy 659 0
copy 659 0
copy 659 0
copy 659 0
copy 659 0
copy 659 0
copy 659 0
copy 659 0
copy 659 0
copy 659 0
copy 659 0
copy 659 0
copy 659 0
copy 659 0
copy 659 0
copy 659 0
copy 659 0
copy 659 0
copy 659 0
copy 659 0
copy 659 0
copy 659 0
values 658
0 2.0149618756026079e-14 2.5210729223500238e-14 2.8814204840022902e-14 3.1242731181517609e-14 3.6051655607381529e-14 4.120467045137005e-14 4.4677493253155936e-14
5.1554314851857007e-14 5.8923190017991781e-14 6.3889369715750778e-14 7.3723309930327121e-14 8.4260892851793833e-14 9.1362591440547282e-14 1.0542524796811055e-13 1.2049412229741081e-13
1.306496393980629e-13 1.5075941272362078e-13 1.7230808999093469e-13 1.8683060545575118e-13 2.1558783083579759e-13 2.4640270670664928e-13 2.6717008401846472e-13 3.0829327313506099e-13
3.5235892798508471e-13 3.8205653522510934e-13 4.4086320592334377e-13 5.0387763913085001e-13 5.4634558597558607e-13 6.3043985475434103e-13 7.2055127613178071e-13 7.8128096706717216e-13
9.015368148726457e-13 1.0303972655557954e-12 1.1172414771347525e-12 1.2892088316456781e-12 1.4734808750386335e-12 1.5976691751700189e-12 1.8435846259123685e-12 2.1070959344340876e-12
2.2846867445654114e-12 2.636348890475615e-12 3.0131733313418472e-12 3.2671303933978828e-12 3.7700116255158971e-12 4.3088752516378299e-12 4.6720370015078903e-12 5.3911634032477758e-12
6.161745074887163e-12 6.6810708833562472e-12 7.7094305608516202e-12 8.811371912766486e-12 9.5540142627346984e-12 1.1024581361564287e-11 1.2600371167824067e-11 1.3662358943074667e-11
1.576528814137534e-11 1.8018687116917257e-11 1.9537342812798325e-11 2.2544557659768014e-11 2.5766946155239877e-11 2.7938642644013293e-11 3.223899718906535e-11 3.6847052721376152e-11
3.9952605646994728e-11 4.610216600573826e-11 5.2691742594252864e-11 5.7132721811963592e-11 6.5926669429455264e-11 7.5349845715294158e-11 8.1700501100827524e-11 9.427595531020583e-11
1.0775121432286606e-10 1.1683273032387857e-10 1.3481578588104581e-10 1.5408557347179294e-10 1.6707225403778933e-10 1.9278824662046598e-10 2.2034428197708851e-10 2.3891539632676596e-10
2.7568958480713857e-10 3.1509505728572691e-10 3.4165198123839803e-10 3.9423952706390815e-10 4.5058984165615699e-10 4.8856657242999972e-10 5.6376741547310509e-10 6.4434906454153641e-10
6.9865626076799825e-10 8.0619439942079091e-10 9.2142715745549168e-10 9.9908712190958874e-10 1.1528679945293082e-09 1.3176522683409235e-09 1.4287069811245102e-09 1.6486155371023688e-09
1.8842590933161709e-09 2.0430687105770026e-09 2.3575406742772901e-09 2.6945138835567612e-09 2.9216136067686809e-09 3.371312416866237e-09 3.8531882873402029e-09 4.1779437094140703e-09
4.8210185877707806e-09 5.5101070617226097e-09 5.9745113448927812e-09 6.8941164002937139e-09 7.8795214683379247e-09 8.5436253556557605e-09 9.858671995449804e-09 1.1267813469778249e-08
1.2217490268924079e-08 1.4098023281087257e-08 1.6113113074174708e-08 1.7471162680657786e-08 2.0160348221932097e-08 2.3041951629524935e-08 2.4983979417639442e-08 2.8829548109401031e-08
3.2950276737542255e-08 3.5727400571461585e-08 4.122661151696191e-08 4.7119304585702866e-08 5.1090626127095789e-08 5.8954566014035529e-08 6.7381190219583128e-08 7.3060229300412825e-08
8.4305760915453533e-08 9.6355938087958501e-08 1.0447703443974849e-07 1.2055828418517258e-07 1.3779018706190991e-07 1.49403455612515e-07 1.7239984228656241e-07 1.9704167721583108e-07
2.1364879534203654e-07 2.4653391362787056e-07 2.8177204333559171e-07 3.0552042831919506e-07 3.5254655551046114e-07 4.0293751823147608e-07 4.36898003430861e-07 5.0414594882024309e-07
5.7620565076845226e-07 6.247695659893787e-07 7.2093496231683186e-07 8.2398123022826475e-07 8.9342823158112105e-07 1.030945941561243e-06 1.1783033832851425e-06 1.2776134569265161e-06
1.4742654885344619e-06 1.6849884586285908e-06 1.8270030961871549e-06 2.1082179414687012e-06 2.409554403379395e-06 2.6126370972229348e-06 3.0147778153233447e-06 3.4456926948748862e-06
3.7361034669457658e-06 4.3111696836400017e-06 4.9273833082426305e-06 5.3426743157559581e-06 6.1650261411198578e-06 7.0462192703547723e-06 7.6400905640798625e-06 8.8160638781911091e-06
1.0076180986947918e-05 1.0925424305801606e-05 1.2607080736599746e-05 1.4409063837807425e-05 1.562349232128197e-05 1.8028281883519616e-05 2.0605140077470768e-05 2.2341787877614819e-05
2.5780666790534287e-05 2.9465605981852449e-05 3.194903388459431e-05 3.6866673400094444e-05 4.2136182166850423e-05 4.5687514882444946e-05 5.2719800408275806e-05 6.0255263329438683e-05
6.533371317810455e-05 7.5389968737491693e-05 8.6165774215689577e-05 9.342802051330148e-05 0.00010780859074245985 0.00012321812628378001 0.00012837666049145543 0.00013003707734822044
0.00013170816319115503 0.00013749942900261188 0.0001565180314767176 0.0001767681471939306 0.00019105427466329205 0.00022046161305365458 0.00025197311912613957 0.0002732099833930462
0.00031526284218107473 0.00036032468686330519 0.00039011017193689044 0.00044805226243616405 0.00051000468124037866 0.00052946507313226686 0.00053180279719477195 0.00053414567072102178
0.00055869679054686876 0.00064469217382827815 0.0007368407391457664 0.00079894334285934875 0.00092191780799287559 0.001053691399787422 0.0011043155563285208 0.0011412232397345001
0.0011787375789259838 0.0012293888104630676 0.0013704923548943646 0.0015192596702174389 0.0016219538671254654 0.0018291871116053037 0.0020488754833695591 0.0021286536844477952
0.0021754105698168127 0.0022226754101569513 0.00233633653196699 0.0026959486846414239 0.003081291974888105 0.0032101904927094786 0.0032513658779457014 0.0032928036503629462
0.0034376073844505778 0.0039135266631643286 0.004420289753671508 0.0045942729580826904 0.00466584923259937 0.0047379787654307755 0.0049395362085967818 0.0055852997554365798
0.0062707222354510747 0.0064846664382575353 0.0065088908507355677 0.0065331604258012412 0.0067443143854467192 0.0074695456022225654 0.0082318042750425813 0.0085588717787650637
0.0089010047132213228 0.0092498425166215453 0.00950077290459647 0.010018803182515043 0.010550583894164831 0.010977768741120487 0.011930729063388197 0.012923348318830607
0.013237035075345632 0.013296885156436514 0.013356870235926856 0.013658067103976096 0.014655755119882236 0.015192246987791938 0.015688609371390268 0.016325221535292877
0.017482979707845861 0.018680396813573544 0.019046330469556613 0.019080861781889554 0.019115424368798609 0.0194754161723346 0.020702124378018372 0.021966295401658554
0.022730245880790534 0.024092801903628797 0.025495016859641756 0.026070756380505027 0.026625231877418214 0.027185541814428529 0.027614527147053404 0.028534383590235447
0.029469310542266404 0.030192841777613461 0.031760195650737004 0.033367208457035231 0.034074173710931702 0.034320729057771913 0.035990481856038078 0.037699893587478939
0.038306306356173145 0.038656254451085621 0.03900779376516806 0.039521326653933604 0.040949882995203822 0.042403801624931028 0.04336968228158275 0.045244232930134187
0.047158442511860327 0.048290748225235131 0.050267697798929228 0.052284306305798001 0.053218016038404134 0.05439277192836086 0.055580352671162528 0.05619301723146515
0.057107337592271129 0.058029036529554913 0.058926058776033872 0.060307379214091607 0.061107806200013222 0.063329212557167294 0.064640303383180234 0.066924449732302216
0.0692482550145989 0.070618940878157885 0.073005486152422513 0.07543169035986183 0.076572438965270079 0.078049921431083039 0.079541522192999869 0.08027411679595492
0.081295122789556723 0.082322580900214368 0.083369394531607161 0.085960737656157069 0.088591739713881665 0.090141210690078771 0.092834952739771312 0.095568353722638569
0.097177419736381707 0.099973560711216894 0.10280936061922676 0.10447802167051595 0.10737656157049379 0.11031476040364629 0.11153476546101723 0.11276788004503058
0.11400777378701207 0.11488451212858773 0.11666195398497145 0.11845304038600855 0.1198724042022784 0.12297574195254149 0.12611873863597933 0.1279661847999066
0.13117192147531231 0.13397459621556132 0.13441731708389279 0.1363243582853661 0.13963249388591453 0.14298028841963759 0.14494692465865691 0.14835745918434792
0.15180765264321369 0.15383388391977906 0.15734681737061276 0.16089940975462116 0.16212165713007878 0.16274447870028058 0.16336849432249942 0.16441767425089437
0.16741587248916825 0.17044116074360102 0.17240098110551735 0.17611871240663626 0.17987610264092993 0.18208111903013344 0.18590124925639506 0.18976103841583131
0.19202564984258086 0.19594817899398512 0.19991036707856405 0.20223457354285965 0.20625950161940648 0.21032408862912808 0.21270789013096969 0.21683521713265921
0.22100220306752338 0.22344559960691104 0.22767532553374314 0.23194471039375 0.23327161405988653 0.23353661997897626 0.23380177634130528 0.23395555688102193
0.2350565796616356 0.23912599077658417 0.24323032601734107 0.24571419722228771 0.25014872099940516 0.25462290370969731 0.25724508536172308 0.26178200806398311
0.26635858969941789 0.26904036638898976 0.27367968801639248 0.27835866857696978 0.28110004030408769 0.28584176085663299 0.29062314034235304 0.29289321881345248
0.29342410710701694 0.29826822658470492 0.30315200499556755 0.3060125667977775 0.31095908520060817 0.31594526253661348 0.31886541937636947 0.32391433670434266
0.32900291296549067 0.33093608460652857 0.33246751885174464 0.3340024883415082 0.33550193724725613 0.33913012478876126 0.34277782495168274 0.34536430319704725
0.35061801837530571 0.35591139248673898 0.35721239031346069 0.35901033443913311 0.3643664485425343 0.36976222157911021 0.37292075856905033 0.37837927159759416
0.38387744355931264 0.3870955755867988 0.39265648754048521 0.39825705842734638 0.40153478549237864 0.40719809637120774 0.41290106618321143 0.41623838828578974
0.42200409808976141 0.42780946682690785 0.43120638396703215 0.43707449269614657 0.44298226035843563 0.44643877253610603 0.45240928019036303 0.45841944677779467
0.46193555399301106 0.46800846057241063 0.47412102608498502 0.47617290403087092 0.47708656552975098 0.47800110273724233 0.47979456177087254 0.48506122325630441
0.4903566330067603 0.49372229557031516 0.49999999999999989 0.5063173633628596 0.5100122556907144 0.51639235904554182 0.52281212133354382 0.52656660869894467
0.53304911097891483 0.53957127219205958 0.54338535459500636 0.54997025580011905 0.55659481593840654 0.56046849337889948 0.56715579350915479 0.5738827525725847
0.57781602505062368 0.58460572410602174 0.59143508209459439 0.59542794961017931 0.60232004759071989 0.60925180450443517 0.61330426705756613 0.62029876396324934
0.62733291980210748 0.63144497739278449 0.63854187322361056 0.6456784279876111 0.64985008061583416 0.65704937537180264 0.65797985667433112 0.66428832906094581
0.66836611270071467 0.6751368545690376 0.68194171860727404 0.68408354590909326 0.68461716208287782 0.68515098629793103 0.6874534657254272 0.69485755833168095
0.70230130987110939 0.70665174761197058 0.71415823914336729 0.72170438960793826 0.7261144223863456 0.73372331284288461 0.74118095489747926 0.74137186223259854
0.74584149004855183 0.75355277943023347 0.76130372774508981 0.76583295059858914 0.77364663890541374 0.78149998614541272 0.78608880403645809 0.79400489126842499
0.80196063743356683 0.80660905036215835 0.81462753651926789 0.82268568160955213 0.82635182233306947 0.82739368957568959 0.83551457465794199 0.84367511867336886
0.84844272167705248 0.85666600568444728 0.86492894862501679 0.86975614666624634 0.87808182959878378 0.88644717146449625 0.89133396454327185 0.89976204640095225
0.90822978719180703 0.91317617530812867 0.92170665609095137 0.93027679580694878 0.93528277896081646 0.94391565866878191 0.95258819730992217 0.95765377550133601
0.96638905413444398 0.97516399170072665 0.97775882731219177 0.97787542547384743 0.97799203058727913 0.980556646364383 0.98927824388064578 0.99803845713897188
0.99999999999999978 1.0031889472458686 1.0121290237292617 1.0211087591458301 1.0263531224498819 1.0353955978584179 1.0444777322001284 1.0497816905417263
1.0589265648754052 1.0681110981422584 1.0734746515214024 1.0827219247802236 1.0920088569722195 1.0974320053889095 1.1067816775728734 1.1161710086900121
1.1216537521442482 1.1311058232533548 1.1405975532956361 1.1461398917874182 1.1556943618216673 1.165288490789091 1.1708904243184193 1.1736481776669303
1.1805472932778109 1.1902438211703776 1.1959053497372518 1.2056646176217862 1.2154635444394952 1.2211846680439153 1.2310463348535927 1.2409476605964445
1.2467283792384107 1.2566924449732304 1.2588190451025207 1.2666961696412249 1.2725364833207373 1.2826029479806995 1.2927090715738365 1.2986089802908949
1.308777843876 1.3189863663942798 1.3249458701488841 1.3352171326591316 1.3420201433256687 1.3455280541025543 1.3515471528947047 1.3619208143300949
1.3723341346986597 1.3779787325374859 1.3869562416926198 1.395962900134736 1.3990265931216801 1.4005299954757493 1.4020342051786712 1.4055428970498394
1.4161213563355148 1.4267394745543649 1.4329373584591536 1.4436182166699716 1.4543387338139648 1.4605962127562995 1.4713794698922604 1.482202385961396
1.4885194599412765 1.4994051160023798 1.4999999999999998 1.5103304309966579 1.5167071000140846 1.5276951550003306 1.5387228689197516 1.5451591329747245
1.556249586886113 1.5673796997306764 1.5738755588231952 1.5850684116597269 1.5963009234294327 1.6028563775594975 1.6141516293211715 1.6254865400160203
1.6321015891836315 1.6427876096865393 1.6434992398704478 1.6549365494904391 1.661611193695596 1.6731112433075555 1.6846509518526893 1.6913851910953923
1.7029876396324941 1.7146297471027707 1.7214235813830197 1.7331284288452642 1.7448729352406835 1.7517263645584786 1.7635336109458661 1.7660444431189777
1.775380516266428 1.782293540621769 1.7942031859342988 1.8061524901800032 1.8131251095728904 1.8251371538105625 1.8371888569814101 1.8442210714118432
1.8563355145746587 1.8660254037844388 1.8684896166706484 1.8755814261386277 1.8877982682265853 1.9000547692477174 1.9072061737532429 1.919525414766343
1.9318843147126183 1.9390953142556897 1.9396926207859082 1.9515169541939326 1.9639782530653502 1.9712488476459675 1.9837728865093531 1.9848077530122081
1.9963365843059133 2
copy 658 91601
values 657
0 2.0149618756026079e-14 2.5210729223500238e-14 2.8814204840022902e-14 3.6051655607381529e-14 4.120467045137005e-14 4.4677493253155936e-14 5.1554314851857007e-14
5.8923190017991781e-14 6.3889369715750778e-14 7.3723309930327121e-14 8.4260892851793833e-14 9.1362591440547282e-14 1.0542524796811055e-13 1.2049412229741081e-13 1.306496393980629e-13
1.5075941272362078e-13 1.7230808999093469e-13 1.8683060545575118e-13 2.1558783083579759e-13 2.4640270670664928e-13 2.6717008401846472e-13 3.0829327313506099e-13 3.5235892798508471e-13
3.8205653522510934e-13 4.4086320592334377e-13 5.0387763913085001e-13 5.4634558597558607e-13 6.3043985475434103e-13 7.2055127613178071e-13 7.8128096706717216e-13 9.015368148726457e-13
1.0303972655557954e-12 1.1172414771347525e-12 1.2892088316456781e-12 1.4734808750386335e-12 1.5976691751700189e-12 1.8435846259123685e-12 2.1070959344340876e-12 2.2846867445654114e-12
2.636348890475615e-12 3.0131733313418472e-12 3.2671303933978828e-12 3.7700116255158971e-12 4.3088752516378299e-12 4.6720370015078903e-12 5.3911634032477758e-12 6.161745074887163e-12
6.6810708833562472e-12 7.7094305608516202e-12 8.811371912766486e-12 9.5540142627346984e-12 1.1024581361564287e-11 1.2600371167824067e-11 1.3662358943074667e-11 1.576528814137534e-11
1.8018687116917257e-11 1.9537342812798325e-11 2.2544557659768014e-11 2.5766946155239877e-11 2.7938642644013293e-11 3.223899718906535e-11 3.6847052721376152e-11 3.9952605646994728e-11
4.610216600573826e-11 5.2691742594252864e-11 5.7132721811963592e-11 6.5926669429455264e-11 7.5349845715294158e-11 8.1700501100827524e-11 9.427595531020583e-11 1.0775121432286606e-10
1.1683273032387857e-10 1.3481578588104581e-10 1.5408557347179294e-10 1.6707225403778933e-10 1.9278824662046598e-10 2.2034428197708851e-10 2.3891539632676596e-10 2.7568958480713857e-10
3.1509505728572691e-10 3.4165198123839803e-10 3.9423952706390815e-10 4.5058984165615699e-10 4.8856657242999972e-10 5.6376741547310509e-10 6.4434906454153641e-10 6.9865626076799825e-10
8.0619439942079091e-10 9.2142715745549168e-10 9.9908712190958874e-10 1.1528679945293082e-09 1.3176522683409235e-09 1.4287069811245102e-09 1.6486155371023688e-09 1.8842590933161709e-09
2.0430687105770026e-09 2.3575406742772901e-09 2.6945138835567612e-09 2.9216136067686809e-09 3.371312416866237e-09 3.8531882873402029e-09 4.1779437094140703e-09 4.8210185877707806e-09
5.5101070617226097e-09 5.9745113448927812e-09 6.8941164002937139e-09 7.8795214683379247e-09 8.5436253556557605e-09 9.858671995449804e-09 1.1267813469778249e-08 1.2217490268924079e-08
1.4098023281087257e-08 1.6113113074174708e-08 1.7471162680657786e-08 2.0160348221932097e-08 2.3041951629524935e-08 2.4983979417639442e-08 2.8829548109401031e-08 3.2950276737542255e-08
3.5727400571461585e-08 4.122661151696191e-08 4.7119304585702866e-08 5.1090626127095789e-08 5.8954566014035529e-08 6.7381190219583128e-08 7.3060229300412825e-08 8.4305760915453533e-08
9.6355938087958501e-08 1.0447703443974849e-07 1.2055828418517258e-07 1.3779018706190991e-07 1.49403455612515e-07 1.7239984228656241e-07 1.9704167721583108e-07 2.1364879534203654e-07
2.4653391362787056e-07 2.8177204333559171e-07 3.0552042831919506e-07 3.5254655551046114e-07 4.0293751823147608e-07 4.36898003430861e-07 5.0414594882024309e-07 5.7620565076845226e-07
6.247695659893787e-07 7.2093496231683186e-07 8.2398123022826475e-07 8.9342823158112105e-07 1.030945941561243e-06 1.1783033832851425e-06 1.2776134569265161e-06 1.4742654885344619e-06
1.6849884586285908e-06 1.8270030961871549e-06 2.1082179414687012e-06 2.409554403379395e-06 2.6126370972229348e-06 3.0147778153233447e-06 3.4456926948748862e-06 3.7361034669457658e-06
4.3111696836400017e-06 4.9273833082426305e-06 5.3426743157559581e-06 6.1650261411198578e-06 7.0462192703547723e-06 7.6400905640798625e-06 8.8160638781911091e-06 1.0076180986947918e-05
1.0925424305801606e-05 1.2607080736599746e-05 1.4409063837807425e-05 1.562349232128197e-05 1.8028281883519616e-05 2.0605140077470768e-05 2.2341787877614819e-05 2.5780666790534287e-05
2.9465605981852449e-05 3.194903388459431e-05 3.6866673400094444e-05 4.2136182166850423e-05 4.5687514882444946e-05 5.2719800408275806e-05 6.0255263329438683e-05 6.533371317810455e-05
7.5389968737491693e-05 8.6165774215689577e-05 9.342802051330148e-05 0.00010780859074245985 0.00012321812628378001 0.00012837666049145543 0.00013003707734822044 0.00013170816319115503
0.00013749942900261188 0.0001565180314767176 0.0001767681471939306 0.00019105427466329205 0.00022046161305365458 0.00025197311912613957 0.0002732099833930462 0.00031526284218107473
0.00036032468686330519 0.00039011017193689044 0.00044805226243616405 0.00051000468124037866 0.00052946507313226686 0.00053180279719477195 0.00053414567072102178 0.00055869679054686876
0.00064469217382827815 0.0007368407391457664 0.00079894334285934875 0.00092191780799287559 0.001053691399787422 0.0011043155563285208 0.0011412232397345001 0.0011787375789259838
0.0012293888104630676 0.0013704923548943646 0.0015192596702174389 0.0016219538671254654 0.0018291871116053037 0.0020488754833695591 0.0021286536844477952 0.0021754105698168127
0.0022226754101569513 0.00233633653196699 0.0026959486846414239 0.003081291974888105 0.0032101904927094786 0.0032513658779457014 0.0032928036503629462 0.0034376073844505778
0.0039135266631643286 0.004420289753671508 0.0045942729580826904 0.00466584923259937 0.0047379787654307755 0.0049395362085967818 0.0055852997554365798 0.0062707222354510747
0.0064846664382575353 0.0065088908507355677 0.0065331604258012412 0.0067443143854467192 0.0074695456022225654 0.0082318042750425813 0.0085588717787650637 0.0089010047132213228
0.0092498425166215453 0.00950077290459647 0.010018803182515043 0.010550583894164831 0.010977768741120487 0.011930729063388197 0.012923348318830607 0.013237035075345632
0.013296885156436514 0.013356870235926856 0.013658067103976096 0.014655755119882236 0.015192246987791938 0.015688609371390268 0.016325221535292877 0.017482979707845861
0.018680396813573544 0.019046330469556613 0.019080861781889554 0.019115424368798609 0.0194754161723346 0.020702124378018372 0.021966295401658554 0.022730245880790534
0.024092801903628797 0.025495016859641756 0.026070756380505027 0.026625231877418214 0.027185541814428529 0.027614527147053404 0.028534383590235447 0.029469310542266404
0.030192841777613461 0.031760195650737004 0.033367208457035231 0.034074173710931702 0.034320729057771913 0.035990481856038078 0.037699893587478939 0.038306306356173145
0.038656254451085621 0.03900779376516806 0.039521326653933604 0.040949882995203822 0.042403801624931028 0.04336968228158275 0.045244232930134187 0.047158442511860327
0.048290748225235131 0.050267697798929228 0.052284306305798001 0.053218016038404134 0.05439277192836086 0.055580352671162528 0.05619301723146515 0.057107337592271129
0.058029036529554913 0.058926058776033872 0.060307379214091607 0.061107806200013222 0.063329212557167294 0.064640303383180234 0.066924449732302216 0.0692482550145989
0.070618940878157885 0.073005486152422513 0.07543169035986183 0.076572438965270079 0.078049921431083039 0.079541522192999869 0.08027411679595492 0.081295122789556723
0.082322580900214368 0.083369394531607161 0.085960737656157069 0.088591739713881665 0.090141210690078771 0.092834952739771312 0.095568353722638569 0.097177419736381707
0.099973560711216894 0.10280936061922676 0.10447802167051595 0.10737656157049379 0.11031476040364629 0.11153476546101723 0.11276788004503058 0.11400777378701207
0.11488451212858773 0.11666195398497145 0.11845304038600855 0.1198724042022784 0.12297574195254149 0.12611873863597933 0.1279661847999066 0.13117192147531231
0.13397459621556132 0.13441731708389279 0.1363243582853661 0.13963249388591453 0.14298028841963759 0.14494692465865691 0.14835745918434792 0.15180765264321369
0.15383388391977906 0.15734681737061276 0.16089940975462116 0.16212165713007878 0.16274447870028058 0.16336849432249942 0.16441767425089437 0.16741587248916825
0.17044116074360102 0.17240098110551735 0.17611871240663626 0.17987610264092993 0.18208111903013344 0.18590124925639506 0.18976103841583131 0.19202564984258086
0.19594817899398512 0.19991036707856405 0.20223457354285965 0.20625950161940648 0.21032408862912808 0.21270789013096969 0.21683521713265921 0.22100220306752338
0.22344559960691104 0.22767532553374314 0.23194471039375 0.23327161405988653 0.23353661997897626 0.23380177634130528 0.23395555688102193 0.2350565796616356
0.23912599077658417 0.24323032601734107 0.24571419722228771 0.25014872099940516 0.25462290370969731 0.25724508536172308 0.26178200806398311 0.26635858969941789
0.26904036638898976 0.27367968801639248 0.27835866857696978 0.28110004030408769 0.28584176085663299 0.29062314034235304 0.29289321881345248 0.29342410710701694
0.29826822658470492 0.30315200499556755 0.3060125667977775 0.31095908520060817 0.31594526253661348 0.31886541937636947 0.32391433670434266 0.32900291296549067
0.33093608460652857 0.33246751885174464 0.3340024883415082 0.33550193724725613 0.33913012478876126 0.34277782495168274 0.34536430319704725 0.35061801837530571
0.35591139248673898 0.35721239031346069 0.35901033443913311 0.3643664485425343 0.36976222157911021 0.37292075856905033 0.37837927159759416 0.38387744355931264
0.3870955755867988 0.39265648754048521 0.39825705842734638 0.40153478549237864 0.40719809637120774 0.41290106618321143 0.41623838828578974 0.42200409808976141
0.42780946682690785 0.43120638396703215 0.43707449269614657 0.44298226035843563 0.44643877253610603 0.45240928019036303 0.45841944677779467 0.46193555399301106
0.46800846057241063 0.47412102608498502 0.47617290403087092 0.47708656552975098 0.47800110273724233 0.47979456177087254 0.48506122325630441 0.4903566330067603
0.49372229557031516 0.49999999999999989 0.5063173633628596 0.5100122556907144 0.51639235904554182 0.52281212133354382 0.52656660869894467 0.53304911097891483
0.53957127219205958 0.54338535459500636 0.54997025580011905 0.55659481593840654 0.56046849337889948 0.56715579350915479 0.5738827525725847 0.57781602505062368
0.58460572410602174 0.59143508209459439 0.59542794961017931 0.60232004759071989 0.60925180450443517 0.61330426705756613 0.62029876396324934 0.62733291980210748
0.63144497739278449 0.63854187322361056 0.6456784279876111 0.64985008061583416 0.65704937537180264 0.65797985667433112 0.66428832906094581 0.66836611270071467
0.6751368545690376 0.68194171860727404 0.68408354590909326 0.68461716208287782 0.68515098629793103 0.6874534657254272 0.69485755833168095 0.70230130987110939
0.70665174761197058 0.71415823914336729 0.72170438960793826 0.7261144223863456 0.73372331284288461 0.74118095489747926 0.74137186223259854 0.74584149004855183
0.75355277943023347 0.76130372774508981 0.76583295059858914 0.77364663890541374 0.78149998614541272 0.78608880403645809 0.79400489126842499 0.80196063743356683
0.80660905036215835 0.81462753651926789 0.82268568160955213 0.82635182233306947 0.82739368957568959 0.83551457465794199 0.84367511867336886 0.84844272167705248
0.85666600568444728 0.86492894862501679 0.86975614666624634 0.87808182959878378 0.88644717146449625 0.89133396454327185 0.89976204640095225 0.90822978719180703
0.91317617530812867 0.92170665609095137 0.93027679580694878 0.93528277896081646 0.94391565866878191 0.95258819730992217 0.95765377550133601 0.96638905413444398
0.97516399170072665 0.97775882731219177 0.97787542547384743 0.97799203058727913 0.980556646364383 0.98927824388064578 0.99803845713897188 0.99999999999999978
1.0031889472458686 1.0121290237292617 1.0211087591458301 1.0263531224498819 1.0353955978584179 1.0444777322001284 1.0497816905417263 1.0589265648754052
1.0681110981422584 1.0734746515214024 1.0827219247802236 1.0920088569722195 1.0974320053889095 1.1067816775728734 1.1161710086900121 1.1216537521442482
1.1311058232533548 1.1405975532956361 1.1461398917874182 1.1556943618216673 1.165288490789091 1.1708904243184193 1.1736481776669303 1.1805472932778109
1.1902438211703776 1.1959053497372518 1.2056646176217862 1.2154635444394952 1.2211846680439153 1.2310463348535927 1.2409476605964445 1.2467283792384107
1.2566924449732304 1.2588190451025207 1.2666961696412249 1.2725364833207373 1.2826029479806995 1.2927090715738365 1.2986089802908949 1.308777843876
1.3189863663942798 1.3249458701488841 1.3352171326591316 1.3420201433256687 1.3455280541025543 1.3515471528947047 1.3619208143300949 1.3723341346986597
1.3779787325374859 1.3869562416926198 1.395962900134736 1.3990265931216801 1.4005299954757493 1.4020342051786712 1.4055428970498394 1.4161213563355148
1.4267394745543649 1.4329373584591536 1.4436182166699716 1.4543387338139648 1.4605962127562995 1.4713794698922604 1.482202385961396 1.4885194599412765
1.4994051160023798 1.4999999999999998 1.5103304309966579 1.5167071000140846 1.5276951550003306 1.5387228689197516 1.5451591329747245 1.556249586886113
1.5673796997306764 1.5738755588231952 1.5850684116597269 1.5963009234294327 1.6028563775594975 1.6141516293211715 1.6254865400160203 1.6321015891836315
1.6427876096865393 1.6434992398704478 1.6549365494904391 1.661611193695596 1.6731112433075555 1.6846509518526893 1.6913851910953923 1.7029876396324941
1.7146297471027707 1.7214235813830197 1.7331284288452642 1.7448729352406835 1.7517263645584786 1.7635336109458661 1.7660444431189777 1.775380516266428
1.782293540621769 1.7942031859342988 1.8061524901800032 1.8131251095728904 1.8251371538105625 1.8371888569814101 1.8442210714118432 1.8563355145746587
1.8660254037844388 1.8684896166706484 1.8755814261386277 1.8877982682265853 1.9000547692477174 1.9072061737532429 1.919525414766343 1.9318843147126183
1.9390953142556897 1.9396926207859082 1.9515169541939326 1.9639782530653502 1.9712488476459675 1.9837728865093531 1.9848077530122081 1.9963365843059133
2
copy 657 92917
values 656
0 2.5210729223500238e-14 2.8814204840022902e-14 3.6051655607381529e-14 4.120467045137005e-14 4.4677493253155936e-14 5.1554314851857007e-14 5.8923190017991781e-14
6.3889369715750778e-14 7.3723309930327121e-14 8.4260892851793833e-14 9.1362591440547282e-14 1.0542524796811055e-13 1.2049412229741081e-13 1.306496393980629e-13 1.5075941272362078e-13
1.7230808999093469e-13 1.8683060545575118e-13 2.1558783083579759e-13 2.4640270670664928e-13 2.6717008401846472e-13 3.0829327313506099e-13 3.5235892798508471e-13 3.8205653522510934e-13
4.4086320592334377e-13 5.0387763913085001e-13 5.4634558597558607e-13 6.3043985475434103e-13 7.2055127613178071e-13 7.8128096706717216e-13 9.015368148726457e-13 1.0303972655557954e-12
1.1172414771347525e-12 1.2892088316456781e-12 1.4734808750386335e-12 1.5976691751700189e-12 1.8435846259123685e-12 2.1070959344340876e-12 2.2846867445654114e-12 2.636348890475615e-12
3.0131733313418472e-12 3.2671303933978828e-12 3.7700116255158971e-12 4.3088752516378299e-12 4.6720370015078903e-12 5.3911634032477758e-12 6.161745074887163e-12 6.6810708833562472e-12
7.7094305608516202e-12 8.811371912766486e-12 9.5540142627346984e-12 1.1024581361564287e-11 1.2600371167824067e-11 1.3662358943074667e-11 1.576528814137534e-11 1.8018687116917257e-11
1.9537342812798325e-11 2.2544557659768014e-11 2.5766946155239877e-11 2.7938642644013293e-11 3.223899718906535e-11 3.6847052721376152e-11 3.9952605646994728e-11 4.610216600573826e-11
5.2691742594252864e-11 5.7132721811963592e-11 6.5926669429455264e-11 7.5349845715294158e-11 8.1700501100827524e-11 9.427595531020583e-11 1.0775121432286606e-10 1.1683273032387857e-10
1.3481578588104581e-10 1.5408557347179294e-10 1.6707225403778933e-10 1.9278824662046598e-10 2.2034428197708851e-10 2.3891539632676596e-10 2.7568958480713857e-10 3.1509505728572691e-10
3.4165198123839803e-10 3.9423952706390815e-10 4.5058984165615699e-10 4.8856657242999972e-10 5.6376741547310509e-10 6.4434906454153641e-10 6.9865626076799825e-10 8.0619439942079091e-10
9.2142715745549168e-10 9.9908712190958874e-10 1.1528679945293082e-09 1.3176522683409235e-09 1.4287069811245102e-09 1.6486155371023688e-09 1.8842590933161709e-09 2.0430687105770026e-09
2.3575406742772901e-09 2.6945138835567612e-09 2.9216136067686809e-09 3.371312416866237e-09 3.8531882873402029e-09 4.1779437094140703e-09 4.8210185877707806e-09 5.5101070617226097e-09
5.9745113448927812e-09 6.8941164002937139e-09 7.8795214683379247e-09 8.5436253556557605e-09 9.858671995449804e-09 1.1267813469778249e-08 1.2217490268924079e-08 1.4098023281087257e-08
1.6113113074174708e-08 1.7471162680657786e-08 2.0160348221932097e-08 2.3041951629524935e-08 2.4983979417639442e-08 2.8829548109401031e-08 3.2950276737542255e-08 3.5727400571461585e-08
4.122661151696191e-08 4.7119304585702866e-08 5.1090626127095789e-08 5.8954566014035529e-08 6.7381190219583128e-08 7.3060229300412825e-08 8.4305760915453533e-08 9.6355938087958501e-08
1.0447703443974849e-07 1.2055828418517258e-07 1.3779018706190991e-07 1.49403455612515e-07 1.7239984228656241e-07 1.9704167721583108e-07 2.1364879534203654e-07 2.4653391362787056e-07
2.8177204333559171e-07 3.0552042831919506e-07 3.5254655551046114e-07 4.0293751823147608e-07 4.36898003430861e-07 5.0414594882024309e-07 5.7620565076845226e-07 6.247695659893787e-07
7.2093496231683186e-07 8.2398123022826475e-07 8.9342823158112105e-07 1.030945941561243e-06 1.1783033832851425e-06 1.2776134569265161e-06 1.4742654885344619e-06 1.6849884586285908e-06
1.8270030961871549e-06 2.1082179414687012e-06 2.409554403379395e-06 2.6126370972229348e-06 3.0147778153233447e-06 3.4456926948748862e-06 3.7361034669457658e-06 4.3111696836400017e-06
4.9273833082426305e-06 5.3426743157559581e-06 6.1650261411198578e-06 7.0462192703547723e-06 7.6400905640798625e-06 8.8160638781911091e-06 1.0076180986947918e-05 1.0925424305801606e-05
1.2607080736599746e-05 1.4409063837807425e-05 1.562349232128197e-05 1.8028281883519616e-05 2.0605140077470768e-05 2.2341787877614819e-05 2.5780666790534287e-05 2.9465605981852449e-05
3.194903388459431e-05 3.6866673400094444e-05 4.2136182166850423e-05 4.5687514882444946e-05 5.2719800408275806e-05 6.0255263329438683e-05 6.533371317810455e-05 7.5389968737491693e-05
8.6165774215689577e-05 9.342802051330148e-05 0.00010780859074245985 0.00012321812628378001 0.00012837666049145543 0.00013003707734822044 0.00013170816319115503 0.00013749942900261188
0.0001565180314767176 0.0001767681471939306 0.00019105427466329205 0.00022046161305365458 0.00025197311912613957 0.0002732099833930462 0.00031526284218107473 0.00036032468686330519
0.00039011017193689044 0.00044805226243616405 0.00051000468124037866 0.00052946507313226686 0.00053180279719477195 0.00053414567072102178 0.00055869679054686876 0.00064469217382827815
0.0007368407391457664 0.00079894334285934875 0.00092191780799287559 0.001053691399787422 0.0011043155563285208 0.0011412232397345001 0.0011787375789259838 0.0012293888104630676
0.0013704923548943646 0.0015192596702174389 0.0016219538671254654 0.0018291871116053037 0.0020488754833695591 0.0021286536844477952 0.0021754105698168127 0.0022226754101569513
0.00233633653196699 0.0026959486846414239 0.003081291974888105 0.0032101904927094786 0.0032513658779457014 0.0032928036503629462 0.0034376073844505778 0.0039135266631643286
0.004420289753671508 0.0045942729580826904 0.00466584923259937 0.0047379787654307755 0.0049395362085967818 0.0055852997554365798 0.0062707222354510747 0.0064846664382575353
0.0065088908507355677 0.0065331604258012412 0.0067443143854467192 0.0074695456022225654 0.0082318042750425813 0.0085588717787650637 0.0089010047132213228 0.0092498425166215453
0.00950077290459647 0.010018803182515043 0.010550583894164831 0.010977768741120487 0.011930729063388197 0.012923348318830607 0.013237035075345632 0.013296885156436514
0.013356870235926856 0.013658067103976096 0.014655755119882236 0.015192246987791938 0.015688609371390268 0.016325221535292877 0.017482979707845861 0.018680396813573544
0.019046330469556613 0.019080861781889554 0.019115424368798609 0.0194754161723346 0.020702124378018372 0.021966295401658554 0.022730245880790534 0.024092801903628797
0.025495016859641756 0.026070756380505027 0.026625231877418214 0.027185541814428529 0.027614527147053404 0.028534383590235447 0.029469310542266404 0.030192841777613461
0.031760195650737004 0.033367208457035231 0.034074173710931702 0.034320729057771913 0.035990481856038078 0.037699893587478939 0.038306306356173145 0.038656254451085621
0.03900779376516806 0.039521326653933604 0.040949882995203822 0.042403801624931028 0.04336968228158275 0.045244232930134187 0.047158442511860327 0.048290748225235131
0.050267697798929228 0.052284306305798001 0.053218016038404134 0.05439277192836086 0.055580352671162528 0.05619301723146515 0.057107337592271129 0.058029036529554913
0.058926058776033872 0.060307379214091607 0.061107806200013222 0.063329212557167294 0.064640303383180234 0.066924449732302216 0.0692482550145989 0.070618940878157885
0.073005486152422513 0.07543169035986183 0.076572438965270079 0.078049921431083039 0.079541522192999869 0.08027411679595492 0.081295122789556723 0.082322580900214368
0.083369394531607161 0.085960737656157069 0.088591739713881665 0.090141210690078771 0.092834952739771312 0.095568353722638569 0.097177419736381707 0.099973560711216894
0.10280936061922676 0.10447802167051595 0.10737656157049379 0.11031476040364629 0.11153476546101723 0.11276788004503058 0.11400777378701207 0.11488451212858773
0.11666195398497145 0.11845304038600855 0.1198724042022784 0.12297574195254149 0.12611873863597933 0.1279661847999066 0.13117192147531231 0.13397459621556132
0.13441731708389279 0.1363243582853661 0.13963249388591453 0.14298028841963759 0.14494692465865691 0.14835745918434792 0.15180765264321369 0.15383388391977906
0.15734681737061276 0.16089940975462116 0.16212165713007878 0.16274447870028058 0.16336849432249942 0.16441767425089437 0.16741587248916825 0.17044116074360102
0.17240098110551735 0.17611871240663626 0.17987610264092993 0.18208111903013344 0.18590124925639506 0.18976103841583131 0.19202564984258086 0.19594817899398512
0.19991036707856405 0.20223457354285965 0.20625950161940648 0.21032408862912808 0.21270789013096969 0.21683521713265921 0.22100220306752338 0.22344559960691104
0.22767532553374314 0.23194471039375 0.23327161405988653 0.23353661997897626 0.23380177634130528 0.23395555688102193 0.2350565796616356 0.23912599077658417
0.24323032601734107 0.24571419722228771 0.25014872099940516 0.25462290370969731 0.25724508536172308 0.26178200806398311 0.26635858969941789 0.26904036638898976
0.27367968801639248 0.27835866857696978 0.28110004030408769 0.28584176085663299 0.29062314034235304 0.29289321881345248 0.29342410710701694 0.29826822658470492
0.30315200499556755 0.3060125667977775 0.31095908520060817 0.31594526253661348 0.31886541937636947 0.32391433670434266 0.32900291296549067 0.33093608460652857
0.33246751885174464 0.3340024883415082 0.33550193724725613 0.33913012478876126 0.34277782495168274 0.34536430319704725 0.35061801837530571 0.35591139248673898
0.35721239031346069 0.35901033443913311 0.3643664485425343 0.36976222157911021 0.37292075856905033 0.37837927159759416 0.38387744355931264 0.3870955755867988
0.39265648754048521 0.39825705842734638 0.40153478549237864 0.40719809637120774 0.41290106618321143 0.41623838828578974 0.42200409808976141 0.42780946682690785
0.43120638396703215 0.43707449269614657 0.44298226035843563 0.44643877253610603 0.45240928019036303 0.45841944677779467 0.46193555399301106 0.46800846057241063
0.47412102608498502 0.47617290403087092 0.47708656552975098 0.47800110273724233 0.47979456177087254 0.48506122325630441 0.4903566330067603 0.49372229557031516
0.49999999999999989 0.5063173633628596 0.5100122556907144 0.51639235904554182 0.52281212133354382 0.52656660869894467 0.53304911097891483 0.53957127219205958
0.54338535459500636 0.54997025580011905 0.55659481593840654 0.56046849337889948 0.56715579350915479 0.5738827525725847 0.57781602505062368 0.58460572410602174
0.59143508209459439 0.59542794961017931 0.60232004759071989 0.60925180450443517 0.61330426705756613 0.62029876396324934 0.62733291980210748 0.63144497739278449
0.63854187322361056 0.6456784279876111 0.64985008061583416 0.65704937537180264 0.65797985667433112 0.66428832906094581 0.66836611270071467 0.6751368545690376
0.68194171860727404 0.68408354590909326 0.68461716208287782 0.68515098629793103 0.6874534657254272 0.69485755833168095 0.70230130987110939 0.70665174761197058
0.71415823914336729 0.72170438960793826 0.7261144223863456 0.73372331284288461 0.74118095489747926 0.74137186223259854 0.74584149004855183 0.75355277943023347
0.76130372774508981 0.76583295059858914 0.77364663890541374 0.78149998614541272 0.78608880403645809 0.79400489126842499 0.80196063743356683 0.80660905036215835
0.81462753651926789 0.82268568160955213 0.82635182233306947 0.82739368957568959 0.83551457465794199 0.84367511867336886 0.84844272167705248 0.85666600568444728
0.86492894862501679 0.86975614666624634 0.87808182959878378 0.88644717146449625 0.89133396454327185 0.89976204640095225 0.90822978719180703 0.91317617530812867
0.92170665609095137 0.93027679580694878 0.93528277896081646 0.94391565866878191 0.95258819730992217 0.95765377550133601 0.96638905413444398 0.97516399170072665
0.97775882731219177 0.97787542547384743 0.97799203058727913 0.980556646364383 0.98927824388064578 0.99803845713897188 0.99999999999999978 1.0031889472458686
1.0121290237292617 1.0211087591458301 1.0263531224498819 1.0353955978584179 1.0444777322001284 1.0497816905417263 1.0589265648754052 1.0681110981422584
1.0734746515214024 1.0827219247802236 1.0920088569722195 1.0974320053889095 1.1067816775728734 1.1161710086900121 1.1216537521442482 1.1311058232533548
1.1405975532956361 1.1461398917874182 1.1556943618216673 1.165288490789091 1.1708904243184193 1.1736481776669303 1.1805472932778109 1.1902438211703776
1.1959053497372518 1.2056646176217862 1.2154635444394952 1.2211846680439153 1.2310463348535927 1.2409476605964445 1.2467283792384107 1.2566924449732304
1.2588190451025207 1.2666961696412249 1.2725364833207373 1.2826029479806995 1.2927090715738365 1.2986089802908949 1.308777843876 1.3189863663942798
1.3249458701488841 1.3352171326591316 1.3420201433256687 1.3455280541025543 1.3515471528947047 1.3619208143300949 1.3723341346986597 1.3779787325374859
1.3869562416926198 1.395962900134736 1.3990265931216801 1.4005299954757493 1.4020342051786712 1.4055428970498394 1.4161213563355148 1.4267394745543649
1.4329373584591536 1.4436182166699716 1.4543387338139648 1.4605962127562995 1.4713794698922604 1.482202385961396 1.4885194599412765 1.4994051160023798
1.4999999999999998 1.5103304309966579 1.5167071000140846 1.5276951550003306 1.5387228689197516 1.5451591329747245 1.556249586886113 1.5673796997306764
1.5738755588231952 1.5850684116597269 1.5963009234294327 1.6028563775594975 1.6141516293211715 1.6254865400160203 1.6321015891836315 1.6427876096865393
1.6434992398704478 1.6549365494904391 1.661611193695596 1.6731112433075555 1.6846509518526893 1.6913851910953923 1.7029876396324941 1.7146297471027707
1.7214235813830197 1.7331284288452642 1.7448729352406835 1.7517263645584786 1.7635336109458661 1.7660444431189777 1.775380516266428 1.782293540621769
1.7942031859342988 1.8061524901800032 1.8131251095728904 1.8251371538105625 1.8371888569814101 1.8442210714118432 1.8563355145746587 1.8660254037844388
1.8684896166706484 1.8755814261386277 1.8877982682265853 1.9000547692477174 1.9072061737532429 1.919525414766343 1.9318843147126183 1.9390953142556897
1.9396926207859082 1.9515169541939326 1.9639782530653502 1.9712488476459675 1.9837728865093531 1.9848077530122081 1.9963365843059133 2
copy 656 94231
copy 656 94231
copy 656 94231
copy 656 94231
copy 656 94231
copy 656 94231
copy 656 94231
copy 656 94231
copy 656 94231
copy 656 94231
copy 656 94231
copy 656 94231
copy 656 94231
copy 656 94231
copy 656 94231
values 655
0 2.8814204840022902e-14 3.6051655607381529e-14 4.120467045137005e-14 4.4677493253155936e-14 5.1554314851857007e-14 5.8923190017991781e-14 6.3889369715750778e-14
7.3723309930327121e-14 8.4260892851793833e-14 9.1362591440547282e-14 1.0542524796811055e-13 1.2049412229741081e-13 1.306496393980629e-13 1.5075941272362078e-13 1.7230808999093469e-13
1.8683060545575118e-13 2.1558783083579759e-13 2.4640270670664928e-13 2.6717008401846472e-13 3.0829327313506099e-13 3.5235892798508471e-13 3.8205653522510934e-13 4.4086320592334377e-13
5.0387763913085001e-13 5.4634558597558607e-13 6.3043985475434103e-13 7.2055127613178071e-13 7.8128096706717216e-13 9.015368148726457e-13 1.0303972655557954e-12 1.1172414771347525e-12
1.2892088316456781e-12 1.4734808750386335e-12 1.5976691751700189e-12 1.8435846259123685e-12 2.1070959344340876e-12 2.2846867445654114e-12 2.636348890475615e-12 3.0131733313418472e-12
3.2671303933978828e-12 3.7700116255158971e-12 4.3088752516378299e-12 4.6720370015078903e-12 5.3911634032477758e-12 6.161745074887163e-12 6.6810708833562472e-12 7.7094305608516202e-12
8.811371912766486e-12 9.5540142627346984e-12 1.1024581361564287e-11 1.2600371167824067e-11 1.3662358943074667e-11 1.576528814137534e-11 1.8018687116917257e-11 1.9537342812798325e-11
2.2544557659768014e-11 2.5766946155239877e-11 2.7938642644013293e-11 3.223899718906535e-11 3.6847052721376152e-11 3.9952605646994728e-11 4.610216600573826e-11 5.2691742594252864e-11
5.7132721811963592e-11 6.5926669429455264e-11 7.5349845715294158e-11 8.1700501100827524e-11 9.427595531020583e-11 1.0775121432286606e-10 1.1683273032387857e-10 1.3481578588104581e-10
1.5408557347179294e-10 1.6707225403778933e-10 1.9278824662046598e-10 2.2034428197708851e-10 2.3891539632676596e-10 2.7568958480713857e-10 3.1509505728572691e-10 3.4165198123839803e-10
3.9423952706390815e-10 4.5058984165615699e-10 4.8856657242999972e-10 5.6376741547310509e-10 6.4434906454153641e-10 6.9865626076799825e-10 8.0619439942079091e-10 9.2142715745549168e-10
9.9908712190958874e-10 1.1528679945293082e-09 1.3176522683409235e-09 1.4287069811245102e-09 1.6486155371023688e-09 1.8842590933161709e-09 2.0430687105770026e-09 2.3575406742772901e-09
2.6945138835567612e-09 2.9216136067686809e-09 3.371312416866237e-09 3.8531882873402029e-09 4.1779437094140703e-09 4.8210185877707806e-09 5.5101070617226097e-09 5.9745113448927812e-09
6.8941164002937139e-09 7.8795214683379247e-09 8.5436253556557605e-09 9.858671995449804e-09 1.1267813469778249e-08 1.2217490268924079e-08 1.4098023281087257e-08 1.6113113074174708e-08
1.7471162680657786e-08 2.0160348221932097e-08 2.3041951629524935e-08 2.4983979417639442e-08 2.8829548109401031e-08 3.2950276737542255e-08 3.5727400571461585e-08 4.122661151696191e-08
4.7119304585702866e-08 5.1090626127095789e-08 5.8954566014035529e-08 6.7381190219583128e-08 7.3060229300412825e-08 8.4305760915453533e-08 9.6355938087958501e-08 1.0447703443974849e-07
1.2055828418517258e-07 1.3779018706190991e-07 1.49403455612515e-07 1.7239984228656241e-07 1.9704167721583108e-07 2.1364879534203654e-07 2.4653391362787056e-07 2.8177204333559171e-07
3.0552042831919506e-07 3.5254655551046114e-07 4.0293751823147608e-07 4.36898003430861e-07 5.0414594882024309e-07 5.7620565076845226e-07 6.247695659893787e-07 7.2093496231683186e-07
8.2398123022826475e-07 8.9342823158112105e-07 1.030945941561243e-06 1.1783033832851425e-06 1.2776134569265161e-06 1.4742654885344619e-06 1.6849884586285908e-06 1.8270030961871549e-06
2.1082179414687012e-06 2.409554403379395e-06 2.6126370972229348e-06 3.0147778153233447e-06 3.4456926948748862e-06 3.7361034669457658e-06 4.3111696836400017e-06 4.9273833082426305e-06
5.3426743157559581e-06 6.1650261411198578e-06 7.0462192703547723e-06 7.6400905640798625e-06 8.8160638781911091e-06 1.0076180986947918e-05 1.0925424305801606e-05 1.2607080736599746e-05
1.4409063837807425e-05 1.562349232128197e-05 1.8028281883519616e-05 2.0605140077470768e-05 2.2341787877614819e-05 2.5780666790534287e-05 2.9465605981852449e-05 3.194903388459431e-05
3.6866673400094444e-05 4.2136182166850423e-05 4.5687514882444946e-05 5.2719800408275806e-05 6.0255263329438683e-05 6.533371317810455e-05 7.5389968737491693e-05 8.6165774215689577e-05
9.342802051330148e-05 0.00010780859074245985 0.00012321812628378001 0.00012837666049145543 0.00013003707734822044 0.00013170816319115503 0.00013749942900261188 0.0001565180314767176
0.0001767681471939306 0.00019105427466329205 0.00022046161305365458 0.00025197311912613957 0.0002732099833930462 0.00031526284218107473 0.00036032468686330519 0.00039011017193689044
0.00044805226243616405 0.00051000468124037866 0.00052946507313226686 0.00053180279719477195 0.00053414567072102178 0.00055869679054686876 0.00064469217382827815 0.0007368407391457664
0.00079894334285934875 0.00092191780799287559 0.001053691399787422 0.0011043155563285208 0.0011412232397345001 0.0011787375789259838 0.0012293888104630676 0.0013704923548943646
0.0015192596702174389 0.0016219538671254654 0.0018291871116053037 0.0020488754833695591 0.0021286536844477952 0.0021754105698168127 0.0022226754101569513 0.00233633653196699
0.0026959486846414239 0.003081291974888105 0.0032101904927094786 0.0032513658779457014 0.0032928036503629462 0.0034376073844505778 0.0039135266631643286 0.004420289753671508
0.0045942729580826904 0.00466584923259937 0.0047379787654307755 0.0049395362085967818 0.0055852997554365798 0.0062707222354510747 0.0064846664382575353 0.0065088908507355677
0.0065331604258012412 0.0067443143854467192 0.0074695456022225654 0.0082318042750425813 0.0085588717787650637 0.0089010047132213228 0.0092498425166215453 0.00950077290459647
0.010018803182515043 0.010550583894164831 0.010977768741120487 0.011930729063388197 0.012923348318830607 0.013237035075345632 0.013296885156436514 0.013356870235926856
0.013658067103976096 0.014655755119882236 0.015192246987791938 0.015688609371390268 0.016325221535292877 0.017482979707845861 0.018680396813573544 0.019046330469556613
0.019080861781889554 0.019115424368798609 0.0194754161723346 0.020702124378018372 0.021966295401658554 0.022730245880790534 0.024092801903628797 0.025495016859641756
0.026070756380505027 0.026625231877418214 0.027185541814428529 0.027614527147053404 0.028534383590235447 0.029469310542266404 0.030192841777613461 0.031760195650737004
0.033367208457035231 0.034074173710931702 0.034320729057771913 0.035990481856038078 0.037699893587478939 0.038306306356173145 0.038656254451085621 0.03900779376516806
0.039521326653933604 0.040949882995203822 0.042403801624931028 0.04336968228158275 0.045244232930134187 0.047158442511860327 0.048290748225235131 0.050267697798929228
0.052284306305798001 0.053218016038404134 0.05439277192836086 0.055580352671162528 0.05619301723146515 0.057107337592271129 0.058029036529554913 0.058926058776033872
0.060307379214091607 0.061107806200013222 0.063329212557167294 0.064640303383180234 0.066924449732302216 0.0692482550145989 0.070618940878157885 0.073005486152422513
0.07543169035986183 0.076572438965270079 0.078049921431083039 0.079541522192999869 0.08027411679595492 0.081295122789556723 0.082322580900214368 0.083369394531607161
0.085960737656157069 0.088591739713881665 0.090141210690078771 0.092834952739771312 0.095568353722638569 0.097177419736381707 0.099973560711216894 0.10280936061922676
0.10447802167051595 0.10737656157049379 0.11031476040364629 0.11153476546101723 0.11276788004503058 0.11400777378701207 0.11488451212858773 0.11666195398497145
0.11845304038600855 0.1198724042022784 0.12297574195254149 0.12611873863597933 0.1279661847999066 0.13117192147531231 0.13397459621556132 0.13441731708389279
0.1363243582853661 0.13963249388591453 0.14298028841963759 0.14494692465865691 0.14835745918434792 0.15180765264321369 0.15383388391977906 0.15734681737061276
0.16089940975462116 0.16212165713007878 0.16274447870028058 0.16336849432249942 0.16441767425089437 0.16741587248916825 0.17044116074360102 0.17240098110551735
0.17611871240663626 0.17987610264092993 0.18208111903013344 0.18590124925639506 0.18976103841583131 0.19202564984258086 0.19594817899398512 0.19991036707856405
0.20223457354285965 0.20625950161940648 0.21032408862912808 0.21270789013096969 0.21683521713265921 0.22100220306752338 0.22344559960691104 0.22767532553374314
0.23194471039375 0.23327161405988653 0.23353661997897626 0.23380177634130528 0.23395555688102193 0.2350565796616356 0.23912599077658417 0.24323032601734107
0.24571419722228771 0.25014872099940516 0.25462290370969731 0.25724508536172308 0.26178200806398311 0.26635858969941789 0.26904036638898976 0.27367968801639248
0.27835866857696978 0.28110004030408769 0.28584176085663299 0.29062314034235304 0.29289321881345248 0.29342410710701694 0.29826822658470492 0.30315200499556755
0.3060125667977775 0.31095908520060817 0.31594526253661348 0.31886541937636947 0.32391433670434266 0.32900291296549067 0.33093608460652857 0.33246751885174464
0.3340024883415082 0.33550193724725613 0.33913012478876126 0.34277782495168274 0.34536430319704725 0.35061801837530571 0.35591139248673898 0.35721239031346069
0.35901033443913311 0.3643664485425343 0.36976222157911021 0.37292075856905033 0.37837927159759416 0.38387744355931264 0.3870955755867988 0.39265648754048521
0.39825705842734638 0.40153478549237864 0.40719809637120774 0.41290106618321143 0.41623838828578974 0.42200409808976141 0.42780946682690785 0.43120638396703215
0.43707449269614657 0.44298226035843563 0.44643877253610603 0.45240928019036303 0.45841944677779467 0.46193555399301106 0.46800846057241063 0.47412102608498502
0.47617290403087092 0.47708656552975098 0.47800110273724233 0.47979456177087254 0.48506122325630441 0.4903566330067603 0.49372229557031516 0.49999999999999989
0.5063173633628596 0.5100122556907144 0.51639235904554182 0.52281212133354382 0.52656660869894467 0.53304911097891483 0.53957127219205958 0.54338535459500636
0.54997025580011905 0.55659481593840654 0.56046849337889948 0.56715579350915479 0.5738827525725847 0.57781602505062368 0.58460572410602174 0.59143508209459439
0.59542794961017931 0.60232004759071989 0.60925180450443517 0.61330426705756613 0.62029876396324934 0.62733291980210748 0.63144497739278449 0.63854187322361056
0.6456784279876111 0.64985008061583416 0.65704937537180264 0.65797985667433112 0.66428832906094581 0.66836611270071467 0.6751368545690376 0.68194171860727404
0.68408354590909326 0.68461716208287782 0.68515098629793103 0.6874534657254272 0.69485755833168095 0.70230130987110939 0.70665174761197058 0.71415823914336729
0.72170438960793826 0.7261144223863456 0.73372331284288461 0.74118095489747926 0.74137186223259854 0.74584149004855183 0.75355277943023347 0.76130372774508981
0.76583295059858914 0.77364663890541374 0.78149998614541272 0.78608880403645809 0.79400489126842499 0.80196063743356683 0.80660905036215835 0.81462753651926789
0.82268568160955213 0.82635182233306947 0.82739368957568959 0.83551457465794199 0.84367511867336886 0.84844272167705248 0.85666600568444728 0.86492894862501679
0.86975614666624634 0.87808182959878378 0.88644717146449625 0.89133396454327185 0.89976204640095225 0.90822978719180703 0.91317617530812867 0.92170665609095137
0.93027679580694878 0.93528277896081646 0.94391565866878191 0.95258819730992217 0.95765377550133601 0.96638905413444398 0.97516399170072665 0.97775882731219177
0.97787542547384743 0.97799203058727913 0.980556646364383 0.98927824388064578 0.99803845713897188 0.99999999999999978 1.0031889472458686 1.0121290237292617
1.0211087591458301 1.0263531224498819 1.0353955978584179 1.0444777322001284 1.0497816905417263 1.0589265648754052 1.0681110981422584 1.0734746515214024
1.0827219247802236 1.0920088569722195 1.0974320053889095 1.1067816775728734 1.1161710086900121 1.1216537521442482 1.1311058232533548 1.1405975532956361
1.1461398917874182 1.1556943618216673 1.165288490789091 1.1708904243184193 1.1736481776669303 1.1805472932778109 1.1902438211703776 1.1959053497372518
1.2056646176217862 1.2154635444394952 1.2211846680439153 1.2310463348535927 1.2409476605964445 1.2467283792384107 1.2566924449732304 1.2588190451025207
1.2666961696412249 1.2725364833207373 1.2826029479806995 1.2927090715738365 1.2986089802908949 1.308777843876 1.3189863663942798 1.3249458701488841
1.3352171326591316 1.3420201433256687 1.3455280541025543 1.3515471528947047 1.3619208143300949 1.3723341346986597 1.3779787325374859 1.3869562416926198
1.395962900134736 1.3990265931216801 1.4005299954757493 1.4020342051786712 1.4055428970498394 1.4161213563355148 1.4267394745543649 1.4329373584591536
1.4436182166699716 1.4543387338139648 1.4605962127562995 1.4713794698922604 1.482202385961396 1.4885194599412765 1.4994051160023798 1.4999999999999998
1.5103304309966579 1.5167071000140846 1.5276951550003306 1.5387228689197516 1.5451591329747245 1.556249586886113 1.5673796997306764 1.5738755588231952
1.5850684116597269 1.5963009234294327 1.6028563775594975 1.6141516293211715 1.6254865400160203 1.6321015891836315 1.6427876096865393 1.6434992398704478
1.6549365494904391 1.661611193695596 1.6731112433075555 1.6846509518526893 1.6913851910953923 1.7029876396324941 1.7146297471027707 1.7214235813830197
1.7331284288452642 1.7448729352406835 1.7517263645584786 1.7635336109458661 1.7660444431189777 1.775380516266428 1.782293540621769 1.7942031859342988
1.8061524901800032 1.8131251095728904 1.8251371538105625 1.8371888569814101 1.8442210714118432 1.8563355145746587 1.8660254037844388 1.8684896166706484
1.8755814261386277 1.8877982682265853 1.9000547692477174 1.9072061737532429 1.919525414766343 1.9318843147126183 1.9390953142556897 1.9396926207859082
1.9515169541939326 1.9639782530653502 1.9712488476459675 1.9837728865093531 1.9848077530122081 1.9963365843059133 2
copy 655 104727
values 654
0 2.8814204840022902e-14 3.6051655607381529e-14 4.120467045137005e-14 5.1554314851857007e-14 5.8923190017991781e-14 6.3889369715750778e-14 7.3723309930327121e-14
8.4260892851793833e-14 9.1362591440547282e-14 1.0542524796811055e-13 1.2049412229741081e-13 1.306496393980629e-13 1.5075941272362078e-13 1.7230808999093469e-13 1.8683060545575118e-13
2.1558783083579759e-13 2.4640270670664928e-13 2.6717008401846472e-13 3.0829327313506099e-13 3.5235892798508471e-13 3.8205653522510934e-13 4.4086320592334377e-13 5.0387763913085001e-13
5.4634558597558607e-13 6.3043985475434103e-13 7.2055127613178071e-13 7.8128096706717216e-13 9.015368148726457e-13 1.0303972655557954e-12 1.1172414771347525e-12 1.2892088316456781e-12
1.4734808750386335e-12 1.5976691751700189e-12 1.8435846259123685e-12 2.1070959344340876e-12 2.2846867445654114e-12 2.636348890475615e-12 3.0131733313418472e-12 3.2671303933978828e-12
3.7700116255158971e-12 4.3088752516378299e-12 4.6720370015078903e-12 5.3911634032477758e-12 6.161745074887163e-12 6.6810708833562472e-12 7.7094305608516202e-12 8.811371912766486e-12
9.5540142627346984e-12 1.1024581361564287e-11 1.2600371167824067e-11 1.3662358943074667e-11 1.576528814137534e-11 1.8018687116917257e-11 1.9537342812798325e-11 2.2544557659768014e-11
2.5766946155239877e-11 2.7938642644013293e-11 3.223899718906535e-11 3.6847052721376152e-11 3.9952605646994728e-11 4.610216600573826e-11 5.2691742594252864e-11 5.7132721811963592e-11
6.5926669429455264e-11 7.5349845715294158e-11 8.1700501100827524e-11 9.427595531020583e-11 1.0775121432286606e-10 1.1683273032387857e-10 1.3481578588104581e-10 1.5408557347179294e-10
1.6707225403778933e-10 1.9278824662046598e-10 2.2034428197708851e-10 2.3891539632676596e-10 2.7568958480713857e-10 3.1509505728572691e-10 3.4165198123839803e-10 3.9423952706390815e-10
4.5058984165615699e-10 4.8856657242999972e-10 5.6376741547310509e-10 6.4434906454153641e-10 6.9865626076799825e-10 8.0619439942079091e-10 9.2142715745549168e-10 9.9908712190958874e-10
1.1528679945293082e-09 1.3176522683409235e-09 1.4287069811245102e-09 1.6486155371023688e-09 1.8842590933161709e-09 2.0430687105770026e-09 2.3575406742772901e-09 2.6945138835567612e-09
2.9216136067686809e-09 3.371312416866237e-09 3.8531882873402029e-09 4.1779437094140703e-09 4.8210185877707806e-09 5.5101070617226097e-09 5.9745113448927812e-09 6.8941164002937139e-09
7.8795214683379247e-09 8.5436253556557605e-09 9.858671995449804e-09 1.1267813469778249e-08 1.2217490268924079e-08 1.4098023281087257e-08 1.6113113074174708e-08 1.7471162680657786e-08
2.0160348221932097e-08 2.3041951629524935e-08 2.4983979417639442e-08 2.8829548109401031e-08 3.2950276737542255e-08 3.5727400571461585e-08 4.122661151696191e-08 4.7119304585702866e-08
5.1090626127095789e-08 5.8954566014035529e-08 6.7381190219583128e-08 7.3060229300412825e-08 8.4305760915453533e-08 9.6355938087958501e-08 1.0447703443974849e-07 1.2055828418517258e-07
1.3779018706190991e-07 1.49403455612515e-07 1.7239984228656241e-07 1.9704167721583108e-07 2.1364879534203654e-07 2.4653391362787056e-07 2.8177204333559171e-07 3.0552042831919506e-07
3.5254655551046114e-07 4.0293751823147608e-07 4.36898003430861e-07 5.0414594882024309e-07 5.7620565076845226e-07 6.247695659893787e-07 7.2093496231683186e-07 8.2398123022826475e-07
8.9342823158112105e-07 1.030945941561243e-06 1.1783033832851425e-06 1.2776134569265161e-06 1.4742654885344619e-06 1.6849884586285908e-06 1.8270030961871549e-06 2.1082179414687012e-06
2.409554403379395e-06 2.6126370972229348e-06 3.0147778153233447e-06 3.4456926948748862e-06 3.7361034669457658e-06 4.3111696836400017e-06 4.9273833082426305e-06 5.3426743157559581e-06
6.1650261411198578e-06 7.0462192703547723e-06 7.6400905640798625e-06 8.8160638781911091e-06 1.0076180986947918e-05 1.0925424305801606e-05 1.2607080736599746e-05 1.4409063837807425e-05
1.562349232128197e-05 1.8028281883519616e-05 2.0605140077470768e-05 2.2341787877614819e-05 2.5780666790534287e-05 2.9465605981852449e-05 3.194903388459431e-05 3.6866673400094444e-05
4.2136182166850423e-05 4.5687514882444946e-05 5.2719800408275806e-05 6.0255263329438683e-05 6.533371317810455e-05 7.5389968737491693e-05 8.6165774215689577e-05 9.342802051330148e-05
0.00010780859074245985 0.00012321812628378001 0.00012837666049145543 0.00013003707734822044 0.00013170816319115503 0.00013749942900261188 0.0001565180314767176 0.0001767681471939306
0.00019105427466329205 0.00022046161305365458 0.00025197311912613957 0.0002732099833930462 0.00031526284218107473 0.00036032468686330519 0.00039011017193689044 0.00044805226243616405
0.00051000468124037866 0.00052946507313226686 0.00053180279719477195 0.00053414567072102178 0.00055869679054686876 0.00064469217382827815 0.0007368407391457664 0.00079894334285934875
0.00092191780799287559 0.001053691399787422 0.0011043155563285208 0.0011412232397345001 0.0011787375789259838 0.0012293888104630676 0.0013704923548943646 0.0015192596702174389
0.0016219538671254654 0.0018291871116053037 0.0020488754833695591 0.0021286536844477952 0.0021754105698168127 0.0022226754101569513 0.00233633653196699 0.0026959486846414239
0.003081291974888105 0.0032101904927094786 0.0032513658779457014 0.0032928036503629462 0.0034376073844505778 0.0039135266631643286 0.004420289753671508 0.0045942729580826904
0.00466584923259937 0.0047379787654307755 0.0049395362085967818 0.0055852997554365798 0.0062707222354510747 0.0064846664382575353 0.0065088908507355677 0.0065331604258012412
0.0067443143854467192 0.0074695456022225654 0.0082318042750425813 0.0085588717787650637 0.0089010047132213228 0.0092498425166215453 0.00950077290459647 0.010018803182515043
0.010550583894164831 0.010977768741120487 0.011930729063388197 0.012923348318830607 0.013237035075345632 0.013296885156436514 0.013356870235926856 0.013658067103976096
0.014655755119882236 0.015192246987791938 0.015688609371390268 0.016325221535292877 0.017482979707845861 0.018680396813573544 0.019046330469556613 0.019080861781889554
0.019115424368798609 0.0194754161723346 0.020702124378018372 0.021966295401658554 0.022730245880790534 0.024092801903628797 0.025495016859641756 0.026070756380505027
0.026625231877418214 0.027185541814428529 0.027614527147053404 0.028534383590235447 0.029469310542266404 0.030192841777613461 0.031760195650737004 0.033367208457035231
0.034074173710931702 0.034320729057771913 0.035990481856038078 0.037699893587478939 0.038306306356173145 0.038656254451085621 0.03900779376516806 0.039521326653933604
0.040949882995203822 0.042403801624931028 0.04336968228158275 0.045244232930134187 0.047158442511860327 0.048290748225235131 0.050267697798929228 0.052284306305798001
0.053218016038404134 0.05439277192836086 0.055580352671162528 0.05619301723146515 0.057107337592271129 0.058029036529554913 0.058926058776033872 0.060307379214091607
0.061107806200013222 0.063329212557167294 0.064640303383180234 0.066924449732302216 0.0692482550145989 0.070618940878157885 0.073005486152422513 0.07543169035986183
0.076572438965270079 0.078049921431083039 0.079541522192999869 0.08027411679595492 0.081295122789556723 0.082322580900214368 0.083369394531607161 0.085960737656157069
0.088591739713881665 0.090141210690078771 0.092834952739771312 0.095568353722638569 0.097177419736381707 0.099973560711216894 0.10280936061922676 0.10447802167051595
0.10737656157049379 0.11031476040364629 0.11153476546101723 0.11276788004503058 0.11400777378701207 0.11488451212858773 0.11666195398497145 0.11845304038600855
0.1198724042022784 0.12297574195254149 0.12611873863597933 0.1279661847999066 0.13117192147531231 0.13397459621556132 0.13441731708389279 0.1363243582853661
0.13963249388591453 0.14298028841963759 0.14494692465865691 0.14835745918434792 0.15180765264321369 0.15383388391977906 0.15734681737061276 0.16089940975462116
0.16212165713007878 0.16274447870028058 0.16336849432249942 0.16441767425089437 0.16741587248916825 0.17044116074360102 0.17240098110551735 0.17611871240663626
0.17987610264092993 0.18208111903013344 0.18590124925639506 0.18976103841583131 0.19202564984258086 0.19594817899398512 0.19991036707856405 0.20223457354285965
0.20625950161940648 0.21032408862912808 0.21270789013096969 0.21683521713265921 0.22100220306752338 0.22344559960691104 0.22767532553374314 0.23194471039375
0.23327161405988653 0.23353661997897626 0.23380177634130528 0.23395555688102193 0.2350565796616356 0.23912599077658417 0.24323032601734107 0.24571419722228771
0.25014872099940516 0.25462290370969731 0.25724508536172308 0.26178200806398311 0.26635858969941789 0.26904036638898976 0.27367968801639248 0.27835866857696978
0.28110004030408769 0.28584176085663299 0.29062314034235304 0.29289321881345248 0.29342410710701694 0.29826822658470492 0.30315200499556755 0.3060125667977775
0.31095908520060817 0.31594526253661348 0.31886541937636947 0.32391433670434266 0.32900291296549067 0.33093608460652857 0.33246751885174464 0.3340024883415082
0.33550193724725613 0.33913012478876126 0.34277782495168274 0.34536430319704725 0.35061801837530571 0.35591139248673898 0.35721239031346069 0.35901033443913311
0.3643664485425343 0.36976222157911021 0.37292075856905033 0.37837927159759416 0.38387744355931264 0.3870955755867988 0.39265648754048521 0.39825705842734638
0.40153478549237864 0.40719809637120774 0.41290106618321143 0.41623838828578974 0.42200409808976141 0.42780946682690785 0.43120638396703215 0.43707449269614657
0.44298226035843563 0.44643877253610603 0.45240928019036303 0.45841944677779467 0.46193555399301106 0.46800846057241063 0.47412102608498502 0.47617290403087092
0.47708656552975098 0.47800110273724233 0.47979456177087254 0.48506122325630441 0.4903566330067603 0.49372229557031516 0.49999999999999989 0.5063173633628596
0.5100122556907144 0.51639235904554182 0.52281212133354382 0.52656660869894467 0.53304911097891483 0.53957127219205958 0.54338535459500636 0.54997025580011905
0.55659481593840654 0.56046849337889948 0.56715579350915479 0.5738827525725847 0.57781602505062368 0.58460572410602174 0.59143508209459439 0.59542794961017931
0.60232004759071989 0.60925180450443517 0.61330426705756613 0.62029876396324934 0.62733291980210748 0.63144497739278449 0.63854187322361056 0.6456784279876111
0.64985008061583416 0.65704937537180264 0.65797985667433112 0.66428832906094581 0.66836611270071467 0.6751368545690376 0.68194171860727404 0.68408354590909326
0.68461716208287782 0.68515098629793103 0.6874534657254272 0.69485755833168095 0.70230130987110939 0.70665174761197058 0.71415823914336729 0.72170438960793826
0.7261144223863456 0.73372331284288461 0.74118095489747926 0.74137186223259854 0.74584149004855183 0.75355277943023347 0.76130372774508981 0.76583295059858914
0.77364663890541374 0.78149998614541272 0.78608880403645809 0.79400489126842499 0.80196063743356683 0.80660905036215835 0.81462753651926789 0.82268568160955213
0.82635182233306947 0.82739368957568959 0.83551457465794199 0.84367511867336886 0.84844272167705248 0.85666600568444728 0.86492894862501679 0.86975614666624634
0.87808182959878378 0.88644717146449625 0.89133396454327185 0.89976204640095225 0.90822978719180703 0.91317617530812867 0.92170665609095137 0.93027679580694878
0.93528277896081646 0.94391565866878191 0.95258819730992217 0.95765377550133601 0.96638905413444398 0.97516399170072665 0.97775882731219177 0.97787542547384743
0.97799203058727913 0.980556646364383 0.98927824388064578 0.99803845713897188 0.99999999999999978 1.0031889472458686 1.0121290237292617 1.0211087591458301
1.0263531224498819 1.0353955978584179 1.0444777322001284 1.0497816905417263 1.0589265648754052 1.0681110981422584 1.0734746515214024 1.0827219247802236
1.0920088569722195 1.0974320053889095 1.1067816775728734 1.1161710086900121 1.1216537521442482 1.1311058232533548 1.1405975532956361 1.1461398917874182
1.1556943618216673 1.165288490789091 1.1708904243184193 1.1736481776669303 1.1805472932778109 1.1902438211703776 1.1959053497372518 1.2056646176217862
1.2154635444394952 1.2211846680439153 1.2310463348535927 1.2409476605964445 1.2467283792384107 1.2566924449732304 1.2588190451025207 1.2666961696412249
1.2725364833207373 1.2826029479806995 1.2927090715738365 1.2986089802908949 1.308777843876 1.3189863663942798 1.3249458701488841 1.3352171326591316
1.3420201433256687 1.3455280541025543 1.3515471528947047 1.3619208143300949 1.3723341346986597 1.3779787325374859 1.3869562416926198 1.395962900134736
1.3990265931216801 1.4005299954757493 1.4020342051786712 1.4055428970498394 1.4161213563355148 1.4267394745543649 1.4329373584591536 1.4436182166699716
1.4543387338139648 1.4605962127562995 1.4713794698922604 1.482202385961396 1.4885194599412765 1.4994051160023798 1.4999999999999998 1.5103304309966579
1.5167071000140846 1.5276951550003306 1.5387228689197516 1.5451591329747245 1.556249586886113 1.5673796997306764 1.5738755588231952 1.5850684116597269
1.5963009234294327 1.6028563775594975 1.6141516293211715 1.6254865400160203 1.6321015891836315 1.6427876096865393 1.6434992398704478 1.6549365494904391
1.661611193695596 1.6731112433075555 1.6846509518526893 1.6913851910953923 1.7029876396324941 1.7146297471027707 1.7214235813830197 1.7331284288452642
1.7448729352406835 1.7517263645584786 1.7635336109458661 1.7660444431189777 1.775380516266428 1.782293540621769 1.7942031859342988 1.8061524901800032
1.8131251095728904 1.8251371538105625 1.8371888569814101 1.8442210714118432 1.8563355145746587 1.8660254037844388 1.8684896166706484 1.8755814261386277
1.8877982682265853 1.9000547692477174 1.9072061737532429 1.919525414766343 1.9318843147126183 1.9390953142556897 1.9396926207859082 1.9515169541939326
1.9639782530653502 1.9712488476459675 1.9837728865093531 1.9848077530122081 1.9963365843059133 2
values 653
0 3.6051655607381529e-14 4.120467045137005e-14 5.1554314851857007e-14 5.8923190017991781e-14 6.3889369715750778e-14 7.3723309930327121e-14 8.4260892851793833e-14
9.1362591440547282e-14 1.0542524796811055e-13 1.2049412229741081e-13 1.306496393980629e-13 1.5075941272362078e-13 1.7230808999093469e-13 1.8683060545575118e-13 2.1558783083579759e-13
2.4640270670664928e-13 2.6717008401846472e-13 3.0829327313506099e-13 3.5235892798508471e-13 3.8205653522510934e-13 4.4086320592334377e-13 5.0387763913085001e-13 5.4634558597558607e-13
6.3043985475434103e-13 7.2055127613178071e-13 7.8128096706717216e-13 9.015368148726457e-13 1.0303972655557954e-12 1.1172414771347525e-12 1.2892088316456781e-12 1.4734808750386335e-12
1.5976691751700189e-12 1.8435846259123685e-12 2.1070959344340876e-12 2.2846867445654114e-12 2.636348890475615e-12 3.0131733313418472e-12 3.2671303933978828e-12 3.7700116255158971e-12
4.3088752516378299e-12 4.6720370015078903e-12 5.3911634032477758e-12 6.161745074887163e-12 6.6810708833562472e-12 7.7094305608516202e-12 8.811371912766486e-12 9.5540142627346984e-12
1.1024581361564287e-11 1.2600371167824067e-11 1.3662358943074667e-11 1.576528814137534e-11 1.8018687116917257e-11 1.9537342812798325e-11 2.2544557659768014e-11 2.5766946155239877e-11
2.7938642644013293e-11 3.223899718906535e-11 3.6847052721376152e-11 3.9952605646994728e-11 4.610216600573826e-11 5.2691742594252864e-11 5.7132721811963592e-11 6.5926669429455264e-11
7.5349845715294158e-11 8.1700501100827524e-11 9.427595531020583e-11 1.0775121432286606e-10 1.1683273032387857e-10 1.3481578588104581e-10 1.5408557347179294e-10 1.6707225403778933e-10
1.9278824662046598e-10 2.2034428197708851e-10 2.3891539632676596e-10 2.7568958480713857e-10 3.1509505728572691e-10 3.4165198123839803e-10 3.9423952706390815e-10 4.5058984165615699e-10
4.8856657242999972e-10 5.6376741547310509e-10 6.4434906454153641e-10 6.9865626076799825e-10 8.0619439942079091e-10 9.2142715745549168e-10 9.9908712190958874e-10 1.1528679945293082e-09
1.3176522683409235e-09 1.4287069811245102e-09 1.6486155371023688e-09 1.8842590933161709e-09 2.0430687105770026e-09 2.3575406742772901e-09 2.6945138835567612e-09 2.9216136067686809e-09
3.371312416866237e-09 3.8531882873402029e-09 4.1779437094140703e-09 4.8210185877707806e-09 5.5101070617226097e-09 5.9745113448927812e-09 6.8941164002937139e-09 7.8795214683379247e-09
8.5436253556557605e-09 9.858671995449804e-09 1.1267813469778249e-08 1.2217490268924079e-08 1.4098023281087257e-08 1.6113113074174708e-08 1.7471162680657786e-08 2.0160348221932097e-08
2.3041951629524935e-08 2.4983979417639442e-08 2.8829548109401031e-08 3.2950276737542255e-08 3.5727400571461585e-08 4.122661151696191e-08 4.7119304585702866e-08 5.1090626127095789e-08
5.8954566014035529e-08 6.7381190219583128e-08 7.3060229300412825e-08 8.4305760915453533e-08 9.6355938087958501e-08 1.0447703443974849e-07 1.2055828418517258e-07 1.3779018706190991e-07
1.49403455612515e-07 1.7239984228656241e-07 1.9704167721583108e-07 2.1364879534203654e-07 2.4653391362787056e-07 2.8177204333559171e-07 3.0552042831919506e-07 3.5254655551046114e-07
4.0293751823147608e-07 4.36898003430861e-07 5.0414594882024309e-07 5.7620565076845226e-07 6.247695659893787e-07 7.2093496231683186e-07 8.2398123022826475e-07 8.9342823158112105e-07
1.030945941561243e-06 1.1783033832851425e-06 1.2776134569265161e-06 1.4742654885344619e-06 1.6849884586285908e-06 1.8270030961871549e-06 2.1082179414687012e-06 2.409554403379395e-06
2.6126370972229348e-06 3.0147778153233447e-06 3.4456926948748862e-06 3.7361034669457658e-06 4.3111696836400017e-06 4.9273833082426305e-06 5.3426743157559581e-06 6.1650261411198578e-06
7.0462192703547723e-06 7.6400905640798625e-06 8.8160638781911091e-06 1.0076180986947918e-05 1.0925424305801606e-05 1.2607080736599746e-05 1.4409063837807425e-05 1.562349232128197e-05
1.8028281883519616e-05 2.0605140077470768e-05 2.2341787877614819e-05 2.5780666790534287e-05 2.9465605981852449e-05 3.194903388459431e-05 3.6866673400094444e-05 4.2136182166850423e-05
4.5687514882444946e-05 5.2719800408275806e-05 6.0255263329438683e-05 6.533371317810455e-05 7.5389968737491693e-05 8.6165774215689577e-05 9.342802051330148e-05 0.00010780859074245985
0.00012321812628378001 0.00012837666049145543 0.00013003707734822044 0.00013170816319115503 0.00013749942900261188 0.0001565180314767176 0.0001767681471939306 0.00019105427466329205
0.00022046161305365458 0.00025197311912613957 0.0002732099833930462 0.00031526284218107473 0.00036032468686330519 0.00039011017193689044 0.00044805226243616405 0.00051000468124037866
0.00052946507313226686 0.00053180279719477195 0.00053414567072102178 0.00055869679054686876 0.00064469217382827815 0.0007368407391457664 0.00079894334285934875 0.00092191780799287559
0.001053691399787422 0.0011043155563285208 0.0011412232397345001 0.0011787375789259838 0.0012293888104630676 0.0013704923548943646 0.0015192596702174389 0.0016219538671254654
0.0018291871116053037 0.0020488754833695591 0.0021286536844477952 0.0021754105698168127 0.0022226754101569513 0.00233633653196699 0.0026959486846414239 0.003081291974888105
0.0032101904927094786 0.0032513658779457014 0.0032928036503629462 0.0034376073844505778 0.0039135266631643286 0.004420289753671508 0.0045942729580826904 0.00466584923259937
0.0047379787654307755 0.0049395362085967818 0.0055852997554365798 0.0062707222354510747 0.0064846664382575353 0.0065088908507355677 0.0065331604258012412 0.0067443143854467192
0.0074695456022225654 0.0082318042750425813 0.0085588717787650637 0.0089010047132213228 0.0092498425166215453 0.00950077290459647 0.010018803182515043 0.010550583894164831
0.010977768741120487 0.011930729063388197 0.012923348318830607 0.013237035075345632 0.013296885156436514 0.013356870235926856 0.013658067103976096 0.014655755119882236
0.015192246987791938 0.015688609371390268 0.016325221535292877 0.017482979707845861 0.018680396813573544 0.019046330469556613 0.019080861781889554 0.019115424368798609
0.0194754161723346 0.020702124378018372 0.021966295401658554 0.022730245880790534 0.024092801903628797 0.025495016859641756 0.026070756380505027 0.026625231877418214
0.027185541814428529 0.027614527147053404 0.028534383590235447 0.029469310542266404 0.030192841777613461 0.031760195650737004 0.033367208457035231 0.034074173710931702
0.034320729057771913 0.035990481856038078 0.037699893587478939 0.038306306356173145 0.038656254451085621 0.03900779376516806 0.039521326653933604 0.040949882995203822
0.042403801624931028 0.04336968228158275 0.045244232930134187 0.047158442511860327 0.048290748225235131 0.050267697798929228 0.052284306305798001 0.053218016038404134
0.05439277192836086 0.055580352671162528 0.05619301723146515 0.057107337592271129 0.058029036529554913 0.058926058776033872 0.060307379214091607 0.061107806200013222
0.063329212557167294 0.064640303383180234 0.066924449732302216 0.0692482550145989 0.070618940878157885 0.073005486152422513 0.07543169035986183 0.076572438965270079
0.078049921431083039 0.079541522192999869 0.08027411679595492 0.081295122789556723 0.082322580900214368 0.083369394531607161 0.085960737656157069 0.088591739713881665
0.090141210690078771 0.092834952739771312 0.095568353722638569 0.097177419736381707 0.099973560711216894 0.10280936061922676 0.10447802167051595 0.10737656157049379
0.11031476040364629 0.11153476546101723 0.11276788004503058 0.11400777378701207 0.11488451212858773 0.11666195398497145 0.11845304038600855 0.1198724042022784
0.12297574195254149 0.12611873863597933 0.1279661847999066 0.13117192147531231 0.13397459621556132 0.13441731708389279 0.1363243582853661 0.13963249388591453
0.14298028841963759 0.14494692465865691 0.14835745918434792 0.15180765264321369 0.15383388391977906 0.15734681737061276 0.16089940975462116 0.16212165713007878
0.16274447870028058 0.16336849432249942 0.16441767425089437 0.16741587248916825 0.17044116074360102 0.17240098110551735 0.17611871240663626 0.17987610264092993
0.18208111903013344 0.18590124925639506 0.18976103841583131 0.19202564984258086 0.19594817899398512 0.19991036707856405 0.20223457354285965 0.20625950161940648
0.21032408862912808 0.21270789013096969 0.21683521713265921 0.22100220306752338 0.22344559960691104 0.22767532553374314 0.23194471039375 0.23327161405988653
0.23353661997897626 0.23380177634130528 0.23395555688102193 0.2350565796616356 0.23912599077658417 0.24323032601734107 0.24571419722228771 0.25014872099940516
0.25462290370969731 0.25724508536172308 0.26178200806398311 0.26635858969941789 0.26904036638898976 0.27367968801639248 0.27835866857696978 0.28110004030408769
0.28584176085663299 0.29062314034235304 0.29289321881345248 0.29342410710701694 0.29826822658470492 0.30315200499556755 0.3060125667977775 0.31095908520060817
0.31594526253661348 0.31886541937636947 0.32391433670434266 0.32900291296549067 0.33093608460652857 0.33246751885174464 0.3340024883415082 0.33550193724725613
0.33913012478876126 0.34277782495168274 0.34536430319704725 0.35061801837530571 0.35591139248673898 0.35721239031346069 0.35901033443913311 0.3643664485425343
0.36976222157911021 0.37292075856905033 0.37837927159759416 0.38387744355931264 0.3870955755867988 0.39265648754048521 0.39825705842734638 0.40153478549237864
0.40719809637120774 0.41290106618321143 0.41623838828578974 0.42200409808976141 0.42780946682690785 0.43120638396703215 0.43707449269614657 0.44298226035843563
0.44643877253610603 0.45240928019036303 0.45841944677779467 0.46193555399301106 0.46800846057241063 0.47412102608498502 0.47617290403087092 0.47708656552975098
0.47800110273724233 0.47979456177087254 0.48506122325630441 0.4903566330067603 0.49372229557031516 0.49999999999999989 0.5063173633628596 0.5100122556907144
0.51639235904554182 0.52281212133354382 0.52656660869894467 0.53304911097891483 0.53957127219205958 0.54338535459500636 0.54997025580011905 0.55659481593840654
0.56046849337889948 0.56715579350915479 0.5738827525725847 0.57781602505062368 0.58460572410602174 0.59143508209459439 0.59542794961017931 0.60232004759071989
0.60925180450443517 0.61330426705756613 0.62029876396324934 0.62733291980210748 0.63144497739278449 0.63854187322361056 0.6456784279876111 0.64985008061583416
0.65704937537180264 0.65797985667433112 0.66428832906094581 0.66836611270071467 0.6751368545690376 0.68194171860727404 0.68408354590909326 0.68461716208287782
0.68515098629793103 0.6874534657254272 0.69485755833168095 0.70230130987110939 0.70665174761197058 0.71415823914336729 0.72170438960793826 0.7261144223863456
0.73372331284288461 0.74118095489747926 0.74137186223259854 0.74584149004855183 0.75355277943023347 0.76130372774508981 0.76583295059858914 0.77364663890541374
0.78149998614541272 0.78608880403645809 0.79400489126842499 0.80196063743356683 0.80660905036215835 0.81462753651926789 0.82268568160955213 0.82635182233306947
0.82739368957568959 0.83551457465794199 0.84367511867336886 0.84844272167705248 0.85666600568444728 0.86492894862501679 0.86975614666624634 0.87808182959878378
0.88644717146449625 0.89133396454327185 0.89976204640095225 0.90822978719180703 0.91317617530812867 0.92170665609095137 0.93027679580694878 0.93528277896081646
0.94391565866878191 0.95258819730992217 0.95765377550133601 0.96638905413444398 0.97516399170072665 0.97775882731219177 0.97787542547384743 0.97799203058727913
0.980556646364383 0.98927824388064578 0.99803845713897188 0.99999999999999978 1.0031889472458686 1.0121290237292617 1.0211087591458301 1.0263531224498819
1.0353955978584179 1.0444777322001284 1.0497816905417263 1.0589265648754052 1.0681110981422584 1.0734746515214024 1.0827219247802236 1.0920088569722195
1.0974320053889095 1.1067816775728734 1.1161710086900121 1.1216537521442482 1.1311058232533548 1.1405975532956361 1.1461398917874182 1.1556943618216673
1.165288490789091 1.1708904243184193 1.1736481776669303 1.1805472932778109 1.1902438211703776 1.1959053497372518 1.2056646176217862 1.2154635444394952
1.2211846680439153 1.2310463348535927 1.2409476605964445 1.2467283792384107 1.2566924449732304 1.2588190451025207 1.2666961696412249 1.2725364833207373
1.2826029479806995 1.2927090715738365 1.2986089802908949 1.308777843876 1.3189863663942798 1.3249458701488841 1.3352171326591316 1.3420201433256687
1.3455280541025543 1.3515471528947047 1.3619208143300949 1.3723341346986597 1.3779787325374859 1.3869562416926198 1.395962900134736 1.3990265931216801
1.4005299954757493 1.4020342051786712 1.4055428970498394 1.4161213563355148 1.4267394745543649 1.4329373584591536 1.4436182166699716 1.4543387338139648
1.4605962127562995 1.4713794698922604 1.482202385961396 1.4885194599412765 1.4994051160023798 1.4999999999999998 1.5103304309966579 1.5167071000140846
1.5276951550003306 1.5387228689197516 1.5451591329747245 1.556249586886113 1.5673796997306764 1.5738755588231952 1.5850684116597269 1.5963009234294327
1.6028563775594975 1.6141516293211715 1.6254865400160203 1.6321015891836315 1.6427876096865393 1.6434992398704478 1.6549365494904391 1.661611193695596
1.6731112433075555 1.6846509518526893 1.6913851910953923 1.7029876396324941 1.7146297471027707 1.7214235813830197 1.7331284288452642 1.7448729352406835
1.7517263645584786 1.7635336109458661 1.7660444431189777 1.775380516266428 1.782293540621769 1.7942031859342988 1.8061524901800032 1.8131251095728904
1.8251371538105625 1.8371888569814101 1.8442210714118432 1.8563355145746587 1.8660254037844388 1.8684896166706484 1.8755814261386277 1.8877982682265853
1.9000547692477174 1.9072061737532429 1.919525414766343 1.9318843147126183 1.9390953142556897 1.9396926207859082 1.9515169541939326 1.9639782530653502
1.9712488476459675 1.9837728865093531 1.9848077530122081 1.9963365843059133 2
copy 653 106691
copy 653 106691
copy 653 106691
copy 653 106691
copy 653 106691
copy 653 106691
copy 653 106691
copy 653 106691
copy 653 106691
copy 653 106691
copy 653 106691
copy 653 106691
copy 653 106691
copy 653 106691
copy 653 106691
copy 653 106691
copy 653 106691
copy 653 106691
copy 653 106691
copy 653 106691
copy 653 106691
copy 653 106691
copy 653 106691
copy 653 106691
copy 653 106691
copy 653 106691
copy 653 106691
copy 653 106691
copy 653 106691
copy 653 106691
copy 653 106691
copy 653 106691
copy 653 106691
copy 653 106691
copy 653 106691
copy 653 106691
copy 653 106691
copy 653 106691
copy 653 106691
copy 653 106691
copy 653 106691
copy 653 106691
copy 653 106691
copy 653 106691
copy 653 106691
copy 653 106691
copy 653 106691
copy 653 106691
copy 653 106691
copy 653 106691
copy 653 106691
copy 653 106691
copy 653 106691
copy 653 106691
copy 653 106691
copy 653 106691
copy 653 106691
copy 653 106691
copy 653 106691
copy 653 106691
copy 653 106691
copy 653 106691
copy 653 106691
copy 653 106691
copy 653 106691
copy 653 106691
copy 653 106691
copy 653 106691
copy 653 106691
copy 653 106691
copy 653 106691
copy 653 106691
copy 653 106691
copy 653 106691
copy 653 106691
copy 653 106691
copy 653 106691
copy 653 106691
copy 653 106691
copy 653 106691
copy 653 106691
copy 653 106691
copy 653 106691
copy 653 106691
copy 653 106691
copy 653 106691
copy 653 106691
copy 653 106691
copy 653 106691
copy 653 106691
copy 653 106691
copy 653 106691
copy 653 106691
copy 653 106691
values 652
0 4.120467045137005e-14 5.1554314851857007e-14 5.8923190017991781e-14 6.3889369715750778e-14 7.3723309930327121e-14 8.4260892851793833e-14 9.1362591440547282e-14
1.0542524796811055e-13 1.2049412229741081e-13 1.306496393980629e-13 1.5075941272362078e-13 1.7230808999093469e-13 1.8683060545575118e-13 2.1558783083579759e-13 2.4640270670664928e-13
2.6717008401846472e-13 3.0829327313506099e-13 3.5235892798508471e-13 3.8205653522510934e-13 4.4086320592334377e-13 5.0387763913085001e-13 5.4634558597558607e-13 6.3043985475434103e-13
7.2055127613178071e-13 7.8128096706717216e-13 9.015368148726457e-13 1.0303972655557954e-12 1.1172414771347525e-12 1.2892088316456781e-12 1.4734808750386335e-12 1.5976691751700189e-12
1.8435846259123685e-12 2.1070959344340876e-12 2.2846867445654114e-12 2.636348890475615e-12 3.0131733313418472e-12 3.2671303933978828e-12 3.7700116255158971e-12 4.3088752516378299e-12
4.6720370015078903e-12 5.3911634032477758e-12 6.161745074887163e-12 6.6810708833562472e-12 7.7094305608516202e-12 8.811371912766486e-12 9.5540142627346984e-12 1.1024581361564287e-11
1.2600371167824067e-11 1.3662358943074667e-11 1.576528814137534e-11 1.8018687116917257e-11 1.9537342812798325e-11 2.2544557659768014e-11 2.5766946155239877e-11 2.7938642644013293e-11
3.223899718906535e-11 3.6847052721376152e-11 3.9952605646994728e-11 4.610216600573826e-11 5.2691742594252864e-11 5.7132721811963592e-11 6.5926669429455264e-11 7.5349845715294158e-11
8.1700501100827524e-11 9.427595531020583e-11 1.0775121432286606e-10 1.1683273032387857e-10 1.3481578588104581e-10 1.5408557347179294e-10 1.6707225403778933e-10 1.9278824662046598e-10
2.2034428197708851e-10 2.3891539632676596e-10 2.7568958480713857e-10 3.1509505728572691e-10 3.4165198123839803e-10 3.9423952706390815e-10 4.5058984165615699e-10 4.8856657242999972e-10
5.6376741547310509e-10 6.4434906454153641e-10 6.9865626076799825e-10 8.0619439942079091e-10 9.2142715745549168e-10 9.9908712190958874e-10 1.1528679945293082e-09 1.3176522683409235e-09
1.4287069811245102e-09 1.6486155371023688e-09 1.8842590933161709e-09 2.0430687105770026e-09 2.3575406742772901e-09 2.6945138835567612e-09 2.9216136067686809e-09 3.371312416866237e-09
3.8531882873402029e-09 4.1779437094140703e-09 4.8210185877707806e-09 5.5101070617226097e-09 5.9745113448927812e-09 6.8941164002937139e-09 7.8795214683379247e-09 8.5436253556557605e-09
9.858671995449804e-09 1.1267813469778249e-08 1.2217490268924079e-08 1.4098023281087257e-08 1.6113113074174708e-08 1.7471162680657786e-08 2.0160348221932097e-08 2.3041951629524935e-08
2.4983979417639442e-08 2.8829548109401031e-08 3.2950276737542255e-08 3.5727400571461585e-08 4.122661151696191e-08 4.7119304585702866e-08 5.1090626127095789e-08 5.8954566014035529e-08
6.7381190219583128e-08 7.3060229300412825e-08 8.4305760915453533e-08 9.6355938087958501e-08 1.0447703443974849e-07 1.2055828418517258e-07 1.3779018706190991e-07 1.49403455612515e-07
1.7239984228656241e-07 1.9704167721583108e-07 2.1364879534203654e-07 2.4653391362787056e-07 2.8177204333559171e-07 3.0552042831919506e-07 3.5254655551046114e-07 4.0293751823147608e-07
4.36898003430861e-07 5.0414594882024309e-07 5.7620565076845226e-07 6.247695659893787e-07 7.2093496231683186e-07 8.2398123022826475e-07 8.9342823158112105e-07 1.030945941561243e-06
1.1783033832851425e-06 1.2776134569265161e-06 1.4742654885344619e-06 1.6849884586285908e-06 1.8270030961871549e-06 2.1082179414687012e-06 2.409554403379395e-06 2.6126370972229348e-06
3.0147778153233447e-06 3.4456926948748862e-06 3.7361034669457658e-06 4.3111696836400017e-06 4.9273833082426305e-06 5.3426743157559581e-06 6.1650261411198578e-06 7.0462192703547723e-06
7.6400905640798625e-06 8.8160638781911091e-06 1.0076180986947918e-05 1.0925424305801606e-05 1.2607080736599746e-05 1.4409063837807425e-05 1.562349232128197e-05 1.8028281883519616e-05
2.0605140077470768e-05 2.2341787877614819e-05 2.5780666790534287e-05 2.9465605981852449e-05 3.194903388459431e-05 3.6866673400094444e-05 4.2136182166850423e-05 4.5687514882444946e-05
5.2719800408275806e-05 6.0255263329438683e-05 6.533371317810455e-05 7.5389968737491693e-05 8.6165774215689577e-05 9.342802051330148e-05 0.00010780859074245985 0.00012321812628378001
0.00012837666049145543 0.00013003707734822044 0.00013170816319115503 0.00013749942900261188 0.0001565180314767176 0.0001767681471939306 0.00019105427466329205 0.00022046161305365458
0.00025197311912613957 0.0002732099833930462 0.00031526284218107473 0.00036032468686330519 0.00039011017193689044 0.00044805226243616405 0.00051000468124037866 0.00052946507313226686
0.00053180279719477195 0.00053414567072102178 0.00055869679054686876 0.00064469217382827815 0.0007368407391457664 0.00079894334285934875 0.00092191780799287559 0.001053691399787422
0.0011043155563285208 0.0011412232397345001 0.0011787375789259838 0.0012293888104630676 0.0013704923548943646 0.0015192596702174389 0.0016219538671254654 0.0018291871116053037
0.0020488754833695591 0.0021286536844477952 0.0021754105698168127 0.0022226754101569513 0.00233633653196699 0.0026959486846414239 0.003081291974888105 0.0032101904927094786
0.0032513658779457014 0.0032928036503629462 0.0034376073844505778 0.0039135266631643286 0.004420289753671508 0.0045942729580826904 0.00466584923259937 0.0047379787654307755
0.0049395362085967818 0.0055852997554365798 0.0062707222354510747 0.0064846664382575353 0.0065088908507355677 0.0065331604258012412 0.0067443143854467192 0.0074695456022225654
0.0082318042750425813 0.0085588717787650637 0.0089010047132213228 0.0092498425166215453 0.00950077290459647 0.010018803182515043 0.010550583894164831 0.010977768741120487
0.011930729063388197 0.012923348318830607 0.013237035075345632 0.013296885156436514 0.013356870235926856 0.013658067103976096 0.014655755119882236 0.015192246987791938
0.015688609371390268 0.016325221535292877 0.017482979707845861 0.018680396813573544 0.019046330469556613 0.019080861781889554 0.019115424368798609 0.0194754161723346
0.020702124378018372 0.021966295401658554 0.022730245880790534 0.024092801903628797 0.025495016859641756 0.026070756380505027 0.026625231877418214 0.027185541814428529
0.027614527147053404 0.028534383590235447 0.029469310542266404 0.030192841777613461 0.031760195650737004 0.033367208457035231 0.034074173710931702 0.034320729057771913
0.035990481856038078 0.037699893587478939 0.038306306356173145 0.038656254451085621 0.03900779376516806 0.039521326653933604 0.040949882995203822 0.042403801624931028
0.04336968228158275 0.045244232930134187 0.047158442511860327 0.048290748225235131 0.050267697798929228 0.052284306305798001 0.053218016038404134 0.05439277192836086
0.055580352671162528 0.05619301723146515 0.057107337592271129 0.058029036529554913 0.058926058776033872 0.060307379214091607 0.061107806200013222 0.063329212557167294
0.064640303383180234 0.066924449732302216 0.0692482550145989 0.070618940878157885 0.073005486152422513 0.07543169035986183 0.076572438965270079 0.078049921431083039
0.079541522192999869 0.08027411679595492 0.081295122789556723 0.082322580900214368 0.083369394531607161 0.085960737656157069 0.088591739713881665 0.090141210690078771
0.092834952739771312 0.095568353722638569 0.097177419736381707 0.099973560711216894 0.10280936061922676 0.10447802167051595 0.10737656157049379 0.11031476040364629
0.11153476546101723 0.11276788004503058 0.11400777378701207 0.11488451212858773 0.11666195398497145 0.11845304038600855 0.1198724042022784 0.12297574195254149
0.12611873863597933 0.1279661847999066 0.13117192147531231 0.13397459621556132 0.13441731708389279 0.1363243582853661 0.13963249388591453 0.14298028841963759
0.14494692465865691 0.14835745918434792 0.15180765264321369 0.15383388391977906 0.15734681737061276 0.16089940975462116 0.16212165713007878 0.16274447870028058
0.16336849432249942 0.16441767425089437 0.16741587248916825 0.17044116074360102 0.17240098110551735 0.17611871240663626 0.17987610264092993 0.18208111903013344
0.18590124925639506 0.18976103841583131 0.19202564984258086 0.19594817899398512 0.19991036707856405 0.20223457354285965 0.20625950161940648 0.21032408862912808
0.21270789013096969 0.21683521713265921 0.22100220306752338 0.22344559960691104 0.22767532553374314 0.23194471039375 0.23327161405988653 0.23353661997897626
0.23380177634130528 0.23395555688102193 0.2350565796616356 0.23912599077658417 0.24323032601734107 0.24571419722228771 0.25014872099940516 0.25462290370969731
0.25724508536172308 0.26178200806398311 0.26635858969941789 0.26904036638898976 0.27367968801639248 0.27835866857696978 0.28110004030408769 0.28584176085663299
0.29062314034235304 0.29289321881345248 0.29342410710701694 0.29826822658470492 0.30315200499556755 0.3060125667977775 0.31095908520060817 0.31594526253661348
0.31886541937636947 0.32391433670434266 0.32900291296549067 0.33093608460652857 0.33246751885174464 0.3340024883415082 0.33550193724725613 0.33913012478876126
0.34277782495168274 0.34536430319704725 0.35061801837530571 0.35591139248673898 0.35721239031346069 0.35901033443913311 0.3643664485425343 0.36976222157911021
0.37292075856905033 0.37837927159759416 0.38387744355931264 0.3870955755867988 0.39265648754048521 0.39825705842734638 0.40153478549237864 0.40719809637120774
0.41290106618321143 0.41623838828578974 0.42200409808976141 0.42780946682690785 0.43120638396703215 0.43707449269614657 0.44298226035843563 0.44643877253610603
0.45240928019036303 0.45841944677779467 0.46193555399301106 0.46800846057241063 0.47412102608498502 0.47617290403087092 0.47708656552975098 0.47800110273724233
0.47979456177087254 0.48506122325630441 0.4903566330067603 0.49372229557031516 0.49999999999999989 0.5063173633628596 0.5100122556907144 0.51639235904554182
0.52281212133354382 0.52656660869894467 0.53304911097891483 0.53957127219205958 0.54338535459500636 0.54997025580011905 0.55659481593840654 0.56046849337889948
0.56715579350915479 0.5738827525725847 0.57781602505062368 0.58460572410602174 0.59143508209459439 0.59542794961017931 0.60232004759071989 0.60925180450443517
0.61330426705756613 0.62029876396324934 0.62733291980210748 0.63144497739278449 0.63854187322361056 0.6456784279876111 0.64985008061583416 0.65704937537180264
0.65797985667433112 0.66428832906094581 0.66836611270071467 0.6751368545690376 0.68194171860727404 0.68408354590909326 0.68461716208287782 0.68515098629793103
0.6874534657254272 0.69485755833168095 0.70230130987110939 0.70665174761197058 0.71415823914336729 0.72170438960793826 0.7261144223863456 0.73372331284288461
0.74118095489747926 0.74137186223259854 0.74584149004855183 0.75355277943023347 0.76130372774508981 0.76583295059858914 0.77364663890541374 0.78149998614541272
0.78608880403645809 0.79400489126842499 0.80196063743356683 0.80660905036215835 0.81462753651926789 0.82268568160955213 0.82635182233306947 0.82739368957568959
0.83551457465794199 0.84367511867336886 0.84844272167705248 0.85666600568444728 0.86492894862501679 0.86975614666624634 0.87808182959878378 0.88644717146449625
0.89133396454327185 0.89976204640095225 0.90822978719180703 0.91317617530812867 0.92170665609095137 0.93027679580694878 0.93528277896081646 0.94391565866878191
0.95258819730992217 0.95765377550133601 0.96638905413444398 0.97516399170072665 0.97775882731219177 0.97787542547384743 0.97799203058727913 0.980556646364383
0.98927824388064578 0.99803845713897188 0.99999999999999978 1.0031889472458686 1.0121290237292617 1.0211087591458301 1.0263531224498819 1.0353955978584179
1.0444777322001284 1.0497816905417263 1.0589265648754052 1.0681110981422584 1.0734746515214024 1.0827219247802236 1.0920088569722195 1.0974320053889095
1.1067816775728734 1.1161710086900121 1.1216537521442482 1.1311058232533548 1.1405975532956361 1.1461398917874182 1.1556943618216673 1.165288490789091
1.1708904243184193 1.1736481776669303 1.1805472932778109 1.1902438211703776 1.1959053497372518 1.2056646176217862 1.2154635444394952 1.2211846680439153
1.2310463348535927 1.2409476605964445 1.2467283792384107 1.2566924449732304 1.2588190451025207 1.2666961696412249 1.2725364833207373 1.2826029479806995
1.2927090715738365 1.2986089802908949 1.308777843876 1.3189863663942798 1.3249458701488841 1.3352171326591316 1.3420201433256687 1.3455280541025543
1.3515471528947047 1.3619208143300949 1.3723341346986597 1.3779787325374859 1.3869562416926198 1.395962900134736 1.3990265931216801 1.4005299954757493
1.4020342051786712 1.4055428970498394 1.4161213563355148 1.4267394745543649 1.4329373584591536 1.4436182166699716 1.4543387338139648 1.4605962127562995
1.4713794698922604 1.482202385961396 1.4885194599412765 1.4994051160023798 1.4999999999999998 1.5103304309966579 1.5167071000140846 1.5276951550003306
1.5387228689197516 1.5451591329747245 1.556249586886113 1.5673796997306764 1.5738755588231952 1.5850684116597269 1.5963009234294327 1.6028563775594975
1.6141516293211715 1.6254865400160203 1.6321015891836315 1.6427876096865393 1.6434992398704478 1.6549365494904391 1.661611193695596 1.6731112433075555
1.6846509518526893 1.6913851910953923 1.7029876396324941 1.7146297471027707 1.7214235813830197 1.7331284288452642 1.7448729352406835 1.7517263645584786
1.7635336109458661 1.7660444431189777 1.775380516266428 1.782293540621769 1.7942031859342988 1.8061524901800032 1.8131251095728904 1.8251371538105625
1.8371888569814101 1.8442210714118432 1.8563355145746587 1.8660254037844388 1.8684896166706484 1.8755814261386277 1.8877982682265853 1.9000547692477174
1.9072061737532429 1.919525414766343 1.9318843147126183 1.9390953142556897 1.9396926207859082 1.9515169541939326 1.9639782530653502 1.9712488476459675
1.9837728865093531 1.9848077530122081 1.9963365843059133 2
copy 652 168726
copy 652 168726
copy 652 168726
copy 652 168726
copy 652 168726
values 651
0 4.120467045137005e-14 5.1554314851857007e-14 5.8923190017991781e-14 7.3723309930327121e-14 8.4260892851793833e-14 9.1362591440547282e-14 1.0542524796811055e-13
1.2049412229741081e-13 1.306496393980629e-13 1.5075941272362078e-13 1.7230808999093469e-13 1.8683060545575118e-13 2.1558783083579759e-13 2.4640270670664928e-13 2.6717008401846472e-13
3.0829327313506099e-13 3.5235892798508471e-13 3.8205653522510934e-13 4.4086320592334377e-13 5.0387763913085001e-13 5.4634558597558607e-13 6.3043985475434103e-13 7.2055127613178071e-13
7.8128096706717216e-13 9.015368148726457e-13 1.0303972655557954e-12 1.1172414771347525e-12 1.2892088316456781e-12 1.4734808750386335e-12 1.5976691751700189e-12 1.8435846259123685e-12
2.1070959344340876e-12 2.2846867445654114e-12 2.636348890475615e-12 3.0131733313418472e-12 3.2671303933978828e-12 3.7700116255158971e-12 4.3088752516378299e-12 4.6720370015078903e-12
5.3911634032477758e-12 6.161745074887163e-12 6.6810708833562472e-12 7.7094305608516202e-12 8.811371912766486e-12 9.5540142627346984e-12 1.1024581361564287e-11 1.2600371167824067e-11
1.3662358943074667e-11 1.576528814137534e-11 1.8018687116917257e-11 1.9537342812798325e-11 2.2544557659768014e-11 2.5766946155239877e-11 2.7938642644013293e-11 3.223899718906535e-11
3.6847052721376152e-11 3.9952605646994728e-11 4.610216600573826e-11 5.2691742594252864e-11 5.7132721811963592e-11 6.5926669429455264e-11 7.5349845715294158e-11 8.1700501100827524e-11
9.427595531020583e-11 1.0775121432286606e-10 1.1683273032387857e-10 1.3481578588104581e-10 1.5408557347179294e-10 1.6707225403778933e-10 1.9278824662046598e-10 2.2034428197708851e-10
2.3891539632676596e-10 2.7568958480713857e-10 3.1509505728572691e-10 3.4165198123839803e-10 3.9423952706390815e-10 4.5058984165615699e-10 4.8856657242999972e-10 5.6376741547310509e-10
6.4434906454153641e-10 6.9865626076799825e-10 8.0619439942079091e-10 9.2142715745549168e-10 9.9908712190958874e-10 1.1528679945293082e-09 1.3176522683409235e-09 1.4287069811245102e-09
1.6486155371023688e-09 1.8842590933161709e-09 2.0430687105770026e-09 2.3575406742772901e-09 2.6945138835567612e-09 2.9216136067686809e-09 3.371312416866237e-09 3.8531882873402029e-09
4.1779437094140703e-09 4.8210185877707806e-09 5.5101070617226097e-09 5.9745113448927812e-09 6.8941164002937139e-09 7.8795214683379247e-09 8.5436253556557605e-09 9.858671995449804e-09
1.1267813469778249e-08 1.2217490268924079e-08 1.4098023281087257e-08 1.6113113074174708e-08 1.7471162680657786e-08 2.0160348221932097e-08 2.3041951629524935e-08 2.4983979417639442e-08
2.8829548109401031e-08 3.2950276737542255e-08 3.5727400571461585e-08 4.122661151696191e-08 4.7119304585702866e-08 5.1090626127095789e-08 5.8954566014035529e-08 6.7381190219583128e-08
7.3060229300412825e-08 8.4305760915453533e-08 9.6355938087958501e-08 1.0447703443974849e-07 1.2055828418517258e-07 1.3779018706190991e-07 1.49403455612515e-07 1.7239984228656241e-07
1.9704167721583108e-07 2.1364879534203654e-07 2.4653391362787056e-07 2.8177204333559171e-07 3.0552042831919506e-07 3.5254655551046114e-07 4.0293751823147608e-07 4.36898003430861e-07
5.0414594882024309e-07 5.7620565076845226e-07 6.247695659893787e-07 7.2093496231683186e-07 8.2398123022826475e-07 8.9342823158112105e-07 1.030945941561243e-06 1.1783033832851425e-06
1.2776134569265161e-06 1.4742654885344619e-06 1.6849884586285908e-06 1.8270030961871549e-06 2.1082179414687012e-06 2.409554403379395e-06 2.6126370972229348e-06 3.0147778153233447e-06
3.4456926948748862e-06 3.7361034669457658e-06 4.3111696836400017e-06 4.9273833082426305e-06 5.3426743157559581e-06 6.1650261411198578e-06 7.0462192703547723e-06 7.6400905640798625e-06
8.8160638781911091e-06 1.0076180986947918e-05 1.0925424305801606e-05 1.2607080736599746e-05 1.4409063837807425e-05 1.562349232128197e-05 1.8028281883519616e-05 2.0605140077470768e-05
2.2341787877614819e-05 2.5780666790534287e-05 2.9465605981852449e-05 3.194903388459431e-05 3.6866673400094444e-05 4.2136182166850423e-05 4.5687514882444946e-05 5.2719800408275806e-05
6.0255263329438683e-05 6.533371317810455e-05 7.5389968737491693e-05 8.6165774215689577e-05 9.342802051330148e-05 0.00010780859074245985 0.00012321812628378001 0.00012837666049145543
0.00013003707734822044 0.00013170816319115503 0.00013749942900261188 0.0001565180314767176 0.0001767681471939306 0.00019105427466329205 0.00022046161305365458 0.00025197311912613957
0.0002732099833930462 0.00031526284218107473 0.00036032468686330519 0.00039011017193689044 0.00044805226243616405 0.00051000468124037866 0.00052946507313226686 0.00053180279719477195
0.00053414567072102178 0.00055869679054686876 0.00064469217382827815 0.0007368407391457664 0.00079894334285934875 0.00092191780799287559 0.001053691399787422 0.0011043155563285208
0.0011412232397345001 0.0011787375789259838 0.0012293888104630676 0.0013704923548943646 0.0015192596702174389 0.0016219538671254654 0.0018291871116053037 0.0020488754833695591
0.0021286536844477952 0.0021754105698168127 0.0022226754101569513 0.00233633653196699 0.0026959486846414239 0.003081291974888105 0.0032101904927094786 0.0032513658779457014
0.0032928036503629462 0.0034376073844505778 0.0039135266631643286 0.004420289753671508 0.0045942729580826904 0.00466584923259937 0.0047379787654307755 0.0049395362085967818
0.0055852997554365798 0.0062707222354510747 0.0064846664382575353 0.0065088908507355677 0.0065331604258012412 0.0067443143854467192 0.0074695456022225654 0.0082318042750425813
0.0085588717787650637 0.0089010047132213228 0.0092498425166215453 0.00950077290459647 0.010018803182515043 0.010550583894164831 0.010977768741120487 0.011930729063388197
0.012923348318830607 0.013237035075345632 0.013296885156436514 0.013356870235926856 0.013658067103976096 0.014655755119882236 0.015192246987791938 0.015688609371390268
0.016325221535292877 0.017482979707845861 0.018680396813573544 0.019046330469556613 0.019080861781889554 0.019115424368798609 0.0194754161723346 0.020702124378018372
0.021966295401658554 0.022730245880790534 0.024092801903628797 0.025495016859641756 0.026070756380505027 0.026625231877418214 0.027185541814428529 0.027614527147053404
0.028534383590235447 0.029469310542266404 0.030192841777613461 0.031760195650737004 0.033367208457035231 0.034074173710931702 0.034320729057771913 0.035990481856038078
0.037699893587478939 0.038306306356173145 0.038656254451085621 0.03900779376516806 0.039521326653933604 0.040949882995203822 0.042403801624931028 0.04336968228158275
0.045244232930134187 0.047158442511860327 0.048290748225235131 0.050267697798929228 0.052284306305798001 0.053218016038404134 0.05439277192836086 0.055580352671162528
0.05619301723146515 0.057107337592271129 0.058029036529554913 0.058926058776033872 0.060307379214091607 0.061107806200013222 0.063329212557167294 0.064640303383180234
0.066924449732302216 0.0692482550145989 0.070618940878157885 0.073005486152422513 0.07543169035986183 0.076572438965270079 0.078049921431083039 0.079541522192999869
0.08027411679595492 0.081295122789556723 0.082322580900214368 0.083369394531607161 0.085960737656157069 0.088591739713881665 0.090141210690078771 0.092834952739771312
0.095568353722638569 0.097177419736381707 0.099973560711216894 0.10280936061922676 0.10447802167051595 0.10737656157049379 0.11031476040364629 0.11153476546101723
0.11276788004503058 0.11400777378701207 0.11488451212858773 0.11666195398497145 0.11845304038600855 0.1198724042022784 0.12297574195254149 0.12611873863597933
0.1279661847999066 0.13117192147531231 0.13397459621556132 0.13441731708389279 0.1363243582853661 0.13963249388591453 0.14298028841963759 0.14494692465865691
0.14835745918434792 0.15180765264321369 0.15383388391977906 0.15734681737061276 0.16089940975462116 0.16212165713007878 0.16274447870028058 0.16336849432249942
0.16441767425089437 0.16741587248916825 0.17044116074360102 0.17240098110551735 0.17611871240663626 0.17987610264092993 0.18208111903013344 0.18590124925639506
0.18976103841583131 0.19202564984258086 0.19594817899398512 0.19991036707856405 0.20223457354285965 0.20625950161940648 0.21032408862912808 0.21270789013096969
0.21683521713265921 0.22100220306752338 0.22344559960691104 0.22767532553374314 0.23194471039375 0.23327161405988653 0.23353661997897626 0.23380177634130528
0.23395555688102193 0.2350565796616356 0.23912599077658417 0.24323032601734107 0.24571419722228771 0.25014872099940516 0.25462290370969731 0.25724508536172308
0.26178200806398311 0.26635858969941789 0.26904036638898976 0.27367968801639248 0.27835866857696978 0.28110004030408769 0.28584176085663299 0.29062314034235304
0.29289321881345248 0.29342410710701694 0.29826822658470492 0.30315200499556755 0.3060125667977775 0.31095908520060817 0.31594526253661348 0.31886541937636947
0.32391433670434266 0.32900291296549067 0.33093608460652857 0.33246751885174464 0.3340024883415082 0.33550193724725613 0.33913012478876126 0.34277782495168274
0.34536430319704725 0.35061801837530571 0.35591139248673898 0.35721239031346069 0.35901033443913311 0.3643664485425343 0.36976222157911021 0.37292075856905033
0.37837927159759416 0.38387744355931264 0.3870955755867988 0.39265648754048521 0.39825705842734638 0.40153478549237864 0.40719809637120774 0.41290106618321143
0.41623838828578974 0.42200409808976141 0.42780946682690785 0.43120638396703215 0.43707449269614657 0.44298226035843563 0.44643877253610603 0.45240928019036303
0.45841944677779467 0.46193555399301106 0.46800846057241063 0.47412102608498502 0.47617290403087092 0.47708656552975098 0.47800110273724233 0.47979456177087254
0.48506122325630441 0.4903566330067603 0.49372229557031516 0.49999999999999989 0.5063173633628596 0.5100122556907144 0.51639235904554182 0.52281212133354382
0.52656660869894467 0.53304911097891483 0.53957127219205958 0.54338535459500636 0.54997025580011905 0.55659481593840654 0.56046849337889948 0.56715579350915479
0.5738827525725847 0.57781602505062368 0.58460572410602174 0.59143508209459439 0.59542794961017931 0.60232004759071989 0.60925180450443517 0.61330426705756613
0.62029876396324934 0.62733291980210748 0.63144497739278449 0.63854187322361056 0.6456784279876111 0.64985008061583416 0.65704937537180264 0.65797985667433112
0.66428832906094581 0.66836611270071467 0.6751368545690376 0.68194171860727404 0.68408354590909326 0.68461716208287782 0.68515098629793103 0.6874534657254272
0.69485755833168095 0.70230130987110939 0.70665174761197058 0.71415823914336729 0.72170438960793826 0.7261144223863456 0.73372331284288461 0.74118095489747926
0.74137186223259854 0.74584149004855183 0.75355277943023347 0.76130372774508981 0.76583295059858914 0.77364663890541374 0.78149998614541272 0.78608880403645809
0.79400489126842499 0.80196063743356683 0.80660905036215835 0.81462753651926789 0.82268568160955213 0.82635182233306947 0.82739368957568959 0.83551457465794199
0.84367511867336886 0.84844272167705248 0.85666600568444728 0.86492894862501679 0.86975614666624634 0.87808182959878378 0.88644717146449625 0.89133396454327185
0.89976204640095225 0.90822978719180703 0.91317617530812867 0.92170665609095137 0.93027679580694878 0.93528277896081646 0.94391565866878191 0.95258819730992217
0.95765377550133601 0.96638905413444398 0.97516399170072665 0.97775882731219177 0.97787542547384743 0.97799203058727913 0.980556646364383 0.98927824388064578
0.99803845713897188 0.99999999999999978 1.0031889472458686 1.0121290237292617 1.0211087591458301 1.0263531224498819 1.0353955978584179 1.0444777322001284
1.0497816905417263 1.0589265648754052 1.0681110981422584 1.0734746515214024 1.0827219247802236 1.0920088569722195 1.0974320053889095 1.1067816775728734
1.1161710086900121 1.1216537521442482 1.1311058232533548 1.1405975532956361 1.1461398917874182 1.1556943618216673 1.165288490789091 1.1708904243184193
1.1736481776669303 1.1805472932778109 1.1902438211703776 1.1959053497372518 1.2056646176217862 1.2154635444394952 1.2211846680439153 1.2310463348535927
1.2409476605964445 1.2467283792384107 1.2566924449732304 1.2588190451025207 1.2666961696412249 1.2725364833207373 1.2826029479806995 1.2927090715738365
1.2986089802908949 1.308777843876 1.3189863663942798 1.3249458701488841 1.3352171326591316 1.3420201433256687 1.3455280541025543 1.3515471528947047
1.3619208143300949 1.3723341346986597 1.3779787325374859 1.3869562416926198 1.395962900134736 1.3990265931216801 1.4005299954757493 1.4020342051786712
1.4055428970498394 1.4161213563355148 1.4267394745543649 1.4329373584591536 1.4436182166699716 1.4543387338139648 1.4605962127562995 1.4713794698922604
1.482202385961396 1.4885194599412765 1.4994051160023798 1.4999999999999998 1.5103304309966579 1.5167071000140846 1.5276951550003306 1.5387228689197516
1.5451591329747245 1.556249586886113 1.5673796997306764 1.5738755588231952 1.5850684116597269 1.5963009234294327 1.6028563775594975 1.6141516293211715
1.6254865400160203 1.6321015891836315 1.6427876096865393 1.6434992398704478 1.6549365494904391 1.661611193695596 1.6731112433075555 1.6846509518526893
1.6913851910953923 1.7029876396324941 1.7146297471027707 1.7214235813830197 1.7331284288452642 1.7448729352406835 1.7517263645584786 1.7635336109458661
1.7660444431189777 1.775380516266428 1.782293540621769 1.7942031859342988 1.8061524901800032 1.8131251095728904 1.8251371538105625 1.8371888569814101
1.8442210714118432 1.8563355145746587 1.8660254037844388 1.8684896166706484 1.8755814261386277 1.8877982682265853 1.9000547692477174 1.9072061737532429
1.919525414766343 1.9318843147126183 1.9390953142556897 1.9396926207859082 1.9515169541939326 1.9639782530653502 1.9712488476459675 1.9837728865093531
1.9848077530122081 1.9963365843059133 2
copy 651 172638
copy 651 172638
copy 651 172638
copy 651 172638
values 650
0 5.1554314851857007e-14 5.8923190017991781e-14 7.3723309930327121e-14 8.4260892851793833e-14 9.1362591440547282e-14 1.0542524796811055e-13 1.2049412229741081e-13
1.306496393980629e-13 1.5075941272362078e-13 1.7230808999093469e-13 1.8683060545575118e-13 2.1558783083579759e-13 2.4640270670664928e-13 2.6717008401846472e-13 3.0829327313506099e-13
3.5235892798508471e-13 3.8205653522510934e-13 4.4086320592334377e-13 5.0387763913085001e-13 5.4634558597558607e-13 6.3043985475434103e-13 7.2055127613178071e-13 7.8128096706717216e-13
9.015368148726457e-13 1.0303972655557954e-12 1.1172414771347525e-12 1.2892088316456781e-12 1.4734808750386335e-12 1.5976691751700189e-12 1.8435846259123685e-12 2.1070959344340876e-12
2.2846867445654114e-12 2.636348890475615e-12 3.0131733313418472e-12 3.2671303933978828e-12 3.7700116255158971e-12 4.3088752516378299e-12 4.6720370015078903e-12 5.3911634032477758e-12
6.161745074887163e-12 6.6810708833562472e-12 7.7094305608516202e-12 8.811371912766486e-12 9.5540142627346984e-12 1.1024581361564287e-11 1.2600371167824067e-11 1.3662358943074667e-11
1.576528814137534e-11 1.8018687116917257e-11 1.9537342812798325e-11 2.2544557659768014e-11 2.5766946155239877e-11 2.7938642644013293e-11 3.223899718906535e-11 3.6847052721376152e-11
3.9952605646994728e-11 4.610216600573826e-11 5.2691742594252864e-11 5.7132721811963592e-11 6.5926669429455264e-11 7.5349845715294158e-11 8.1700501100827524e-11 9.427595531020583e-11
1.0775121432286606e-10 1.1683273032387857e-10 1.3481578588104581e-10 1.5408557347179294e-10 1.6707225403778933e-10 1.9278824662046598e-10 2.2034428197708851e-10 2.3891539632676596e-10
2.7568958480713857e-10 3.1509505728572691e-10 3.4165198123839803e-10 3.9423952706390815e-10 4.5058984165615699e-10 4.8856657242999972e-10 5.6376741547310509e-10 6.4434906454153641e-10
6.9865626076799825e-10 8.0619439942079091e-10 9.2142715745549168e-10 9.9908712190958874e-10 1.1528679945293082e-09 1.3176522683409235e-09 1.4287069811245102e-09 1.6486155371023688e-09
1.8842590933161709e-09 2.0430687105770026e-09 2.3575406742772901e-09 2.6945138835567612e-09 2.9216136067686809e-09 3.371312416866237e-09 3.8531882873402029e-09 4.1779437094140703e-09
4.8210185877707806e-09 5.5101070617226097e-09 5.9745113448927812e-09 6.8941164002937139e-09 7.8795214683379247e-09 8.5436253556557605e-09 9.858671995449804e-09 1.1267813469778249e-08
1.2217490268924079e-08 1.4098023281087257e-08 1.6113113074174708e-08 1.7471162680657786e-08 2.0160348221932097e-08 2.3041951629524935e-08 2.4983979417639442e-08 2.8829548109401031e-08
3.2950276737542255e-08 3.5727400571461585e-08 4.122661151696191e-08 4.7119304585702866e-08 5.1090626127095789e-08 5.8954566014035529e-08 6.7381190219583128e-08 7.3060229300412825e-08
8.4305760915453533e-08 9.6355938087958501e-08 1.0447703443974849e-07 1.2055828418517258e-07 1.3779018706190991e-07 1.49403455612515e-07 1.7239984228656241e-07 1.9704167721583108e-07
2.1364879534203654e-07 2.4653391362787056e-07 2.8177204333559171e-07 3.0552042831919506e-07 3.5254655551046114e-07 4.0293751823147608e-07 4.36898003430861e-07 5.0414594882024309e-07
5.7620565076845226e-07 6.247695659893787e-07 7.2093496231683186e-07 8.2398123022826475e-07 8.9342823158112105e-07 1.030945941561243e-06 1.1783033832851425e-06 1.2776134569265161e-06
1.4742654885344619e-06 1.6849884586285908e-06 1.8270030961871549e-06 2.1082179414687012e-06 2.409554403379395e-06 2.6126370972229348e-06 3.0147778153233447e-06 3.4456926948748862e-06
3.7361034669457658e-06 4.3111696836400017e-06 4.9273833082426305e-06 5.3426743157559581e-06 6.1650261411198578e-06 7.0462192703547723e-06 7.6400905640798625e-06 8.8160638781911091e-06
1.0076180986947918e-05 1.0925424305801606e-05 1.2607080736599746e-05 1.4409063837807425e-05 1.562349232128197e-05 1.8028281883519616e-05 2.0605140077470768e-05 2.2341787877614819e-05
2.5780666790534287e-05 2.9465605981852449e-05 3.194903388459431e-05 3.6866673400094444e-05 4.2136182166850423e-05 4.5687514882444946e-05 5.2719800408275806e-05 6.0255263329438683e-05
6.533371317810455e-05 7.5389968737491693e-05 8.6165774215689577e-05 9.342802051330148e-05 0.00010780859074245985 0.00012321812628378001 0.00012837666049145543 0.00013003707734822044
0.00013170816319115503 0.00013749942900261188 0.0001565180314767176 0.0001767681471939306 0.00019105427466329205 0.00022046161305365458 0.00025197311912613957 0.0002732099833930462
0.00031526284218107473 0.00036032468686330519 0.00039011017193689044 0.00044805226243616405 0.00051000468124037866 0.00052946507313226686 0.00053180279719477195 0.00053414567072102178
0.00055869679054686876 0.00064469217382827815 0.0007368407391457664 0.00079894334285934875 0.00092191780799287559 0.001053691399787422 0.0011043155563285208 0.0011412232397345001
0.0011787375789259838 0.0012293888104630676 0.0013704923548943646 0.0015192596702174389 0.0016219538671254654 0.0018291871116053037 0.0020488754833695591 0.0021286536844477952
0.0021754105698168127 0.0022226754101569513 0.00233633653196699 0.0026959486846414239 0.003081291974888105 0.0032101904927094786 0.0032513658779457014 0.0032928036503629462
0.0034376073844505778 0.0039135266631643286 0.004420289753671508 0.0045942729580826904 0.00466584923259937 0.0047379787654307755 0.0049395362085967818 0.0055852997554365798
0.0062707222354510747 0.0064846664382575353 0.0065088908507355677 0.0065331604258012412 0.0067443143854467192 0.0074695456022225654 0.0082318042750425813 0.0085588717787650637
0.0089010047132213228 0.0092498425166215453 0.00950077290459647 0.010018803182515043 0.010550583894164831 0.010977768741120487 0.011930729063388197 0.012923348318830607
0.013237035075345632 0.013296885156436514 0.013356870235926856 0.013658067103976096 0.014655755119882236 0.015192246987791938 0.015688609371390268 0.016325221535292877
0.017482979707845861 0.018680396813573544 0.019046330469556613 0.019080861781889554 0.019115424368798609 0.0194754161723346 0.020702124378018372 0.021966295401658554
0.022730245880790534 0.024092801903628797 0.025495016859641756 0.026070756380505027 0.026625231877418214 0.027185541814428529 0.027614527147053404 0.028534383590235447
0.029469310542266404 0.030192841777613461 0.031760195650737004 0.033367208457035231 0.034074173710931702 0.034320729057771913 0.035990481856038078 0.037699893587478939
0.038306306356173145 0.038656254451085621 0.03900779376516806 0.039521326653933604 0.040949882995203822 0.042403801624931028 0.04336968228158275 0.045244232930134187
0.047158442511860327 0.048290748225235131 0.050267697798929228 0.052284306305798001 0.053218016038404134 0.05439277192836086 0.055580352671162528 0.05619301723146515
0.057107337592271129 0.058029036529554913 0.058926058776033872 0.060307379214091607 0.061107806200013222 0.063329212557167294 0.064640303383180234 0.066924449732302216
0.0692482550145989 0.070618940878157885 0.073005486152422513 0.07543169035986183 0.076572438965270079 0.078049921431083039 0.079541522192999869 0.08027411679595492
0.081295122789556723 0.082322580900214368 0.083369394531607161 0.085960737656157069 0.088591739713881665 0.090141210690078771 0.092834952739771312 0.095568353722638569
0.097177419736381707 0.099973560711216894 0.10280936061922676 0.10447802167051595 0.10737656157049379 0.11031476040364629 0.11153476546101723 0.11276788004503058
0.11400777378701207 0.11488451212858773 0.11666195398497145 0.11845304038600855 0.1198724042022784 0.12297574195254149 0.12611873863597933 0.1279661847999066
0.13117192147531231 0.13397459621556132 0.13441731708389279 0.1363243582853661 0.13963249388591453 0.14298028841963759 0.14494692465865691 0.14835745918434792
0.15180765264321369 0.15383388391977906 0.15734681737061276 0.16089940975462116 0.16212165713007878 0.16274447870028058 0.16336849432249942 0.16441767425089437
0.16741587248916825 0.17044116074360102 0.17240098110551735 0.17611871240663626 0.17987610264092993 0.18208111903013344 0.18590124925639506 0.18976103841583131
0.19202564984258086 0.19594817899398512 0.19991036707856405 0.20223457354285965 0.20625950161940648 0.21032408862912808 0.21270789013096969 0.21683521713265921
0.22100220306752338 0.22344559960691104 0.22767532553374314 0.23194471039375 0.23327161405988653 0.23353661997897626 0.23380177634130528 0.23395555688102193
0.2350565796616356 0.23912599077658417 0.24323032601734107 0.24571419722228771 0.25014872099940516 0.25462290370969731 0.25724508536172308 0.26178200806398311
0.26635858969941789 0.26904036638898976 0.27367968801639248 0.27835866857696978 0.28110004030408769 0.28584176085663299 0.29062314034235304 0.29289321881345248
0.29342410710701694 0.29826822658470492 0.30315200499556755 0.3060125667977775 0.31095908520060817 0.31594526253661348 0.31886541937636947 0.32391433670434266
0.32900291296549067 0.33093608460652857 0.33246751885174464 0.3340024883415082 0.33550193724725613 0.33913012478876126 0.34277782495168274 0.34536430319704725
0.35061801837530571 0.35591139248673898 0.35721239031346069 0.35901033443913311 0.3643664485425343 0.36976222157911021 0.37292075856905033 0.37837927159759416
0.38387744355931264 0.3870955755867988 0.39265648754048521 0.39825705842734638 0.40153478549237864 0.40719809637120774 0.41290106618321143 0.41623838828578974
0.42200409808976141 0.42780946682690785 0.43120638396703215 0.43707449269614657 0.44298226035843563 0.44643877253610603 0.45240928019036303 0.45841944677779467
0.46193555399301106 0.46800846057241063 0.47412102608498502 0.47617290403087092 0.47708656552975098 0.47800110273724233 0.47979456177087254 0.48506122325630441
0.4903566330067603 0.49372229557031516 0.49999999999999989 0.5063173633628596 0.5100122556907144 0.51639235904554182 0.52281212133354382 0.52656660869894467
0.53304911097891483 0.53957127219205958 0.54338535459500636 0.54997025580011905 0.55659481593840654 0.56046849337889948 0.56715579350915479 0.5738827525725847
0.57781602505062368 0.58460572410602174 0.59143508209459439 0.59542794961017931 0.60232004759071989 0.60925180450443517 0.61330426705756613 0.62029876396324934
0.62733291980210748 0.63144497739278449 0.63854187322361056 0.6456784279876111 0.64985008061583416 0.65704937537180264 0.65797985667433112 0.66428832906094581
0.66836611270071467 0.6751368545690376 0.68194171860727404 0.68408354590909326 0.68461716208287782 0.68515098629793103 0.6874534657254272 0.69485755833168095
0.70230130987110939 0.70665174761197058 0.71415823914336729 0.72170438960793826 0.7261144223863456 0.73372331284288461 0.74118095489747926 0.74137186223259854
0.74584149004855183 0.75355277943023347 0.76130372774508981 0.76583295059858914 0.77364663890541374 0.78149998614541272 0.78608880403645809 0.79400489126842499
0.80196063743356683 0.80660905036215835 0.81462753651926789 0.82268568160955213 0.82635182233306947 0.82739368957568959 0.83551457465794199 0.84367511867336886
0.84844272167705248 0.85666600568444728 0.86492894862501679 0.86975614666624634 0.87808182959878378 0.88644717146449625 0.89133396454327185 0.89976204640095225
0.90822978719180703 0.91317617530812867 0.92170665609095137 0.93027679580694878 0.93528277896081646 0.94391565866878191 0.95258819730992217 0.95765377550133601
0.96638905413444398 0.97516399170072665 0.97775882731219177 0.97787542547384743 0.97799203058727913 0.980556646364383 0.98927824388064578 0.99803845713897188
0.99999999999999978 1.0031889472458686 1.0121290237292617 1.0211087591458301 1.0263531224498819 1.0353955978584179 1.0444777322001284 1.0497816905417263
1.0589265648754052 1.0681110981422584 1.0734746515214024 1.0827219247802236 1.0920088569722195 1.0974320053889095 1.1067816775728734 1.1161710086900121
1.1216537521442482 1.1311058232533548 1.1405975532956361 1.1461398917874182 1.1556943618216673 1.165288490789091 1.1708904243184193 1.1736481776669303
1.1805472932778109 1.1902438211703776 1.1959053497372518 1.2056646176217862 1.2154635444394952 1.2211846680439153 1.2310463348535927 1.2409476605964445
1.2467283792384107 1.2566924449732304 1.2588190451025207 1.2666961696412249 1.2725364833207373 1.2826029479806995 1.2927090715738365 1.2986089802908949
1.308777843876 1.3189863663942798 1.3249458701488841 1.3352171326591316 1.3420201433256687 1.3455280541025543 1.3515471528947047 1.3619208143300949
1.3723341346986597 1.3779787325374859 1.3869562416926198 1.395962900134736 1.3990265931216801 1.4005299954757493 1.4020342051786712 1.4055428970498394
1.4161213563355148 1.4267394745543649 1.4329373584591536 1.4436182166699716 1.4543387338139648 1.4605962127562995 1.4713794698922604 1.482202385961396
1.4885194599412765 1.4994051160023798 1.4999999999999998 1.5103304309966579 1.5167071000140846 1.5276951550003306 1.5387228689197516 1.5451591329747245
1.556249586886113 1.5673796997306764 1.5738755588231952 1.5850684116597269 1.5963009234294327 1.6028563775594975 1.6141516293211715 1.6254865400160203
1.6321015891836315 1.6427876096865393 1.6434992398704478 1.6549365494904391 1.661611193695596 1.6731112433075555 1.6846509518526893 1.6913851910953923
1.7029876396324941 1.7146297471027707 1.7214235813830197 1.7331284288452642 1.7448729352406835 1.7517263645584786 1.7635336109458661 1.7660444431189777
1.775380516266428 1.782293540621769 1.7942031859342988 1.8061524901800032 1.8131251095728904 1.8251371538105625 1.8371888569814101 1.8442210714118432
1.8563355145746587 1.8660254037844388 1.8684896166706484 1.8755814261386277 1.8877982682265853 1.9000547692477174 1.9072061737532429 1.919525414766343
1.9318843147126183 1.9390953142556897 1.9396926207859082 1.9515169541939326 1.9639782530653502 1.9712488476459675 1.9837728865093531 1.9848077530122081
1.9963365843059133 2
copy 650 175893
copy 650 175893
copy 650 175893
copy 650 175893
copy 650 175893
copy 650 175893
copy 650 175893
copy 650 175893
copy 650 175893
copy 650 175893
copy 650 175893
copy 650 175893
copy 650 175893
copy 650 175893
copy 650 175893
copy 650 175893
copy 650 175893
copy 650 175893
copy 650 175893
copy 650 175893
copy 650 175893
copy 650 175893
copy 650 175893
copy 650 175893
copy 650 175893
copy 650 175893
copy 650 175893
copy 650 175893
copy 650 175893
copy 650 175893
copy 650 175893
copy 650 175893
copy 650 175893
copy 650 175893
copy 650 175893
copy 650 175893
copy 650 175893
copy 650 175893
copy 650 175893
copy 650 175893
copy 650 175893
copy 650 175893
copy 650 175893
copy 650 175893
copy 650 175893
copy 650 175893
copy 650 175893
copy 650 175893
copy 650 175893
copy 650 175893
copy 650 175893
copy 650 175893
copy 650 175893
copy 650 175893
copy 650 175893
copy 650 175893
copy 650 175893
copy 650 175893
copy 650 175893
copy 650 175893
copy 650 175893
copy 650 175893
copy 650 175893
copy 650 175893
copy 650 175893
copy 650 175893
copy 650 175893
copy 650 175893
copy 650 175893
copy 650 175893
copy 650 175893
copy 650 175893
copy 650 175893
copy 650 175893
copy 650 175893
copy 650 175893
copy 650 175893
copy 650 175893
values 649
0 5.8923190017991781e-14 7.3723309930327121e-14 8.4260892851793833e-14 9.1362591440547282e-14 1.0542524796811055e-13 1.2049412229741081e-13 1.306496393980629e-13
1.5075941272362078e-13 1.7230808999093469e-13 1.8683060545575118e-13 2.1558783083579759e-13 2.4640270670664928e-13 2.6717008401846472e-13 3.0829327313506099e-13 3.5235892798508471e-13
3.8205653522510934e-13 4.4086320592334377e-13 5.0387763913085001e-13 5.4634558597558607e-13 6.3043985475434103e-13 7.2055127613178071e-13 7.8128096706717216e-13 9.015368148726457e-13
1.0303972655557954e-12 1.1172414771347525e-12 1.2892088316456781e-12 1.4734808750386335e-12 1.5976691751700189e-12 1.8435846259123685e-12 2.1070959344340876e-12 2.2846867445654114e-12
2.636348890475615e-12 3.0131733313418472e-12 3.2671303933978828e-12 3.7700116255158971e-12 4.3088752516378299e-12 4.6720370015078903e-12 5.3911634032477758e-12 6.161745074887163e-12
6.6810708833562472e-12 7.7094305608516202e-12 8.811371912766486e-12 9.5540142627346984e-12 1.1024581361564287e-11 1.2600371167824067e-11 1.3662358943074667e-11 1.576528814137534e-11
1.8018687116917257e-11 1.9537342812798325e-11 2.2544557659768014e-11 2.5766946155239877e-11 2.7938642644013293e-11 3.223899718906535e-11 3.6847052721376152e-11 3.9952605646994728e-11
4.610216600573826e-11 5.2691742594252864e-11 5.7132721811963592e-11 6.5926669429455264e-11 7.5349845715294158e-11 8.1700501100827524e-11 9.427595531020583e-11 1.0775121432286606e-10
1.1683273032387857e-10 1.3481578588104581e-10 1.5408557347179294e-10 1.6707225403778933e-10 1.9278824662046598e-10 2.2034428197708851e-10 2.3891539632676596e-10 2.7568958480713857e-10
3.1509505728572691e-10 3.4165198123839803e-10 3.9423952706390815e-10 4.5058984165615699e-10 4.8856657242999972e-10 5.6376741547310509e-10 6.4434906454153641e-10 6.9865626076799825e-10
8.0619439942079091e-10 9.2142715745549168e-10 9.9908712190958874e-10 1.1528679945293082e-09 1.3176522683409235e-09 1.4287069811245102e-09 1.6486155371023688e-09 1.8842590933161709e-09
2.0430687105770026e-09 2.3575406742772901e-09 2.6945138835567612e-09 2.9216136067686809e-09 3.371312416866237e-09 3.8531882873402029e-09 4.1779437094140703e-09 4.8210185877707806e-09
5.5101070617226097e-09 5.9745113448927812e-09 6.8941164002937139e-09 7.8795214683379247e-09 8.5436253556557605e-09 9.858671995449804e-09 1.1267813469778249e-08 1.2217490268924079e-08
1.4098023281087257e-08 1.6113113074174708e-08 1.7471162680657786e-08 2.0160348221932097e-08 2.3041951629524935e-08 2.4983979417639442e-08 2.8829548109401031e-08 3.2950276737542255e-08
3.5727400571461585e-08 4.122661151696191e-08 4.7119304585702866e-08 5.1090626127095789e-08 5.8954566014035529e-08 6.7381190219583128e-08 7.3060229300412825e-08 8.4305760915453533e-08
9.6355938087958501e-08 1.0447703443974849e-07 1.2055828418517258e-07 1.3779018706190991e-07 1.49403455612515e-07 1.7239984228656241e-07 1.9704167721583108e-07 2.1364879534203654e-07
2.4653391362787056e-07 2.8177204333559171e-07 3.0552042831919506e-07 3.5254655551046114e-07 4.0293751823147608e-07 4.36898003430861e-07 5.0414594882024309e-07 5.7620565076845226e-07
6.247695659893787e-07 7.2093496231683186e-07 8.2398123022826475e-07 8.9342823158112105e-07 1.030945941561243e-06 1.1783033832851425e-06 1.2776134569265161e-06 1.4742654885344619e-06
1.6849884586285908e-06 1.8270030961871549e-06 2.1082179414687012e-06 2.409554403379395e-06 2.6126370972229348e-06 3.0147778153233447e-06 3.4456926948748862e-06 3.7361034669457658e-06
4.3111696836400017e-06 4.9273833082426305e-06 5.3426743157559581e-06 6.1650261411198578e-06 7.0462192703547723e-06 7.6400905640798625e-06 8.8160638781911091e-06 1.0076180986947918e-05
1.0925424305801606e-05 1.2607080736599746e-05 1.4409063837807425e-05 1.562349232128197e-05 1.8028281883519616e-05 2.0605140077470768e-05 2.2341787877614819e-05 2.5780666790534287e-05
2.9465605981852449e-05 3.194903388459431e-05 3.6866673400094444e-05 4.2136182166850423e-05 4.5687514882444946e-05 5.2719800408275806e-05 6.0255263329438683e-05 6.533371317810455e-05
7.5389968737491693e-05 8.6165774215689577e-05 9.342802051330148e-05 0.00010780859074245985 0.00012321812628378001 0.00012837666049145543 0.00013003707734822044 0.00013170816319115503
0.00013749942900261188 0.0001565180314767176 0.0001767681471939306 0.00019105427466329205 0.00022046161305365458 0.00025197311912613957 0.0002732099833930462 0.00031526284218107473
0.00036032468686330519 0.00039011017193689044 0.00044805226243616405 0.00051000468124037866 0.00052946507313226686 0.00053180279719477195 0.00053414567072102178 0.00055869679054686876
0.00064469217382827815 0.0007368407391457664 0.00079894334285934875 0.00092191780799287559 0.001053691399787422 0.0011043155563285208 0.0011412232397345001 0.0011787375789259838
0.0012293888104630676 0.0013704923548943646 0.0015192596702174389 0.0016219538671254654 0.0018291871116053037 0.0020488754833695591 0.0021286536844477952 0.0021754105698168127
0.0022226754101569513 0.00233633653196699 0.0026959486846414239 0.003081291974888105 0.0032101904927094786 0.0032513658779457014 0.0032928036503629462 0.0034376073844505778
0.0039135266631643286 0.004420289753671508 0.0045942729580826904 0.00466584923259937 0.0047379787654307755 0.0049395362085967818 0.0055852997554365798 0.0062707222354510747
0.0064846664382575353 0.0065088908507355677 0.0065331604258012412 0.0067443143854467192 0.0074695456022225654 0.0082318042750425813 0.0085588717787650637 0.0089010047132213228
0.0092498425166215453 0.00950077290459647 0.010018803182515043 0.010550583894164831 0.010977768741120487 0.011930729063388197 0.012923348318830607 0.013237035075345632
0.013296885156436514 0.013356870235926856 0.013658067103976096 0.014655755119882236 0.015192246987791938 0.015688609371390268 0.016325221535292877 0.017482979707845861
0.018680396813573544 0.019046330469556613 0.019080861781889554 0.019115424368798609 0.0194754161723346 0.020702124378018372 0.021966295401658554 0.022730245880790534
0.024092801903628797 0.025495016859641756 0.026070756380505027 0.026625231877418214 0.027185541814428529 0.027614527147053404 0.028534383590235447 0.029469310542266404
0.030192841777613461 0.031760195650737004 0.033367208457035231 0.034074173710931702 0.034320729057771913 0.035990481856038078 0.037699893587478939 0.038306306356173145
0.038656254451085621 0.03900779376516806 0.039521326653933604 0.040949882995203822 0.042403801624931028 0.04336968228158275 0.045244232930134187 0.047158442511860327
0.048290748225235131 0.050267697798929228 0.052284306305798001 0.053218016038404134 0.05439277192836086 0.055580352671162528 0.05619301723146515 0.057107337592271129
0.058029036529554913 0.058926058776033872 0.060307379214091607 0.061107806200013222 0.063329212557167294 0.064640303383180234 0.066924449732302216 0.0692482550145989
0.070618940878157885 0.073005486152422513 0.07543169035986183 0.076572438965270079 0.078049921431083039 0.079541522192999869 0.08027411679595492 0.081295122789556723
0.082322580900214368 0.083369394531607161 0.085960737656157069 0.088591739713881665 0.090141210690078771 0.092834952739771312 0.095568353722638569 0.097177419736381707
0.099973560711216894 0.10280936061922676 0.10447802167051595 0.10737656157049379 0.11031476040364629 0.11153476546101723 0.11276788004503058 0.11400777378701207
0.11488451212858773 0.11666195398497145 0.11845304038600855 0.1198724042022784 0.12297574195254149 0.12611873863597933 0.1279661847999066 0.13117192147531231
0.13397459621556132 0.13441731708389279 0.1363243582853661 0.13963249388591453 0.14298028841963759 0.14494692465865691 0.14835745918434792 0.15180765264321369
0.15383388391977906 0.15734681737061276 0.16089940975462116 0.16212165713007878 0.16274447870028058 0.16336849432249942 0.16441767425089437 0.16741587248916825
0.17044116074360102 0.17240098110551735 0.17611871240663626 0.17987610264092993 0.18208111903013344 0.18590124925639506 0.18976103841583131 0.19202564984258086
0.19594817899398512 0.19991036707856405 0.20223457354285965 0.20625950161940648 0.21032408862912808 0.21270789013096969 0.21683521713265921 0.22100220306752338
0.22344559960691104 0.22767532553374314 0.23194471039375 0.23327161405988653 0.23353661997897626 0.23380177634130528 0.23395555688102193 0.2350565796616356
0.23912599077658417 0.24323032601734107 0.24571419722228771 0.25014872099940516 0.25462290370969731 0.25724508536172308 0.26178200806398311 0.26635858969941789
0.26904036638898976 0.27367968801639248 0.27835866857696978 0.28110004030408769 0.28584176085663299 0.29062314034235304 0.29289321881345248 0.29342410710701694
0.29826822658470492 0.30315200499556755 0.3060125667977775 0.31095908520060817 0.31594526253661348 0.31886541937636947 0.32391433670434266 0.32900291296549067
0.33093608460652857 0.33246751885174464 0.3340024883415082 0.33550193724725613 0.33913012478876126 0.34277782495168274 0.34536430319704725 0.35061801837530571
0.35591139248673898 0.35721239031346069 0.35901033443913311 0.3643664485425343 0.36976222157911021 0.37292075856905033 0.37837927159759416 0.38387744355931264
0.3870955755867988 0.39265648754048521 0.39825705842734638 0.40153478549237864 0.40719809637120774 0.41290106618321143 0.41623838828578974 0.42200409808976141
0.42780946682690785 0.43120638396703215 0.43707449269614657 0.44298226035843563 0.44643877253610603 0.45240928019036303 0.45841944677779467 0.46193555399301106
0.46800846057241063 0.47412102608498502 0.47617290403087092 0.47708656552975098 0.47800110273724233 0.47979456177087254 0.48506122325630441 0.4903566330067603
0.49372229557031516 0.49999999999999989 0.5063173633628596 0.5100122556907144 0.51639235904554182 0.52281212133354382 0.52656660869894467 0.53304911097891483
0.53957127219205958 0.54338535459500636 0.54997025580011905 0.55659481593840654 0.56046849337889948 0.56715579350915479 0.5738827525725847 0.57781602505062368
0.58460572410602174 0.59143508209459439 0.59542794961017931 0.60232004759071989 0.60925180450443517 0.61330426705756613 0.62029876396324934 0.62733291980210748
0.63144497739278449 0.63854187322361056 0.6456784279876111 0.64985008061583416 0.65704937537180264 0.65797985667433112 0.66428832906094581 0.66836611270071467
0.6751368545690376 0.68194171860727404 0.68408354590909326 0.68461716208287782 0.68515098629793103 0.6874534657254272 0.69485755833168095 0.70230130987110939
0.70665174761197058 0.71415823914336729 0.72170438960793826 0.7261144223863456 0.73372331284288461 0.74118095489747926 0.74137186223259854 0.74584149004855183
0.75355277943023347 0.76130372774508981 0.76583295059858914 0.77364663890541374 0.78149998614541272 0.78608880403645809 0.79400489126842499 0.80196063743356683
0.80660905036215835 0.81462753651926789 0.82268568160955213 0.82635182233306947 0.82739368957568959 0.83551457465794199 0.84367511867336886 0.84844272167705248
0.85666600568444728 0.86492894862501679 0.86975614666624634 0.87808182959878378 0.88644717146449625 0.89133396454327185 0.89976204640095225 0.90822978719180703
0.91317617530812867 0.92170665609095137 0.93027679580694878 0.93528277896081646 0.94391565866878191 0.95258819730992217 0.95765377550133601 0.96638905413444398
0.97516399170072665 0.97775882731219177 0.97787542547384743 0.97799203058727913 0.980556646364383 0.98927824388064578 0.99803845713897188 0.99999999999999978
1.0031889472458686 1.0121290237292617 1.0211087591458301 1.0263531224498819 1.0353955978584179 1.0444777322001284 1.0497816905417263 1.0589265648754052
1.0681110981422584 1.0734746515214024 1.0827219247802236 1.0920088569722195 1.0974320053889095 1.1067816775728734 1.1161710086900121 1.1216537521442482
1.1311058232533548 1.1405975532956361 1.1461398917874182 1.1556943618216673 1.165288490789091 1.1708904243184193 1.1736481776669303 1.1805472932778109
1.1902438211703776 1.1959053497372518 1.2056646176217862 1.2154635444394952 1.2211846680439153 1.2310463348535927 1.2409476605964445 1.2467283792384107
1.2566924449732304 1.2588190451025207 1.2666961696412249 1.2725364833207373 1.2826029479806995 1.2927090715738365 1.2986089802908949 1.308777843876
1.3189863663942798 1.3249458701488841 1.3352171326591316 1.3420201433256687 1.3455280541025543 1.3515471528947047 1.3619208143300949 1.3723341346986597
1.3779787325374859 1.3869562416926198 1.395962900134736 1.3990265931216801 1.4005299954757493 1.4020342051786712 1.4055428970498394 1.4161213563355148
1.4267394745543649 1.4329373584591536 1.4436182166699716 1.4543387338139648 1.4605962127562995 1.4713794698922604 1.482202385961396 1.4885194599412765
1.4994051160023798 1.4999999999999998 1.5103304309966579 1.5167071000140846 1.5276951550003306 1.5387228689197516 1.5451591329747245 1.556249586886113
1.5673796997306764 1.5738755588231952 1.5850684116597269 1.5963009234294327 1.6028563775594975 1.6141516293211715 1.6254865400160203 1.6321015891836315
1.6427876096865393 1.6434992398704478 1.6549365494904391 1.661611193695596 1.6731112433075555 1.6846509518526893 1.6913851910953923 1.7029876396324941
1.7146297471027707 1.7214235813830197 1.7331284288452642 1.7448729352406835 1.7517263645584786 1.7635336109458661 1.7660444431189777 1.775380516266428
1.782293540621769 1.7942031859342988 1.8061524901800032 1.8131251095728904 1.8251371538105625 1.8371888569814101 1.8442210714118432 1.8563355145746587
1.8660254037844388 1.8684896166706484 1.8755814261386277 1.8877982682265853 1.9000547692477174 1.9072061737532429 1.919525414766343 1.9318843147126183
1.9390953142556897 1.9396926207859082 1.9515169541939326 1.9639782530653502 1.9712488476459675 1.9837728865093531 1.9848077530122081 1.9963365843059133
2
copy 649 227243
copy 649 227243
copy 649 227243
copy 649 227243
copy 649 227243
copy 649 227243
copy 649 227243
copy 649 227243
copy 649 227243
copy 649 227243
values 648
0 5.8923190017991781e-14 7.3723309930327121e-14 8.4260892851793833e-14 1.0542524796811055e-13 1.2049412229741081e-13 1.306496393980629e-13 1.5075941272362078e-13
1.7230808999093469e-13 1.8683060545575118e-13 2.1558783083579759e-13 2.4640270670664928e-13 2.6717008401846472e-13 3.0829327313506099e-13 3.5235892798508471e-13 3.8205653522510934e-13
4.4086320592334377e-13 5.0387763913085001e-13 5.4634558597558607e-13 6.3043985475434103e-13 7.2055127613178071e-13 7.8128096706717216e-13 9.015368148726457e-13 1.0303972655557954e-12
1.1172414771347525e-12 1.2892088316456781e-12 1.4734808750386335e-12 1.5976691751700189e-12 1.8435846259123685e-12 2.1070959344340876e-12 2.2846867445654114e-12 2.636348890475615e-12
3.0131733313418472e-12 3.2671303933978828e-12 3.7700116255158971e-12 4.3088752516378299e-12 4.6720370015078903e-12 5.3911634032477758e-12 6.161745074887163e-12 6.6810708833562472e-12
7.7094305608516202e-12 8.811371912766486e-12 9.5540142627346984e-12 1.1024581361564287e-11 1.2600371167824067e-11 1.3662358943074667e-11 1.576528814137534e-11 1.8018687116917257e-11
1.9537342812798325e-11 2.2544557659768014e-11 2.5766946155239877e-11 2.7938642644013293e-11 3.223899718906535e-11 3.6847052721376152e-11 3.9952605646994728e-11 4.610216600573826e-11
5.2691742594252864e-11 5.7132721811963592e-11 6.5926669429455264e-11 7.5349845715294158e-11 8.1700501100827524e-11 9.427595531020583e-11 1.0775121432286606e-10 1.1683273032387857e-10
1.3481578588104581e-10 1.5408557347179294e-10 1.6707225403778933e-10 1.9278824662046598e-10 2.2034428197708851e-10 2.3891539632676596e-10 2.7568958480713857e-10 3.1509505728572691e-10
3.4165198123839803e-10 3.9423952706390815e-10 4.5058984165615699e-10 4.8856657242999972e-10 5.6376741547310509e-10 6.4434906454153641e-10 6.9865626076799825e-10 8.0619439942079091e-10
9.2142715745549168e-10 9.9908712190958874e-10 1.1528679945293082e-09 1.3176522683409235e-09 1.4287069811245102e-09 1.6486155371023688e-09 1.8842590933161709e-09 2.0430687105770026e-09
2.3575406742772901e-09 2.6945138835567612e-09 2.9216136067686809e-09 3.371312416866237e-09 3.8531882873402029e-09 4.1779437094140703e-09 4.8210185877707806e-09 5.5101070617226097e-09
5.9745113448927812e-09 6.8941164002937139e-09 7.8795214683379247e-09 8.5436253556557605e-09 9.858671995449804e-09 1.1267813469778249e-08 1.2217490268924079e-08 1.4098023281087257e-08
1.6113113074174708e-08 1.7471162680657786e-08 2.0160348221932097e-08 2.3041951629524935e-08 2.4983979417639442e-08 2.8829548109401031e-08 3.2950276737542255e-08 3.5727400571461585e-08
4.122661151696191e-08 4.7119304585702866e-08 5.1090626127095789e-08 5.8954566014035529e-08 6.7381190219583128e-08 7.3060229300412825e-08 8.4305760915453533e-08 9.6355938087958501e-08
1.0447703443974849e-07 1.2055828418517258e-07 1.3779018706190991e-07 1.49403455612515e-07 1.7239984228656241e-07 1.9704167721583108e-07 2.1364879534203654e-07 2.4653391362787056e-07
2.8177204333559171e-07 3.0552042831919506e-07 3.5254655551046114e-07 4.0293751823147608e-07 4.36898003430861e-07 5.0414594882024309e-07 5.7620565076845226e-07 6.247695659893787e-07
7.2093496231683186e-07 8.2398123022826475e-07 8.9342823158112105e-07 1.030945941561243e-06 1.1783033832851425e-06 1.2776134569265161e-06 1.4742654885344619e-06 1.6849884586285908e-06
1.8270030961871549e-06 2.1082179414687012e-06 2.409554403379395e-06 2.6126370972229348e-06 3.0147778153233447e-06 3.4456926948748862e-06 3.7361034669457658e-06 4.3111696836400017e-06
4.9273833082426305e-06 5.3426743157559581e-06 6.1650261411198578e-06 7.0462192703547723e-06 7.6400905640798625e-06 8.8160638781911091e-06 1.0076180986947918e-05 1.0925424305801606e-05
1.2607080736599746e-05 1.4409063837807425e-05 1.562349232128197e-05 1.8028281883519616e-05 2.0605140077470768e-05 2.2341787877614819e-05 2.5780666790534287e-05 2.9465605981852449e-05
3.194903388459431e-05 3.6866673400094444e-05 4.2136182166850423e-05 4.5687514882444946e-05 5.2719800408275806e-05 6.0255263329438683e-05 6.533371317810455e-05 7.5389968737491693e-05
8.6165774215689577e-05 9.342802051330148e-05 0.00010780859074245985 0.00012321812628378001 0.00012837666049145543 0.00013003707734822044 0.00013170816319115503 0.00013749942900261188
0.0001565180314767176 0.0001767681471939306 0.00019105427466329205 0.00022046161305365458 0.00025197311912613957 0.0002732099833930462 0.00031526284218107473 0.00036032468686330519
0.00039011017193689044 0.00044805226243616405 0.00051000468124037866 0.00052946507313226686 0.00053180279719477195 0.00053414567072102178 0.00055869679054686876 0.00064469217382827815
0.0007368407391457664 0.00079894334285934875 0.00092191780799287559 0.001053691399787422 0.0011043155563285208 0.0011412232397345001 0.0011787375789259838 0.0012293888104630676
0.0013704923548943646 0.0015192596702174389 0.0016219538671254654 0.0018291871116053037 0.0020488754833695591 0.0021286536844477952 0.0021754105698168127 0.0022226754101569513
0.00233633653196699 0.0026959486846414239 0.003081291974888105 0.0032101904927094786 0.0032513658779457014 0.0032928036503629462 0.0034376073844505778 0.0039135266631643286
0.004420289753671508 0.0045942729580826904 0.00466584923259937 0.0047379787654307755 0.0049395362085967818 0.0055852997554365798 0.0062707222354510747 0.0064846664382575353
0.0065088908507355677 0.0065331604258012412 0.0067443143854467192 0.0074695456022225654 0.0082318042750425813 0.0085588717787650637 0.0089010047132213228 0.0092498425166215453
0.00950077290459647 0.010018803182515043 0.010550583894164831 0.010977768741120487 0.011930729063388197 0.012923348318830607 0.013237035075345632 0.013296885156436514
0.013356870235926856 0.013658067103976096 0.014655755119882236 0.015192246987791938 0.015688609371390268 0.016325221535292877 0.017482979707845861 0.018680396813573544
0.019046330469556613 0.019080861781889554 0.019115424368798609 0.0194754161723346 0.020702124378018372 0.021966295401658554 0.022730245880790534 0.024092801903628797
0.025495016859641756 0.026070756380505027 0.026625231877418214 0.027185541814428529 0.027614527147053404 0.028534383590235447 0.029469310542266404 0.030192841777613461
0.031760195650737004 0.033367208457035231 0.034074173710931702 0.034320729057771913 0.035990481856038078 0.037699893587478939 0.038306306356173145 0.038656254451085621
0.03900779376516806 0.039521326653933604 0.040949882995203822 0.042403801624931028 0.04336968228158275 0.045244232930134187 0.047158442511860327 0.048290748225235131
0.050267697798929228 0.052284306305798001 0.053218016038404134 0.05439277192836086 0.055580352671162528 0.05619301723146515 0.057107337592271129 0.058029036529554913
0.058926058776033872 0.060307379214091607 0.061107806200013222 0.063329212557167294 0.064640303383180234 0.066924449732302216 0.0692482550145989 0.070618940878157885
0.073005486152422513 0.07543169035986183 0.076572438965270079 0.078049921431083039 0.079541522192999869 0.08027411679595492 0.081295122789556723 0.082322580900214368
0.083369394531607161 0.085960737656157069 0.088591739713881665 0.090141210690078771 0.092834952739771312 0.095568353722638569 0.097177419736381707 0.099973560711216894
0.10280936061922676 0.10447802167051595 0.10737656157049379 0.11031476040364629 0.11153476546101723 0.11276788004503058 0.11400777378701207 0.11488451212858773
0.11666195398497145 0.11845304038600855 0.1198724042022784 0.12297574195254149 0.12611873863597933 0.1279661847999066 0.13117192147531231 0.13397459621556132
0.13441731708389279 0.1363243582853661 0.13963249388591453 0.14298028841963759 0.14494692465865691 0.14835745918434792 0.15180765264321369 0.15383388391977906
0.15734681737061276 0.16089940975462116 0.16212165713007878 0.16274447870028058 0.16336849432249942 0.16441767425089437 0.16741587248916825 0.17044116074360102
0.17240098110551735 0.17611871240663626 0.17987610264092993 0.18208111903013344 0.18590124925639506 0.18976103841583131 0.19202564984258086 0.19594817899398512
0.19991036707856405 0.20223457354285965 0.20625950161940648 0.21032408862912808 0.21270789013096969 0.21683521713265921 0.22100220306752338 0.22344559960691104
0.22767532553374314 0.23194471039375 0.23327161405988653 0.23353661997897626 0.23380177634130528 0.23395555688102193 0.2350565796616356 0.23912599077658417
0.24323032601734107 0.24571419722228771 0.25014872099940516 0.25462290370969731 0.25724508536172308 0.26178200806398311 0.26635858969941789 0.26904036638898976
0.27367968801639248 0.27835866857696978 0.28110004030408769 0.28584176085663299 0.29062314034235304 0.29289321881345248 0.29342410710701694 0.29826822658470492
0.30315200499556755 0.3060125667977775 0.31095908520060817 0.31594526253661348 0.31886541937636947 0.32391433670434266 0.32900291296549067 0.33093608460652857
0.33246751885174464 0.3340024883415082 0.33550193724725613 0.33913012478876126 0.34277782495168274 0.34536430319704725 0.35061801837530571 0.35591139248673898
0.35721239031346069 0.35901033443913311 0.3643664485425343 0.36976222157911021 0.37292075856905033 0.37837927159759416 0.38387744355931264 0.3870955755867988
0.39265648754048521 0.39825705842734638 0.40153478549237864 0.40719809637120774 0.41290106618321143 0.41623838828578974 0.42200409808976141 0.42780946682690785
0.43120638396703215 0.43707449269614657 0.44298226035843563 0.44643877253610603 0.45240928019036303 0.45841944677779467 0.46193555399301106 0.46800846057241063
0.47412102608498502 0.47617290403087092 0.47708656552975098 0.47800110273724233 0.47979456177087254 0.48506122325630441 0.4903566330067603 0.49372229557031516
0.49999999999999989 0.5063173633628596 0.5100122556907144 0.51639235904554182 0.52281212133354382 0.52656660869894467 0.53304911097891483 0.53957127219205958
0.54338535459500636 0.54997025580011905 0.55659481593840654 0.56046849337889948 0.56715579350915479 0.5738827525725847 0.57781602505062368 0.58460572410602174
0.59143508209459439 0.59542794961017931 0.60232004759071989 0.60925180450443517 0.61330426705756613 0.62029876396324934 0.62733291980210748 0.63144497739278449
0.63854187322361056 0.6456784279876111 0.64985008061583416 0.65704937537180264 0.65797985667433112 0.66428832906094581 0.66836611270071467 0.6751368545690376
0.68194171860727404 0.68408354590909326 0.68461716208287782 0.68515098629793103 0.6874534657254272 0.69485755833168095 0.70230130987110939 0.70665174761197058
0.71415823914336729 0.72170438960793826 0.7261144223863456 0.73372331284288461 0.74118095489747926 0.74137186223259854 0.74584149004855183 0.75355277943023347
0.76130372774508981 0.76583295059858914 0.77364663890541374 0.78149998614541272 0.78608880403645809 0.79400489126842499 0.80196063743356683 0.80660905036215835
0.81462753651926789 0.82268568160955213 0.82635182233306947 0.82739368957568959 0.83551457465794199 0.84367511867336886 0.84844272167705248 0.85666600568444728
0.86492894862501679 0.86975614666624634 0.87808182959878378 0.88644717146449625 0.89133396454327185 0.89976204640095225 0.90822978719180703 0.91317617530812867
0.92170665609095137 0.93027679580694878 0.93528277896081646 0.94391565866878191 0.95258819730992217 0.95765377550133601 0.96638905413444398 0.97516399170072665
0.97775882731219177 0.97787542547384743 0.97799203058727913 0.980556646364383 0.98927824388064578 0.99803845713897188 0.99999999999999978 1.0031889472458686
1.0121290237292617 1.0211087591458301 1.0263531224498819 1.0353955978584179 1.0444777322001284 1.0497816905417263 1.0589265648754052 1.0681110981422584
1.0734746515214024 1.0827219247802236 1.0920088569722195 1.0974320053889095 1.1067816775728734 1.1161710086900121 1.1216537521442482 1.1311058232533548
1.1405975532956361 1.1461398917874182 1.1556943618216673 1.165288490789091 1.1708904243184193 1.1736481776669303 1.1805472932778109 1.1902438211703776
1.1959053497372518 1.2056646176217862 1.2154635444394952 1.2211846680439153 1.2310463348535927 1.2409476605964445 1.2467283792384107 1.2566924449732304
1.2588190451025207 1.2666961696412249 1.2725364833207373 1.2826029479806995 1.2927090715738365 1.2986089802908949 1.308777843876 1.3189863663942798
1.3249458701488841 1.3352171326591316 1.3420201433256687 1.3455280541025543 1.3515471528947047 1.3619208143300949 1.3723341346986597 1.3779787325374859
1.3869562416926198 1.395962900134736 1.3990265931216801 1.4005299954757493 1.4020342051786712 1.4055428970498394 1.4161213563355148 1.4267394745543649
1.4329373584591536 1.4436182166699716 1.4543387338139648 1.4605962127562995 1.4713794698922604 1.482202385961396 1.4885194599412765 1.4994051160023798
1.4999999999999998 1.5103304309966579 1.5167071000140846 1.5276951550003306 1.5387228689197516 1.5451591329747245 1.556249586886113 1.5673796997306764
1.5738755588231952 1.5850684116597269 1.5963009234294327 1.6028563775594975 1.6141516293211715 1.6254865400160203 1.6321015891836315 1.6427876096865393
1.6434992398704478 1.6549365494904391 1.661611193695596 1.6731112433075555 1.6846509518526893 1.6913851910953923 1.7029876396324941 1.7146297471027707
1.7214235813830197 1.7331284288452642 1.7448729352406835 1.7517263645584786 1.7635336109458661 1.7660444431189777 1.775380516266428 1.782293540621769
1.7942031859342988 1.8061524901800032 1.8131251095728904 1.8251371538105625 1.8371888569814101 1.8442210714118432 1.8563355145746587 1.8660254037844388
1.8684896166706484 1.8755814261386277 1.8877982682265853 1.9000547692477174 1.9072061737532429 1.919525414766343 1.9318843147126183 1.9390953142556897
1.9396926207859082 1.9515169541939326 1.9639782530653502 1.9712488476459675 1.9837728865093531 1.9848077530122081 1.9963365843059133 2
copy 648 234382
copy 648 234382
copy 648 234382
values 647
0 7.3723309930327121e-14 8.4260892851793833e-14 1.0542524796811055e-13 1.2049412229741081e-13 1.306496393980629e-13 1.5075941272362078e-13 1.7230808999093469e-13
1.8683060545575118e-13 2.1558783083579759e-13 2.4640270670664928e-13 2.6717008401846472e-13 3.0829327313506099e-13 3.5235892798508471e-13 3.8205653522510934e-13 4.4086320592334377e-13
5.0387763913085001e-13 5.4634558597558607e-13 6.3043985475434103e-13 7.2055127613178071e-13 7.8128096706717216e-13 9.015368148726457e-13 1.0303972655557954e-12 1.1172414771347525e-12
1.2892088316456781e-12 1.4734808750386335e-12 1.5976691751700189e-12 1.8435846259123685e-12 2.1070959344340876e-12 2.2846867445654114e-12 2.636348890475615e-12 3.0131733313418472e-12
3.2671303933978828e-12 3.7700116255158971e-12 4.3088752516378299e-12 4.6720370015078903e-12 5.3911634032477758e-12 6.161745074887163e-12 6.6810708833562472e-12 7.7094305608516202e-12
8.811371912766486e-12 9.5540142627346984e-12 1.1024581361564287e-11 1.2600371167824067e-11 1.3662358943074667e-11 1.576528814137534e-11 1.8018687116917257e-11 1.9537342812798325e-11
2.2544557659768014e-11 2.5766946155239877e-11 2.7938642644013293e-11 3.223899718906535e-11 3.6847052721376152e-11 3.9952605646994728e-11 4.610216600573826e-11 5.2691742594252864e-11
5.7132721811963592e-11 6.5926669429455264e-11 7.5349845715294158e-11 8.1700501100827524e-11 9.427595531020583e-11 1.0775121432286606e-10 1.1683273032387857e-10 1.3481578588104581e-10
1.5408557347179294e-10 1.6707225403778933e-10 1.9278824662046598e-10 2.2034428197708851e-10 2.3891539632676596e-10 2.7568958480713857e-10 3.1509505728572691e-10 3.4165198123839803e-10
3.9423952706390815e-10 4.5058984165615699e-10 4.8856657242999972e-10 5.6376741547310509e-10 6.4434906454153641e-10 6.9865626076799825e-10 8.0619439942079091e-10 9.2142715745549168e-10
9.9908712190958874e-10 1.1528679945293082e-09 1.3176522683409235e-09 1.4287069811245102e-09 1.6486155371023688e-09 1.8842590933161709e-09 2.0430687105770026e-09 2.3575406742772901e-09
2.6945138835567612e-09 2.9216136067686809e-09 3.371312416866237e-09 3.8531882873402029e-09 4.1779437094140703e-09 4.8210185877707806e-09 5.5101070617226097e-09 5.9745113448927812e-09
6.8941164002937139e-09 7.8795214683379247e-09 8.5436253556557605e-09 9.858671995449804e-09 1.1267813469778249e-08 1.2217490268924079e-08 1.4098023281087257e-08 1.6113113074174708e-08
1.7471162680657786e-08 2.0160348221932097e-08 2.3041951629524935e-08 2.4983979417639442e-08 2.8829548109401031e-08 3.2950276737542255e-08 3.5727400571461585e-08 4.122661151696191e-08
4.7119304585702866e-08 5.1090626127095789e-08 5.8954566014035529e-08 6.7381190219583128e-08 7.3060229300412825e-08 8.4305760915453533e-08 9.6355938087958501e-08 1.0447703443974849e-07
1.2055828418517258e-07 1.3779018706190991e-07 1.49403455612515e-07 1.7239984228656241e-07 1.9704167721583108e-07 2.1364879534203654e-07 2.4653391362787056e-07 2.8177204333559171e-07
3.0552042831919506e-07 3.5254655551046114e-07 4.0293751823147608e-07 4.36898003430861e-07 5.0414594882024309e-07 5.7620565076845226e-07 6.247695659893787e-07 7.2093496231683186e-07
8.2398123022826475e-07 8.9342823158112105e-07 1.030945941561243e-06 1.1783033832851425e-06 1.2776134569265161e-06 1.4742654885344619e-06 1.6849884586285908e-06 1.8270030961871549e-06
2.1082179414687012e-06 2.409554403379395e-06 2.6126370972229348e-06 3.0147778153233447e-06 3.4456926948748862e-06 3.7361034669457658e-06 4.3111696836400017e-06 4.9273833082426305e-06
5.3426743157559581e-06 6.1650261411198578e-06 7.0462192703547723e-06 7.6400905640798625e-06 8.8160638781911091e-06 1.0076180986947918e-05 1.0925424305801606e-05 1.2607080736599746e-05
1.4409063837807425e-05 1.562349232128197e-05 1.8028281883519616e-05 2.0605140077470768e-05 2.2341787877614819e-05 2.5780666790534287e-05 2.9465605981852449e-05 3.194903388459431e-05
3.6866673400094444e-05 4.2136182166850423e-05 4.5687514882444946e-05 5.2719800408275806e-05 6.0255263329438683e-05 6.533371317810455e-05 7.5389968737491693e-05 8.6165774215689577e-05
9.342802051330148e-05 0.00010780859074245985 0.00012321812628378001 0.00012837666049145543 0.00013003707734822044 0.00013170816319115503 0.00013749942900261188 0.0001565180314767176
0.0001767681471939306 0.00019105427466329205 0.00022046161305365458 0.00025197311912613957 0.0002732099833930462 0.00031526284218107473 0.00036032468686330519 0.00039011017193689044
0.00044805226243616405 0.00051000468124037866 0.00052946507313226686 0.00053180279719477195 0.00053414567072102178 0.00055869679054686876 0.00064469217382827815 0.0007368407391457664
0.00079894334285934875 0.00092191780799287559 0.001053691399787422 0.0011043155563285208 0.0011412232397345001 0.0011787375789259838 0.0012293888104630676 0.0013704923548943646
0.0015192596702174389 0.0016219538671254654 0.0018291871116053037 0.0020488754833695591 0.0021286536844477952 0.0021754105698168127 0.0022226754101569513 0.00233633653196699
0.0026959486846414239 0.003081291974888105 0.0032101904927094786 0.0032513658779457014 0.0032928036503629462 0.0034376073844505778 0.0039135266631643286 0.004420289753671508
0.0045942729580826904 0.00466584923259937 0.0047379787654307755 0.0049395362085967818 0.0055852997554365798 0.0062707222354510747 0.0064846664382575353 0.0065088908507355677
0.0065331604258012412 0.0067443143854467192 0.0074695456022225654 0.0082318042750425813 0.0085588717787650637 0.0089010047132213228 0.0092498425166215453 0.00950077290459647
0.010018803182515043 0.010550583894164831 0.010977768741120487 0.011930729063388197 0.012923348318830607 0.013237035075345632 0.013296885156436514 0.013356870235926856
0.013658067103976096 0.014655755119882236 0.015192246987791938 0.015688609371390268 0.016325221535292877 0.017482979707845861 0.018680396813573544 0.019046330469556613
0.019080861781889554 0.019115424368798609 0.0194754161723346 0.020702124378018372 0.021966295401658554 0.022730245880790534 0.024092801903628797 0.025495016859641756
0.026070756380505027 0.026625231877418214 0.027185541814428529 0.027614527147053404 0.028534383590235447 0.029469310542266404 0.030192841777613461 0.031760195650737004
0.033367208457035231 0.034074173710931702 0.034320729057771913 0.035990481856038078 0.037699893587478939 0.038306306356173145 0.038656254451085621 0.03900779376516806
0.039521326653933604 0.040949882995203822 0.042403801624931028 0.04336968228158275 0.045244232930134187 0.047158442511860327 0.048290748225235131 0.050267697798929228
0.052284306305798001 0.053218016038404134 0.05439277192836086 0.055580352671162528 0.05619301723146515 0.057107337592271129 0.058029036529554913 0.058926058776033872
0.060307379214091607 0.061107806200013222 0.063329212557167294 0.064640303383180234 0.066924449732302216 0.0692482550145989 0.070618940878157885 0.073005486152422513
0.07543169035986183 0.076572438965270079 0.078049921431083039 0.079541522192999869 0.08027411679595492 0.081295122789556723 0.082322580900214368 0.083369394531607161
0.085960737656157069 0.088591739713881665 0.090141210690078771 0.092834952739771312 0.095568353722638569 0.097177419736381707 0.099973560711216894 0.10280936061922676
0.10447802167051595 0.10737656157049379 0.11031476040364629 0.11153476546101723 0.11276788004503058 0.11400777378701207 0.11488451212858773 0.11666195398497145
0.11845304038600855 0.1198724042022784 0.12297574195254149 0.12611873863597933 0.1279661847999066 0.13117192147531231 0.13397459621556132 0.13441731708389279
0.1363243582853661 0.13963249388591453 0.14298028841963759 0.14494692465865691 0.14835745918434792 0.15180765264321369 0.15383388391977906 0.15734681737061276
0.16089940975462116 0.16212165713007878 0.16274447870028058 0.16336849432249942 0.16441767425089437 0.16741587248916825 0.17044116074360102 0.17240098110551735
0.17611871240663626 0.17987610264092993 0.18208111903013344 0.18590124925639506 0.18976103841583131 0.19202564984258086 0.19594817899398512 0.19991036707856405
0.20223457354285965 0.20625950161940648 0.21032408862912808 0.21270789013096969 0.21683521713265921 0.22100220306752338 0.22344559960691104 0.22767532553374314
0.23194471039375 0.23327161405988653 0.23353661997897626 0.23380177634130528 0.23395555688102193 0.2350565796616356 0.23912599077658417 0.24323032601734107
0.24571419722228771 0.25014872099940516 0.25462290370969731 0.25724508536172308 0.26178200806398311 0.26635858969941789 0.26904036638898976 0.27367968801639248
0.27835866857696978 0.28110004030408769 0.28584176085663299 0.29062314034235304 0.29289321881345248 0.29342410710701694 0.29826822658470492 0.30315200499556755
0.3060125667977775 0.31095908520060817 0.31594526253661348 0.31886541937636947 0.32391433670434266 0.32900291296549067 0.33093608460652857 0.33246751885174464
0.3340024883415082 0.33550193724725613 0.33913012478876126 0.34277782495168274 0.34536430319704725 0.35061801837530571 0.35591139248673898 0.35721239031346069
0.35901033443913311 0.3643664485425343 0.36976222157911021 0.37292075856905033 0.37837927159759416 0.38387744355931264 0.3870955755867988 0.39265648754048521
0.39825705842734638 0.40153478549237864 0.40719809637120774 0.41290106618321143 0.41623838828578974 0.42200409808976141 0.42780946682690785 0.43120638396703215
0.43707449269614657 0.44298226035843563 0.44643877253610603 0.45240928019036303 0.45841944677779467 0.46193555399301106 0.46800846057241063 0.47412102608498502
0.47617290403087092 0.47708656552975098 0.47800110273724233 0.47979456177087254 0.48506122325630441 0.4903566330067603 0.49372229557031516 0.49999999999999989
0.5063173633628596 0.5100122556907144 0.51639235904554182 0.52281212133354382 0.52656660869894467 0.53304911097891483 0.53957127219205958 0.54338535459500636
0.54997025580011905 0.55659481593840654 0.56046849337889948 0.56715579350915479 0.5738827525725847 0.57781602505062368 0.58460572410602174 0.59143508209459439
0.59542794961017931 0.60232004759071989 0.60925180450443517 0.61330426705756613 0.62029876396324934 0.62733291980210748 0.63144497739278449 0.63854187322361056
0.6456784279876111 0.64985008061583416 0.65704937537180264 0.65797985667433112 0.66428832906094581 0.66836611270071467 0.6751368545690376 0.68194171860727404
0.68408354590909326 0.68461716208287782 0.68515098629793103 0.6874534657254272 0.69485755833168095 0.70230130987110939 0.70665174761197058 0.71415823914336729
0.72170438960793826 0.7261144223863456 0.73372331284288461 0.74118095489747926 0.74137186223259854 0.74584149004855183 0.75355277943023347 0.76130372774508981
0.76583295059858914 0.77364663890541374 0.78149998614541272 0.78608880403645809 0.79400489126842499 0.80196063743356683 0.80660905036215835 0.81462753651926789
0.82268568160955213 0.82635182233306947 0.82739368957568959 0.83551457465794199 0.84367511867336886 0.84844272167705248 0.85666600568444728 0.86492894862501679
0.86975614666624634 0.87808182959878378 0.88644717146449625 0.89133396454327185 0.89976204640095225 0.90822978719180703 0.91317617530812867 0.92170665609095137
0.93027679580694878 0.93528277896081646 0.94391565866878191 0.95258819730992217 0.95765377550133601 0.96638905413444398 0.97516399170072665 0.97775882731219177
0.97787542547384743 0.97799203058727913 0.980556646364383 0.98927824388064578 0.99803845713897188 0.99999999999999978 1.0031889472458686 1.0121290237292617
1.0211087591458301 1.0263531224498819 1.0353955978584179 1.0444777322001284 1.0497816905417263 1.0589265648754052 1.0681110981422584 1.0734746515214024
1.0827219247802236 1.0920088569722195 1.0974320053889095 1.1067816775728734 1.1161710086900121 1.1216537521442482 1.1311058232533548 1.1405975532956361
1.1461398917874182 1.1556943618216673 1.165288490789091 1.1708904243184193 1.1736481776669303 1.1805472932778109 1.1902438211703776 1.1959053497372518
1.2056646176217862 1.2154635444394952 1.2211846680439153 1.2310463348535927 1.2409476605964445 1.2467283792384107 1.2566924449732304 1.2588190451025207
1.2666961696412249 1.2725364833207373 1.2826029479806995 1.2927090715738365 1.2986089802908949 1.308777843876 1.3189863663942798 1.3249458701488841
1.3352171326591316 1.3420201433256687 1.3455280541025543 1.3515471528947047 1.3619208143300949 1.3723341346986597 1.3779787325374859 1.3869562416926198
1.395962900134736 1.3990265931216801 1.4005299954757493 1.4020342051786712 1.4055428970498394 1.4161213563355148 1.4267394745543649 1.4329373584591536
1.4436182166699716 1.4543387338139648 1.4605962127562995 1.4713794698922604 1.482202385961396 1.4885194599412765 1.4994051160023798 1.4999999999999998
1.5103304309966579 1.5167071000140846 1.5276951550003306 1.5387228689197516 1.5451591329747245 1.556249586886113 1.5673796997306764 1.5738755588231952
1.5850684116597269 1.5963009234294327 1.6028563775594975 1.6141516293211715 1.6254865400160203 1.6321015891836315 1.6427876096865393 1.6434992398704478
1.6549365494904391 1.661611193695596 1.6731112433075555 1.6846509518526893 1.6913851910953923 1.7029876396324941 1.7146297471027707 1.7214235813830197
1.7331284288452642 1.7448729352406835 1.7517263645584786 1.7635336109458661 1.7660444431189777 1.775380516266428 1.782293540621769 1.7942031859342988
1.8061524901800032 1.8131251095728904 1.8251371538105625 1.8371888569814101 1.8442210714118432 1.8563355145746587 1.8660254037844388 1.8684896166706484
1.8755814261386277 1.8877982682265853 1.9000547692477174 1.9072061737532429 1.919525414766343 1.9318843147126183 1.9390953142556897 1.9396926207859082
1.9515169541939326 1.9639782530653502 1.9712488476459675 1.9837728865093531 1.9848077530122081 1.9963365843059133 2
copy 647 236974
copy 647 236974
copy 647 236974
copy 647 236974
copy 647 236974
copy 647 236974
copy 647 236974
copy 647 236974
copy 647 236974
copy 647 236974
copy 647 236974
copy 647 236974
copy 647 236974
copy 647 236974
copy 647 236974
copy 647 236974
copy 647 236974
copy 647 236974
copy 647 236974
copy 647 236974
copy 647 236974
copy 647 236974
copy 647 236974
copy 647 236974
copy 647 236974
copy 647 236974
copy 647 236974
copy 647 236974
copy 647 236974
copy 647 236974
copy 647 236974
copy 647 236974
copy 647 236974
copy 647 236974
copy 647 236974
copy 647 236974
copy 647 236974
copy 647 236974
copy 647 236974
copy 647 236974
copy 647 236974
copy 647 236974
copy 647 236974
copy 647 236974
copy 647 236974
copy 647 236974
copy 647 236974
copy 647 236974
copy 647 236974
copy 647 236974
copy 647 236974
copy 647 236974
copy 647 236974
copy 647 236974
copy 647 236974
copy 647 236974
copy 647 236974
copy 647 236974
copy 647 236974
copy 647 236974
copy 647 236974
copy 647 236974
copy 647 236974
copy 647 236974
copy 647 236974
copy 647 236974
copy 647 236974
copy 647 236974
copy 647 236974
copy 647 236974
copy 647 236974
copy 647 236974
copy 647 236974
copy 647 236974
copy 647 236974
copy 647 236974
copy 647 236974
copy 647 236974
copy 647 236974
copy 647 236974
copy 647 236974
copy 647 236974
copy 647 236974
copy 647 236974
copy 647 236974
copy 647 236974
copy 647 236974
copy 647 236974
copy 647 236974
copy 647 236974
copy 647 236974
copy 647 236974
copy 647 236974
copy 647 236974
copy 647 236974
copy 647 236974
copy 647 236974
copy 647 236974
copy 647 236974
copy 647 236974
copy 647 236974
copy 647 236974
copy 647 236974
copy 647 236974
copy 647 236974
copy 647 236974
copy 647 236974
copy 647 236974
copy 647 236974
copy 647 236974
copy 647 236974
values 646
0 8.4260892851793833e-14 1.0542524796811055e-13 1.2049412229741081e-13 1.306496393980629e-13 1.5075941272362078e-13 1.7230808999093469e-13 1.8683060545575118e-13
2.1558783083579759e-13 2.4640270670664928e-13 2.6717008401846472e-13 3.0829327313506099e-13 3.5235892798508471e-13 3.8205653522510934e-13 4.4086320592334377e-13 5.0387763913085001e-13
5.4634558597558607e-13 6.3043985475434103e-13 7.2055127613178071e-13 7.8128096706717216e-13 9.015368148726457e-13 1.0303972655557954e-12 1.1172414771347525e-12 1.2892088316456781e-12
1.4734808750386335e-12 1.5976691751700189e-12 1.8435846259123685e-12 2.1070959344340876e-12 2.2846867445654114e-12 2.636348890475615e-12 3.0131733313418472e-12 3.2671303933978828e-12
3.7700116255158971e-12 4.3088752516378299e-12 4.6720370015078903e-12 5.3911634032477758e-12 6.161745074887163e-12 6.6810708833562472e-12 7.7094305608516202e-12 8.811371912766486e-12
9.5540142627346984e-12 1.1024581361564287e-11 1.2600371167824067e-11 1.3662358943074667e-11 1.576528814137534e-11 1.8018687116917257e-11 1.9537342812798325e-11 2.2544557659768014e-11
2.5766946155239877e-11 2.7938642644013293e-11 3.223899718906535e-11 3.6847052721376152e-11 3.9952605646994728e-11 4.610216600573826e-11 5.2691742594252864e-11 5.7132721811963592e-11
6.5926669429455264e-11 7.5349845715294158e-11 8.1700501100827524e-11 9.427595531020583e-11 1.0775121432286606e-10 1.1683273032387857e-10 1.3481578588104581e-10 1.5408557347179294e-10
1.6707225403778933e-10 1.9278824662046598e-10 2.2034428197708851e-10 2.3891539632676596e-10 2.7568958480713857e-10 3.1509505728572691e-10 3.4165198123839803e-10 3.9423952706390815e-10
4.5058984165615699e-10 4.8856657242999972e-10 5.6376741547310509e-10 6.4434906454153641e-10 6.9865626076799825e-10 8.0619439942079091e-10 9.2142715745549168e-10 9.9908712190958874e-10
1.1528679945293082e-09 1.3176522683409235e-09 1.4287069811245102e-09 1.6486155371023688e-09 1.8842590933161709e-09 2.0430687105770026e-09 2.3575406742772901e-09 2.6945138835567612e-09
2.9216136067686809e-09 3.371312416866237e-09 3.8531882873402029e-09 4.1779437094140703e-09 4.8210185877707806e-09 5.5101070617226097e-09 5.9745113448927812e-09 6.8941164002937139e-09
7.8795214683379247e-09 8.5436253556557605e-09 9.858671995449804e-09 1.1267813469778249e-08 1.2217490268924079e-08 1.4098023281087257e-08 1.6113113074174708e-08 1.7471162680657786e-08
2.0160348221932097e-08 2.3041951629524935e-08 2.4983979417639442e-08 2.8829548109401031e-08 3.2950276737542255e-08 3.5727400571461585e-08 4.122661151696191e-08 4.7119304585702866e-08
5.1090626127095789e-08 5.8954566014035529e-08 6.7381190219583128e-08 7.3060229300412825e-08 8.4305760915453533e-08 9.6355938087958501e-08 1.0447703443974849e-07 1.2055828418517258e-07
1.3779018706190991e-07 1.49403455612515e-07 1.7239984228656241e-07 1.9704167721583108e-07 2.1364879534203654e-07 2.4653391362787056e-07 2.8177204333559171e-07 3.0552042831919506e-07
3.5254655551046114e-07 4.0293751823147608e-07 4.36898003430861e-07 5.0414594882024309e-07 5.7620565076845226e-07 6.247695659893787e-07 7.2093496231683186e-07 8.2398123022826475e-07
8.9342823158112105e-07 1.030945941561243e-06 1.1783033832851425e-06 1.2776134569265161e-06 1.4742654885344619e-06 1.6849884586285908e-06 1.8270030961871549e-06 2.1082179414687012e-06
2.409554403379395e-06 2.6126370972229348e-06 3.0147778153233447e-06 3.4456926948748862e-06 3.7361034669457658e-06 4.3111696836400017e-06 4.9273833082426305e-06 5.3426743157559581e-06
6.1650261411198578e-06 7.0462192703547723e-06 7.6400905640798625e-06 8.8160638781911091e-06 1.0076180986947918e-05 1.0925424305801606e-05 1.2607080736599746e-05 1.4409063837807425e-05
1.562349232128197e-05 1.8028281883519616e-05 2.0605140077470768e-05 2.2341787877614819e-05 2.5780666790534287e-05 2.9465605981852449e-05 3.194903388459431e-05 3.6866673400094444e-05
4.2136182166850423e-05 4.5687514882444946e-05 5.2719800408275806e-05 6.0255263329438683e-05 6.533371317810455e-05 7.5389968737491693e-05 8.6165774215689577e-05 9.342802051330148e-05
0.00010780859074245985 0.00012321812628378001 0.00012837666049145543 0.00013003707734822044 0.00013170816319115503 0.00013749942900261188 0.0001565180314767176 0.0001767681471939306
0.00019105427466329205 0.00022046161305365458 0.00025197311912613957 0.0002732099833930462 0.00031526284218107473 0.00036032468686330519 0.00039011017193689044 0.00044805226243616405
0.00051000468124037866 0.00052946507313226686 0.00053180279719477195 0.00053414567072102178 0.00055869679054686876 0.00064469217382827815 0.0007368407391457664 0.00079894334285934875
0.00092191780799287559 0.001053691399787422 0.0011043155563285208 0.0011412232397345001 0.0011787375789259838 0.0012293888104630676 0.0013704923548943646 0.0015192596702174389
0.0016219538671254654 0.0018291871116053037 0.0020488754833695591 0.0021286536844477952 0.0021754105698168127 0.0022226754101569513 0.00233633653196699 0.0026959486846414239
0.003081291974888105 0.0032101904927094786 0.0032513658779457014 0.0032928036503629462 0.0034376073844505778 0.0039135266631643286 0.004420289753671508 0.0045942729580826904
0.00466584923259937 0.0047379787654307755 0.0049395362085967818 0.0055852997554365798 0.0062707222354510747 0.0064846664382575353 0.0065088908507355677 0.0065331604258012412
0.0067443143854467192 0.0074695456022225654 0.0082318042750425813 0.0085588717787650637 0.0089010047132213228 0.0092498425166215453 0.00950077290459647 0.010018803182515043
0.010550583894164831 0.010977768741120487 0.011930729063388197 0.012923348318830607 0.013237035075345632 0.013296885156436514 0.013356870235926856 0.013658067103976096
0.014655755119882236 0.015192246987791938 0.015688609371390268 0.016325221535292877 0.017482979707845861 0.018680396813573544 0.019046330469556613 0.019080861781889554
0.019115424368798609 0.0194754161723346 0.020702124378018372 0.021966295401658554 0.022730245880790534 0.024092801903628797 0.025495016859641756 0.026070756380505027
0.026625231877418214 0.027185541814428529 0.027614527147053404 0.028534383590235447 0.029469310542266404 0.030192841777613461 0.031760195650737004 0.033367208457035231
0.034074173710931702 0.034320729057771913 0.035990481856038078 0.037699893587478939 0.038306306356173145 0.038656254451085621 0.03900779376516806 0.039521326653933604
0.040949882995203822 0.042403801624931028 0.04336968228158275 0.045244232930134187 0.047158442511860327 0.048290748225235131 0.050267697798929228 0.052284306305798001
0.053218016038404134 0.05439277192836086 0.055580352671162528 0.05619301723146515 0.057107337592271129 0.058029036529554913 0.058926058776033872 0.060307379214091607
0.061107806200013222 0.063329212557167294 0.064640303383180234 0.066924449732302216 0.0692482550145989 0.070618940878157885 0.073005486152422513 0.07543169035986183
0.076572438965270079 0.078049921431083039 0.079541522192999869 0.08027411679595492 0.081295122789556723 0.082322580900214368 0.083369394531607161 0.085960737656157069
0.088591739713881665 0.090141210690078771 0.092834952739771312 0.095568353722638569 0.097177419736381707 0.099973560711216894 0.10280936061922676 0.10447802167051595
0.10737656157049379 0.11031476040364629 0.11153476546101723 0.11276788004503058 0.11400777378701207 0.11488451212858773 0.11666195398497145 0.11845304038600855
0.1198724042022784 0.12297574195254149 0.12611873863597933 0.1279661847999066 0.13117192147531231 0.13397459621556132 0.13441731708389279 0.1363243582853661
0.13963249388591453 0.14298028841963759 0.14494692465865691 0.14835745918434792 0.15180765264321369 0.15383388391977906 0.15734681737061276 0.16089940975462116
0.16212165713007878 0.16274447870028058 0.16336849432249942 0.16441767425089437 0.16741587248916825 0.17044116074360102 0.17240098110551735 0.17611871240663626
0.17987610264092993 0.18208111903013344 0.18590124925639506 0.18976103841583131 0.19202564984258086 0.19594817899398512 0.19991036707856405 0.20223457354285965
0.20625950161940648 0.21032408862912808 0.21270789013096969 0.21683521713265921 0.22100220306752338 0.22344559960691104 0.22767532553374314 0.23194471039375
0.23327161405988653 0.23353661997897626 0.23380177634130528 0.23395555688102193 0.2350565796616356 0.23912599077658417 0.24323032601734107 0.24571419722228771
0.25014872099940516 0.25462290370969731 0.25724508536172308 0.26178200806398311 0.26635858969941789 0.26904036638898976 0.27367968801639248 0.27835866857696978
0.28110004030408769 0.28584176085663299 0.29062314034235304 0.29289321881345248 0.29342410710701694 0.29826822658470492 0.30315200499556755 0.3060125667977775
0.31095908520060817 0.31594526253661348 0.31886541937636947 0.32391433670434266 0.32900291296549067 0.33093608460652857 0.33246751885174464 0.3340024883415082
0.33550193724725613 0.33913012478876126 0.34277782495168274 0.34536430319704725 0.35061801837530571 0.35591139248673898 0.35721239031346069 0.35901033443913311
0.3643664485425343 0.36976222157911021 0.37292075856905033 0.37837927159759416 0.38387744355931264 0.3870955755867988 0.39265648754048521 0.39825705842734638
0.40153478549237864 0.40719809637120774 0.41290106618321143 0.41623838828578974 0.42200409808976141 0.42780946682690785 0.43120638396703215 0.43707449269614657
0.44298226035843563 0.44643877253610603 0.45240928019036303 0.45841944677779467 0.46193555399301106 0.46800846057241063 0.47412102608498502 0.47617290403087092
0.47708656552975098 0.47800110273724233 0.47979456177087254 0.48506122325630441 0.4903566330067603 0.49372229557031516 0.49999999999999989 0.5063173633628596
0.5100122556907144 0.51639235904554182 0.52281212133354382 0.52656660869894467 0.53304911097891483 0.53957127219205958 0.54338535459500636 0.54997025580011905
0.55659481593840654 0.56046849337889948 0.56715579350915479 0.5738827525725847 0.57781602505062368 0.58460572410602174 0.59143508209459439 0.59542794961017931
0.60232004759071989 0.60925180450443517 0.61330426705756613 0.62029876396324934 0.62733291980210748 0.63144497739278449 0.63854187322361056 0.6456784279876111
0.64985008061583416 0.65704937537180264 0.65797985667433112 0.66428832906094581 0.66836611270071467 0.6751368545690376 0.68194171860727404 0.68408354590909326
0.68461716208287782 0.68515098629793103 0.6874534657254272 0.69485755833168095 0.70230130987110939 0.70665174761197058 0.71415823914336729 0.72170438960793826
0.7261144223863456 0.73372331284288461 0.74118095489747926 0.74137186223259854 0.74584149004855183 0.75355277943023347 0.76130372774508981 0.76583295059858914
0.77364663890541374 0.78149998614541272 0.78608880403645809 0.79400489126842499 0.80196063743356683 0.80660905036215835 0.81462753651926789 0.82268568160955213
0.82635182233306947 0.82739368957568959 0.83551457465794199 0.84367511867336886 0.84844272167705248 0.85666600568444728 0.86492894862501679 0.86975614666624634
0.87808182959878378 0.88644717146449625 0.89133396454327185 0.89976204640095225 0.90822978719180703 0.91317617530812867 0.92170665609095137 0.93027679580694878
0.93528277896081646 0.94391565866878191 0.95258819730992217 0.95765377550133601 0.96638905413444398 0.97516399170072665 0.97775882731219177 0.97787542547384743
0.97799203058727913 0.980556646364383 0.98927824388064578 0.99803845713897188 0.99999999999999978 1.0031889472458686 1.0121290237292617 1.0211087591458301
1.0263531224498819 1.0353955978584179 1.0444777322001284 1.0497816905417263 1.0589265648754052 1.0681110981422584 1.0734746515214024 1.0827219247802236
1.0920088569722195 1.0974320053889095 1.1067816775728734 1.1161710086900121 1.1216537521442482 1.1311058232533548 1.1405975532956361 1.1461398917874182
1.1556943618216673 1.165288490789091 1.1708904243184193 1.1736481776669303 1.1805472932778109 1.1902438211703776 1.1959053497372518 1.2056646176217862
1.2154635444394952 1.2211846680439153 1.2310463348535927 1.2409476605964445 1.2467283792384107 1.2566924449732304 1.2588190451025207 1.2666961696412249
1.2725364833207373 1.2826029479806995 1.2927090715738365 1.2986089802908949 1.308777843876 1.3189863663942798 1.3249458701488841 1.3352171326591316
1.3420201433256687 1.3455280541025543 1.3515471528947047 1.3619208143300949 1.3723341346986597 1.3779787325374859 1.3869562416926198 1.395962900134736
1.3990265931216801 1.4005299954757493 1.4020342051786712 1.4055428970498394 1.4161213563355148 1.4267394745543649 1.4329373584591536 1.4436182166699716
1.4543387338139648 1.4605962127562995 1.4713794698922604 1.482202385961396 1.4885194599412765 1.4994051160023798 1.4999999999999998 1.5103304309966579
1.5167071000140846 1.5276951550003306 1.5387228689197516 1.5451591329747245 1.556249586886113 1.5673796997306764 1.5738755588231952 1.5850684116597269
1.5963009234294327 1.6028563775594975 1.6141516293211715 1.6254865400160203 1.6321015891836315 1.6427876096865393 1.6434992398704478 1.6549365494904391
1.661611193695596 1.6731112433075555 1.6846509518526893 1.6913851910953923 1.7029876396324941 1.7146297471027707 1.7214235813830197 1.7331284288452642
1.7448729352406835 1.7517263645584786 1.7635336109458661 1.7660444431189777 1.775380516266428 1.782293540621769 1.7942031859342988 1.8061524901800032
1.8131251095728904 1.8251371538105625 1.8371888569814101 1.8442210714118432 1.8563355145746587 1.8660254037844388 1.8684896166706484 1.8755814261386277
1.8877982682265853 1.9000547692477174 1.9072061737532429 1.919525414766343 1.9318843147126183 1.9390953142556897 1.9396926207859082 1.9515169541939326
1.9639782530653502 1.9712488476459675 1.9837728865093531 1.9848077530122081 1.9963365843059133 2
copy 646 309438
copy 646 309438
copy 646 309438
copy 646 309438
copy 646 309438
values 645
0 8.4260892851793833e-14 1.0542524796811055e-13 1.2049412229741081e-13 1.5075941272362078e-13 1.7230808999093469e-13 1.8683060545575118e-13 2.1558783083579759e-13
2.4640270670664928e-13 2.6717008401846472e-13 3.0829327313506099e-13 3.5235892798508471e-13 3.8205653522510934e-13 4.4086320592334377e-13 5.0387763913085001e-13 5.4634558597558607e-13
6.3043985475434103e-13 7.2055127613178071e-13 7.8128096706717216e-13 9.015368148726457e-13 1.0303972655557954e-12 1.1172414771347525e-12 1.2892088316456781e-12 1.4734808750386335e-12
1.5976691751700189e-12 1.8435846259123685e-12 2.1070959344340876e-12 2.2846867445654114e-12 2.636348890475615e-12 3.0131733313418472e-12 3.2671303933978828e-12 3.7700116255158971e-12
4.3088752516378299e-12 4.6720370015078903e-12 5.3911634032477758e-12 6.161745074887163e-12 6.6810708833562472e-12 7.7094305608516202e-12 8.811371912766486e-12 9.5540142627346984e-12
1.1024581361564287e-11 1.2600371167824067e-11 1.3662358943074667e-11 1.576528814137534e-11 1.8018687116917257e-11 1.9537342812798325e-11 2.2544557659768014e-11 2.5766946155239877e-11
2.7938642644013293e-11 3.223899718906535e-11 3.6847052721376152e-11 3.9952605646994728e-11 4.610216600573826e-11 5.2691742594252864e-11 5.7132721811963592e-11 6.5926669429455264e-11
7.5349845715294158e-11 8.1700501100827524e-11 9.427595531020583e-11 1.0775121432286606e-10 1.1683273032387857e-10 1.3481578588104581e-10 1.5408557347179294e-10 1.6707225403778933e-10
1.9278824662046598e-10 2.2034428197708851e-10 2.3891539632676596e-10 2.7568958480713857e-10 3.1509505728572691e-10 3.4165198123839803e-10 3.9423952706390815e-10 4.5058984165615699e-10
4.8856657242999972e-10 5.6376741547310509e-10 6.4434906454153641e-10 6.9865626076799825e-10 8.0619439942079091e-10 9.2142715745549168e-10 9.9908712190958874e-10 1.1528679945293082e-09
1.3176522683409235e-09 1.4287069811245102e-09 1.6486155371023688e-09 1.8842590933161709e-09 2.0430687105770026e-09 2.3575406742772901e-09 2.6945138835567612e-09 2.9216136067686809e-09
3.371312416866237e-09 3.8531882873402029e-09 4.1779437094140703e-09 4.8210185877707806e-09 5.5101070617226097e-09 5.9745113448927812e-09 6.8941164002937139e-09 7.8795214683379247e-09
8.5436253556557605e-09 9.858671995449804e-09 1.1267813469778249e-08 1.2217490268924079e-08 1.4098023281087257e-08 1.6113113074174708e-08 1.7471162680657786e-08 2.0160348221932097e-08
2.3041951629524935e-08 2.4983979417639442e-08 2.8829548109401031e-08 3.2950276737542255e-08 3.5727400571461585e-08 4.122661151696191e-08 4.7119304585702866e-08 5.1090626127095789e-08
5.8954566014035529e-08 6.7381190219583128e-08 7.3060229300412825e-08 8.4305760915453533e-08 9.6355938087958501e-08 1.0447703443974849e-07 1.2055828418517258e-07 1.3779018706190991e-07
1.49403455612515e-07 1.7239984228656241e-07 1.9704167721583108e-07 2.1364879534203654e-07 2.4653391362787056e-07 2.8177204333559171e-07 3.0552042831919506e-07 3.5254655551046114e-07
4.0293751823147608e-07 4.36898003430861e-07 5.0414594882024309e-07 5.7620565076845226e-07 6.247695659893787e-07 7.2093496231683186e-07 8.2398123022826475e-07 8.9342823158112105e-07
1.030945941561243e-06 1.1783033832851425e-06 1.2776134569265161e-06 1.4742654885344619e-06 1.6849884586285908e-06 1.8270030961871549e-06 2.1082179414687012e-06 2.409554403379395e-06
2.6126370972229348e-06 3.0147778153233447e-06 3.4456926948748862e-06 3.7361034669457658e-06 4.3111696836400017e-06 4.9273833082426305e-06 5.3426743157559581e-06 6.1650261411198578e-06
7.0462192703547723e-06 7.6400905640798625e-06 8.8160638781911091e-06 1.0076180986947918e-05 1.0925424305801606e-05 1.2607080736599746e-05 1.4409063837807425e-05 1.562349232128197e-05
1.8028281883519616e-05 2.0605140077470768e-05 2.2341787877614819e-05 2.5780666790534287e-05 2.9465605981852449e-05 3.194903388459431e-05 3.6866673400094444e-05 4.2136182166850423e-05
4.5687514882444946e-05 5.2719800408275806e-05 6.0255263329438683e-05 6.533371317810455e-05 7.5389968737491693e-05 8.6165774215689577e-05 9.342802051330148e-05 0.00010780859074245985
0.00012321812628378001 0.00012837666049145543 0.00013003707734822044 0.00013170816319115503 0.00013749942900261188 0.0001565180314767176 0.0001767681471939306 0.00019105427466329205
0.00022046161305365458 0.00025197311912613957 0.0002732099833930462 0.00031526284218107473 0.00036032468686330519 0.00039011017193689044 0.00044805226243616405 0.00051000468124037866
0.00052946507313226686 0.00053180279719477195 0.00053414567072102178 0.00055869679054686876 0.00064469217382827815 0.0007368407391457664 0.00079894334285934875 0.00092191780799287559
0.001053691399787422 0.0011043155563285208 0.0011412232397345001 0.0011787375789259838 0.0012293888104630676 0.0013704923548943646 0.0015192596702174389 0.0016219538671254654
0.0018291871116053037 0.0020488754833695591 0.0021286536844477952 0.0021754105698168127 0.0022226754101569513 0.00233633653196699 0.0026959486846414239 0.003081291974888105
0.0032101904927094786 0.0032513658779457014 0.0032928036503629462 0.0034376073844505778 0.0039135266631643286 0.004420289753671508 0.0045942729580826904 0.00466584923259937
0.0047379787654307755 0.0049395362085967818 0.0055852997554365798 0.0062707222354510747 0.0064846664382575353 0.0065088908507355677 0.0065331604258012412 0.0067443143854467192
0.0074695456022225654 0.0082318042750425813 0.0085588717787650637 0.0089010047132213228 0.0092498425166215453 0.00950077290459647 0.010018803182515043 0.010550583894164831
0.010977768741120487 0.011930729063388197 0.012923348318830607 0.013237035075345632 0.013296885156436514 0.013356870235926856 0.013658067103976096 0.014655755119882236
0.015192246987791938 0.015688609371390268 0.016325221535292877 0.017482979707845861 0.018680396813573544 0.019046330469556613 0.019080861781889554 0.019115424368798609
0.0194754161723346 0.020702124378018372 0.021966295401658554 0.022730245880790534 0.024092801903628797 0.025495016859641756 0.026070756380505027 0.026625231877418214
0.027185541814428529 0.027614527147053404 0.028534383590235447 0.029469310542266404 0.030192841777613461 0.031760195650737004 0.033367208457035231 0.034074173710931702
0.034320729057771913 0.035990481856038078 0.037699893587478939 0.038306306356173145 0.038656254451085621 0.03900779376516806 0.039521326653933604 0.040949882995203822
0.042403801624931028 0.04336968228158275 0.045244232930134187 0.047158442511860327 0.048290748225235131 0.050267697798929228 0.052284306305798001 0.053218016038404134
0.05439277192836086 0.055580352671162528 0.05619301723146515 0.057107337592271129 0.058029036529554913 0.058926058776033872 0.060307379214091607 0.061107806200013222
0.063329212557167294 0.064640303383180234 0.066924449732302216 0.0692482550145989 0.070618940878157885 0.073005486152422513 0.07543169035986183 0.076572438965270079
0.078049921431083039 0.079541522192999869 0.08027411679595492 0.081295122789556723 0.082322580900214368 0.083369394531607161 0.085960737656157069 0.088591739713881665
0.090141210690078771 0.092834952739771312 0.095568353722638569 0.097177419736381707 0.099973560711216894 0.10280936061922676 0.10447802167051595 0.10737656157049379
0.11031476040364629 0.11153476546101723 0.11276788004503058 0.11400777378701207 0.11488451212858773 0.11666195398497145 0.11845304038600855 0.1198724042022784
0.12297574195254149 0.12611873863597933 0.1279661847999066 0.13117192147531231 0.13397459621556132 0.13441731708389279 0.1363243582853661 0.13963249388591453
0.14298028841963759 0.14494692465865691 0.14835745918434792 0.15180765264321369 0.15383388391977906 0.15734681737061276 0.16089940975462116 0.16212165713007878
0.16274447870028058 0.16336849432249942 0.16441767425089437 0.16741587248916825 0.17044116074360102 0.17240098110551735 0.17611871240663626 0.17987610264092993
0.18208111903013344 0.18590124925639506 0.18976103841583131 0.19202564984258086 0.19594817899398512 0.19991036707856405 0.20223457354285965 0.20625950161940648
0.21032408862912808 0.21270789013096969 0.21683521713265921 0.22100220306752338 0.22344559960691104 0.22767532553374314 0.23194471039375 0.23327161405988653
0.23353661997897626 0.23380177634130528 0.23395555688102193 0.2350565796616356 0.23912599077658417 0.24323032601734107 0.24571419722228771 0.25014872099940516
0.25462290370969731 0.25724508536172308 0.26178200806398311 0.26635858969941789 0.26904036638898976 0.27367968801639248 0.27835866857696978 0.28110004030408769
0.28584176085663299 0.29062314034235304 0.29289321881345248 0.29342410710701694 0.29826822658470492 0.30315200499556755 0.3060125667977775 0.31095908520060817
0.31594526253661348 0.31886541937636947 0.32391433670434266 0.32900291296549067 0.33093608460652857 0.33246751885174464 0.3340024883415082 0.33550193724725613
0.33913012478876126 0.34277782495168274 0.34536430319704725 0.35061801837530571 0.35591139248673898 0.35721239031346069 0.35901033443913311 0.3643664485425343
0.36976222157911021 0.37292075856905033 0.37837927159759416 0.38387744355931264 0.3870955755867988 0.39265648754048521 0.39825705842734638 0.40153478549237864
0.40719809637120774 0.41290106618321143 0.41623838828578974 0.42200409808976141 0.42780946682690785 0.43120638396703215 0.43707449269614657 0.44298226035843563
0.44643877253610603 0.45240928019036303 0.45841944677779467 0.46193555399301106 0.46800846057241063 0.47412102608498502 0.47617290403087092 0.47708656552975098
0.47800110273724233 0.47979456177087254 0.48506122325630441 0.4903566330067603 0.49372229557031516 0.49999999999999989 0.5063173633628596 0.5100122556907144
0.51639235904554182 0.52281212133354382 0.52656660869894467 0.53304911097891483 0.53957127219205958 0.54338535459500636 0.54997025580011905 0.55659481593840654
0.56046849337889948 0.56715579350915479 0.5738827525725847 0.57781602505062368 0.58460572410602174 0.59143508209459439 0.59542794961017931 0.60232004759071989
0.60925180450443517 0.61330426705756613 0.62029876396324934 0.62733291980210748 0.63144497739278449 0.63854187322361056 0.6456784279876111 0.64985008061583416
0.65704937537180264 0.65797985667433112 0.66428832906094581 0.66836611270071467 0.6751368545690376 0.68194171860727404 0.68408354590909326 0.68461716208287782
0.68515098629793103 0.6874534657254272 0.69485755833168095 0.70230130987110939 0.70665174761197058 0.71415823914336729 0.72170438960793826 0.7261144223863456
0.73372331284288461 0.74118095489747926 0.74137186223259854 0.74584149004855183 0.75355277943023347 0.76130372774508981 0.76583295059858914 0.77364663890541374
0.78149998614541272 0.78608880403645809 0.79400489126842499 0.80196063743356683 0.80660905036215835 0.81462753651926789 0.82268568160955213 0.82635182233306947
0.82739368957568959 0.83551457465794199 0.84367511867336886 0.84844272167705248 0.85666600568444728 0.86492894862501679 0.86975614666624634 0.87808182959878378
0.88644717146449625 0.89133396454327185 0.89976204640095225 0.90822978719180703 0.91317617530812867 0.92170665609095137 0.93027679580694878 0.93528277896081646
0.94391565866878191 0.95258819730992217 0.95765377550133601 0.96638905413444398 0.97516399170072665 0.97775882731219177 0.97787542547384743 0.97799203058727913
0.980556646364383 0.98927824388064578 0.99803845713897188 0.99999999999999978 1.0031889472458686 1.0121290237292617 1.0211087591458301 1.0263531224498819
1.0353955978584179 1.0444777322001284 1.0497816905417263 1.0589265648754052 1.0681110981422584 1.0734746515214024 1.0827219247802236 1.0920088569722195
1.0974320053889095 1.1067816775728734 1.1161710086900121 1.1216537521442482 1.1311058232533548 1.1405975532956361 1.1461398917874182 1.1556943618216673
1.165288490789091 1.1708904243184193 1.1736481776669303 1.1805472932778109 1.1902438211703776 1.1959053497372518 1.2056646176217862 1.2154635444394952
1.2211846680439153 1.2310463348535927 1.2409476605964445 1.2467283792384107 1.2566924449732304 1.2588190451025207 1.2666961696412249 1.2725364833207373
1.2826029479806995 1.2927090715738365 1.2986089802908949 1.308777843876 1.3189863663942798 1.3249458701488841 1.3352171326591316 1.3420201433256687
1.3455280541025543 1.3515471528947047 1.3619208143300949 1.3723341346986597 1.3779787325374859 1.3869562416926198 1.395962900134736 1.3990265931216801
1.4005299954757493 1.4020342051786712 1.4055428970498394 1.4161213563355148 1.4267394745543649 1.4329373584591536 1.4436182166699716 1.4543387338139648
1.4605962127562995 1.4713794698922604 1.482202385961396 1.4885194599412765 1.4994051160023798 1.4999999999999998 1.5103304309966579 1.5167071000140846
1.5276951550003306 1.5387228689197516 1.5451591329747245 1.556249586886113 1.5673796997306764 1.5738755588231952 1.5850684116597269 1.5963009234294327
1.6028563775594975 1.6141516293211715 1.6254865400160203 1.6321015891836315 1.6427876096865393 1.6434992398704478 1.6549365494904391 1.661611193695596
1.6731112433075555 1.6846509518526893 1.6913851910953923 1.7029876396324941 1.7146297471027707 1.7214235813830197 1.7331284288452642 1.7448729352406835
1.7517263645584786 1.7635336109458661 1.7660444431189777 1.775380516266428 1.782293540621769 1.7942031859342988 1.8061524901800032 1.8131251095728904
1.8251371538105625 1.8371888569814101 1.8442210714118432 1.8563355145746587 1.8660254037844388 1.8684896166706484 1.8755814261386277 1.8877982682265853
1.9000547692477174 1.9072061737532429 1.919525414766343 1.9318843147126183 1.9390953142556897 1.9396926207859082 1.9515169541939326 1.9639782530653502
1.9712488476459675 1.9837728865093531 1.9848077530122081 1.9963365843059133 2
copy 645 313314
copy 645 313314
copy 645 313314
copy 645 313314
copy 645 313314
copy 645 313314
copy 645 313314
copy 645 313314
copy 645 313314
copy 645 313314
copy 645 313314
copy 645 313314
copy 645 313314
copy 645 313314
values 644
0 1.0542524796811055e-13 1.2049412229741081e-13 1.5075941272362078e-13 1.7230808999093469e-13 1.8683060545575118e-13 2.1558783083579759e-13 2.4640270670664928e-13
2.6717008401846472e-13 3.0829327313506099e-13 3.5235892798508471e-13 3.8205653522510934e-13 4.4086320592334377e-13 5.0387763913085001e-13 5.4634558597558607e-13 6.3043985475434103e-13
7.2055127613178071e-13 7.8128096706717216e-13 9.015368148726457e-13 1.0303972655557954e-12 1.1172414771347525e-12 1.2892088316456781e-12 1.4734808750386335e-12 1.5976691751700189e-12
1.8435846259123685e-12 2.1070959344340876e-12 2.2846867445654114e-12 2.636348890475615e-12 3.0131733313418472e-12 3.2671303933978828e-12 3.7700116255158971e-12 4.3088752516378299e-12
4.6720370015078903e-12 5.3911634032477758e-12 6.161745074887163e-12 6.6810708833562472e-12 7.7094305608516202e-12 8.811371912766486e-12 9.5540142627346984e-12 1.1024581361564287e-11
1.2600371167824067e-11 1.3662358943074667e-11 1.576528814137534e-11 1.8018687116917257e-11 1.9537342812798325e-11 2.2544557659768014e-11 2.5766946155239877e-11 2.7938642644013293e-11
3.223899718906535e-11 3.6847052721376152e-11 3.9952605646994728e-11 4.610216600573826e-11 5.2691742594252864e-11 5.7132721811963592e-11 6.5926669429455264e-11 7.5349845715294158e-11
8.1700501100827524e-11 9.427595531020583e-11 1.0775121432286606e-10 1.1683273032387857e-10 1.3481578588104581e-10 1.5408557347179294e-10 1.6707225403778933e-10 1.9278824662046598e-10
2.2034428197708851e-10 2.3891539632676596e-10 2.7568958480713857e-10 3.1509505728572691e-10 3.4165198123839803e-10 3.9423952706390815e-10 4.5058984165615699e-10 4.8856657242999972e-10
5.6376741547310509e-10 6.4434906454153641e-10 6.9865626076799825e-10 8.0619439942079091e-10 9.2142715745549168e-10 9.9908712190958874e-10 1.1528679945293082e-09 1.3176522683409235e-09
1.4287069811245102e-09 1.6486155371023688e-09 1.8842590933161709e-09 2.0430687105770026e-09 2.3575406742772901e-09 2.6945138835567612e-09 2.9216136067686809e-09 3.371312416866237e-09
3.8531882873402029e-09 4.1779437094140703e-09 4.8210185877707806e-09 5.5101070617226097e-09 5.9745113448927812e-09 6.8941164002937139e-09 7.8795214683379247e-09 8.5436253556557605e-09
9.858671995449804e-09 1.1267813469778249e-08 1.2217490268924079e-08 1.4098023281087257e-08 1.6113113074174708e-08 1.7471162680657786e-08 2.0160348221932097e-08 2.3041951629524935e-08
2.4983979417639442e-08 2.8829548109401031e-08 3.2950276737542255e-08 3.5727400571461585e-08 4.122661151696191e-08 4.7119304585702866e-08 5.1090626127095789e-08 5.8954566014035529e-08
6.7381190219583128e-08 7.3060229300412825e-08 8.4305760915453533e-08 9.6355938087958501e-08 1.0447703443974849e-07 1.2055828418517258e-07 1.3779018706190991e-07 1.49403455612515e-07
1.7239984228656241e-07 1.9704167721583108e-07 2.1364879534203654e-07 2.4653391362787056e-07 2.8177204333559171e-07 3.0552042831919506e-07 3.5254655551046114e-07 4.0293751823147608e-07
4.36898003430861e-07 5.0414594882024309e-07 5.7620565076845226e-07 6.247695659893787e-07 7.2093496231683186e-07 8.2398123022826475e-07 8.9342823158112105e-07 1.030945941561243e-06
1.1783033832851425e-06 1.2776134569265161e-06 1.4742654885344619e-06 1.6849884586285908e-06 1.8270030961871549e-06 2.1082179414687012e-06 2.409554403379395e-06 2.6126370972229348e-06
3.0147778153233447e-06 3.4456926948748862e-06 3.7361034669457658e-06 4.3111696836400017e-06 4.9273833082426305e-06 5.3426743157559581e-06 6.1650261411198578e-06 7.0462192703547723e-06
7.6400905640798625e-06 8.8160638781911091e-06 1.0076180986947918e-05 1.0925424305801606e-05 1.2607080736599746e-05 1.4409063837807425e-05 1.562349232128197e-05 1.8028281883519616e-05
2.0605140077470768e-05 2.2341787877614819e-05 2.5780666790534287e-05 2.9465605981852449e-05 3.194903388459431e-05 3.6866673400094444e-05 4.2136182166850423e-05 4.5687514882444946e-05
5.2719800408275806e-05 6.0255263329438683e-05 6.533371317810455e-05 7.5389968737491693e-05 8.6165774215689577e-05 9.342802051330148e-05 0.00010780859074245985 0.00012321812628378001
0.00012837666049145543 0.00013003707734822044 0.00013170816319115503 0.00013749942900261188 0.0001565180314767176 0.0001767681471939306 0.00019105427466329205 0.00022046161305365458
0.00025197311912613957 0.0002732099833930462 0.00031526284218107473 0.00036032468686330519 0.00039011017193689044 0.00044805226243616405 0.00051000468124037866 0.00052946507313226686
0.00053180279719477195 0.00053414567072102178 0.00055869679054686876 0.00064469217382827815 0.0007368407391457664 0.00079894334285934875 0.00092191780799287559 0.001053691399787422
0.0011043155563285208 0.0011412232397345001 0.0011787375789259838 0.0012293888104630676 0.0013704923548943646 0.0015192596702174389 0.0016219538671254654 0.0018291871116053037
0.0020488754833695591 0.0021286536844477952 0.0021754105698168127 0.0022226754101569513 0.00233633653196699 0.0026959486846414239 0.003081291974888105 0.0032101904927094786
0.0032513658779457014 0.0032928036503629462 0.0034376073844505778 0.0039135266631643286 0.004420289753671508 0.0045942729580826904 0.00466584923259937 0.0047379787654307755
0.0049395362085967818 0.0055852997554365798 0.0062707222354510747 0.0064846664382575353 0.0065088908507355677 0.0065331604258012412 0.0067443143854467192 0.0074695456022225654
0.0082318042750425813 0.0085588717787650637 0.0089010047132213228 0.0092498425166215453 0.00950077290459647 0.010018803182515043 0.010550583894164831 0.010977768741120487
0.011930729063388197 0.012923348318830607 0.013237035075345632 0.013296885156436514 0.013356870235926856 0.013658067103976096 0.014655755119882236 0.015192246987791938
0.015688609371390268 0.016325221535292877 0.017482979707845861 0.018680396813573544 0.019046330469556613 0.019080861781889554 0.019115424368798609 0.0194754161723346
0.020702124378018372 0.021966295401658554 0.022730245880790534 0.024092801903628797 0.025495016859641756 0.026070756380505027 0.026625231877418214 0.027185541814428529
0.027614527147053404 0.028534383590235447 0.029469310542266404 0.030192841777613461 0.031760195650737004 0.033367208457035231 0.034074173710931702 0.034320729057771913
0.035990481856038078 0.037699893587478939 0.038306306356173145 0.038656254451085621 0.03900779376516806 0.039521326653933604 0.040949882995203822 0.042403801624931028
0.04336968228158275 0.045244232930134187 0.047158442511860327 0.048290748225235131 0.050267697798929228 0.052284306305798001 0.053218016038404134 0.05439277192836086
0.055580352671162528 0.05619301723146515 0.057107337592271129 0.058029036529554913 0.058926058776033872 0.060307379214091607 0.061107806200013222 0.063329212557167294
0.064640303383180234 0.066924449732302216 0.0692482550145989 0.070618940878157885 0.073005486152422513 0.07543169035986183 0.076572438965270079 0.078049921431083039
0.079541522192999869 0.08027411679595492 0.081295122789556723 0.082322580900214368 0.083369394531607161 0.085960737656157069 0.088591739713881665 0.090141210690078771
0.092834952739771312 0.095568353722638569 0.097177419736381707 0.099973560711216894 0.10280936061922676 0.10447802167051595 0.10737656157049379 0.11031476040364629
0.11153476546101723 0.11276788004503058 0.11400777378701207 0.11488451212858773 0.11666195398497145 0.11845304038600855 0.1198724042022784 0.12297574195254149
0.12611873863597933 0.1279661847999066 0.13117192147531231 0.13397459621556132 0.13441731708389279 0.1363243582853661 0.13963249388591453 0.14298028841963759
0.14494692465865691 0.14835745918434792 0.15180765264321369 0.15383388391977906 0.15734681737061276 0.16089940975462116 0.16212165713007878 0.16274447870028058
0.16336849432249942 0.16441767425089437 0.16741587248916825 0.17044116074360102 0.17240098110551735 0.17611871240663626 0.17987610264092993 0.18208111903013344
0.18590124925639506 0.18976103841583131 0.19202564984258086 0.19594817899398512 0.19991036707856405 0.20223457354285965 0.20625950161940648 0.21032408862912808
0.21270789013096969 0.21683521713265921 0.22100220306752338 0.22344559960691104 0.22767532553374314 0.23194471039375 0.23327161405988653 0.23353661997897626
0.23380177634130528 0.23395555688102193 0.2350565796616356 0.23912599077658417 0.24323032601734107 0.24571419722228771 0.25014872099940516 0.25462290370969731
0.25724508536172308 0.26178200806398311 0.26635858969941789 0.26904036638898976 0.27367968801639248 0.27835866857696978 0.28110004030408769 0.28584176085663299
0.29062314034235304 0.29289321881345248 0.29342410710701694 0.29826822658470492 0.30315200499556755 0.3060125667977775 0.31095908520060817 0.31594526253661348
0.31886541937636947 0.32391433670434266 0.32900291296549067 0.33093608460652857 0.33246751885174464 0.3340024883415082 0.33550193724725613 0.33913012478876126
0.34277782495168274 0.34536430319704725 0.35061801837530571 0.35591139248673898 0.35721239031346069 0.35901033443913311 0.3643664485425343 0.36976222157911021
0.37292075856905033 0.37837927159759416 0.38387744355931264 0.3870955755867988 0.39265648754048521 0.39825705842734638 0.40153478549237864 0.40719809637120774
0.41290106618321143 0.41623838828578974 0.42200409808976141 0.42780946682690785 0.43120638396703215 0.43707449269614657 0.44298226035843563 0.44643877253610603
0.45240928019036303 0.45841944677779467 0.46193555399301106 0.46800846057241063 0.47412102608498502 0.47617290403087092 0.47708656552975098 0.47800110273724233
0.47979456177087254 0.48506122325630441 0.4903566330067603 0.49372229557031516 0.49999999999999989 0.5063173633628596 0.5100122556907144 0.51639235904554182
0.52281212133354382 0.52656660869894467 0.53304911097891483 0.53957127219205958 0.54338535459500636 0.54997025580011905 0.55659481593840654 0.56046849337889948
0.56715579350915479 0.5738827525725847 0.57781602505062368 0.58460572410602174 0.59143508209459439 0.59542794961017931 0.60232004759071989 0.60925180450443517
0.61330426705756613 0.62029876396324934 0.62733291980210748 0.63144497739278449 0.63854187322361056 0.6456784279876111 0.64985008061583416 0.65704937537180264
0.65797985667433112 0.66428832906094581 0.66836611270071467 0.6751368545690376 0.68194171860727404 0.68408354590909326 0.68461716208287782 0.68515098629793103
0.6874534657254272 0.69485755833168095 0.70230130987110939 0.70665174761197058 0.71415823914336729 0.72170438960793826 0.7261144223863456 0.73372331284288461
0.74118095489747926 0.74137186223259854 0.74584149004855183 0.75355277943023347 0.76130372774508981 0.76583295059858914 0.77364663890541374 0.78149998614541272
0.78608880403645809 0.79400489126842499 0.80196063743356683 0.80660905036215835 0.81462753651926789 0.82268568160955213 0.82635182233306947 0.82739368957568959
0.83551457465794199 0.84367511867336886 0.84844272167705248 0.85666600568444728 0.86492894862501679 0.86975614666624634 0.87808182959878378 0.88644717146449625
0.89133396454327185 0.89976204640095225 0.90822978719180703 0.91317617530812867 0.92170665609095137 0.93027679580694878 0.93528277896081646 0.94391565866878191
0.95258819730992217 0.95765377550133601 0.96638905413444398 0.97516399170072665 0.97775882731219177 0.97787542547384743 0.97799203058727913 0.980556646364383
0.98927824388064578 0.99803845713897188 0.99999999999999978 1.0031889472458686 1.0121290237292617 1.0211087591458301 1.0263531224498819 1.0353955978584179
1.0444777322001284 1.0497816905417263 1.0589265648754052 1.0681110981422584 1.0734746515214024 1.0827219247802236 1.0920088569722195 1.0974320053889095
1.1067816775728734 1.1161710086900121 1.1216537521442482 1.1311058232533548 1.1405975532956361 1.1461398917874182 1.1556943618216673 1.165288490789091
1.1708904243184193 1.1736481776669303 1.1805472932778109 1.1902438211703776 1.1959053497372518 1.2056646176217862 1.2154635444394952 1.2211846680439153
1.2310463348535927 1.2409476605964445 1.2467283792384107 1.2566924449732304 1.2588190451025207 1.2666961696412249 1.2725364833207373 1.2826029479806995
1.2927090715738365 1.2986089802908949 1.308777843876 1.3189863663942798 1.3249458701488841 1.3352171326591316 1.3420201433256687 1.3455280541025543
1.3515471528947047 1.3619208143300949 1.3723341346986597 1.3779787325374859 1.3869562416926198 1.395962900134736 1.3990265931216801 1.4005299954757493
1.4020342051786712 1.4055428970498394 1.4161213563355148 1.4267394745543649 1.4329373584591536 1.4436182166699716 1.4543387338139648 1.4605962127562995
1.4713794698922604 1.482202385961396 1.4885194599412765 1.4994051160023798 1.4999999999999998 1.5103304309966579 1.5167071000140846 1.5276951550003306
1.5387228689197516 1.5451591329747245 1.556249586886113 1.5673796997306764 1.5738755588231952 1.5850684116597269 1.5963009234294327 1.6028563775594975
1.6141516293211715 1.6254865400160203 1.6321015891836315 1.6427876096865393 1.6434992398704478 1.6549365494904391 1.661611193695596 1.6731112433075555
1.6846509518526893 1.6913851910953923 1.7029876396324941 1.7146297471027707 1.7214235813830197 1.7331284288452642 1.7448729352406835 1.7517263645584786
1.7635336109458661 1.7660444431189777 1.775380516266428 1.782293540621769 1.7942031859342988 1.8061524901800032 1.8131251095728904 1.8251371538105625
1.8371888569814101 1.8442210714118432 1.8563355145746587 1.8660254037844388 1.8684896166706484 1.8755814261386277 1.8877982682265853 1.9000547692477174
1.9072061737532429 1.919525414766343 1.9318843147126183 1.9390953142556897 1.9396926207859082 1.9515169541939326 1.9639782530653502 1.9712488476459675
1.9837728865093531 1.9848077530122081 1.9963365843059133 2
copy 644 322989
copy 644 322989
copy 644 322989
copy 644 322989
copy 644 322989
copy 644 322989
copy 644 322989
copy 644 322989
copy 644 322989
copy 644 322989
copy 644 322989
copy 644 322989
copy 644 322989
copy 644 322989
copy 644 322989
copy 644 322989
copy 644 322989
copy 644 322989
copy 644 322989
copy 644 322989
copy 644 322989
copy 644 322989
copy 644 322989
copy 644 322989
copy 644 322989
copy 644 322989
copy 644 322989
copy 644 322989
copy 644 322989
copy 644 322989
copy 644 322989
copy 644 322989
copy 644 322989
copy 644 322989
copy 644 322989
copy 644 322989
copy 644 322989
copy 644 322989
copy 644 322989
copy 644 322989
copy 644 322989
copy 644 322989
copy 644 322989
copy 644 322989
copy 644 322989
copy 644 322989
copy 644 322989
copy 644 322989
copy 644 322989
copy 644 322989
copy 644 322989
copy 644 322989
copy 644 322989
copy 644 322989
copy 644 322989
copy 644 322989
copy 644 322989
copy 644 322989
copy 644 322989
copy 644 322989
copy 644 322989
copy 644 322989
copy 644 322989
copy 644 322989
copy 644 322989
copy 644 322989
copy 644 322989
copy 644 322989
copy 644 322989
copy 644 322989
values 643
0 1.2049412229741081e-13 1.5075941272362078e-13 1.7230808999093469e-13 1.8683060545575118e-13 2.1558783083579759e-13 2.4640270670664928e-13 2.6717008401846472e-13
3.0829327313506099e-13 3.5235892798508471e-13 3.8205653522510934e-13 4.4086320592334377e-13 5.0387763913085001e-13 5.4634558597558607e-13 6.3043985475434103e-13 7.2055127613178071e-13
7.8128096706717216e-13 9.015368148726457e-13 1.0303972655557954e-12 1.1172414771347525e-12 1.2892088316456781e-12 1.4734808750386335e-12 1.5976691751700189e-12 1.8435846259123685e-12
2.1070959344340876e-12 2.2846867445654114e-12 2.636348890475615e-12 3.0131733313418472e-12 3.2671303933978828e-12 3.7700116255158971e-12 4.3088752516378299e-12 4.6720370015078903e-12
5.3911634032477758e-12 6.161745074887163e-12 6.6810708833562472e-12 7.7094305608516202e-12 8.811371912766486e-12 9.5540142627346984e-12 1.1024581361564287e-11 1.2600371167824067e-11
1.3662358943074667e-11 1.576528814137534e-11 1.8018687116917257e-11 1.9537342812798325e-11 2.2544557659768014e-11 2.5766946155239877e-11 2.7938642644013293e-11 3.223899718906535e-11
3.6847052721376152e-11 3.9952605646994728e-11 4.610216600573826e-11 5.2691742594252864e-11 5.7132721811963592e-11 6.5926669429455264e-11 7.5349845715294158e-11 8.1700501100827524e-11
9.427595531020583e-11 1.0775121432286606e-10 1.1683273032387857e-10 1.3481578588104581e-10 1.5408557347179294e-10 1.6707225403778933e-10 1.9278824662046598e-10 2.2034428197708851e-10
2.3891539632676596e-10 2.7568958480713857e-10 3.1509505728572691e-10 3.4165198123839803e-10 3.9423952706390815e-10 4.5058984165615699e-10 4.8856657242999972e-10 5.6376741547310509e-10
6.4434906454153641e-10 6.9865626076799825e-10 8.0619439942079091e-10 9.2142715745549168e-10 9.9908712190958874e-10 1.1528679945293082e-09 1.3176522683409235e-09 1.4287069811245102e-09
1.6486155371023688e-09 1.8842590933161709e-09 2.0430687105770026e-09 2.3575406742772901e-09 2.6945138835567612e-09 2.9216136067686809e-09 3.371312416866237e-09 3.8531882873402029e-09
4.1779437094140703e-09 4.8210185877707806e-09 5.5101070617226097e-09 5.9745113448927812e-09 6.8941164002937139e-09 7.8795214683379247e-09 8.5436253556557605e-09 9.858671995449804e-09
1.1267813469778249e-08 1.2217490268924079e-08 1.4098023281087257e-08 1.6113113074174708e-08 1.7471162680657786e-08 2.0160348221932097e-08 2.3041951629524935e-08 2.4983979417639442e-08
2.8829548109401031e-08 3.2950276737542255e-08 3.5727400571461585e-08 4.122661151696191e-08 4.7119304585702866e-08 5.1090626127095789e-08 5.8954566014035529e-08 6.7381190219583128e-08
7.3060229300412825e-08 8.4305760915453533e-08 9.6355938087958501e-08 1.0447703443974849e-07 1.2055828418517258e-07 1.3779018706190991e-07 1.49403455612515e-07 1.7239984228656241e-07
1.9704167721583108e-07 2.1364879534203654e-07 2.4653391362787056e-07 2.8177204333559171e-07 3.0552042831919506e-07 3.5254655551046114e-07 4.0293751823147608e-07 4.36898003430861e-07
5.0414594882024309e-07 5.7620565076845226e-07 6.247695659893787e-07 7.2093496231683186e-07 8.2398123022826475e-07 8.9342823158112105e-07 1.030945941561243e-06 1.1783033832851425e-06
1.2776134569265161e-06 1.4742654885344619e-06 1.6849884586285908e-06 1.8270030961871549e-06 2.1082179414687012e-06 2.409554403379395e-06 2.6126370972229348e-06 3.0147778153233447e-06
3.4456926948748862e-06 3.7361034669457658e-06 4.3111696836400017e-06 4.9273833082426305e-06 5.3426743157559581e-06 6.1650261411198578e-06 7.0462192703547723e-06 7.6400905640798625e-06
8.8160638781911091e-06 1.0076180986947918e-05 1.0925424305801606e-05 1.2607080736599746e-05 1.4409063837807425e-05 1.562349232128197e-05 1.8028281883519616e-05 2.0605140077470768e-05
2.2341787877614819e-05 2.5780666790534287e-05 2.9465605981852449e-05 3.194903388459431e-05 3.6866673400094444e-05 4.2136182166850423e-05 4.5687514882444946e-05 5.2719800408275806e-05
6.0255263329438683e-05 6.533371317810455e-05 7.5389968737491693e-05 8.6165774215689577e-05 9.342802051330148e-05 0.00010780859074245985 0.00012321812628378001 0.00012837666049145543
0.00013003707734822044 0.00013170816319115503 0.00013749942900261188 0.0001565180314767176 0.0001767681471939306 0.00019105427466329205 0.00022046161305365458 0.00025197311912613957
0.0002732099833930462 0.00031526284218107473 0.00036032468686330519 0.00039011017193689044 0.00044805226243616405 0.00051000468124037866 0.00052946507313226686 0.00053180279719477195
0.00053414567072102178 0.00055869679054686876 0.00064469217382827815 0.0007368407391457664 0.00079894334285934875 0.00092191780799287559 0.001053691399787422 0.0011043155563285208
0.0011412232397345001 0.0011787375789259838 0.0012293888104630676 0.0013704923548943646 0.0015192596702174389 0.0016219538671254654 0.0018291871116053037 0.0020488754833695591
0.0021286536844477952 0.0021754105698168127 0.0022226754101569513 0.00233633653196699 0.0026959486846414239 0.003081291974888105 0.0032101904927094786 0.0032513658779457014
0.0032928036503629462 0.0034376073844505778 0.0039135266631643286 0.004420289753671508 0.0045942729580826904 0.00466584923259937 0.0047379787654307755 0.0049395362085967818
0.0055852997554365798 0.0062707222354510747 0.0064846664382575353 0.0065088908507355677 0.0065331604258012412 0.0067443143854467192 0.0074695456022225654 0.0082318042750425813
0.0085588717787650637 0.0089010047132213228 0.0092498425166215453 0.00950077290459647 0.010018803182515043 0.010550583894164831 0.010977768741120487 0.011930729063388197
0.012923348318830607 0.013237035075345632 0.013296885156436514 0.013356870235926856 0.013658067103976096 0.014655755119882236 0.015192246987791938 0.015688609371390268
0.016325221535292877 0.017482979707845861 0.018680396813573544 0.019046330469556613 0.019080861781889554 0.019115424368798609 0.0194754161723346 0.020702124378018372
0.021966295401658554 0.022730245880790534 0.024092801903628797 0.025495016859641756 0.026070756380505027 0.026625231877418214 0.027185541814428529 0.027614527147053404
0.028534383590235447 0.029469310542266404 0.030192841777613461 0.031760195650737004 0.033367208457035231 0.034074173710931702 0.034320729057771913 0.035990481856038078
0.037699893587478939 0.038306306356173145 0.038656254451085621 0.03900779376516806 0.039521326653933604 0.040949882995203822 0.042403801624931028 0.04336968228158275
0.045244232930134187 0.047158442511860327 0.048290748225235131 0.050267697798929228 0.052284306305798001 0.053218016038404134 0.05439277192836086 0.055580352671162528
0.05619301723146515 0.057107337592271129 0.058029036529554913 0.058926058776033872 0.060307379214091607 0.061107806200013222 0.063329212557167294 0.064640303383180234
0.066924449732302216 0.0692482550145989 0.070618940878157885 0.073005486152422513 0.07543169035986183 0.076572438965270079 0.078049921431083039 0.079541522192999869
0.08027411679595492 0.081295122789556723 0.082322580900214368 0.083369394531607161 0.085960737656157069 0.088591739713881665 0.090141210690078771 0.092834952739771312
0.095568353722638569 0.097177419736381707 0.099973560711216894 0.10280936061922676 0.10447802167051595 0.10737656157049379 0.11031476040364629 0.11153476546101723
0.11276788004503058 0.11400777378701207 0.11488451212858773 0.11666195398497145 0.11845304038600855 0.1198724042022784 0.12297574195254149 0.12611873863597933
0.1279661847999066 0.13117192147531231 0.13397459621556132 0.13441731708389279 0.1363243582853661 0.13963249388591453 0.14298028841963759 0.14494692465865691
0.14835745918434792 0.15180765264321369 0.15383388391977906 0.15734681737061276 0.16089940975462116 0.16212165713007878 0.16274447870028058 0.16336849432249942
0.16441767425089437 0.16741587248916825 0.17044116074360102 0.17240098110551735 0.17611871240663626 0.17987610264092993 0.18208111903013344 0.18590124925639506
0.18976103841583131 0.19202564984258086 0.19594817899398512 0.19991036707856405 0.20223457354285965 0.20625950161940648 0.21032408862912808 0.21270789013096969
0.21683521713265921 0.22100220306752338 0.22344559960691104 0.22767532553374314 0.23194471039375 0.23327161405988653 0.23353661997897626 0.23380177634130528
0.23395555688102193 0.2350565796616356 0.23912599077658417 0.24323032601734107 0.24571419722228771 0.25014872099940516 0.25462290370969731 0.25724508536172308
0.26178200806398311 0.26635858969941789 0.26904036638898976 0.27367968801639248 0.27835866857696978 0.28110004030408769 0.28584176085663299 0.29062314034235304
0.29289321881345248 0.29342410710701694 0.29826822658470492 0.30315200499556755 0.3060125667977775 0.31095908520060817 0.31594526253661348 0.31886541937636947
0.32391433670434266 0.32900291296549067 0.33093608460652857 0.33246751885174464 0.3340024883415082 0.33550193724725613 0.33913012478876126 0.34277782495168274
0.34536430319704725 0.35061801837530571 0.35591139248673898 0.35721239031346069 0.35901033443913311 0.3643664485425343 0.36976222157911021 0.37292075856905033
0.37837927159759416 0.38387744355931264 0.3870955755867988 0.39265648754048521 0.39825705842734638 0.40153478549237864 0.40719809637120774 0.41290106618321143
0.41623838828578974 0.42200409808976141 0.42780946682690785 0.43120638396703215 0.43707449269614657 0.44298226035843563 0.44643877253610603 0.45240928019036303
0.45841944677779467 0.46193555399301106 0.46800846057241063 0.47412102608498502 0.47617290403087092 0.47708656552975098 0.47800110273724233 0.47979456177087254
0.48506122325630441 0.4903566330067603 0.49372229557031516 0.49999999999999989 0.5063173633628596 0.5100122556907144 0.51639235904554182 0.52281212133354382
0.52656660869894467 0.53304911097891483 0.53957127219205958 0.54338535459500636 0.54997025580011905 0.55659481593840654 0.56046849337889948 0.56715579350915479
0.5738827525725847 0.57781602505062368 0.58460572410602174 0.59143508209459439 0.59542794961017931 0.60232004759071989 0.60925180450443517 0.61330426705756613
0.62029876396324934 0.62733291980210748 0.63144497739278449 0.63854187322361056 0.6456784279876111 0.64985008061583416 0.65704937537180264 0.65797985667433112
0.66428832906094581 0.66836611270071467 0.6751368545690376 0.68194171860727404 0.68408354590909326 0.68461716208287782 0.68515098629793103 0.6874534657254272
0.69485755833168095 0.70230130987110939 0.70665174761197058 0.71415823914336729 0.72170438960793826 0.7261144223863456 0.73372331284288461 0.74118095489747926
0.74137186223259854 0.74584149004855183 0.75355277943023347 0.76130372774508981 0.76583295059858914 0.77364663890541374 0.78149998614541272 0.78608880403645809
0.79400489126842499 0.80196063743356683 0.80660905036215835 0.81462753651926789 0.82268568160955213 0.82635182233306947 0.82739368957568959 0.83551457465794199
0.84367511867336886 0.84844272167705248 0.85666600568444728 0.86492894862501679 0.86975614666624634 0.87808182959878378 0.88644717146449625 0.89133396454327185
0.89976204640095225 0.90822978719180703 0.91317617530812867 0.92170665609095137 0.93027679580694878 0.93528277896081646 0.94391565866878191 0.95258819730992217
0.95765377550133601 0.96638905413444398 0.97516399170072665 0.97775882731219177 0.97787542547384743 0.97799203058727913 0.980556646364383 0.98927824388064578
0.99803845713897188 0.99999999999999978 1.0031889472458686 1.0121290237292617 1.0211087591458301 1.0263531224498819 1.0353955978584179 1.0444777322001284
1.0497816905417263 1.0589265648754052 1.0681110981422584 1.0734746515214024 1.0827219247802236 1.0920088569722195 1.0974320053889095 1.1067816775728734
1.1161710086900121 1.1216537521442482 1.1311058232533548 1.1405975532956361 1.1461398917874182 1.1556943618216673 1.165288490789091 1.1708904243184193
1.1736481776669303 1.1805472932778109 1.1902438211703776 1.1959053497372518 1.2056646176217862 1.2154635444394952 1.2211846680439153 1.2310463348535927
1.2409476605964445 1.2467283792384107 1.2566924449732304 1.2588190451025207 1.2666961696412249 1.2725364833207373 1.2826029479806995 1.2927090715738365
1.2986089802908949 1.308777843876 1.3189863663942798 1.3249458701488841 1.3352171326591316 1.3420201433256687 1.3455280541025543 1.3515471528947047
1.3619208143300949 1.3723341346986597 1.3779787325374859 1.3869562416926198 1.395962900134736 1.3990265931216801 1.4005299954757493 1.4020342051786712
1.4055428970498394 1.4161213563355148 1.4267394745543649 1.4329373584591536 1.4436182166699716 1.4543387338139648 1.4605962127562995 1.4713794698922604
1.482202385961396 1.4885194599412765 1.4994051160023798 1.4999999999999998 1.5103304309966579 1.5167071000140846 1.5276951550003306 1.5387228689197516
1.5451591329747245 1.556249586886113 1.5673796997306764 1.5738755588231952 1.5850684116597269 1.5963009234294327 1.6028563775594975 1.6141516293211715
1.6254865400160203 1.6321015891836315 1.6427876096865393 1.6434992398704478 1.6549365494904391 1.661611193695596 1.6731112433075555 1.6846509518526893
1.6913851910953923 1.7029876396324941 1.7146297471027707 1.7214235813830197 1.7331284288452642 1.7448729352406835 1.7517263645584786 1.7635336109458661
1.7660444431189777 1.775380516266428 1.782293540621769 1.7942031859342988 1.8061524901800032 1.8131251095728904 1.8251371538105625 1.8371888569814101
1.8442210714118432 1.8563355145746587 1.8660254037844388 1.8684896166706484 1.8755814261386277 1.8877982682265853 1.9000547692477174 1.9072061737532429
1.919525414766343 1.9318843147126183 1.9390953142556897 1.9396926207859082 1.9515169541939326 1.9639782530653502 1.9712488476459675 1.9837728865093531
1.9848077530122081 1.9963365843059133 2
copy 643 368713
copy 643 368713
copy 643 368713
copy 643 368713
copy 643 368713
copy 643 368713
copy 643 368713
copy 643 368713
values 642
0 1.2049412229741081e-13 1.5075941272362078e-13 1.7230808999093469e-13 2.1558783083579759e-13 2.4640270670664928e-13 2.6717008401846472e-13 3.0829327313506099e-13
3.5235892798508471e-13 3.8205653522510934e-13 4.4086320592334377e-13 5.0387763913085001e-13 5.4634558597558607e-13 6.3043985475434103e-13 7.2055127613178071e-13 7.8128096706717216e-13
9.015368148726457e-13 1.0303972655557954e-12 1.1172414771347525e-12 1.2892088316456781e-12 1.4734808750386335e-12 1.5976691751700189e-12 1.8435846259123685e-12 2.1070959344340876e-12
2.2846867445654114e-12 2.636348890475615e-12 3.0131733313418472e-12 3.2671303933978828e-12 3.7700116255158971e-12 4.3088752516378299e-12 4.6720370015078903e-12 5.3911634032477758e-12
6.161745074887163e-12 6.6810708833562472e-12 7.7094305608516202e-12 8.811371912766486e-12 9.5540142627346984e-12 1.1024581361564287e-11 1.2600371167824067e-11 1.3662358943074667e-11
1.576528814137534e-11 1.8018687116917257e-11 1.9537342812798325e-11 2.2544557659768014e-11 2.5766946155239877e-11 2.7938642644013293e-11 3.223899718906535e-11 3.6847052721376152e-11
3.9952605646994728e-11 4.610216600573826e-11 5.2691742594252864e-11 5.7132721811963592e-11 6.5926669429455264e-11 7.5349845715294158e-11 8.1700501100827524e-11 9.427595531020583e-11
1.0775121432286606e-10 1.1683273032387857e-10 1.3481578588104581e-10 1.5408557347179294e-10 1.6707225403778933e-10 1.9278824662046598e-10 2.2034428197708851e-10 2.3891539632676596e-10
2.7568958480713857e-10 3.1509505728572691e-10 3.4165198123839803e-10 3.9423952706390815e-10 4.5058984165615699e-10 4.8856657242999972e-10 5.6376741547310509e-10 6.4434906454153641e-10
6.9865626076799825e-10 8.0619439942079091e-10 9.2142715745549168e-10 9.9908712190958874e-10 1.1528679945293082e-09 1.3176522683409235e-09 1.4287069811245102e-09 1.6486155371023688e-09
1.8842590933161709e-09 2.0430687105770026e-09 2.3575406742772901e-09 2.6945138835567612e-09 2.9216136067686809e-09 3.371312416866237e-09 3.8531882873402029e-09 4.1779437094140703e-09
4.8210185877707806e-09 5.5101070617226097e-09 5.9745113448927812e-09 6.8941164002937139e-09 7.8795214683379247e-09 8.5436253556557605e-09 9.858671995449804e-09 1.1267813469778249e-08
1.2217490268924079e-08 1.4098023281087257e-08 1.6113113074174708e-08 1.7471162680657786e-08 2.0160348221932097e-08 2.3041951629524935e-08 2.4983979417639442e-08 2.8829548109401031e-08
3.2950276737542255e-08 3.5727400571461585e-08 4.122661151696191e-08 4.7119304585702866e-08 5.1090626127095789e-08 5.8954566014035529e-08 6.7381190219583128e-08 7.3060229300412825e-08
8.4305760915453533e-08 9.6355938087958501e-08 1.0447703443974849e-07 1.2055828418517258e-07 1.3779018706190991e-07 1.49403455612515e-07 1.7239984228656241e-07 1.9704167721583108e-07
2.1364879534203654e-07 2.4653391362787056e-07 2.8177204333559171e-07 3.0552042831919506e-07 3.5254655551046114e-07 4.0293751823147608e-07 4.36898003430861e-07 5.0414594882024309e-07
5.7620565076845226e-07 6.247695659893787e-07 7.2093496231683186e-07 8.2398123022826475e-07 8.9342823158112105e-07 1.030945941561243e-06 1.1783033832851425e-06 1.2776134569265161e-06
1.4742654885344619e-06 1.6849884586285908e-06 1.8270030961871549e-06 2.1082179414687012e-06 2.409554403379395e-06 2.6126370972229348e-06 3.0147778153233447e-06 3.4456926948748862e-06
3.7361034669457658e-06 4.3111696836400017e-06 4.9273833082426305e-06 5.3426743157559581e-06 6.1650261411198578e-06 7.0462192703547723e-06 7.6400905640798625e-06 8.8160638781911091e-06
1.0076180986947918e-05 1.0925424305801606e-05 1.2607080736599746e-05 1.4409063837807425e-05 1.562349232128197e-05 1.8028281883519616e-05 2.0605140077470768e-05 2.2341787877614819e-05
2.5780666790534287e-05 2.9465605981852449e-05 3.194903388459431e-05 3.6866673400094444e-05 4.2136182166850423e-05 4.5687514882444946e-05 5.2719800408275806e-05 6.0255263329438683e-05
6.533371317810455e-05 7.5389968737491693e-05 8.6165774215689577e-05 9.342802051330148e-05 0.00010780859074245985 0.00012321812628378001 0.00012837666049145543 0.00013003707734822044
0.00013170816319115503 0.00013749942900261188 0.0001565180314767176 0.0001767681471939306 0.00019105427466329205 0.00022046161305365458 0.00025197311912613957 0.0002732099833930462
0.00031526284218107473 0.00036032468686330519 0.00039011017193689044 0.00044805226243616405 0.00051000468124037866 0.00052946507313226686 0.00053180279719477195 0.00053414567072102178
0.00055869679054686876 0.00064469217382827815 0.0007368407391457664 0.00079894334285934875 0.00092191780799287559 0.001053691399787422 0.0011043155563285208 0.0011412232397345001
0.0011787375789259838 0.0012293888104630676 0.0013704923548943646 0.0015192596702174389 0.0016219538671254654 0.0018291871116053037 0.0020488754833695591 0.0021286536844477952
0.0021754105698168127 0.0022226754101569513 0.00233633653196699 0.0026959486846414239 0.003081291974888105 0.0032101904927094786 0.0032513658779457014 0.0032928036503629462
0.0034376073844505778 0.0039135266631643286 0.004420289753671508 0.0045942729580826904 0.00466584923259937 0.0047379787654307755 0.0049395362085967818 0.0055852997554365798
0.0062707222354510747 0.0064846664382575353 0.0065088908507355677 0.0065331604258012412 0.0067443143854467192 0.0074695456022225654 0.0082318042750425813 0.0085588717787650637
0.0089010047132213228 0.0092498425166215453 0.00950077290459647 0.010018803182515043 0.010550583894164831 0.010977768741120487 0.011930729063388197 0.012923348318830607
0.013237035075345632 0.013296885156436514 0.013356870235926856 0.013658067103976096 0.014655755119882236 0.015192246987791938 0.015688609371390268 0.016325221535292877
0.017482979707845861 0.018680396813573544 0.019046330469556613 0.019080861781889554 0.019115424368798609 0.0194754161723346 0.020702124378018372 0.021966295401658554
0.022730245880790534 0.024092801903628797 0.025495016859641756 0.026070756380505027 0.026625231877418214 0.027185541814428529 0.027614527147053404 0.028534383590235447
0.029469310542266404 0.030192841777613461 0.031760195650737004 0.033367208457035231 0.034074173710931702 0.034320729057771913 0.035990481856038078 0.037699893587478939
0.038306306356173145 0.038656254451085621 0.03900779376516806 0.039521326653933604 0.040949882995203822 0.042403801624931028 0.04336968228158275 0.045244232930134187
0.047158442511860327 0.048290748225235131 0.050267697798929228 0.052284306305798001 0.053218016038404134 0.05439277192836086 0.055580352671162528 0.05619301723146515
0.057107337592271129 0.058029036529554913 0.058926058776033872 0.060307379214091607 0.061107806200013222 0.063329212557167294 0.064640303383180234 0.066924449732302216
0.0692482550145989 0.070618940878157885 0.073005486152422513 0.07543169035986183 0.076572438965270079 0.078049921431083039 0.079541522192999869 0.08027411679595492
0.081295122789556723 0.082322580900214368 0.083369394531607161 0.085960737656157069 0.088591739713881665 0.090141210690078771 0.092834952739771312 0.095568353722638569
0.097177419736381707 0.099973560711216894 0.10280936061922676 0.10447802167051595 0.10737656157049379 0.11031476040364629 0.11153476546101723 0.11276788004503058
0.11400777378701207 0.11488451212858773 0.11666195398497145 0.11845304038600855 0.1198724042022784 0.12297574195254149 0.12611873863597933 0.1279661847999066
0.13117192147531231 0.13397459621556132 0.13441731708389279 0.1363243582853661 0.13963249388591453 0.14298028841963759 0.14494692465865691 0.14835745918434792
0.15180765264321369 0.15383388391977906 0.15734681737061276 0.16089940975462116 0.16212165713007878 0.16274447870028058 0.16336849432249942 0.16441767425089437
0.16741587248916825 0.17044116074360102 0.17240098110551735 0.17611871240663626 0.17987610264092993 0.18208111903013344 0.18590124925639506 0.18976103841583131
0.19202564984258086 0.19594817899398512 0.19991036707856405 0.20223457354285965 0.20625950161940648 0.21032408862912808 0.21270789013096969 0.21683521713265921
0.22100220306752338 0.22344559960691104 0.22767532553374314 0.23194471039375 0.23327161405988653 0.23353661997897626 0.23380177634130528 0.23395555688102193
0.2350565796616356 0.23912599077658417 0.24323032601734107 0.24571419722228771 0.25014872099940516 0.25462290370969731 0.25724508536172308 0.26178200806398311
0.26635858969941789 0.26904036638898976 0.27367968801639248 0.27835866857696978 0.28110004030408769 0.28584176085663299 0.29062314034235304 0.29289321881345248
0.29342410710701694 0.29826822658470492 0.30315200499556755 0.3060125667977775 0.31095908520060817 0.31594526253661348 0.31886541937636947 0.32391433670434266
0.32900291296549067 0.33093608460652857 0.33246751885174464 0.3340024883415082 0.33550193724725613 0.33913012478876126 0.34277782495168274 0.34536430319704725
0.35061801837530571 0.35591139248673898 0.35721239031346069 0.35901033443913311 0.3643664485425343 0.36976222157911021 0.37292075856905033 0.37837927159759416
0.38387744355931264 0.3870955755867988 0.39265648754048521 0.39825705842734638 0.40153478549237864 0.40719809637120774 0.41290106618321143 0.41623838828578974
0.42200409808976141 0.42780946682690785 0.43120638396703215 0.43707449269614657 0.44298226035843563 0.44643877253610603 0.45240928019036303 0.45841944677779467
0.46193555399301106 0.46800846057241063 0.47412102608498502 0.47617290403087092 0.47708656552975098 0.47800110273724233 0.47979456177087254 0.48506122325630441
0.4903566330067603 0.49372229557031516 0.49999999999999989 0.5063173633628596 0.5100122556907144 0.51639235904554182 0.52281212133354382 0.52656660869894467
0.53304911097891483 0.53957127219205958 0.54338535459500636 0.54997025580011905 0.55659481593840654 0.56046849337889948 0.56715579350915479 0.5738827525725847
0.57781602505062368 0.58460572410602174 0.59143508209459439 0.59542794961017931 0.60232004759071989 0.60925180450443517 0.61330426705756613 0.62029876396324934
0.62733291980210748 0.63144497739278449 0.63854187322361056 0.6456784279876111 0.64985008061583416 0.65704937537180264 0.65797985667433112 0.66428832906094581
0.66836611270071467 0.6751368545690376 0.68194171860727404 0.68408354590909326 0.68461716208287782 0.68515098629793103 0.6874534657254272 0.69485755833168095
0.70230130987110939 0.70665174761197058 0.71415823914336729 0.72170438960793826 0.7261144223863456 0.73372331284288461 0.74118095489747926 0.74137186223259854
0.74584149004855183 0.75355277943023347 0.76130372774508981 0.76583295059858914 0.77364663890541374 0.78149998614541272 0.78608880403645809 0.79400489126842499
0.80196063743356683 0.80660905036215835 0.81462753651926789 0.82268568160955213 0.82635182233306947 0.82739368957568959 0.83551457465794199 0.84367511867336886
0.84844272167705248 0.85666600568444728 0.86492894862501679 0.86975614666624634 0.87808182959878378 0.88644717146449625 0.89133396454327185 0.89976204640095225
0.90822978719180703 0.91317617530812867 0.92170665609095137 0.93027679580694878 0.93528277896081646 0.94391565866878191 0.95258819730992217 0.95765377550133601
0.96638905413444398 0.97516399170072665 0.97775882731219177 0.97787542547384743 0.97799203058727913 0.980556646364383 0.98927824388064578 0.99803845713897188
0.99999999999999978 1.0031889472458686 1.0121290237292617 1.0211087591458301 1.0263531224498819 1.0353955978584179 1.0444777322001284 1.0497816905417263
1.0589265648754052 1.0681110981422584 1.0734746515214024 1.0827219247802236 1.0920088569722195 1.0974320053889095 1.1067816775728734 1.1161710086900121
1.1216537521442482 1.1311058232533548 1.1405975532956361 1.1461398917874182 1.1556943618216673 1.165288490789091 1.1708904243184193 1.1736481776669303
1.1805472932778109 1.1902438211703776 1.1959053497372518 1.2056646176217862 1.2154635444394952 1.2211846680439153 1.2310463348535927 1.2409476605964445
1.2467283792384107 1.2566924449732304 1.2588190451025207 1.2666961696412249 1.2725364833207373 1.2826029479806995 1.2927090715738365 1.2986089802908949
1.308777843876 1.3189863663942798 1.3249458701488841 1.3352171326591316 1.3420201433256687 1.3455280541025543 1.3515471528947047 1.3619208143300949
1.3723341346986597 1.3779787325374859 1.3869562416926198 1.395962900134736 1.3990265931216801 1.4005299954757493 1.4020342051786712 1.4055428970498394
1.4161213563355148 1.4267394745543649 1.4329373584591536 1.4436182166699716 1.4543387338139648 1.4605962127562995 1.4713794698922604 1.482202385961396
1.4885194599412765 1.4994051160023798 1.4999999999999998 1.5103304309966579 1.5167071000140846 1.5276951550003306 1.5387228689197516 1.5451591329747245
1.556249586886113 1.5673796997306764 1.5738755588231952 1.5850684116597269 1.5963009234294327 1.6028563775594975 1.6141516293211715 1.6254865400160203
1.6321015891836315 1.6427876096865393 1.6434992398704478 1.6549365494904391 1.661611193695596 1.6731112433075555 1.6846509518526893 1.6913851910953923
1.7029876396324941 1.7146297471027707 1.7214235813830197 1.7331284288452642 1.7448729352406835 1.7517263645584786 1.7635336109458661 1.7660444431189777
1.775380516266428 1.782293540621769 1.7942031859342988 1.8061524901800032 1.8131251095728904 1.8251371538105625 1.8371888569814101 1.8442210714118432
1.8563355145746587 1.8660254037844388 1.8684896166706484 1.8755814261386277 1.8877982682265853 1.9000547692477174 1.9072061737532429 1.919525414766343
1.9318843147126183 1.9390953142556897 1.9396926207859082 1.9515169541939326 1.9639782530653502 1.9712488476459675 1.9837728865093531 1.9848077530122081
1.9963365843059133 2
copy 642 374500
copy 642 374500
copy 642 374500
copy 642 374500
copy 642 374500
copy 642 374500
copy 642 374500
copy 642 374500
copy 642 374500
values 641
0 1.5075941272362078e-13 1.7230808999093469e-13 2.1558783083579759e-13 2.4640270670664928e-13 2.6717008401846472e-13 3.0829327313506099e-13 3.5235892798508471e-13
3.8205653522510934e-13 4.4086320592334377e-13 5.0387763913085001e-13 5.4634558597558607e-13 6.3043985475434103e-13 7.2055127613178071e-13 7.8128096706717216e-13 9.015368148726457e-13
1.0303972655557954e-12 1.1172414771347525e-12 1.2892088316456781e-12 1.4734808750386335e-12 1.5976691751700189e-12 1.8435846259123685e-12 2.1070959344340876e-12 2.2846867445654114e-12
2.636348890475615e-12 3.0131733313418472e-12 3.2671303933978828e-12 3.7700116255158971e-12 4.3088752516378299e-12 4.6720370015078903e-12 5.3911634032477758e-12 6.161745074887163e-12
6.6810708833562472e-12 7.7094305608516202e-12 8.811371912766486e-12 9.5540142627346984e-12 1.1024581361564287e-11 1.2600371167824067e-11 1.3662358943074667e-11 1.576528814137534e-11
1.8018687116917257e-11 1.9537342812798325e-11 2.2544557659768014e-11 2.5766946155239877e-11 2.7938642644013293e-11 3.223899718906535e-11 3.6847052721376152e-11 3.9952605646994728e-11
4.610216600573826e-11 5.2691742594252864e-11 5.7132721811963592e-11 6.5926669429455264e-11 7.5349845715294158e-11 8.1700501100827524e-11 9.427595531020583e-11 1.0775121432286606e-10
1.1683273032387857e-10 1.3481578588104581e-10 1.5408557347179294e-10 1.6707225403778933e-10 1.9278824662046598e-10 2.2034428197708851e-10 2.3891539632676596e-10 2.7568958480713857e-10
3.1509505728572691e-10 3.4165198123839803e-10 3.9423952706390815e-10 4.5058984165615699e-10 4.8856657242999972e-10 5.6376741547310509e-10 6.4434906454153641e-10 6.9865626076799825e-10
8.0619439942079091e-10 9.2142715745549168e-10 9.9908712190958874e-10 1.1528679945293082e-09 1.3176522683409235e-09 1.4287069811245102e-09 1.6486155371023688e-09 1.8842590933161709e-09
2.0430687105770026e-09 2.3575406742772901e-09 2.6945138835567612e-09 2.9216136067686809e-09 3.371312416866237e-09 3.8531882873402029e-09 4.1779437094140703e-09 4.8210185877707806e-09
5.5101070617226097e-09 5.9745113448927812e-09 6.8941164002937139e-09 7.8795214683379247e-09 8.5436253556557605e-09 9.858671995449804e-09 1.1267813469778249e-08 1.2217490268924079e-08
1.4098023281087257e-08 1.6113113074174708e-08 1.7471162680657786e-08 2.0160348221932097e-08 2.3041951629524935e-08 2.4983979417639442e-08 2.8829548109401031e-08 3.2950276737542255e-08
3.5727400571461585e-08 4.122661151696191e-08 4.7119304585702866e-08 5.1090626127095789e-08 5.8954566014035529e-08 6.7381190219583128e-08 7.3060229300412825e-08 8.4305760915453533e-08
9.6355938087958501e-08 1.0447703443974849e-07 1.2055828418517258e-07 1.3779018706190991e-07 1.49403455612515e-07 1.7239984228656241e-07 1.9704167721583108e-07 2.1364879534203654e-07
2.4653391362787056e-07 2.8177204333559171e-07 3.0552042831919506e-07 3.5254655551046114e-07 4.0293751823147608e-07 4.36898003430861e-07 5.0414594882024309e-07 5.7620565076845226e-07
6.247695659893787e-07 7.2093496231683186e-07 8.2398123022826475e-07 8.9342823158112105e-07 1.030945941561243e-06 1.1783033832851425e-06 1.2776134569265161e-06 1.4742654885344619e-06
1.6849884586285908e-06 1.8270030961871549e-06 2.1082179414687012e-06 2.409554403379395e-06 2.6126370972229348e-06 3.0147778153233447e-06 3.4456926948748862e-06 3.7361034669457658e-06
4.3111696836400017e-06 4.9273833082426305e-06 5.3426743157559581e-06 6.1650261411198578e-06 7.0462192703547723e-06 7.6400905640798625e-06 8.8160638781911091e-06 1.0076180986947918e-05
1.0925424305801606e-05 1.2607080736599746e-05 1.4409063837807425e-05 1.562349232128197e-05 1.8028281883519616e-05 2.0605140077470768e-05 2.2341787877614819e-05 2.5780666790534287e-05
2.9465605981852449e-05 3.194903388459431e-05 3.6866673400094444e-05 4.2136182166850423e-05 4.5687514882444946e-05 5.2719800408275806e-05 6.0255263329438683e-05 6.533371317810455e-05
7.5389968737491693e-05 8.6165774215689577e-05 9.342802051330148e-05 0.00010780859074245985 0.00012321812628378001 0.00012837666049145543 0.00013003707734822044 0.00013170816319115503
0.00013749942900261188 0.0001565180314767176 0.0001767681471939306 0.00019105427466329205 0.00022046161305365458 0.00025197311912613957 0.0002732099833930462 0.00031526284218107473
0.00036032468686330519 0.00039011017193689044 0.00044805226243616405 0.00051000468124037866 0.00052946507313226686 0.00053180279719477195 0.00053414567072102178 0.00055869679054686876
0.00064469217382827815 0.0007368407391457664 0.00079894334285934875 0.00092191780799287559 0.001053691399787422 0.0011043155563285208 0.0011412232397345001 0.0011787375789259838
0.0012293888104630676 0.0013704923548943646 0.0015192596702174389 0.0016219538671254654 0.0018291871116053037 0.0020488754833695591 0.0021286536844477952 0.0021754105698168127
0.0022226754101569513 0.00233633653196699 0.0026959486846414239 0.003081291974888105 0.0032101904927094786 0.0032513658779457014 0.0032928036503629462 0.0034376073844505778
0.0039135266631643286 0.004420289753671508 0.0045942729580826904 0.00466584923259937 0.0047379787654307755 0.0049395362085967818 0.0055852997554365798 0.0062707222354510747
0.0064846664382575353 0.0065088908507355677 0.0065331604258012412 0.0067443143854467192 0.0074695456022225654 0.0082318042750425813 0.0085588717787650637 0.0089010047132213228
0.0092498425166215453 0.00950077290459647 0.010018803182515043 0.010550583894164831 0.010977768741120487 0.011930729063388197 0.012923348318830607 0.013237035075345632
0.013296885156436514 0.013356870235926856 0.013658067103976096 0.014655755119882236 0.015192246987791938 0.015688609371390268 0.016325221535292877 0.017482979707845861
0.018680396813573544 0.019046330469556613 0.019080861781889554 0.019115424368798609 0.0194754161723346 0.020702124378018372 0.021966295401658554 0.022730245880790534
0.024092801903628797 0.025495016859641756 0.026070756380505027 0.026625231877418214 0.027185541814428529 0.027614527147053404 0.028534383590235447 0.029469310542266404
0.030192841777613461 0.031760195650737004 0.033367208457035231 0.034074173710931702 0.034320729057771913 0.035990481856038078 0.037699893587478939 0.038306306356173145
0.038656254451085621 0.03900779376516806 0.039521326653933604 0.040949882995203822 0.042403801624931028 0.04336968228158275 0.045244232930134187 0.047158442511860327
0.048290748225235131 0.050267697798929228 0.052284306305798001 0.053218016038404134 0.05439277192836086 0.055580352671162528 0.05619301723146515 0.057107337592271129
0.058029036529554913 0.058926058776033872 0.060307379214091607 0.061107806200013222 0.063329212557167294 0.064640303383180234 0.066924449732302216 0.0692482550145989
0.070618940878157885 0.073005486152422513 0.07543169035986183 0.076572438965270079 0.078049921431083039 0.079541522192999869 0.08027411679595492 0.081295122789556723
0.082322580900214368 0.083369394531607161 0.085960737656157069 0.088591739713881665 0.090141210690078771 0.092834952739771312 0.095568353722638569 0.097177419736381707
0.099973560711216894 0.10280936061922676 0.10447802167051595 0.10737656157049379 0.11031476040364629 0.11153476546101723 0.11276788004503058 0.11400777378701207
0.11488451212858773 0.11666195398497145 0.11845304038600855 0.1198724042022784 0.12297574195254149 0.12611873863597933 0.1279661847999066 0.13117192147531231
0.13397459621556132 0.13441731708389279 0.1363243582853661 0.13963249388591453 0.14298028841963759 0.14494692465865691 0.14835745918434792 0.15180765264321369
0.15383388391977906 0.15734681737061276 0.16089940975462116 0.16212165713007878 0.16274447870028058 0.16336849432249942 0.16441767425089437 0.16741587248916825
0.17044116074360102 0.17240098110551735 0.17611871240663626 0.17987610264092993 0.18208111903013344 0.18590124925639506 0.18976103841583131 0.19202564984258086
0.19594817899398512 0.19991036707856405 0.20223457354285965 0.20625950161940648 0.21032408862912808 0.21270789013096969 0.21683521713265921 0.22100220306752338
0.22344559960691104 0.22767532553374314 0.23194471039375 0.23327161405988653 0.23353661997897626 0.23380177634130528 0.23395555688102193 0.2350565796616356
0.23912599077658417 0.24323032601734107 0.24571419722228771 0.25014872099940516 0.25462290370969731 0.25724508536172308 0.26178200806398311 0.26635858969941789
0.26904036638898976 0.27367968801639248 0.27835866857696978 0.28110004030408769 0.28584176085663299 0.29062314034235304 0.29289321881345248 0.29342410710701694
0.29826822658470492 0.30315200499556755 0.3060125667977775 0.31095908520060817 0.31594526253661348 0.31886541937636947 0.32391433670434266 0.32900291296549067
0.33093608460652857 0.33246751885174464 0.3340024883415082 0.33550193724725613 0.33913012478876126 0.34277782495168274 0.34536430319704725 0.35061801837530571
0.35591139248673898 0.35721239031346069 0.35901033443913311 0.3643664485425343 0.36976222157911021 0.37292075856905033 0.37837927159759416 0.38387744355931264
0.3870955755867988 0.39265648754048521 0.39825705842734638 0.40153478549237864 0.40719809637120774 0.41290106618321143 0.41623838828578974 0.42200409808976141
0.42780946682690785 0.43120638396703215 0.43707449269614657 0.44298226035843563 0.44643877253610603 0.45240928019036303 0.45841944677779467 0.46193555399301106
0.46800846057241063 0.47412102608498502 0.47617290403087092 0.47708656552975098 0.47800110273724233 0.47979456177087254 0.48506122325630441 0.4903566330067603
0.49372229557031516 0.49999999999999989 0.5063173633628596 0.5100122556907144 0.51639235904554182 0.52281212133354382 0.52656660869894467 0.53304911097891483
0.53957127219205958 0.54338535459500636 0.54997025580011905 0.55659481593840654 0.56046849337889948 0.56715579350915479 0.5738827525725847 0.57781602505062368
0.58460572410602174 0.59143508209459439 0.59542794961017931 0.60232004759071989 0.60925180450443517 0.61330426705756613 0.62029876396324934 0.62733291980210748
0.63144497739278449 0.63854187322361056 0.6456784279876111 0.64985008061583416 0.65704937537180264 0.65797985667433112 0.66428832906094581 0.66836611270071467
0.6751368545690376 0.68194171860727404 0.68408354590909326 0.68461716208287782 0.68515098629793103 0.6874534657254272 0.69485755833168095 0.70230130987110939
0.70665174761197058 0.71415823914336729 0.72170438960793826 0.7261144223863456 0.73372331284288461 0.74118095489747926 0.74137186223259854 0.74584149004855183
0.75355277943023347 0.76130372774508981 0.76583295059858914 0.77364663890541374 0.78149998614541272 0.78608880403645809 0.79400489126842499 0.80196063743356683
0.80660905036215835 0.81462753651926789 0.82268568160955213 0.82635182233306947 0.82739368957568959 0.83551457465794199 0.84367511867336886 0.84844272167705248
0.85666600568444728 0.86492894862501679 0.86975614666624634 0.87808182959878378 0.88644717146449625 0.89133396454327185 0.89976204640095225 0.90822978719180703
0.91317617530812867 0.92170665609095137 0.93027679580694878 0.93528277896081646 0.94391565866878191 0.95258819730992217 0.95765377550133601 0.96638905413444398
0.97516399170072665 0.97775882731219177 0.97787542547384743 0.97799203058727913 0.980556646364383 0.98927824388064578 0.99803845713897188 0.99999999999999978
1.0031889472458686 1.0121290237292617 1.0211087591458301 1.0263531224498819 1.0353955978584179 1.0444777322001284 1.0497816905417263 1.0589265648754052
1.0681110981422584 1.0734746515214024 1.0827219247802236 1.0920088569722195 1.0974320053889095 1.1067816775728734 1.1161710086900121 1.1216537521442482
1.1311058232533548 1.1405975532956361 1.1461398917874182 1.1556943618216673 1.165288490789091 1.1708904243184193 1.1736481776669303 1.1805472932778109
1.1902438211703776 1.1959053497372518 1.2056646176217862 1.2154635444394952 1.2211846680439153 1.2310463348535927 1.2409476605964445 1.2467283792384107
1.2566924449732304 1.2588190451025207 1.2666961696412249 1.2725364833207373 1.2826029479806995 1.2927090715738365 1.2986089802908949 1.308777843876
1.3189863663942798 1.3249458701488841 1.3352171326591316 1.3420201433256687 1.3455280541025543 1.3515471528947047 1.3619208143300949 1.3723341346986597
1.3779787325374859 1.3869562416926198 1.395962900134736 1.3990265931216801 1.4005299954757493 1.4020342051786712 1.4055428970498394 1.4161213563355148
1.4267394745543649 1.4329373584591536 1.4436182166699716 1.4543387338139648 1.4605962127562995 1.4713794698922604 1.482202385961396 1.4885194599412765
1.4994051160023798 1.4999999999999998 1.5103304309966579 1.5167071000140846 1.5276951550003306 1.5387228689197516 1.5451591329747245 1.556249586886113
1.5673796997306764 1.5738755588231952 1.5850684116597269 1.5963009234294327 1.6028563775594975 1.6141516293211715 1.6254865400160203 1.6321015891836315
1.6427876096865393 1.6434992398704478 1.6549365494904391 1.661611193695596 1.6731112433075555 1.6846509518526893 1.6913851910953923 1.7029876396324941
1.7146297471027707 1.7214235813830197 1.7331284288452642 1.7448729352406835 1.7517263645584786 1.7635336109458661 1.7660444431189777 1.775380516266428
1.782293540621769 1.7942031859342988 1.8061524901800032 1.8131251095728904 1.8251371538105625 1.8371888569814101 1.8442210714118432 1.8563355145746587
1.8660254037844388 1.8684896166706484 1.8755814261386277 1.8877982682265853 1.9000547692477174 1.9072061737532429 1.919525414766343 1.9318843147126183
1.9390953142556897 1.9396926207859082 1.9515169541939326 1.9639782530653502 1.9712488476459675 1.9837728865093531 1.9848077530122081 1.9963365843059133
2
copy 641 380920
copy 641 380920
copy 641 380920
copy 641 380920
copy 641 380920
copy 641 380920
copy 641 380920
copy 641 380920
copy 641 380920
copy 641 380920
copy 641 380920
copy 641 380920
copy 641 380920
copy 641 380920
copy 641 380920
copy 641 380920
copy 641 380920
copy 641 380920
copy 641 380920
copy 641 380920
copy 641 380920
copy 641 380920
copy 641 380920
copy 641 380920
copy 641 380920
copy 641 380920
copy 641 380920
copy 641 380920
copy 641 380920
copy 641 380920
copy 641 380920
copy 641 380920
copy 641 380920
copy 641 380920
copy 641 380920
copy 641 380920
copy 641 380920
copy 641 380920
copy 641 380920
copy 641 380920
copy 641 380920
copy 641 380920
copy 641 380920
copy 641 380920
copy 641 380920
copy 641 380920
copy 641 380920
copy 641 380920
copy 641 380920
copy 641 380920
copy 641 380920
copy 641 380920
copy 641 380920
copy 641 380920
copy 641 380920
copy 641 380920
copy 641 380920
copy 641 380920
copy 641 380920
copy 641 380920
copy 641 380920
copy 641 380920
copy 641 380920
copy 641 380920
copy 641 380920
copy 641 380920
copy 641 380920
copy 641 380920
copy 641 380920
copy 641 380920
copy 641 380920
copy 641 380920
copy 641 380920
copy 641 380920
copy 641 380920
copy 641 380920
copy 641 380920
copy 641 380920
copy 641 380920
copy 641 380920
copy 641 380920
copy 641 380920
copy 641 380920
copy 641 380920
copy 641 380920
copy 641 380920
copy 641 380920
copy 641 380920
copy 641 380920
copy 641 380920
copy 641 380920
copy 641 380920
copy 641 380920
copy 641 380920
copy 641 380920
copy 641 380920
copy 641 380920
copy 641 380920
copy 641 380920
copy 641 380920
values 640
0 1.7230808999093469e-13 2.1558783083579759e-13 2.4640270670664928e-13 2.6717008401846472e-13 3.0829327313506099e-13 3.5235892798508471e-13 3.8205653522510934e-13
4.4086320592334377e-13 5.0387763913085001e-13 5.4634558597558607e-13 6.3043985475434103e-13 7.2055127613178071e-13 7.8128096706717216e-13 9.015368148726457e-13 1.0303972655557954e-12
1.1172414771347525e-12 1.2892088316456781e-12 1.4734808750386335e-12 1.5976691751700189e-12 1.8435846259123685e-12 2.1070959344340876e-12 2.2846867445654114e-12 2.636348890475615e-12
3.0131733313418472e-12 3.2671303933978828e-12 3.7700116255158971e-12 4.3088752516378299e-12 4.6720370015078903e-12 5.3911634032477758e-12 6.161745074887163e-12 6.6810708833562472e-12
7.7094305608516202e-12 8.811371912766486e-12 9.5540142627346984e-12 1.1024581361564287e-11 1.2600371167824067e-11 1.3662358943074667e-11 1.576528814137534e-11 1.8018687116917257e-11
1.9537342812798325e-11 2.2544557659768014e-11 2.5766946155239877e-11 2.7938642644013293e-11 3.223899718906535e-11 3.6847052721376152e-11 3.9952605646994728e-11 4.610216600573826e-11
5.2691742594252864e-11 5.7132721811963592e-11 6.5926669429455264e-11 7.5349845715294158e-11 8.1700501100827524e-11 9.427595531020583e-11 1.0775121432286606e-10 1.1683273032387857e-10
1.3481578588104581e-10 1.5408557347179294e-10 1.6707225403778933e-10 1.9278824662046598e-10 2.2034428197708851e-10 2.3891539632676596e-10 2.7568958480713857e-10 3.1509505728572691e-10
3.4165198123839803e-10 3.9423952706390815e-10 4.5058984165615699e-10 4.8856657242999972e-10 5.6376741547310509e-10 6.4434906454153641e-10 6.9865626076799825e-10 8.0619439942079091e-10
9.2142715745549168e-10 9.9908712190958874e-10 1.1528679945293082e-09 1.3176522683409235e-09 1.4287069811245102e-09 1.6486155371023688e-09 1.8842590933161709e-09 2.0430687105770026e-09
2.3575406742772901e-09 2.6945138835567612e-09 2.9216136067686809e-09 3.371312416866237e-09 3.8531882873402029e-09 4.1779437094140703e-09 4.8210185877707806e-09 5.5101070617226097e-09
5.9745113448927812e-09 6.8941164002937139e-09 7.8795214683379247e-09 8.5436253556557605e-09 9.858671995449804e-09 1.1267813469778249e-08 1.2217490268924079e-08 1.4098023281087257e-08
1.6113113074174708e-08 1.7471162680657786e-08 2.0160348221932097e-08 2.3041951629524935e-08 2.4983979417639442e-08 2.8829548109401031e-08 3.2950276737542255e-08 3.5727400571461585e-08
4.122661151696191e-08 4.7119304585702866e-08 5.1090626127095789e-08 5.8954566014035529e-08 6.7381190219583128e-08 7.3060229300412825e-08 8.4305760915453533e-08 9.6355938087958501e-08
1.0447703443974849e-07 1.2055828418517258e-07 1.3779018706190991e-07 1.49403455612515e-07 1.7239984228656241e-07 1.9704167721583108e-07 2.1364879534203654e-07 2.4653391362787056e-07
2.8177204333559171e-07 3.0552042831919506e-07 3.5254655551046114e-07 4.0293751823147608e-07 4.36898003430861e-07 5.0414594882024309e-07 5.7620565076845226e-07 6.247695659893787e-07
7.2093496231683186e-07 8.2398123022826475e-07 8.9342823158112105e-07 1.030945941561243e-06 1.1783033832851425e-06 1.2776134569265161e-06 1.4742654885344619e-06 1.6849884586285908e-06
1.8270030961871549e-06 2.1082179414687012e-06 2.409554403379395e-06 2.6126370972229348e-06 3.0147778153233447e-06 3.4456926948748862e-06 3.7361034669457658e-06 4.3111696836400017e-06
4.9273833082426305e-06 5.3426743157559581e-06 6.1650261411198578e-06 7.0462192703547723e-06 7.6400905640798625e-06 8.8160638781911091e-06 1.0076180986947918e-05 1.0925424305801606e-05
1.2607080736599746e-05 1.4409063837807425e-05 1.562349232128197e-05 1.8028281883519616e-05 2.0605140077470768e-05 2.2341787877614819e-05 2.5780666790534287e-05 2.9465605981852449e-05
3.194903388459431e-05 3.6866673400094444e-05 4.2136182166850423e-05 4.5687514882444946e-05 5.2719800408275806e-05 6.0255263329438683e-05 6.533371317810455e-05 7.5389968737491693e-05
8.6165774215689577e-05 9.342802051330148e-05 0.00010780859074245985 0.00012321812628378001 0.00012837666049145543 0.00013003707734822044 0.00013170816319115503 0.00013749942900261188
0.0001565180314767176 0.0001767681471939306 0.00019105427466329205 0.00022046161305365458 0.00025197311912613957 0.0002732099833930462 0.00031526284218107473 0.00036032468686330519
0.00039011017193689044 0.00044805226243616405 0.00051000468124037866 0.00052946507313226686 0.00053180279719477195 0.00053414567072102178 0.00055869679054686876 0.00064469217382827815
0.0007368407391457664 0.00079894334285934875 0.00092191780799287559 0.001053691399787422 0.0011043155563285208 0.0011412232397345001 0.0011787375789259838 0.0012293888104630676
0.0013704923548943646 0.0015192596702174389 0.0016219538671254654 0.0018291871116053037 0.0020488754833695591 0.0021286536844477952 0.0021754105698168127 0.0022226754101569513
0.00233633653196699 0.0026959486846414239 0.003081291974888105 0.0032101904927094786 0.0032513658779457014 0.0032928036503629462 0.0034376073844505778 0.0039135266631643286
0.004420289753671508 0.0045942729580826904 0.00466584923259937 0.0047379787654307755 0.0049395362085967818 0.0055852997554365798 0.0062707222354510747 0.0064846664382575353
0.0065088908507355677 0.0065331604258012412 0.0067443143854467192 0.0074695456022225654 0.0082318042750425813 0.0085588717787650637 0.0089010047132213228 0.0092498425166215453
0.00950077290459647 0.010018803182515043 0.010550583894164831 0.010977768741120487 0.011930729063388197 0.012923348318830607 0.013237035075345632 0.013296885156436514
0.013356870235926856 0.013658067103976096 0.014655755119882236 0.015192246987791938 0.015688609371390268 0.016325221535292877 0.017482979707845861 0.018680396813573544
0.019046330469556613 0.019080861781889554 0.019115424368798609 0.0194754161723346 0.020702124378018372 0.021966295401658554 0.022730245880790534 0.024092801903628797
0.025495016859641756 0.026070756380505027 0.026625231877418214 0.027185541814428529 0.027614527147053404 0.028534383590235447 0.029469310542266404 0.030192841777613461
0.031760195650737004 0.033367208457035231 0.034074173710931702 0.034320729057771913 0.035990481856038078 0.037699893587478939 0.038306306356173145 0.038656254451085621
0.03900779376516806 0.039521326653933604 0.040949882995203822 0.042403801624931028 0.04336968228158275 0.045244232930134187 0.047158442511860327 0.048290748225235131
0.050267697798929228 0.052284306305798001 0.053218016038404134 0.05439277192836086 0.055580352671162528 0.05619301723146515 0.057107337592271129 0.058029036529554913
0.058926058776033872 0.060307379214091607 0.061107806200013222 0.063329212557167294 0.064640303383180234 0.066924449732302216 0.0692482550145989 0.070618940878157885
0.073005486152422513 0.07543169035986183 0.076572438965270079 0.078049921431083039 0.079541522192999869 0.08027411679595492 0.081295122789556723 0.082322580900214368
0.083369394531607161 0.085960737656157069 0.088591739713881665 0.090141210690078771 0.092834952739771312 0.095568353722638569 0.097177419736381707 0.099973560711216894
0.10280936061922676 0.10447802167051595 0.10737656157049379 0.11031476040364629 0.11153476546101723 0.11276788004503058 0.11400777378701207 0.11488451212858773
0.11666195398497145 0.11845304038600855 0.1198724042022784 0.12297574195254149 0.12611873863597933 0.1279661847999066 0.13117192147531231 0.13397459621556132
0.13441731708389279 0.1363243582853661 0.13963249388591453 0.14298028841963759 0.14494692465865691 0.14835745918434792 0.15180765264321369 0.15383388391977906
0.15734681737061276 0.16089940975462116 0.16212165713007878 0.16274447870028058 0.16336849432249942 0.16441767425089437 0.16741587248916825 0.17044116074360102
0.17240098110551735 0.17611871240663626 0.17987610264092993 0.18208111903013344 0.18590124925639506 0.18976103841583131 0.19202564984258086 0.19594817899398512
0.19991036707856405 0.20223457354285965 0.20625950161940648 0.21032408862912808 0.21270789013096969 0.21683521713265921 0.22100220306752338 0.22344559960691104
0.22767532553374314 0.23194471039375 0.23327161405988653 0.23353661997897626 0.23380177634130528 0.23395555688102193 0.2350565796616356 0.23912599077658417
0.24323032601734107 0.24571419722228771 0.25014872099940516 0.25462290370969731 0.25724508536172308 0.26178200806398311 0.26635858969941789 0.26904036638898976
0.27367968801639248 0.27835866857696978 0.28110004030408769 0.28584176085663299 0.29062314034235304 0.29289321881345248 0.29342410710701694 0.29826822658470492
0.30315200499556755 0.3060125667977775 0.31095908520060817 0.31594526253661348 0.31886541937636947 0.32391433670434266 0.32900291296549067 0.33093608460652857
0.33246751885174464 0.3340024883415082 0.33550193724725613 0.33913012478876126 0.34277782495168274 0.34536430319704725 0.35061801837530571 0.35591139248673898
0.35721239031346069 0.35901033443913311 0.3643664485425343 0.36976222157911021 0.37292075856905033 0.37837927159759416 0.38387744355931264 0.3870955755867988
0.39265648754048521 0.39825705842734638 0.40153478549237864 0.40719809637120774 0.41290106618321143 0.41623838828578974 0.42200409808976141 0.42780946682690785
0.43120638396703215 0.43707449269614657 0.44298226035843563 0.44643877253610603 0.45240928019036303 0.45841944677779467 0.46193555399301106 0.46800846057241063
0.47412102608498502 0.47617290403087092 0.47708656552975098 0.47800110273724233 0.47979456177087254 0.48506122325630441 0.4903566330067603 0.49372229557031516
0.49999999999999989 0.5063173633628596 0.5100122556907144 0.51639235904554182 0.52281212133354382 0.52656660869894467 0.53304911097891483 0.53957127219205958
0.54338535459500636 0.54997025580011905 0.55659481593840654 0.56046849337889948 0.56715579350915479 0.5738827525725847 0.57781602505062368 0.58460572410602174
0.59143508209459439 0.59542794961017931 0.60232004759071989 0.60925180450443517 0.61330426705756613 0.62029876396324934 0.62733291980210748 0.63144497739278449
0.63854187322361056 0.6456784279876111 0.64985008061583416 0.65704937537180264 0.65797985667433112 0.66428832906094581 0.66836611270071467 0.6751368545690376
0.68194171860727404 0.68408354590909326 0.68461716208287782 0.68515098629793103 0.6874534657254272 0.69485755833168095 0.70230130987110939 0.70665174761197058
0.71415823914336729 0.72170438960793826 0.7261144223863456 0.73372331284288461 0.74118095489747926 0.74137186223259854 0.74584149004855183 0.75355277943023347
0.76130372774508981 0.76583295059858914 0.77364663890541374 0.78149998614541272 0.78608880403645809 0.79400489126842499 0.80196063743356683 0.80660905036215835
0.81462753651926789 0.82268568160955213 0.82635182233306947 0.82739368957568959 0.83551457465794199 0.84367511867336886 0.84844272167705248 0.85666600568444728
0.86492894862501679 0.86975614666624634 0.87808182959878378 0.88644717146449625 0.89133396454327185 0.89976204640095225 0.90822978719180703 0.91317617530812867
0.92170665609095137 0.93027679580694878 0.93528277896081646 0.94391565866878191 0.95258819730992217 0.95765377550133601 0.96638905413444398 0.97516399170072665
0.97775882731219177 0.97787542547384743 0.97799203058727913 0.980556646364383 0.98927824388064578 0.99803845713897188 0.99999999999999978 1.0031889472458686
1.0121290237292617 1.0211087591458301 1.0263531224498819 1.0353955978584179 1.0444777322001284 1.0497816905417263 1.0589265648754052 1.0681110981422584
1.0734746515214024 1.0827219247802236 1.0920088569722195 1.0974320053889095 1.1067816775728734 1.1161710086900121 1.1216537521442482 1.1311058232533548
1.1405975532956361 1.1461398917874182 1.1556943618216673 1.165288490789091 1.1708904243184193 1.1736481776669303 1.1805472932778109 1.1902438211703776
1.1959053497372518 1.2056646176217862 1.2154635444394952 1.2211846680439153 1.2310463348535927 1.2409476605964445 1.2467283792384107 1.2566924449732304
1.2588190451025207 1.2666961696412249 1.2725364833207373 1.2826029479806995 1.2927090715738365 1.2986089802908949 1.308777843876 1.3189863663942798
1.3249458701488841 1.3352171326591316 1.3420201433256687 1.3455280541025543 1.3515471528947047 1.3619208143300949 1.3723341346986597 1.3779787325374859
1.3869562416926198 1.395962900134736 1.3990265931216801 1.4005299954757493 1.4020342051786712 1.4055428970498394 1.4161213563355148 1.4267394745543649
1.4329373584591536 1.4436182166699716 1.4543387338139648 1.4605962127562995 1.4713794698922604 1.482202385961396 1.4885194599412765 1.4994051160023798
1.4999999999999998 1.5103304309966579 1.5167071000140846 1.5276951550003306 1.5387228689197516 1.5451591329747245 1.556249586886113 1.5673796997306764
1.5738755588231952 1.5850684116597269 1.5963009234294327 1.6028563775594975 1.6141516293211715 1.6254865400160203 1.6321015891836315 1.6427876096865393
1.6434992398704478 1.6549365494904391 1.661611193695596 1.6731112433075555 1.6846509518526893 1.6913851910953923 1.7029876396324941 1.7146297471027707
1.7214235813830197 1.7331284288452642 1.7448729352406835 1.7517263645584786 1.7635336109458661 1.7660444431189777 1.775380516266428 1.782293540621769
1.7942031859342988 1.8061524901800032 1.8131251095728904 1.8251371538105625 1.8371888569814101 1.8442210714118432 1.8563355145746587 1.8660254037844388
1.8684896166706484 1.8755814261386277 1.8877982682265853 1.9000547692477174 1.9072061737532429 1.919525414766343 1.9318843147126183 1.9390953142556897
1.9396926207859082 1.9515169541939326 1.9639782530653502 1.9712488476459675 1.9837728865093531 1.9848077530122081 1.9963365843059133 2
copy 640 445661
copy 640 445661
copy 640 445661
copy 640 445661
copy 640 445661
copy 640 445661
copy 640 445661
copy 640 445661
copy 640 445661
copy 640 445661
copy 640 445661
values 639
0 1.7230808999093469e-13 2.1558783083579759e-13 2.4640270670664928e-13 3.0829327313506099e-13 3.5235892798508471e-13 3.8205653522510934e-13 4.4086320592334377e-13
5.0387763913085001e-13 5.4634558597558607e-13 6.3043985475434103e-13 7.2055127613178071e-13 7.8128096706717216e-13 9.015368148726457e-13 1.0303972655557954e-12 1.1172414771347525e-12
1.2892088316456781e-12 1.4734808750386335e-12 1.5976691751700189e-12 1.8435846259123685e-12 2.1070959344340876e-12 2.2846867445654114e-12 2.636348890475615e-12 3.0131733313418472e-12
3.2671303933978828e-12 3.7700116255158971e-12 4.3088752516378299e-12 4.6720370015078903e-12 5.3911634032477758e-12 6.161745074887163e-12 6.6810708833562472e-12 7.7094305608516202e-12
8.811371912766486e-12 9.5540142627346984e-12 1.1024581361564287e-11 1.2600371167824067e-11 1.3662358943074667e-11 1.576528814137534e-11 1.8018687116917257e-11 1.9537342812798325e-11
2.2544557659768014e-11 2.5766946155239877e-11 2.7938642644013293e-11 3.223899718906535e-11 3.6847052721376152e-11 3.9952605646994728e-11 4.610216600573826e-11 5.2691742594252864e-11
5.7132721811963592e-11 6.5926669429455264e-11 7.5349845715294158e-11 8.1700501100827524e-11 9.427595531020583e-11 1.0775121432286606e-10 1.1683273032387857e-10 1.3481578588104581e-10
1.5408557347179294e-10 1.6707225403778933e-10 1.9278824662046598e-10 2.2034428197708851e-10 2.3891539632676596e-10 2.7568958480713857e-10 3.1509505728572691e-10 3.4165198123839803e-10
3.9423952706390815e-10 4.5058984165615699e-10 4.8856657242999972e-10 5.6376741547310509e-10 6.4434906454153641e-10 6.9865626076799825e-10 8.0619439942079091e-10 9.2142715745549168e-10
9.9908712190958874e-10 1.1528679945293082e-09 1.3176522683409235e-09 1.4287069811245102e-09 1.6486155371023688e-09 1.8842590933161709e-09 2.0430687105770026e-09 2.3575406742772901e-09
2.6945138835567612e-09 2.9216136067686809e-09 3.371312416866237e-09 3.8531882873402029e-09 4.1779437094140703e-09 4.8210185877707806e-09 5.5101070617226097e-09 5.9745113448927812e-09
6.8941164002937139e-09 7.8795214683379247e-09 8.5436253556557605e-09 9.858671995449804e-09 1.1267813469778249e-08 1.2217490268924079e-08 1.4098023281087257e-08 1.6113113074174708e-08
1.7471162680657786e-08 2.0160348221932097e-08 2.3041951629524935e-08 2.4983979417639442e-08 2.8829548109401031e-08 3.2950276737542255e-08 3.5727400571461585e-08 4.122661151696191e-08
4.7119304585702866e-08 5.1090626127095789e-08 5.8954566014035529e-08 6.7381190219583128e-08 7.3060229300412825e-08 8.4305760915453533e-08 9.6355938087958501e-08 1.0447703443974849e-07
1.2055828418517258e-07 1.3779018706190991e-07 1.49403455612515e-07 1.7239984228656241e-07 1.9704167721583108e-07 2.1364879534203654e-07 2.4653391362787056e-07 2.8177204333559171e-07
3.0552042831919506e-07 3.5254655551046114e-07 4.0293751823147608e-07 4.36898003430861e-07 5.0414594882024309e-07 5.7620565076845226e-07 6.247695659893787e-07 7.2093496231683186e-07
8.2398123022826475e-07 8.9342823158112105e-07 1.030945941561243e-06 1.1783033832851425e-06 1.2776134569265161e-06 1.4742654885344619e-06 1.6849884586285908e-06 1.8270030961871549e-06
2.1082179414687012e-06 2.409554403379395e-06 2.6126370972229348e-06 3.0147778153233447e-06 3.4456926948748862e-06 3.7361034669457658e-06 4.3111696836400017e-06 4.9273833082426305e-06
5.3426743157559581e-06 6.1650261411198578e-06 7.0462192703547723e-06 7.6400905640798625e-06 8.8160638781911091e-06 1.0076180986947918e-05 1.0925424305801606e-05 1.2607080736599746e-05
1.4409063837807425e-05 1.562349232128197e-05 1.8028281883519616e-05 2.0605140077470768e-05 2.2341787877614819e-05 2.5780666790534287e-05 2.9465605981852449e-05 3.194903388459431e-05
3.6866673400094444e-05 4.2136182166850423e-05 4.5687514882444946e-05 5.2719800408275806e-05 6.0255263329438683e-05 6.533371317810455e-05 7.5389968737491693e-05 8.6165774215689577e-05
9.342802051330148e-05 0.00010780859074245985 0.00012321812628378001 0.00012837666049145543 0.00013003707734822044 0.00013170816319115503 0.00013749942900261188 0.0001565180314767176
0.0001767681471939306 0.00019105427466329205 0.00022046161305365458 0.00025197311912613957 0.0002732099833930462 0.00031526284218107473 0.00036032468686330519 0.00039011017193689044
0.00044805226243616405 0.00051000468124037866 0.00052946507313226686 0.00053180279719477195 0.00053414567072102178 0.00055869679054686876 0.00064469217382827815 0.0007368407391457664
0.00079894334285934875 0.00092191780799287559 0.001053691399787422 0.0011043155563285208 0.0011412232397345001 0.0011787375789259838 0.0012293888104630676 0.0013704923548943646
0.0015192596702174389 0.0016219538671254654 0.0018291871116053037 0.0020488754833695591 0.0021286536844477952 0.0021754105698168127 0.0022226754101569513 0.00233633653196699
0.0026959486846414239 0.003081291974888105 0.0032101904927094786 0.0032513658779457014 0.0032928036503629462 0.0034376073844505778 0.0039135266631643286 0.004420289753671508
0.0045942729580826904 0.00466584923259937 0.0047379787654307755 0.0049395362085967818 0.0055852997554365798 0.0062707222354510747 0.0064846664382575353 0.0065088908507355677
0.0065331604258012412 0.0067443143854467192 0.0074695456022225654 0.0082318042750425813 0.0085588717787650637 0.0089010047132213228 0.0092498425166215453 0.00950077290459647
0.010018803182515043 0.010550583894164831 0.010977768741120487 0.011930729063388197 0.012923348318830607 0.013237035075345632 0.013296885156436514 0.013356870235926856
0.013658067103976096 0.014655755119882236 0.015192246987791938 0.015688609371390268 0.016325221535292877 0.017482979707845861 0.018680396813573544 0.019046330469556613
0.019080861781889554 0.019115424368798609 0.0194754161723346 0.020702124378018372 0.021966295401658554 0.022730245880790534 0.024092801903628797 0.025495016859641756
0.026070756380505027 0.026625231877418214 0.027185541814428529 0.027614527147053404 0.028534383590235447 0.029469310542266404 0.030192841777613461 0.031760195650737004
0.033367208457035231 0.034074173710931702 0.034320729057771913 0.035990481856038078 0.037699893587478939 0.038306306356173145 0.038656254451085621 0.03900779376516806
0.039521326653933604 0.040949882995203822 0.042403801624931028 0.04336968228158275 0.045244232930134187 0.047158442511860327 0.048290748225235131 0.050267697798929228
0.052284306305798001 0.053218016038404134 0.05439277192836086 0.055580352671162528 0.05619301723146515 0.057107337592271129 0.058029036529554913 0.058926058776033872
0.060307379214091607 0.061107806200013222 0.063329212557167294 0.064640303383180234 0.066924449732302216 0.0692482550145989 0.070618940878157885 0.073005486152422513
0.07543169035986183 0.076572438965270079 0.078049921431083039 0.079541522192999869 0.08027411679595492 0.081295122789556723 0.082322580900214368 0.083369394531607161
0.085960737656157069 0.088591739713881665 0.090141210690078771 0.092834952739771312 0.095568353722638569 0.097177419736381707 0.099973560711216894 0.10280936061922676
0.10447802167051595 0.10737656157049379 0.11031476040364629 0.11153476546101723 0.11276788004503058 0.11400777378701207 0.11488451212858773 0.11666195398497145
0.11845304038600855 0.1198724042022784 0.12297574195254149 0.12611873863597933 0.1279661847999066 0.13117192147531231 0.13397459621556132 0.13441731708389279
0.1363243582853661 0.13963249388591453 0.14298028841963759 0.14494692465865691 0.14835745918434792 0.15180765264321369 0.15383388391977906 0.15734681737061276
0.16089940975462116 0.16212165713007878 0.16274447870028058 0.16336849432249942 0.16441767425089437 0.16741587248916825 0.17044116074360102 0.17240098110551735
0.17611871240663626 0.17987610264092993 0.18208111903013344 0.18590124925639506 0.18976103841583131 0.19202564984258086 0.19594817899398512 0.19991036707856405
0.20223457354285965 0.20625950161940648 0.21032408862912808 0.21270789013096969 0.21683521713265921 0.22100220306752338 0.22344559960691104 0.22767532553374314
0.23194471039375 0.23327161405988653 0.23353661997897626 0.23380177634130528 0.23395555688102193 0.2350565796616356 0.23912599077658417 0.24323032601734107
0.24571419722228771 0.25014872099940516 0.25462290370969731 0.25724508536172308 0.26178200806398311 0.26635858969941789 0.26904036638898976 0.27367968801639248
0.27835866857696978 0.28110004030408769 0.28584176085663299 0.29062314034235304 0.29289321881345248 0.29342410710701694 0.29826822658470492 0.30315200499556755
0.3060125667977775 0.31095908520060817 0.31594526253661348 0.31886541937636947 0.32391433670434266 0.32900291296549067 0.33093608460652857 0.33246751885174464
0.3340024883415082 0.33550193724725613 0.33913012478876126 0.34277782495168274 0.34536430319704725 0.35061801837530571 0.35591139248673898 0.35721239031346069
0.35901033443913311 0.3643664485425343 0.36976222157911021 0.37292075856905033 0.37837927159759416 0.38387744355931264 0.3870955755867988 0.39265648754048521
0.39825705842734638 0.40153478549237864 0.40719809637120774 0.41290106618321143 0.41623838828578974 0.42200409808976141 0.42780946682690785 0.43120638396703215
0.43707449269614657 0.44298226035843563 0.44643877253610603 0.45240928019036303 0.45841944677779467 0.46193555399301106 0.46800846057241063 0.47412102608498502
0.47617290403087092 0.47708656552975098 0.47800110273724233 0.47979456177087254 0.48506122325630441 0.4903566330067603 0.49372229557031516 0.49999999999999989
0.5063173633628596 0.5100122556907144 0.51639235904554182 0.52281212133354382 0.52656660869894467 0.53304911097891483 0.53957127219205958 0.54338535459500636
0.54997025580011905 0.55659481593840654 0.56046849337889948 0.56715579350915479 0.5738827525725847 0.57781602505062368 0.58460572410602174 0.59143508209459439
0.59542794961017931 0.60232004759071989 0.60925180450443517 0.61330426705756613 0.62029876396324934 0.62733291980210748 0.63144497739278449 0.63854187322361056
0.6456784279876111 0.64985008061583416 0.65704937537180264 0.65797985667433112 0.66428832906094581 0.66836611270071467 0.6751368545690376 0.68194171860727404
0.68408354590909326 0.68461716208287782 0.68515098629793103 0.6874534657254272 0.69485755833168095 0.70230130987110939 0.70665174761197058 0.71415823914336729
0.72170438960793826 0.7261144223863456 0.73372331284288461 0.74118095489747926 0.74137186223259854 0.74584149004855183 0.75355277943023347 0.76130372774508981
0.76583295059858914 0.77364663890541374 0.78149998614541272 0.78608880403645809 0.79400489126842499 0.80196063743356683 0.80660905036215835 0.81462753651926789
0.82268568160955213 0.82635182233306947 0.82739368957568959 0.83551457465794199 0.84367511867336886 0.84844272167705248 0.85666600568444728 0.86492894862501679
0.86975614666624634 0.87808182959878378 0.88644717146449625 0.89133396454327185 0.89976204640095225 0.90822978719180703 0.91317617530812867 0.92170665609095137
0.93027679580694878 0.93528277896081646 0.94391565866878191 0.95258819730992217 0.95765377550133601 0.96638905413444398 0.97516399170072665 0.97775882731219177
0.97787542547384743 0.97799203058727913 0.980556646364383 0.98927824388064578 0.99803845713897188 0.99999999999999978 1.0031889472458686 1.0121290237292617
1.0211087591458301 1.0263531224498819 1.0353955978584179 1.0444777322001284 1.0497816905417263 1.0589265648754052 1.0681110981422584 1.0734746515214024
1.0827219247802236 1.0920088569722195 1.0974320053889095 1.1067816775728734 1.1161710086900121 1.1216537521442482 1.1311058232533548 1.1405975532956361
1.1461398917874182 1.1556943618216673 1.165288490789091 1.1708904243184193 1.1736481776669303 1.1805472932778109 1.1902438211703776 1.1959053497372518
1.2056646176217862 1.2154635444394952 1.2211846680439153 1.2310463348535927 1.2409476605964445 1.2467283792384107 1.2566924449732304 1.2588190451025207
1.2666961696412249 1.2725364833207373 1.2826029479806995 1.2927090715738365 1.2986089802908949 1.308777843876 1.3189863663942798 1.3249458701488841
1.3352171326591316 1.3420201433256687 1.3455280541025543 1.3515471528947047 1.3619208143300949 1.3723341346986597 1.3779787325374859 1.3869562416926198
1.395962900134736 1.3990265931216801 1.4005299954757493 1.4020342051786712 1.4055428970498394 1.4161213563355148 1.4267394745543649 1.4329373584591536
1.4436182166699716 1.4543387338139648 1.4605962127562995 1.4713794698922604 1.482202385961396 1.4885194599412765 1.4994051160023798 1.4999999999999998
1.5103304309966579 1.5167071000140846 1.5276951550003306 1.5387228689197516 1.5451591329747245 1.556249586886113 1.5673796997306764 1.5738755588231952
1.5850684116597269 1.5963009234294327 1.6028563775594975 1.6141516293211715 1.6254865400160203 1.6321015891836315 1.6427876096865393 1.6434992398704478
1.6549365494904391 1.661611193695596 1.6731112433075555 1.6846509518526893 1.6913851910953923 1.7029876396324941 1.7146297471027707 1.7214235813830197
1.7331284288452642 1.7448729352406835 1.7517263645584786 1.7635336109458661 1.7660444431189777 1.775380516266428 1.782293540621769 1.7942031859342988
1.8061524901800032 1.8131251095728904 1.8251371538105625 1.8371888569814101 1.8442210714118432 1.8563355145746587 1.8660254037844388 1.8684896166706484
1.8755814261386277 1.8877982682265853 1.9000547692477174 1.9072061737532429 1.919525414766343 1.9318843147126183 1.9390953142556897 1.9396926207859082
1.9515169541939326 1.9639782530653502 1.9712488476459675 1.9837728865093531 1.9848077530122081 1.9963365843059133 2
copy 639 453341
copy 639 453341
copy 639 453341
copy 639 453341
copy 639 453341
copy 639 453341
copy 639 453341
copy 639 453341
copy 639 453341
copy 639 453341
copy 639 453341
values 638
0 2.1558783083579759e-13 2.4640270670664928e-13 3.0829327313506099e-13 3.5235892798508471e-13 3.8205653522510934e-13 4.4086320592334377e-13 5.0387763913085001e-13
5.4634558597558607e-13 6.3043985475434103e-13 7.2055127613178071e-13 7.8128096706717216e-13 9.015368148726457e-13 1.0303972655557954e-12 1.1172414771347525e-12 1.2892088316456781e-12
1.4734808750386335e-12 1.5976691751700189e-12 1.8435846259123685e-12 2.1070959344340876e-12 2.2846867445654114e-12 2.636348890475615e-12 3.0131733313418472e-12 3.2671303933978828e-12
3.7700116255158971e-12 4.3088752516378299e-12 4.6720370015078903e-12 5.3911634032477758e-12 6.161745074887163e-12 6.6810708833562472e-12 7.7094305608516202e-12 8.811371912766486e-12
9.5540142627346984e-12 1.1024581361564287e-11 1.2600371167824067e-11 1.3662358943074667e-11 1.576528814137534e-11 1.8018687116917257e-11 1.9537342812798325e-11 2.2544557659768014e-11
2.5766946155239877e-11 2.7938642644013293e-11 3.223899718906535e-11 3.6847052721376152e-11 3.9952605646994728e-11 4.610216600573826e-11 5.2691742594252864e-11 5.7132721811963592e-11
6.5926669429455264e-11 7.5349845715294158e-11 8.1700501100827524e-11 9.427595531020583e-11 1.0775121432286606e-10 1.1683273032387857e-10 1.3481578588104581e-10 1.5408557347179294e-10
1.6707225403778933e-10 1.9278824662046598e-10 2.2034428197708851e-10 2.3891539632676596e-10 2.7568958480713857e-10 3.1509505728572691e-10 3.4165198123839803e-10 3.9423952706390815e-10
4.5058984165615699e-10 4.8856657242999972e-10 5.6376741547310509e-10 6.4434906454153641e-10 6.9865626076799825e-10 8.0619439942079091e-10 9.2142715745549168e-10 9.9908712190958874e-10
1.1528679945293082e-09 1.3176522683409235e-09 1.4287069811245102e-09 1.6486155371023688e-09 1.8842590933161709e-09 2.0430687105770026e-09 2.3575406742772901e-09 2.6945138835567612e-09
2.9216136067686809e-09 3.371312416866237e-09 3.8531882873402029e-09 4.1779437094140703e-09 4.8210185877707806e-09 5.5101070617226097e-09 5.9745113448927812e-09 6.8941164002937139e-09
7.8795214683379247e-09 8.5436253556557605e-09 9.858671995449804e-09 1.1267813469778249e-08 1.2217490268924079e-08 1.4098023281087257e-08 1.6113113074174708e-08 1.7471162680657786e-08
2.0160348221932097e-08 2.3041951629524935e-08 2.4983979417639442e-08 2.8829548109401031e-08 3.2950276737542255e-08 3.5727400571461585e-08 4.122661151696191e-08 4.7119304585702866e-08
5.1090626127095789e-08 5.8954566014035529e-08 6.7381190219583128e-08 7.3060229300412825e-08 8.4305760915453533e-08 9.6355938087958501e-08 1.0447703443974849e-07 1.2055828418517258e-07
1.3779018706190991e-07 1.49403455612515e-07 1.7239984228656241e-07 1.9704167721583108e-07 2.1364879534203654e-07 2.4653391362787056e-07 2.8177204333559171e-07 3.0552042831919506e-07
3.5254655551046114e-07 4.0293751823147608e-07 4.36898003430861e-07 5.0414594882024309e-07 5.7620565076845226e-07 6.247695659893787e-07 7.2093496231683186e-07 8.2398123022826475e-07
8.9342823158112105e-07 1.030945941561243e-06 1.1783033832851425e-06 1.2776134569265161e-06 1.4742654885344619e-06 1.6849884586285908e-06 1.8270030961871549e-06 2.1082179414687012e-06
2.409554403379395e-06 2.6126370972229348e-06 3.0147778153233447e-06 3.4456926948748862e-06 3.7361034669457658e-06 4.3111696836400017e-06 4.9273833082426305e-06 5.3426743157559581e-06
6.1650261411198578e-06 7.0462192703547723e-06 7.6400905640798625e-06 8.8160638781911091e-06 1.0076180986947918e-05 1.0925424305801606e-05 1.2607080736599746e-05 1.4409063837807425e-05
1.562349232128197e-05 1.8028281883519616e-05 2.0605140077470768e-05 2.2341787877614819e-05 2.5780666790534287e-05 2.9465605981852449e-05 3.194903388459431e-05 3.6866673400094444e-05
4.2136182166850423e-05 4.5687514882444946e-05 5.2719800408275806e-05 6.0255263329438683e-05 6.533371317810455e-05 7.5389968737491693e-05 8.6165774215689577e-05 9.342802051330148e-05
0.00010780859074245985 0.00012321812628378001 0.00012837666049145543 0.00013003707734822044 0.00013170816319115503 0.00013749942900261188 0.0001565180314767176 0.0001767681471939306
0.00019105427466329205 0.00022046161305365458 0.00025197311912613957 0.0002732099833930462 0.00031526284218107473 0.00036032468686330519 0.00039011017193689044 0.00044805226243616405
0.00051000468124037866 0.00052946507313226686 0.00053180279719477195 0.00053414567072102178 0.00055869679054686876 0.00064469217382827815 0.0007368407391457664 0.00079894334285934875
0.00092191780799287559 0.001053691399787422 0.0011043155563285208 0.0011412232397345001 0.0011787375789259838 0.0012293888104630676 0.0013704923548943646 0.0015192596702174389
0.0016219538671254654 0.0018291871116053037 0.0020488754833695591 0.0021286536844477952 0.0021754105698168127 0.0022226754101569513 0.00233633653196699 0.0026959486846414239
0.003081291974888105 0.0032101904927094786 0.0032513658779457014 0.0032928036503629462 0.0034376073844505778 0.0039135266631643286 0.004420289753671508 0.0045942729580826904
0.00466584923259937 0.0047379787654307755 0.0049395362085967818 0.0055852997554365798 0.0062707222354510747 0.0064846664382575353 0.0065088908507355677 0.0065331604258012412
0.0067443143854467192 0.0074695456022225654 0.0082318042750425813 0.0085588717787650637 0.0089010047132213228 0.0092498425166215453 0.00950077290459647 0.010018803182515043
0.010550583894164831 0.010977768741120487 0.011930729063388197 0.012923348318830607 0.013237035075345632 0.013296885156436514 0.013356870235926856 0.013658067103976096
0.014655755119882236 0.015192246987791938 0.015688609371390268 0.016325221535292877 0.017482979707845861 0.018680396813573544 0.019046330469556613 0.019080861781889554
0.019115424368798609 0.0194754161723346 0.020702124378018372 0.021966295401658554 0.022730245880790534 0.024092801903628797 0.025495016859641756 0.026070756380505027
0.026625231877418214 0.027185541814428529 0.027614527147053404 0.028534383590235447 0.029469310542266404 0.030192841777613461 0.031760195650737004 0.033367208457035231
0.034074173710931702 0.034320729057771913 0.035990481856038078 0.037699893587478939 0.038306306356173145 0.038656254451085621 0.03900779376516806 0.039521326653933604
0.040949882995203822 0.042403801624931028 0.04336968228158275 0.045244232930134187 0.047158442511860327 0.048290748225235131 0.050267697798929228 0.052284306305798001
0.053218016038404134 0.05439277192836086 0.055580352671162528 0.05619301723146515 0.057107337592271129 0.058029036529554913 0.058926058776033872 0.060307379214091607
0.061107806200013222 0.063329212557167294 0.064640303383180234 0.066924449732302216 0.0692482550145989 0.070618940878157885 0.073005486152422513 0.07543169035986183
0.076572438965270079 0.078049921431083039 0.079541522192999869 0.08027411679595492 0.081295122789556723 0.082322580900214368 0.083369394531607161 0.085960737656157069
0.088591739713881665 0.090141210690078771 0.092834952739771312 0.095568353722638569 0.097177419736381707 0.099973560711216894 0.10280936061922676 0.10447802167051595
0.10737656157049379 0.11031476040364629 0.11153476546101723 0.11276788004503058 0.11400777378701207 0.11488451212858773 0.11666195398497145 0.11845304038600855
0.1198724042022784 0.12297574195254149 0.12611873863597933 0.1279661847999066 0.13117192147531231 0.13397459621556132 0.13441731708389279 0.1363243582853661
0.13963249388591453 0.14298028841963759 0.14494692465865691 0.14835745918434792 0.15180765264321369 0.15383388391977906 0.15734681737061276 0.16089940975462116
0.16212165713007878 0.16274447870028058 0.16336849432249942 0.16441767425089437 0.16741587248916825 0.17044116074360102 0.17240098110551735 0.17611871240663626
0.17987610264092993 0.18208111903013344 0.18590124925639506 0.18976103841583131 0.19202564984258086 0.19594817899398512 0.19991036707856405 0.20223457354285965
0.20625950161940648 0.21032408862912808 0.21270789013096969 0.21683521713265921 0.22100220306752338 0.22344559960691104 0.22767532553374314 0.23194471039375
0.23327161405988653 0.23353661997897626 0.23380177634130528 0.23395555688102193 0.2350565796616356 0.23912599077658417 0.24323032601734107 0.24571419722228771
0.25014872099940516 0.25462290370969731 0.25724508536172308 0.26178200806398311 0.26635858969941789 0.26904036638898976 0.27367968801639248 0.27835866857696978
0.28110004030408769 0.28584176085663299 0.29062314034235304 0.29289321881345248 0.29342410710701694 0.29826822658470492 0.30315200499556755 0.3060125667977775
0.31095908520060817 0.31594526253661348 0.31886541937636947 0.32391433670434266 0.32900291296549067 0.33093608460652857 0.33246751885174464 0.3340024883415082
0.33550193724725613 0.33913012478876126 0.34277782495168274 0.34536430319704725 0.35061801837530571 0.35591139248673898 0.35721239031346069 0.35901033443913311
0.3643664485425343 0.36976222157911021 0.37292075856905033 0.37837927159759416 0.38387744355931264 0.3870955755867988 0.39265648754048521 0.39825705842734638
0.40153478549237864 0.40719809637120774 0.41290106618321143 0.41623838828578974 0.42200409808976141 0.42780946682690785 0.43120638396703215 0.43707449269614657
0.44298226035843563 0.44643877253610603 0.45240928019036303 0.45841944677779467 0.46193555399301106 0.46800846057241063 0.47412102608498502 0.47617290403087092
0.47708656552975098 0.47800110273724233 0.47979456177087254 0.48506122325630441 0.4903566330067603 0.49372229557031516 0.49999999999999989 0.5063173633628596
0.5100122556907144 0.51639235904554182 0.52281212133354382 0.52656660869894467 0.53304911097891483 0.53957127219205958 0.54338535459500636 0.54997025580011905
0.55659481593840654 0.56046849337889948 0.56715579350915479 0.5738827525725847 0.57781602505062368 0.58460572410602174 0.59143508209459439 0.59542794961017931
0.60232004759071989 0.60925180450443517 0.61330426705756613 0.62029876396324934 0.62733291980210748 0.63144497739278449 0.63854187322361056 0.6456784279876111
0.64985008061583416 0.65704937537180264 0.65797985667433112 0.66428832906094581 0.66836611270071467 0.6751368545690376 0.68194171860727404 0.68408354590909326
0.68461716208287782 0.68515098629793103 0.6874534657254272 0.69485755833168095 0.70230130987110939 0.70665174761197058 0.71415823914336729 0.72170438960793826
0.7261144223863456 0.73372331284288461 0.74118095489747926 0.74137186223259854 0.74584149004855183 0.75355277943023347 0.76130372774508981 0.76583295059858914
0.77364663890541374 0.78149998614541272 0.78608880403645809 0.79400489126842499 0.80196063743356683 0.80660905036215835 0.81462753651926789 0.82268568160955213
0.82635182233306947 0.82739368957568959 0.83551457465794199 0.84367511867336886 0.84844272167705248 0.85666600568444728 0.86492894862501679 0.86975614666624634
0.87808182959878378 0.88644717146449625 0.89133396454327185 0.89976204640095225 0.90822978719180703 0.91317617530812867 0.92170665609095137 0.93027679580694878
0.93528277896081646 0.94391565866878191 0.95258819730992217 0.95765377550133601 0.96638905413444398 0.97516399170072665 0.97775882731219177 0.97787542547384743
0.97799203058727913 0.980556646364383 0.98927824388064578 0.99803845713897188 0.99999999999999978 1.0031889472458686 1.0121290237292617 1.0211087591458301
1.0263531224498819 1.0353955978584179 1.0444777322001284 1.0497816905417263 1.0589265648754052 1.0681110981422584 1.0734746515214024 1.0827219247802236
1.0920088569722195 1.0974320053889095 1.1067816775728734 1.1161710086900121 1.1216537521442482 1.1311058232533548 1.1405975532956361 1.1461398917874182
1.1556943618216673 1.165288490789091 1.1708904243184193 1.1736481776669303 1.1805472932778109 1.1902438211703776 1.1959053497372518 1.2056646176217862
1.2154635444394952 1.2211846680439153 1.2310463348535927 1.2409476605964445 1.2467283792384107 1.2566924449732304 1.2588190451025207 1.2666961696412249
1.2725364833207373 1.2826029479806995 1.2927090715738365 1.2986089802908949 1.308777843876 1.3189863663942798 1.3249458701488841 1.3352171326591316
1.3420201433256687 1.3455280541025543 1.3515471528947047 1.3619208143300949 1.3723341346986597 1.3779787325374859 1.3869562416926198 1.395962900134736
1.3990265931216801 1.4005299954757493 1.4020342051786712 1.4055428970498394 1.4161213563355148 1.4267394745543649 1.4329373584591536 1.4436182166699716
1.4543387338139648 1.4605962127562995 1.4713794698922604 1.482202385961396 1.4885194599412765 1.4994051160023798 1.4999999999999998 1.5103304309966579
1.5167071000140846 1.5276951550003306 1.5387228689197516 1.5451591329747245 1.556249586886113 1.5673796997306764 1.5738755588231952 1.5850684116597269
1.5963009234294327 1.6028563775594975 1.6141516293211715 1.6254865400160203 1.6321015891836315 1.6427876096865393 1.6434992398704478 1.6549365494904391
1.661611193695596 1.6731112433075555 1.6846509518526893 1.6913851910953923 1.7029876396324941 1.7146297471027707 1.7214235813830197 1.7331284288452642
1.7448729352406835 1.7517263645584786 1.7635336109458661 1.7660444431189777 1.775380516266428 1.782293540621769 1.7942031859342988 1.8061524901800032
1.8131251095728904 1.8251371538105625 1.8371888569814101 1.8442210714118432 1.8563355145746587 1.8660254037844388 1.8684896166706484 1.8755814261386277
1.8877982682265853 1.9000547692477174 1.9072061737532429 1.919525414766343 1.9318843147126183 1.9390953142556897 1.9396926207859082 1.9515169541939326
1.9639782530653502 1.9712488476459675 1.9837728865093531 1.9848077530122081 1.9963365843059133 2
copy 638 461009
copy 638 461009
copy 638 461009
copy 638 461009
copy 638 461009
copy 638 461009
copy 638 461009
copy 638 461009
copy 638 461009
copy 638 461009
copy 638 461009
copy 638 461009
copy 638 461009
copy 638 461009
copy 638 461009
copy 638 461009
copy 638 461009
copy 638 461009
copy 638 461009
copy 638 461009
copy 638 461009
copy 638 461009
copy 638 461009
copy 638 461009
copy 638 461009
copy 638 461009
copy 638 461009
copy 638 461009
copy 638 461009
copy 638 461009
copy 638 461009
copy 638 461009
copy 638 461009
copy 638 461009
copy 638 461009
copy 638 461009
copy 638 461009
copy 638 461009
copy 638 461009
copy 638 461009
copy 638 461009
copy 638 461009
copy 638 461009
copy 638 461009
copy 638 461009
copy 638 461009
copy 638 461009
copy 638 461009
copy 638 461009
copy 638 461009
copy 638 461009
copy 638 461009
copy 638 461009
copy 638 461009
copy 638 461009
copy 638 461009
copy 638 461009
copy 638 461009
copy 638 461009
copy 638 461009
copy 638 461009
copy 638 461009
copy 638 461009
copy 638 461009
copy 638 461009
copy 638 461009
copy 638 461009
copy 638 461009
copy 638 461009
copy 639 453341
copy 639 453341
copy 639 453341
copy 639 453341
copy 639 453341
copy 639 453341
copy 639 453341
copy 639 453341
copy 639 453341
copy 639 453341
copy 639 453341
copy 639 453341
copy 639 453341
copy 639 453341
copy 639 453341
copy 640 445661
copy 640 445661
copy 640 445661
copy 640 445661
copy 640 445661
copy 640 445661
copy 640 445661
copy 640 445661
copy 640 445661
copy 640 445661
copy 640 445661
copy 640 445661
copy 641 380920
copy 641 380920
copy 641 380920
copy 641 380920
copy 641 380920
copy 641 380920
copy 641 380920
copy 641 380920
copy 641 380920
copy 641 380920
copy 641 380920
copy 641 380920
copy 641 380920
copy 641 380920
copy 641 380920
copy 641 380920
copy 641 380920
copy 641 380920
copy 641 380920
copy 641 380920
copy 641 380920
copy 641 380920
copy 641 380920
copy 641 380920
copy 641 380920
copy 641 380920
copy 641 380920
copy 641 380920
copy 641 380920
copy 641 380920
copy 641 380920
copy 641 380920
copy 641 380920
copy 641 380920
copy 641 380920
copy 641 380920
copy 641 380920
copy 641 380920
copy 641 380920
copy 641 380920
copy 641 380920
copy 641 380920
copy 641 380920
copy 641 380920
copy 641 380920
copy 641 380920
copy 641 380920
copy 641 380920
copy 641 380920
copy 641 380920
copy 641 380920
copy 641 380920
copy 641 380920
copy 641 380920
copy 641 380920
copy 641 380920
copy 641 380920
copy 641 380920
copy 641 380920
copy 641 380920
copy 641 380920
copy 641 380920
copy 641 380920
copy 641 380920
copy 641 380920
copy 641 380920
copy 641 380920
copy 641 380920
copy 641 380920
copy 641 380920
copy 641 380920
copy 641 380920
copy 641 380920
copy 641 380920
copy 641 380920
copy 641 380920
copy 641 380920
copy 641 380920
copy 641 380920
copy 641 380920
copy 641 380920
copy 641 380920
copy 641 380920
copy 641 380920
copy 641 380920
copy 641 380920
copy 641 380920
copy 641 380920
copy 641 380920
copy 641 380920
copy 641 380920
copy 641 380920
copy 641 380920
copy 641 380920
copy 641 380920
copy 641 380920
copy 641 380920
copy 641 380920
copy 641 380920
copy 641 380920
copy 641 380920
copy 641 380920
copy 641 380920
copy 641 380920
copy 641 380920
copy 641 380920
copy 641 380920
copy 641 380920
copy 641 380920
copy 641 380920
copy 641 380920
copy 641 380920
copy 641 380920
copy 641 380920
copy 641 380920
copy 641 380920
copy 641 380920
copy 641 380920
copy 641 380920
copy 641 380920
copy 641 380920
copy 641 380920
copy 641 380920
copy 641 380920
copy 641 380920
copy 641 380920
copy 641 380920
copy 641 380920
copy 641 380920
copy 641 380920
copy 641 380920
copy 641 380920
copy 641 380920
copy 641 380920
copy 641 380920
copy 641 380920
copy 641 380920
copy 641 380920
copy 641 380920
copy 641 380920
copy 641 380920
copy 642 374500
copy 642 374500
copy 643 368713
copy 644 322989
copy 644 322989
copy 644 322989
copy 644 322989
copy 644 322989
copy 644 322989
copy 644 322989
copy 644 322989
copy 644 322989
copy 644 322989
copy 644 322989
copy 644 322989
copy 644 322989
copy 644 322989
copy 644 322989
copy 645 313314
copy 645 313314
copy 645 313314
copy 646 309438
copy 647 236974
copy 647 236974
copy 647 236974
copy 647 236974
copy 647 236974
copy 647 236974
copy 647 236974
copy 647 236974
copy 647 236974
copy 647 236974
copy 647 236974
copy 647 236974
copy 647 236974
copy 647 236974
copy 647 236974
copy 648 234382
copy 648 234382
copy 649 227243
copy 649 227243
copy 650 175893
copy 650 175893
copy 650 175893
copy 650 175893
copy 650 175893
copy 650 175893
copy 652 168726
copy 653 106691
copy 653 106691
copy 653 106691
copy 653 106691
copy 653 106691
copy 653 106691
copy 653 106691
copy 653 106691
copy 654 106037
copy 654 106037
copy 655 104727
copy 656 94231
copy 656 94231
copy 656 94231
copy 656 94231
copy 656 94231
copy 656 94231
copy 656 94231
copy 656 94231
copy 656 94231
copy 658 91601
copy 659 0
copy 659 0
copy 659 0
copy 659 0
copy 659 0
copy 659 0
values 662
0 1.2328373867580454e-14 1.4090520223180142e-14 1.7629727602593508e-14 2.0149618756026079e-14 2.1847874189128156e-14 2.5210729223500238e-14 2.8814204840022902e-14
3.1242731181517609e-14 3.6051655607381529e-14 4.120467045137005e-14 4.4677493253155936e-14 5.1554314851857007e-14 5.8923190017991781e-14 6.3889369715750778e-14 7.3723309930327121e-14
8.4260892851793833e-14 9.1362591440547282e-14 1.0542524796811055e-13 1.2049412229741081e-13 1.306496393980629e-13 1.5075941272362078e-13 1.7230808999093469e-13 1.8683060545575118e-13
2.1558783083579759e-13 2.4640270670664928e-13 2.6717008401846472e-13 3.0829327313506099e-13 3.5235892798508471e-13 3.8205653522510934e-13 4.4086320592334377e-13 5.0387763913085001e-13
5.4634558597558607e-13 6.3043985475434103e-13 7.2055127613178071e-13 7.8128096706717216e-13 9.015368148726457e-13 1.0303972655557954e-12 1.1172414771347525e-12 1.2892088316456781e-12
1.4734808750386335e-12 1.5976691751700189e-12 1.8435846259123685e-12 2.1070959344340876e-12 2.2846867445654114e-12 2.636348890475615e-12 3.0131733313418472e-12 3.2671303933978828e-12
3.7700116255158971e-12 4.3088752516378299e-12 4.6720370015078903e-12 5.3911634032477758e-12 6.161745074887163e-12 6.6810708833562472e-12 7.7094305608516202e-12 8.811371912766486e-12
9.5540142627346984e-12 1.1024581361564287e-11 1.2600371167824067e-11 1.3662358943074667e-11 1.576528814137534e-11 1.8018687116917257e-11 1.9537342812798325e-11 2.2544557659768014e-11
2.5766946155239877e-11 2.7938642644013293e-11 3.223899718906535e-11 3.6847052721376152e-11 3.9952605646994728e-11 4.610216600573826e-11 5.2691742594252864e-11 5.7132721811963592e-11
6.5926669429455264e-11 7.5349845715294158e-11 8.1700501100827524e-11 9.427595531020583e-11 1.0775121432286606e-10 1.1683273032387857e-10 1.3481578588104581e-10 1.5408557347179294e-10
1.6707225403778933e-10 1.9278824662046598e-10 2.2034428197708851e-10 2.3891539632676596e-10 2.7568958480713857e-10 3.1509505728572691e-10 3.4165198123839803e-10 3.9423952706390815e-10
4.5058984165615699e-10 4.8856657242999972e-10 5.6376741547310509e-10 6.4434906454153641e-10 6.9865626076799825e-10 8.0619439942079091e-10 9.2142715745549168e-10 9.9908712190958874e-10
1.1528679945293082e-09 1.3176522683409235e-09 1.4287069811245102e-09 1.6486155371023688e-09 1.8842590933161709e-09 2.0430687105770026e-09 2.3575406742772901e-09 2.6945138835567612e-09
2.9216136067686809e-09 3.371312416866237e-09 3.8531882873402029e-09 4.1779437094140703e-09 4.8210185877707806e-09 5.5101070617226097e-09 5.9745113448927812e-09 6.8941164002937139e-09
7.8795214683379247e-09 8.5436253556557605e-09 9.858671995449804e-09 1.1267813469778249e-08 1.2217490268924079e-08 1.4098023281087257e-08 1.6113113074174708e-08 1.7471162680657786e-08
2.0160348221932097e-08 2.3041951629524935e-08 2.4983979417639442e-08 2.8829548109401031e-08 3.2950276737542255e-08 3.5727400571461585e-08 4.122661151696191e-08 4.7119304585702866e-08
5.1090626127095789e-08 5.8954566014035529e-08 6.7381190219583128e-08 7.3060229300412825e-08 8.4305760915453533e-08 9.6355938087958501e-08 1.0447703443974849e-07 1.2055828418517258e-07
1.3779018706190991e-07 1.49403455612515e-07 1.7239984228656241e-07 1.9704167721583108e-07 2.1364879534203654e-07 2.4653391362787056e-07 2.8177204333559171e-07 3.0552042831919506e-07
3.5254655551046114e-07 4.0293751823147608e-07 4.36898003430861e-07 5.0414594882024309e-07 5.7620565076845226e-07 6.247695659893787e-07 7.2093496231683186e-07 8.2398123022826475e-07
8.9342823158112105e-07 1.030945941561243e-06 1.1783033832851425e-06 1.2776134569265161e-06 1.4742654885344619e-06 1.6849884586285908e-06 1.8270030961871549e-06 2.1082179414687012e-06
2.409554403379395e-06 2.6126370972229348e-06 3.0147778153233447e-06 3.4456926948748862e-06 3.7361034669457658e-06 4.3111696836400017e-06 4.9273833082426305e-06 5.3426743157559581e-06
6.1650261411198578e-06 7.0462192703547723e-06 7.6400905640798625e-06 8.8160638781911091e-06 1.0076180986947918e-05 1.0925424305801606e-05 1.2607080736599746e-05 1.4409063837807425e-05
1.562349232128197e-05 1.8028281883519616e-05 2.0605140077470768e-05 2.2341787877614819e-05 2.5780666790534287e-05 2.9465605981852449e-05 3.194903388459431e-05 3.6866673400094444e-05
4.2136182166850423e-05 4.5687514882444946e-05 5.2719800408275806e-05 6.0255263329438683e-05 6.533371317810455e-05 7.5389968737491693e-05 8.6165774215689577e-05 9.342802051330148e-05
0.00010780859074245985 0.00012321812628378001 0.00012837666049145543 0.00013003707734822044 0.00013170816319115503 0.00013749942900261188 0.0001565180314767176 0.0001767681471939306
0.00019105427466329205 0.00022046161305365458 0.00025197311912613957 0.0002732099833930462 0.00031526284218107473 0.00036032468686330519 0.00039011017193689044 0.00044805226243616405
0.00051000468124037866 0.00052946507313226686 0.00053180279719477195 0.00053414567072102178 0.00055869679054686876 0.00064469217382827815 0.0007368407391457664 0.00079894334285934875
0.00092191780799287559 0.001053691399787422 0.0011043155563285208 0.0011412232397345001 0.0011787375789259838 0.0012293888104630676 0.0013704923548943646 0.0015192596702174389
0.0016219538671254654 0.0018291871116053037 0.0020488754833695591 0.0021286536844477952 0.0021754105698168127 0.0022226754101569513 0.00233633653196699 0.0026959486846414239
0.003081291974888105 0.0032101904927094786 0.0032513658779457014 0.0032928036503629462 0.0034376073844505778 0.0039135266631643286 0.004420289753671508 0.0045942729580826904
0.00466584923259937 0.0047379787654307755 0.0049395362085967818 0.0055852997554365798 0.0062707222354510747 0.0064846664382575353 0.0065088908507355677 0.0065331604258012412
0.0067443143854467192 0.0074695456022225654 0.0082318042750425813 0.0085588717787650637 0.0089010047132213228 0.0092498425166215453 0.00950077290459647 0.010018803182515043
0.010550583894164831 0.010977768741120487 0.011930729063388197 0.012923348318830607 0.013237035075345632 0.013296885156436514 0.013356870235926856 0.013658067103976096
0.014655755119882236 0.015192246987791938 0.015688609371390268 0.016325221535292877 0.017482979707845861 0.018680396813573544 0.019046330469556613 0.019080861781889554
0.019115424368798609 0.0194754161723346 0.020702124378018372 0.021966295401658554 0.022730245880790534 0.024092801903628797 0.025495016859641756 0.026070756380505027
0.026625231877418214 0.027185541814428529 0.027614527147053404 0.028534383590235447 0.029469310542266404 0.030192841777613461 0.031760195650737004 0.033367208457035231
0.034074173710931702 0.034320729057771913 0.035990481856038078 0.037699893587478939 0.038306306356173145 0.038656254451085621 0.03900779376516806 0.039521326653933604
0.040949882995203822 0.042403801624931028 0.04336968228158275 0.045244232930134187 0.047158442511860327 0.048290748225235131 0.050267697798929228 0.052284306305798001
0.053218016038404134 0.05439277192836086 0.055580352671162528 0.05619301723146515 0.057107337592271129 0.058029036529554913 0.058926058776033872 0.060307379214091607
0.061107806200013222 0.063329212557167294 0.064640303383180234 0.066924449732302216 0.0692482550145989 0.070618940878157885 0.073005486152422513 0.07543169035986183
0.076572438965270079 0.078049921431083039 0.079541522192999869 0.08027411679595492 0.081295122789556723 0.082322580900214368 0.083369394531607161 0.085960737656157069
0.088591739713881665 0.090141210690078771 0.092834952739771312 0.095568353722638569 0.097177419736381707 0.099973560711216894 0.10280936061922676 0.10447802167051595
0.10737656157049379 0.11031476040364629 0.11153476546101723 0.11276788004503058 0.11400777378701207 0.11488451212858773 0.11666195398497145 0.11845304038600855
0.1198724042022784 0.12297574195254149 0.12611873863597933 0.1279661847999066 0.13117192147531231 0.13397459621556132 0.13441731708389279 0.1363243582853661
0.13963249388591453 0.14298028841963759 0.14494692465865691 0.14835745918434792 0.15180765264321369 0.15383388391977906 0.15734681737061276 0.16089940975462116
0.16212165713007878 0.16274447870028058 0.16336849432249942 0.16441767425089437 0.16741587248916825 0.17044116074360102 0.17240098110551735 0.17611871240663626
0.17987610264092993 0.18208111903013344 0.18590124925639506 0.18976103841583131 0.19202564984258086 0.19594817899398512 0.19991036707856405 0.20223457354285965
0.20625950161940648 0.21032408862912808 0.21270789013096969 0.21683521713265921 0.22100220306752338 0.22344559960691104 0.22767532553374314 0.23194471039375
0.23327161405988653 0.23353661997897626 0.23380177634130528 0.23395555688102193 0.2350565796616356 0.23912599077658417 0.24323032601734107 0.24571419722228771
0.25014872099940516 0.25462290370969731 0.25724508536172308 0.26178200806398311 0.26635858969941789 0.26904036638898976 0.27367968801639248 0.27835866857696978
0.28110004030408769 0.28584176085663299 0.29062314034235304 0.29289321881345248 0.29342410710701694 0.29826822658470492 0.30315200499556755 0.3060125667977775
0.31095908520060817 0.31594526253661348 0.31886541937636947 0.32391433670434266 0.32900291296549067 0.33093608460652857 0.33246751885174464 0.3340024883415082
0.33550193724725613 0.33913012478876126 0.34277782495168274 0.34536430319704725 0.35061801837530571 0.35591139248673898 0.35721239031346069 0.35901033443913311
0.3643664485425343 0.36976222157911021 0.37292075856905033 0.37837927159759416 0.38387744355931264 0.3870955755867988 0.39265648754048521 0.39825705842734638
0.40153478549237864 0.40719809637120774 0.41290106618321143 0.41623838828578974 0.42200409808976141 0.42780946682690785 0.43120638396703215 0.43707449269614657
0.44298226035843563 0.44643877253610603 0.45240928019036303 0.45841944677779467 0.46193555399301106 0.46800846057241063 0.47412102608498502 0.47617290403087092
0.47708656552975098 0.47800110273724233 0.47979456177087254 0.48506122325630441 0.4903566330067603 0.49372229557031516 0.49999999999999989 0.5063173633628596
0.5100122556907144 0.51639235904554182 0.52281212133354382 0.52656660869894467 0.53304911097891483 0.53957127219205958 0.54338535459500636 0.54997025580011905
0.55659481593840654 0.56046849337889948 0.56715579350915479 0.5738827525725847 0.57781602505062368 0.58460572410602174 0.59143508209459439 0.59542794961017931
0.60232004759071989 0.60925180450443517 0.61330426705756613 0.62029876396324934 0.62733291980210748 0.63144497739278449 0.63854187322361056 0.6456784279876111
0.64985008061583416 0.65704937537180264 0.65797985667433112 0.66428832906094581 0.66836611270071467 0.6751368545690376 0.68194171860727404 0.68408354590909326
0.68461716208287782 0.68515098629793103 0.6874534657254272 0.69485755833168095 0.70230130987110939 0.70665174761197058 0.71415823914336729 0.72170438960793826
0.7261144223863456 0.73372331284288461 0.74118095489747926 0.74137186223259854 0.74584149004855183 0.75355277943023347 0.76130372774508981 0.76583295059858914
0.77364663890541374 0.78149998614541272 0.78608880403645809 0.79400489126842499 0.80196063743356683 0.80660905036215835 0.81462753651926789 0.82268568160955213
0.82635182233306947 0.82739368957568959 0.83551457465794199 0.84367511867336886 0.84844272167705248 0.85666600568444728 0.86492894862501679 0.86975614666624634
0.87808182959878378 0.88644717146449625 0.89133396454327185 0.89976204640095225 0.90822978719180703 0.91317617530812867 0.92170665609095137 0.93027679580694878
0.93528277896081646 0.94391565866878191 0.95258819730992217 0.95765377550133601 0.96638905413444398 0.97516399170072665 0.97775882731219177 0.97787542547384743
0.97799203058727913 0.980556646364383 0.98927824388064578 0.99803845713897188 0.99999999999999978 1.0031889472458686 1.0121290237292617 1.0211087591458301
1.0263531224498819 1.0353955978584179 1.0444777322001284 1.0497816905417263 1.0589265648754052 1.0681110981422584 1.0734746515214024 1.0827219247802236
1.0920088569722195 1.0974320053889095 1.1067816775728734 1.1161710086900121 1.1216537521442482 1.1311058232533548 1.1405975532956361 1.1461398917874182
1.1556943618216673 1.165288490789091 1.1708904243184193 1.1736481776669303 1.1805472932778109 1.1902438211703776 1.1959053497372518 1.2056646176217862
1.2154635444394952 1.2211846680439153 1.2310463348535927 1.2409476605964445 1.2467283792384107 1.2566924449732304 1.2588190451025207 1.2666961696412249
1.2725364833207373 1.2826029479806995 1.2927090715738365 1.2986089802908949 1.308777843876 1.3189863663942798 1.3249458701488841 1.3352171326591316
1.3420201433256687 1.3455280541025543 1.3515471528947047 1.3619208143300949 1.3723341346986597 1.3779787325374859 1.3869562416926198 1.395962900134736
1.3990265931216801 1.4005299954757493 1.4020342051786712 1.4055428970498394 1.4161213563355148 1.4267394745543649 1.4329373584591536 1.4436182166699716
1.4543387338139648 1.4605962127562995 1.4713794698922604 1.482202385961396 1.4885194599412765 1.4994051160023798 1.4999999999999998 1.5103304309966579
1.5167071000140846 1.5276951550003306 1.5387228689197516 1.5451591329747245 1.556249586886113 1.5673796997306764 1.5738755588231952 1.5850684116597269
1.5963009234294327 1.6028563775594975 1.6141516293211715 1.6254865400160203 1.6321015891836315 1.6427876096865393 1.6434992398704478 1.6549365494904391
1.661611193695596 1.6731112433075555 1.6846509518526893 1.6913851910953923 1.7029876396324941 1.7146297471027707 1.7214235813830197 1.7331284288452642
1.7448729352406835 1.7517263645584786 1.7635336109458661 1.7660444431189777 1.775380516266428 1.782293540621769 1.7942031859342988 1.8061524901800032
1.8131251095728904 1.8251371538105625 1.8371888569814101 1.8442210714118432 1.8563355145746587 1.8660254037844388 1.8684896166706484 1.8755814261386277
1.8877982682265853 1.9000547692477174 1.9072061737532429 1.919525414766343 1.9318843147126183 1.9390953142556897 1.9396926207859082 1.9515169541939326
1.9639782530653502 1.9712488476459675 1.9837728865093531 1.9848077530122081 1.9963365843059133 2
copy 662 662037
copy 662 662037
copy 662 662037
copy 662 662037
values 663
0 9.8534251473354098e-15 1.2328373867580454e-14 1.4090520223180142e-14 1.7629727602593508e-14 2.0149618756026079e-14 2.1847874189128156e-14 2.5210729223500238e-14
2.8814204840022902e-14 3.1242731181517609e-14 3.6051655607381529e-14 4.120467045137005e-14 4.4677493253155936e-14 5.1554314851857007e-14 5.8923190017991781e-14 6.3889369715750778e-14
7.3723309930327121e-14 8.4260892851793833e-14 9.1362591440547282e-14 1.0542524796811055e-13 1.2049412229741081e-13 1.306496393980629e-13 1.5075941272362078e-13 1.7230808999093469e-13
1.8683060545575118e-13 2.1558783083579759e-13 2.4640270670664928e-13 2.6717008401846472e-13 3.0829327313506099e-13 3.5235892798508471e-13 3.8205653522510934e-13 4.4086320592334377e-13
5.0387763913085001e-13 5.4634558597558607e-13 6.3043985475434103e-13 7.2055127613178071e-13 7.8128096706717216e-13 9.015368148726457e-13 1.0303972655557954e-12 1.1172414771347525e-12
1.2892088316456781e-12 1.4734808750386335e-12 1.5976691751700189e-12 1.8435846259123685e-12 2.1070959344340876e-12 2.2846867445654114e-12 2.636348890475615e-12 3.0131733313418472e-12
3.2671303933978828e-12 3.7700116255158971e-12 4.3088752516378299e-12 4.6720370015078903e-12 5.3911634032477758e-12 6.161745074887163e-12 6.6810708833562472e-12 7.7094305608516202e-12
8.811371912766486e-12 9.5540142627346984e-12 1.1024581361564287e-11 1.2600371167824067e-11 1.3662358943074667e-11 1.576528814137534e-11 1.8018687116917257e-11 1.9537342812798325e-11
2.2544557659768014e-11 2.5766946155239877e-11 2.7938642644013293e-11 3.223899718906535e-11 3.6847052721376152e-11 3.9952605646994728e-11 4.610216600573826e-11 5.2691742594252864e-11
5.7132721811963592e-11 6.5926669429455264e-11 7.5349845715294158e-11 8.1700501100827524e-11 9.427595531020583e-11 1.0775121432286606e-10 1.1683273032387857e-10 1.3481578588104581e-10
1.5408557347179294e-10 1.6707225403778933e-10 1.9278824662046598e-10 2.2034428197708851e-10 2.3891539632676596e-10 2.7568958480713857e-10 3.1509505728572691e-10 3.4165198123839803e-10
3.9423952706390815e-10 4.5058984165615699e-10 4.8856657242999972e-10 5.6376741547310509e-10 6.4434906454153641e-10 6.9865626076799825e-10 8.0619439942079091e-10 9.2142715745549168e-10
9.9908712190958874e-10 1.1528679945293082e-09 1.3176522683409235e-09 1.4287069811245102e-09 1.6486155371023688e-09 1.8842590933161709e-09 2.0430687105770026e-09 2.3575406742772901e-09
2.6945138835567612e-09 2.9216136067686809e-09 3.371312416866237e-09 3.8531882873402029e-09 4.1779437094140703e-09 4.8210185877707806e-09 5.5101070617226097e-09 5.9745113448927812e-09
6.8941164002937139e-09 7.8795214683379247e-09 8.5436253556557605e-09 9.858671995449804e-09 1.1267813469778249e-08 1.2217490268924079e-08 1.4098023281087257e-08 1.6113113074174708e-08
1.7471162680657786e-08 2.0160348221932097e-08 2.3041951629524935e-08 2.4983979417639442e-08 2.8829548109401031e-08 3.2950276737542255e-08 3.5727400571461585e-08 4.122661151696191e-08
4.7119304585702866e-08 5.1090626127095789e-08 5.8954566014035529e-08 6.7381190219583128e-08 7.3060229300412825e-08 8.4305760915453533e-08 9.6355938087958501e-08 1.0447703443974849e-07
1.2055828418517258e-07 1.3779018706190991e-07 1.49403455612515e-07 1.7239984228656241e-07 1.9704167721583108e-07 2.1364879534203654e-07 2.4653391362787056e-07 2.8177204333559171e-07
3.0552042831919506e-07 3.5254655551046114e-07 4.0293751823147608e-07 4.36898003430861e-07 5.0414594882024309e-07 5.7620565076845226e-07 6.247695659893787e-07 7.2093496231683186e-07
8.2398123022826475e-07 8.9342823158112105e-07 1.030945941561243e-06 1.1783033832851425e-06 1.2776134569265161e-06 1.4742654885344619e-06 1.6849884586285908e-06 1.8270030961871549e-06
2.1082179414687012e-06 2.409554403379395e-06 2.6126370972229348e-06 3.0147778153233447e-06 3.4456926948748862e-06 3.7361034669457658e-06 4.3111696836400017e-06 4.9273833082426305e-06
5.3426743157559581e-06 6.1650261411198578e-06 7.0462192703547723e-06 7.6400905640798625e-06 8.8160638781911091e-06 1.0076180986947918e-05 1.0925424305801606e-05 1.2607080736599746e-05
1.4409063837807425e-05 1.562349232128197e-05 1.8028281883519616e-05 2.0605140077470768e-05 2.2341787877614819e-05 2.5780666790534287e-05 2.9465605981852449e-05 3.194903388459431e-05
3.6866673400094444e-05 4.2136182166850423e-05 4.5687514882444946e-05 5.2719800408275806e-05 6.0255263329438683e-05 6.533371317810455e-05 7.5389968737491693e-05 8.6165774215689577e-05
9.342802051330148e-05 0.00010780859074245985 0.00012321812628378001 0.00012837666049145543 0.00013003707734822044 0.00013170816319115503 0.00013749942900261188 0.0001565180314767176
0.0001767681471939306 0.00019105427466329205 0.00022046161305365458 0.00025197311912613957 0.0002732099833930462 0.00031526284218107473 0.00036032468686330519 0.00039011017193689044
0.00044805226243616405 0.00051000468124037866 0.00052946507313226686 0.00053180279719477195 0.00053414567072102178 0.00055869679054686876 0.00064469217382827815 0.0007368407391457664
0.00079894334285934875 0.00092191780799287559 0.001053691399787422 0.0011043155563285208 0.0011412232397345001 0.0011787375789259838 0.0012293888104630676 0.0013704923548943646
0.0015192596702174389 0.0016219538671254654 0.0018291871116053037 0.0020488754833695591 0.0021286536844477952 0.0021754105698168127 0.0022226754101569513 0.00233633653196699
0.0026959486846414239 0.003081291974888105 0.0032101904927094786 0.0032513658779457014 0.0032928036503629462 0.0034376073844505778 0.0039135266631643286 0.004420289753671508
0.0045942729580826904 0.00466584923259937 0.0047379787654307755 0.0049395362085967818 0.0055852997554365798 0.0062707222354510747 0.0064846664382575353 0.0065088908507355677
0.0065331604258012412 0.0067443143854467192 0.0074695456022225654 0.0082318042750425813 0.0085588717787650637 0.0089010047132213228 0.0092498425166215453 0.00950077290459647
0.010018803182515043 0.010550583894164831 0.010977768741120487 0.011930729063388197 0.012923348318830607 0.013237035075345632 0.013296885156436514 0.013356870235926856
0.013658067103976096 0.014655755119882236 0.015192246987791938 0.015688609371390268 0.016325221535292877 0.017482979707845861 0.018680396813573544 0.019046330469556613
0.019080861781889554 0.019115424368798609 0.0194754161723346 0.020702124378018372 0.021966295401658554 0.022730245880790534 0.024092801903628797 0.025495016859641756
0.026070756380505027 0.026625231877418214 0.027185541814428529 0.027614527147053404 0.028534383590235447 0.029469310542266404 0.030192841777613461 0.031760195650737004
0.033367208457035231 0.034074173710931702 0.034320729057771913 0.035990481856038078 0.037699893587478939 0.038306306356173145 0.038656254451085621 0.03900779376516806
0.039521326653933604 0.040949882995203822 0.042403801624931028 0.04336968228158275 0.045244232930134187 0.047158442511860327 0.048290748225235131 0.050267697798929228
0.052284306305798001 0.053218016038404134 0.05439277192836086 0.055580352671162528 0.05619301723146515 0.057107337592271129 0.058029036529554913 0.058926058776033872
0.060307379214091607 0.061107806200013222 0.063329212557167294 0.064640303383180234 0.066924449732302216 0.0692482550145989 0.070618940878157885 0.073005486152422513
0.07543169035986183 0.076572438965270079 0.078049921431083039 0.079541522192999869 0.08027411679595492 0.081295122789556723 0.082322580900214368 0.083369394531607161
0.085960737656157069 0.088591739713881665 0.090141210690078771 0.092834952739771312 0.095568353722638569 0.097177419736381707 0.099973560711216894 0.10280936061922676
0.10447802167051595 0.10737656157049379 0.11031476040364629 0.11153476546101723 0.11276788004503058 0.11400777378701207 0.11488451212858773 0.11666195398497145
0.11845304038600855 0.1198724042022784 0.12297574195254149 0.12611873863597933 0.1279661847999066 0.13117192147531231 0.13397459621556132 0.13441731708389279
0.1363243582853661 0.13963249388591453 0.14298028841963759 0.14494692465865691 0.14835745918434792 0.15180765264321369 0.15383388391977906 0.15734681737061276
0.16089940975462116 0.16212165713007878 0.16274447870028058 0.16336849432249942 0.16441767425089437 0.16741587248916825 0.17044116074360102 0.17240098110551735
0.17611871240663626 0.17987610264092993 0.18208111903013344 0.18590124925639506 0.18976103841583131 0.19202564984258086 0.19594817899398512 0.19991036707856405
0.20223457354285965 0.20625950161940648 0.21032408862912808 0.21270789013096969 0.21683521713265921 0.22100220306752338 0.22344559960691104 0.22767532553374314
0.23194471039375 0.23327161405988653 0.23353661997897626 0.23380177634130528 0.23395555688102193 0.2350565796616356 0.23912599077658417 0.24323032601734107
0.24571419722228771 0.25014872099940516 0.25462290370969731 0.25724508536172308 0.26178200806398311 0.26635858969941789 0.26904036638898976 0.27367968801639248
0.27835866857696978 0.28110004030408769 0.28584176085663299 0.29062314034235304 0.29289321881345248 0.29342410710701694 0.29826822658470492 0.30315200499556755
0.3060125667977775 0.31095908520060817 0.31594526253661348 0.31886541937636947 0.32391433670434266 0.32900291296549067 0.33093608460652857 0.33246751885174464
0.3340024883415082 0.33550193724725613 0.33913012478876126 0.34277782495168274 0.34536430319704725 0.35061801837530571 0.35591139248673898 0.35721239031346069
0.35901033443913311 0.3643664485425343 0.36976222157911021 0.37292075856905033 0.37837927159759416 0.38387744355931264 0.3870955755867988 0.39265648754048521
0.39825705842734638 0.40153478549237864 0.40719809637120774 0.41290106618321143 0.41623838828578974 0.42200409808976141 0.42780946682690785 0.43120638396703215
0.43707449269614657 0.44298226035843563 0.44643877253610603 0.45240928019036303 0.45841944677779467 0.46193555399301106 0.46800846057241063 0.47412102608498502
0.47617290403087092 0.47708656552975098 0.47800110273724233 0.47979456177087254 0.48506122325630441 0.4903566330067603 0.49372229557031516 0.49999999999999989
0.5063173633628596 0.5100122556907144 0.51639235904554182 0.52281212133354382 0.52656660869894467 0.53304911097891483 0.53957127219205958 0.54338535459500636
0.54997025580011905 0.55659481593840654 0.56046849337889948 0.56715579350915479 0.5738827525725847 0.57781602505062368 0.58460572410602174 0.59143508209459439
0.59542794961017931 0.60232004759071989 0.60925180450443517 0.61330426705756613 0.62029876396324934 0.62733291980210748 0.63144497739278449 0.63854187322361056
0.6456784279876111 0.64985008061583416 0.65704937537180264 0.65797985667433112 0.66428832906094581 0.66836611270071467 0.6751368545690376 0.68194171860727404
0.68408354590909326 0.68461716208287782 0.68515098629793103 0.6874534657254272 0.69485755833168095 0.70230130987110939 0.70665174761197058 0.71415823914336729
0.72170438960793826 0.7261144223863456 0.73372331284288461 0.74118095489747926 0.74137186223259854 0.74584149004855183 0.75355277943023347 0.76130372774508981
0.76583295059858914 0.77364663890541374 0.78149998614541272 0.78608880403645809 0.79400489126842499 0.80196063743356683 0.80660905036215835 0.81462753651926789
0.82268568160955213 0.82635182233306947 0.82739368957568959 0.83551457465794199 0.84367511867336886 0.84844272167705248 0.85666600568444728 0.86492894862501679
0.86975614666624634 0.87808182959878378 0.88644717146449625 0.89133396454327185 0.89976204640095225 0.90822978719180703 0.91317617530812867 0.92170665609095137
0.93027679580694878 0.93528277896081646 0.94391565866878191 0.95258819730992217 0.95765377550133601 0.96638905413444398 0.97516399170072665 0.97775882731219177
0.97787542547384743 0.97799203058727913 0.980556646364383 0.98927824388064578 0.99803845713897188 0.99999999999999978 1.0031889472458686 1.0121290237292617
1.0211087591458301 1.0263531224498819 1.0353955978584179 1.0444777322001284 1.0497816905417263 1.0589265648754052 1.0681110981422584 1.0734746515214024
1.0827219247802236 1.0920088569722195 1.0974320053889095 1.1067816775728734 1.1161710086900121 1.1216537521442482 1.1311058232533548 1.1405975532956361
1.1461398917874182 1.1556943618216673 1.165288490789091 1.1708904243184193 1.1736481776669303 1.1805472932778109 1.1902438211703776 1.1959053497372518
1.2056646176217862 1.2154635444394952 1.2211846680439153 1.2310463348535927 1.2409476605964445 1.2467283792384107 1.2566924449732304 1.2588190451025207
1.2666961696412249 1.2725364833207373 1.2826029479806995 1.2927090715738365 1.2986089802908949 1.308777843876 1.3189863663942798 1.3249458701488841
1.3352171326591316 1.3420201433256687 1.3455280541025543 1.3515471528947047 1.3619208143300949 1.3723341346986597 1.3779787325374859 1.3869562416926198
1.395962900134736 1.3990265931216801 1.4005299954757493 1.4020342051786712 1.4055428970498394 1.4161213563355148 1.4267394745543649 1.4329373584591536
1.4436182166699716 1.4543387338139648 1.4605962127562995 1.4713794698922604 1.482202385961396 1.4885194599412765 1.4994051160023798 1.4999999999999998
1.5103304309966579 1.5167071000140846 1.5276951550003306 1.5387228689197516 1.5451591329747245 1.556249586886113 1.5673796997306764 1.5738755588231952
1.5850684116597269 1.5963009234294327 1.6028563775594975 1.6141516293211715 1.6254865400160203 1.6321015891836315 1.6427876096865393 1.6434992398704478
1.6549365494904391 1.661611193695596 1.6731112433075555 1.6846509518526893 1.6913851910953923 1.7029876396324941 1.7146297471027707 1.7214235813830197
1.7331284288452642 1.7448729352406835 1.7517263645584786 1.7635336109458661 1.7660444431189777 1.775380516266428 1.782293540621769 1.7942031859342988
1.8061524901800032 1.8131251095728904 1.8251371538105625 1.8371888569814101 1.8442210714118432 1.8563355145746587 1.8660254037844388 1.8684896166706484
1.8755814261386277 1.8877982682265853 1.9000547692477174 1.9072061737532429 1.919525414766343 1.9318843147126183 1.9390953142556897 1.9396926207859082
1.9515169541939326 1.9639782530653502 1.9712488476459675 1.9837728865093531 1.9848077530122081 1.9963365843059133 2
values 664
0 9.8534251473354098e-15 1.2328373867580454e-14 1.4090520223180142e-14 1.5278101130491052e-14 1.7629727602593508e-14 2.0149618756026079e-14 2.1847874189128156e-14
2.5210729223500238e-14 2.8814204840022902e-14 3.1242731181517609e-14 3.6051655607381529e-14 4.120467045137005e-14 4.4677493253155936e-14 5.1554314851857007e-14 5.8923190017991781e-14
6.3889369715750778e-14 7.3723309930327121e-14 8.4260892851793833e-14 9.1362591440547282e-14 1.0542524796811055e-13 1.2049412229741081e-13 1.306496393980629e-13 1.5075941272362078e-13
1.7230808999093469e-13 1.8683060545575118e-13 2.1558783083579759e-13 2.4640270670664928e-13 2.6717008401846472e-13 3.0829327313506099e-13 3.5235892798508471e-13 3.8205653522510934e-13
4.4086320592334377e-13 5.0387763913085001e-13 5.4634558597558607e-13 6.3043985475434103e-13 7.2055127613178071e-13 7.8128096706717216e-13 9.015368148726457e-13 1.0303972655557954e-12
1.1172414771347525e-12 1.2892088316456781e-12 1.4734808750386335e-12 1.5976691751700189e-12 1.8435846259123685e-12 2.1070959344340876e-12 2.2846867445654114e-12 2.636348890475615e-12
3.0131733313418472e-12 3.2671303933978828e-12 3.7700116255158971e-12 4.3088752516378299e-12 4.6720370015078903e-12 5.3911634032477758e-12 6.161745074887163e-12 6.6810708833562472e-12
7.7094305608516202e-12 8.811371912766486e-12 9.5540142627346984e-12 1.1024581361564287e-11 1.2600371167824067e-11 1.3662358943074667e-11 1.576528814137534e-11 1.8018687116917257e-11
1.9537342812798325e-11 2.2544557659768014e-11 2.5766946155239877e-11 2.7938642644013293e-11 3.223899718906535e-11 3.6847052721376152e-11 3.9952605646994728e-11 4.610216600573826e-11
5.2691742594252864e-11 5.7132721811963592e-11 6.5926669429455264e-11 7.5349845715294158e-11 8.1700501100827524e-11 9.427595531020583e-11 1.0775121432286606e-10 1.1683273032387857e-10
1.3481578588104581e-10 1.5408557347179294e-10 1.6707225403778933e-10 1.9278824662046598e-10 2.2034428197708851e-10 2.3891539632676596e-10 2.7568958480713857e-10 3.1509505728572691e-10
3.4165198123839803e-10 3.9423952706390815e-10 4.5058984165615699e-10 4.8856657242999972e-10 5.6376741547310509e-10 6.4434906454153641e-10 6.9865626076799825e-10 8.0619439942079091e-10
9.2142715745549168e-10 9.9908712190958874e-10 1.1528679945293082e-09 1.3176522683409235e-09 1.4287069811245102e-09 1.6486155371023688e-09 1.8842590933161709e-09 2.0430687105770026e-09
2.3575406742772901e-09 2.6945138835567612e-09 2.9216136067686809e-09 3.371312416866237e-09 3.8531882873402029e-09 4.1779437094140703e-09 4.8210185877707806e-09 5.5101070617226097e-09
5.9745113448927812e-09 6.8941164002937139e-09 7.8795214683379247e-09 8.5436253556557605e-09 9.858671995449804e-09 1.1267813469778249e-08 1.2217490268924079e-08 1.4098023281087257e-08
1.6113113074174708e-08 1.7471162680657786e-08 2.0160348221932097e-08 2.3041951629524935e-08 2.4983979417639442e-08 2.8829548109401031e-08 3.2950276737542255e-08 3.5727400571461585e-08
4.122661151696191e-08 4.7119304585702866e-08 5.1090626127095789e-08 5.8954566014035529e-08 6.7381190219583128e-08 7.3060229300412825e-08 8.4305760915453533e-08 9.6355938087958501e-08
1.0447703443974849e-07 1.2055828418517258e-07 1.3779018706190991e-07 1.49403455612515e-07 1.7239984228656241e-07 1.9704167721583108e-07 2.1364879534203654e-07 2.4653391362787056e-07
2.8177204333559171e-07 3.0552042831919506e-07 3.5254655551046114e-07 4.0293751823147608e-07 4.36898003430861e-07 5.0414594882024309e-07 5.7620565076845226e-07 6.247695659893787e-07
7.2093496231683186e-07 8.2398123022826475e-07 8.9342823158112105e-07 1.030945941561243e-06 1.1783033832851425e-06 1.2776134569265161e-06 1.4742654885344619e-06 1.6849884586285908e-06
1.8270030961871549e-06 2.1082179414687012e-06 2.409554403379395e-06 2.6126370972229348e-06 3.0147778153233447e-06 3.4456926948748862e-06 3.7361034669457658e-06 4.3111696836400017e-06
4.9273833082426305e-06 5.3426743157559581e-06 6.1650261411198578e-06 7.0462192703547723e-06 7.6400905640798625e-06 8.8160638781911091e-06 1.0076180986947918e-05 1.0925424305801606e-05
1.2607080736599746e-05 1.4409063837807425e-05 1.562349232128197e-05 1.8028281883519616e-05 2.0605140077470768e-05 2.2341787877614819e-05 2.5780666790534287e-05 2.9465605981852449e-05
3.194903388459431e-05 3.6866673400094444e-05 4.2136182166850423e-05 4.5687514882444946e-05 5.2719800408275806e-05 6.0255263329438683e-05 6.533371317810455e-05 7.5389968737491693e-05
8.6165774215689577e-05 9.342802051330148e-05 0.00010780859074245985 0.00012321812628378001 0.00012837666049145543 0.00013003707734822044 0.00013170816319115503 0.00013749942900261188
0.0001565180314767176 0.0001767681471939306 0.00019105427466329205 0.00022046161305365458 0.00025197311912613957 0.0002732099833930462 0.00031526284218107473 0.00036032468686330519
0.00039011017193689044 0.00044805226243616405 0.00051000468124037866 0.00052946507313226686 0.00053180279719477195 0.00053414567072102178 0.00055869679054686876 0.00064469217382827815
0.0007368407391457664 0.00079894334285934875 0.00092191780799287559 0.001053691399787422 0.0011043155563285208 0.0011412232397345001 0.0011787375789259838 0.0012293888104630676
0.0013704923548943646 0.0015192596702174389 0.0016219538671254654 0.0018291871116053037 0.0020488754833695591 0.0021286536844477952 0.0021754105698168127 0.0022226754101569513
0.00233633653196699 0.0026959486846414239 0.003081291974888105 0.0032101904927094786 0.0032513658779457014 0.0032928036503629462 0.0034376073844505778 0.0039135266631643286
0.004420289753671508 0.0045942729580826904 0.00466584923259937 0.0047379787654307755 0.0049395362085967818 0.0055852997554365798 0.0062707222354510747 0.0064846664382575353
0.0065088908507355677 0.0065331604258012412 0.0067443143854467192 0.0074695456022225654 0.0082318042750425813 0.0085588717787650637 0.0089010047132213228 0.0092498425166215453
0.00950077290459647 0.010018803182515043 0.010550583894164831 0.010977768741120487 0.011930729063388197 0.012923348318830607 0.013237035075345632 0.013296885156436514
0.013356870235926856 0.013658067103976096 0.014655755119882236 0.015192246987791938 0.015688609371390268 0.016325221535292877 0.017482979707845861 0.018680396813573544
0.019046330469556613 0.019080861781889554 0.019115424368798609 0.0194754161723346 0.020702124378018372 0.021966295401658554 0.022730245880790534 0.024092801903628797
0.025495016859641756 0.026070756380505027 0.026625231877418214 0.027185541814428529 0.027614527147053404 0.028534383590235447 0.029469310542266404 0.030192841777613461
0.031760195650737004 0.033367208457035231 0.034074173710931702 0.034320729057771913 0.035990481856038078 0.037699893587478939 0.038306306356173145 0.038656254451085621
0.03900779376516806 0.039521326653933604 0.040949882995203822 0.042403801624931028 0.04336968228158275 0.045244232930134187 0.047158442511860327 0.048290748225235131
0.050267697798929228 0.052284306305798001 0.053218016038404134 0.05439277192836086 0.055580352671162528 0.05619301723146515 0.057107337592271129 0.058029036529554913
0.058926058776033872 0.060307379214091607 0.061107806200013222 0.063329212557167294 0.064640303383180234 0.066924449732302216 0.0692482550145989 0.070618940878157885
0.073005486152422513 0.07543169035986183 0.076572438965270079 0.078049921431083039 0.079541522192999869 0.08027411679595492 0.081295122789556723 0.082322580900214368
0.083369394531607161 0.085960737656157069 0.088591739713881665 0.090141210690078771 0.092834952739771312 0.095568353722638569 0.097177419736381707 0.099973560711216894
0.10280936061922676 0.10447802167051595 0.10737656157049379 0.11031476040364629 0.11153476546101723 0.11276788004503058 0.11400777378701207 0.11488451212858773
0.11666195398497145 0.11845304038600855 0.1198724042022784 0.12297574195254149 0.12611873863597933 0.1279661847999066 0.13117192147531231 0.13397459621556132
0.13441731708389279 0.1363243582853661 0.13963249388591453 0.14298028841963759 0.14494692465865691 0.14835745918434792 0.15180765264321369 0.15383388391977906
0.15734681737061276 0.16089940975462116 0.16212165713007878 0.16274447870028058 0.16336849432249942 0.16441767425089437 0.16741587248916825 0.17044116074360102
0.17240098110551735 0.17611871240663626 0.17987610264092993 0.18208111903013344 0.18590124925639506 0.18976103841583131 0.19202564984258086 0.19594817899398512
0.19991036707856405 0.20223457354285965 0.20625950161940648 0.21032408862912808 0.21270789013096969 0.21683521713265921 0.22100220306752338 0.22344559960691104
0.22767532553374314 0.23194471039375 0.23327161405988653 0.23353661997897626 0.23380177634130528 0.23395555688102193 0.2350565796616356 0.23912599077658417
0.24323032601734107 0.24571419722228771 0.25014872099940516 0.25462290370969731 0.25724508536172308 0.26178200806398311 0.26635858969941789 0.26904036638898976
0.27367968801639248 0.27835866857696978 0.28110004030408769 0.28584176085663299 0.29062314034235304 0.29289321881345248 0.29342410710701694 0.29826822658470492
0.30315200499556755 0.3060125667977775 0.31095908520060817 0.31594526253661348 0.31886541937636947 0.32391433670434266 0.32900291296549067 0.33093608460652857
0.33246751885174464 0.3340024883415082 0.33550193724725613 0.33913012478876126 0.34277782495168274 0.34536430319704725 0.35061801837530571 0.35591139248673898
0.35721239031346069 0.35901033443913311 0.3643664485425343 0.36976222157911021 0.37292075856905033 0.37837927159759416 0.38387744355931264 0.3870955755867988
0.39265648754048521 0.39825705842734638 0.40153478549237864 0.40719809637120774 0.41290106618321143 0.41623838828578974 0.42200409808976141 0.42780946682690785
0.43120638396703215 0.43707449269614657 0.44298226035843563 0.44643877253610603 0.45240928019036303 0.45841944677779467 0.46193555399301106 0.46800846057241063
0.47412102608498502 0.47617290403087092 0.47708656552975098 0.47800110273724233 0.47979456177087254 0.48506122325630441 0.4903566330067603 0.49372229557031516
0.49999999999999989 0.5063173633628596 0.5100122556907144 0.51639235904554182 0.52281212133354382 0.52656660869894467 0.53304911097891483 0.53957127219205958
0.54338535459500636 0.54997025580011905 0.55659481593840654 0.56046849337889948 0.56715579350915479 0.5738827525725847 0.57781602505062368 0.58460572410602174
0.59143508209459439 0.59542794961017931 0.60232004759071989 0.60925180450443517 0.61330426705756613 0.62029876396324934 0.62733291980210748 0.63144497739278449
0.63854187322361056 0.6456784279876111 0.64985008061583416 0.65704937537180264 0.65797985667433112 0.66428832906094581 0.66836611270071467 0.6751368545690376
0.68194171860727404 0.68408354590909326 0.68461716208287782 0.68515098629793103 0.6874534657254272 0.69485755833168095 0.70230130987110939 0.70665174761197058
0.71415823914336729 0.72170438960793826 0.7261144223863456 0.73372331284288461 0.74118095489747926 0.74137186223259854 0.74584149004855183 0.75355277943023347
0.76130372774508981 0.76583295059858914 0.77364663890541374 0.78149998614541272 0.78608880403645809 0.79400489126842499 0.80196063743356683 0.80660905036215835
0.81462753651926789 0.82268568160955213 0.82635182233306947 0.82739368957568959 0.83551457465794199 0.84367511867336886 0.84844272167705248 0.85666600568444728
0.86492894862501679 0.86975614666624634 0.87808182959878378 0.88644717146449625 0.89133396454327185 0.89976204640095225 0.90822978719180703 0.91317617530812867
0.92170665609095137 0.93027679580694878 0.93528277896081646 0.94391565866878191 0.95258819730992217 0.95765377550133601 0.96638905413444398 0.97516399170072665
0.97775882731219177 0.97787542547384743 0.97799203058727913 0.980556646364383 0.98927824388064578 0.99803845713897188 0.99999999999999978 1.0031889472458686
1.0121290237292617 1.0211087591458301 1.0263531224498819 1.0353955978584179 1.0444777322001284 1.0497816905417263 1.0589265648754052 1.0681110981422584
1.0734746515214024 1.0827219247802236 1.0920088569722195 1.0974320053889095 1.1067816775728734 1.1161710086900121 1.1216537521442482 1.1311058232533548
1.1405975532956361 1.1461398917874182 1.1556943618216673 1.165288490789091 1.1708904243184193 1.1736481776669303 1.1805472932778109 1.1902438211703776
1.1959053497372518 1.2056646176217862 1.2154635444394952 1.2211846680439153 1.2310463348535927 1.2409476605964445 1.2467283792384107 1.2566924449732304
1.2588190451025207 1.2666961696412249 1.2725364833207373 1.2826029479806995 1.2927090715738365 1.2986089802908949 1.308777843876 1.3189863663942798
1.3249458701488841 1.3352171326591316 1.3420201433256687 1.3455280541025543 1.3515471528947047 1.3619208143300949 1.3723341346986597 1.3779787325374859
1.3869562416926198 1.395962900134736 1.3990265931216801 1.4005299954757493 1.4020342051786712 1.4055428970498394 1.4161213563355148 1.4267394745543649
1.4329373584591536 1.4436182166699716 1.4543387338139648 1.4605962127562995 1.4713794698922604 1.482202385961396 1.4885194599412765 1.4994051160023798
1.4999999999999998 1.5103304309966579 1.5167071000140846 1.5276951550003306 1.5387228689197516 1.5451591329747245 1.556249586886113 1.5673796997306764
1.5738755588231952 1.5850684116597269 1.5963009234294327 1.6028563775594975 1.6141516293211715 1.6254865400160203 1.6321015891836315 1.6427876096865393
1.6434992398704478 1.6549365494904391 1.661611193695596 1.6731112433075555 1.6846509518526893 1.6913851910953923 1.7029876396324941 1.7146297471027707
1.7214235813830197 1.7331284288452642 1.7448729352406835 1.7517263645584786 1.7635336109458661 1.7660444431189777 1.775380516266428 1.782293540621769
1.7942031859342988 1.8061524901800032 1.8131251095728904 1.8251371538105625 1.8371888569814101 1.8442210714118432 1.8563355145746587 1.8660254037844388
1.8684896166706484 1.8755814261386277 1.8877982682265853 1.9000547692477174 1.9072061737532429 1.919525414766343 1.9318843147126183 1.9390953142556897
1.9396926207859082 1.9515169541939326 1.9639782530653502 1.9712488476459675 1.9837728865093531 1.9848077530122081 1.9963365843059133 2
copy 664 666010
values 665
0 8.6211656609193279e-15 9.8534251473354098e-15 1.2328373867580454e-14 1.4090520223180142e-14 1.5278101130491052e-14 1.7629727602593508e-14 2.0149618756026079e-14
2.1847874189128156e-14 2.5210729223500238e-14 2.8814204840022902e-14 3.1242731181517609e-14 3.6051655607381529e-14 4.120467045137005e-14 4.4677493253155936e-14 5.1554314851857007e-14
5.8923190017991781e-14 6.3889369715750778e-14 7.3723309930327121e-14 8.4260892851793833e-14 9.1362591440547282e-14 1.0542524796811055e-13 1.2049412229741081e-13 1.306496393980629e-13
1.5075941272362078e-13 1.7230808999093469e-13 1.8683060545575118e-13 2.1558783083579759e-13 2.4640270670664928e-13 2.6717008401846472e-13 3.0829327313506099e-13 3.5235892798508471e-13
3.8205653522510934e-13 4.4086320592334377e-13 5.0387763913085001e-13 5.4634558597558607e-13 6.3043985475434103e-13 7.2055127613178071e-13 7.8128096706717216e-13 9.015368148726457e-13
1.0303972655557954e-12 1.1172414771347525e-12 1.2892088316456781e-12 1.4734808750386335e-12 1.5976691751700189e-12 1.8435846259123685e-12 2.1070959344340876e-12 2.2846867445654114e-12
2.636348890475615e-12 3.0131733313418472e-12 3.2671303933978828e-12 3.7700116255158971e-12 4.3088752516378299e-12 4.6720370015078903e-12 5.3911634032477758e-12 6.161745074887163e-12
6.6810708833562472e-12 7.7094305608516202e-12 8.811371912766486e-12 9.5540142627346984e-12 1.1024581361564287e-11 1.2600371167824067e-11 1.3662358943074667e-11 1.576528814137534e-11
1.8018687116917257e-11 1.9537342812798325e-11 2.2544557659768014e-11 2.5766946155239877e-11 2.7938642644013293e-11 3.223899718906535e-11 3.6847052721376152e-11 3.9952605646994728e-11
4.610216600573826e-11 5.2691742594252864e-11 5.7132721811963592e-11 6.5926669429455264e-11 7.5349845715294158e-11 8.1700501100827524e-11 9.427595531020583e-11 1.0775121432286606e-10
1.1683273032387857e-10 1.3481578588104581e-10 1.5408557347179294e-10 1.6707225403778933e-10 1.9278824662046598e-10 2.2034428197708851e-10 2.3891539632676596e-10 2.7568958480713857e-10
3.1509505728572691e-10 3.4165198123839803e-10 3.9423952706390815e-10 4.5058984165615699e-10 4.8856657242999972e-10 5.6376741547310509e-10 6.4434906454153641e-10 6.9865626076799825e-10
8.0619439942079091e-10 9.2142715745549168e-10 9.9908712190958874e-10 1.1528679945293082e-09 1.3176522683409235e-09 1.4287069811245102e-09 1.6486155371023688e-09 1.8842590933161709e-09
2.0430687105770026e-09 2.3575406742772901e-09 2.6945138835567612e-09 2.9216136067686809e-09 3.371312416866237e-09 3.8531882873402029e-09 4.1779437094140703e-09 4.8210185877707806e-09
5.5101070617226097e-09 5.9745113448927812e-09 6.8941164002937139e-09 7.8795214683379247e-09 8.5436253556557605e-09 9.858671995449804e-09 1.1267813469778249e-08 1.2217490268924079e-08
1.4098023281087257e-08 1.6113113074174708e-08 1.7471162680657786e-08 2.0160348221932097e-08 2.3041951629524935e-08 2.4983979417639442e-08 2.8829548109401031e-08 3.2950276737542255e-08
3.5727400571461585e-08 4.122661151696191e-08 4.7119304585702866e-08 5.1090626127095789e-08 5.8954566014035529e-08 6.7381190219583128e-08 7.3060229300412825e-08 8.4305760915453533e-08
9.6355938087958501e-08 1.0447703443974849e-07 1.2055828418517258e-07 1.3779018706190991e-07 1.49403455612515e-07 1.7239984228656241e-07 1.9704167721583108e-07 2.1364879534203654e-07
2.4653391362787056e-07 2.8177204333559171e-07 3.0552042831919506e-07 3.5254655551046114e-07 4.0293751823147608e-07 4.36898003430861e-07 5.0414594882024309e-07 5.7620565076845226e-07
6.247695659893787e-07 7.2093496231683186e-07 8.2398123022826475e-07 8.9342823158112105e-07 1.030945941561243e-06 1.1783033832851425e-06 1.2776134569265161e-06 1.4742654885344619e-06
1.6849884586285908e-06 1.8270030961871549e-06 2.1082179414687012e-06 2.409554403379395e-06 2.6126370972229348e-06 3.0147778153233447e-06 3.4456926948748862e-06 3.7361034669457658e-06
4.3111696836400017e-06 4.9273833082426305e-06 5.3426743157559581e-06 6.1650261411198578e-06 7.0462192703547723e-06 7.6400905640798625e-06 8.8160638781911091e-06 1.0076180986947918e-05
1.0925424305801606e-05 1.2607080736599746e-05 1.4409063837807425e-05 1.562349232128197e-05 1.8028281883519616e-05 2.0605140077470768e-05 2.2341787877614819e-05 2.5780666790534287e-05
2.9465605981852449e-05 3.194903388459431e-05 3.6866673400094444e-05 4.2136182166850423e-05 4.5687514882444946e-05 5.2719800408275806e-05 6.0255263329438683e-05 6.533371317810455e-05
7.5389968737491693e-05 8.6165774215689577e-05 9.342802051330148e-05 0.00010780859074245985 0.00012321812628378001 0.00012837666049145543 0.00013003707734822044 0.00013170816319115503
0.00013749942900261188 0.0001565180314767176 0.0001767681471939306 0.00019105427466329205 0.00022046161305365458 0.00025197311912613957 0.0002732099833930462 0.00031526284218107473
0.00036032468686330519 0.00039011017193689044 0.00044805226243616405 0.00051000468124037866 0.00052946507313226686 0.00053180279719477195 0.00053414567072102178 0.00055869679054686876
0.00064469217382827815 0.0007368407391457664 0.00079894334285934875 0.00092191780799287559 0.001053691399787422 0.0011043155563285208 0.0011412232397345001 0.0011787375789259838
0.0012293888104630676 0.0013704923548943646 0.0015192596702174389 0.0016219538671254654 0.0018291871116053037 0.0020488754833695591 0.0021286536844477952 0.0021754105698168127
0.0022226754101569513 0.00233633653196699 0.0026959486846414239 0.003081291974888105 0.0032101904927094786 0.0032513658779457014 0.0032928036503629462 0.0034376073844505778
0.0039135266631643286 0.004420289753671508 0.0045942729580826904 0.00466584923259937 0.0047379787654307755 0.0049395362085967818 0.0055852997554365798 0.0062707222354510747
0.0064846664382575353 0.0065088908507355677 0.0065331604258012412 0.0067443143854467192 0.0074695456022225654 0.0082318042750425813 0.0085588717787650637 0.0089010047132213228
0.0092498425166215453 0.00950077290459647 0.010018803182515043 0.010550583894164831 0.010977768741120487 0.011930729063388197 0.012923348318830607 0.013237035075345632
0.013296885156436514 0.013356870235926856 0.013658067103976096 0.014655755119882236 0.015192246987791938 0.015688609371390268 0.016325221535292877 0.017482979707845861
0.018680396813573544 0.019046330469556613 0.019080861781889554 0.019115424368798609 0.0194754161723346 0.020702124378018372 0.021966295401658554 0.022730245880790534
0.024092801903628797 0.025495016859641756 0.026070756380505027 0.026625231877418214 0.027185541814428529 0.027614527147053404 0.028534383590235447 0.029469310542266404
0.030192841777613461 0.031760195650737004 0.033367208457035231 0.034074173710931702 0.034320729057771913 0.035990481856038078 0.037699893587478939 0.038306306356173145
0.038656254451085621 0.03900779376516806 0.039521326653933604 0.040949882995203822 0.042403801624931028 0.04336968228158275 0.045244232930134187 0.047158442511860327
0.048290748225235131 0.050267697798929228 0.052284306305798001 0.053218016038404134 0.05439277192836086 0.055580352671162528 0.05619301723146515 0.057107337592271129
0.058029036529554913 0.058926058776033872 0.060307379214091607 0.061107806200013222 0.063329212557167294 0.064640303383180234 0.066924449732302216 0.0692482550145989
0.070618940878157885 0.073005486152422513 0.07543169035986183 0.076572438965270079 0.078049921431083039 0.079541522192999869 0.08027411679595492 0.081295122789556723
0.082322580900214368 0.083369394531607161 0.085960737656157069 0.088591739713881665 0.090141210690078771 0.092834952739771312 0.095568353722638569 0.097177419736381707
0.099973560711216894 0.10280936061922676 0.10447802167051595 0.10737656157049379 0.11031476040364629 0.11153476546101723 0.11276788004503058 0.11400777378701207
0.11488451212858773 0.11666195398497145 0.11845304038600855 0.1198724042022784 0.12297574195254149 0.12611873863597933 0.1279661847999066 0.13117192147531231
0.13397459621556132 0.13441731708389279 0.1363243582853661 0.13963249388591453 0.14298028841963759 0.14494692465865691 0.14835745918434792 0.15180765264321369
0.15383388391977906 0.15734681737061276 0.16089940975462116 0.16212165713007878 0.16274447870028058 0.16336849432249942 0.16441767425089437 0.16741587248916825
0.17044116074360102 0.17240098110551735 0.17611871240663626 0.17987610264092993 0.18208111903013344 0.18590124925639506 0.18976103841583131 0.19202564984258086
0.19594817899398512 0.19991036707856405 0.20223457354285965 0.20625950161940648 0.21032408862912808 0.21270789013096969 0.21683521713265921 0.22100220306752338
0.22344559960691104 0.22767532553374314 0.23194471039375 0.23327161405988653 0.23353661997897626 0.23380177634130528 0.23395555688102193 0.2350565796616356
0.23912599077658417 0.24323032601734107 0.24571419722228771 0.25014872099940516 0.25462290370969731 0.25724508536172308 0.26178200806398311 0.26635858969941789
0.26904036638898976 0.27367968801639248 0.27835866857696978 0.28110004030408769 0.28584176085663299 0.29062314034235304 0.29289321881345248 0.29342410710701694
0.29826822658470492 0.30315200499556755 0.3060125667977775 0.31095908520060817 0.31594526253661348 0.31886541937636947 0.32391433670434266 0.32900291296549067
0.33093608460652857 0.33246751885174464 0.3340024883415082 0.33550193724725613 0.33913012478876126 0.34277782495168274 0.34536430319704725 0.35061801837530571
0.35591139248673898 0.35721239031346069 0.35901033443913311 0.3643664485425343 0.36976222157911021 0.37292075856905033 0.37837927159759416 0.38387744355931264
0.3870955755867988 0.39265648754048521 0.39825705842734638 0.40153478549237864 0.40719809637120774 0.41290106618321143 0.41623838828578974 0.42200409808976141
0.42780946682690785 0.43120638396703215 0.43707449269614657 0.44298226035843563 0.44643877253610603 0.45240928019036303 0.45841944677779467 0.46193555399301106
0.46800846057241063 0.47412102608498502 0.47617290403087092 0.47708656552975098 0.47800110273724233 0.47979456177087254 0.48506122325630441 0.4903566330067603
0.49372229557031516 0.49999999999999989 0.5063173633628596 0.5100122556907144 0.51639235904554182 0.52281212133354382 0.52656660869894467 0.53304911097891483
0.53957127219205958 0.54338535459500636 0.54997025580011905 0.55659481593840654 0.56046849337889948 0.56715579350915479 0.5738827525725847 0.57781602505062368
0.58460572410602174 0.59143508209459439 0.59542794961017931 0.60232004759071989 0.60925180450443517 0.61330426705756613 0.62029876396324934 0.62733291980210748
0.63144497739278449 0.63854187322361056 0.6456784279876111 0.64985008061583416 0.65704937537180264 0.65797985667433112 0.66428832906094581 0.66836611270071467
0.6751368545690376 0.68194171860727404 0.68408354590909326 0.68461716208287782 0.68515098629793103 0.6874534657254272 0.69485755833168095 0.70230130987110939
0.70665174761197058 0.71415823914336729 0.72170438960793826 0.7261144223863456 0.73372331284288461 0.74118095489747926 0.74137186223259854 0.74584149004855183
0.75355277943023347 0.76130372774508981 0.76583295059858914 0.77364663890541374 0.78149998614541272 0.78608880403645809 0.79400489126842499 0.80196063743356683
0.80660905036215835 0.81462753651926789 0.82268568160955213 0.82635182233306947 0.82739368957568959 0.83551457465794199 0.84367511867336886 0.84844272167705248
0.85666600568444728 0.86492894862501679 0.86975614666624634 0.87808182959878378 0.88644717146449625 0.89133396454327185 0.89976204640095225 0.90822978719180703
0.91317617530812867 0.92170665609095137 0.93027679580694878 0.93528277896081646 0.94391565866878191 0.95258819730992217 0.95765377550133601 0.96638905413444398
0.97516399170072665 0.97775882731219177 0.97787542547384743 0.97799203058727913 0.980556646364383 0.98927824388064578 0.99803845713897188 0.99999999999999978
1.0031889472458686 1.0121290237292617 1.0211087591458301 1.0263531224498819 1.0353955978584179 1.0444777322001284 1.0497816905417263 1.0589265648754052
1.0681110981422584 1.0734746515214024 1.0827219247802236 1.0920088569722195 1.0974320053889095 1.1067816775728734 1.1161710086900121 1.1216537521442482
1.1311058232533548 1.1405975532956361 1.1461398917874182 1.1556943618216673 1.165288490789091 1.1708904243184193 1.1736481776669303 1.1805472932778109
1.1902438211703776 1.1959053497372518 1.2056646176217862 1.2154635444394952 1.2211846680439153 1.2310463348535927 1.2409476605964445 1.2467283792384107
1.2566924449732304 1.2588190451025207 1.2666961696412249 1.2725364833207373 1.2826029479806995 1.2927090715738365 1.2986089802908949 1.308777843876
1.3189863663942798 1.3249458701488841 1.3352171326591316 1.3420201433256687 1.3455280541025543 1.3515471528947047 1.3619208143300949 1.3723341346986597
1.3779787325374859 1.3869562416926198 1.395962900134736 1.3990265931216801 1.4005299954757493 1.4020342051786712 1.4055428970498394 1.4161213563355148
1.4267394745543649 1.4329373584591536 1.4436182166699716 1.4543387338139648 1.4605962127562995 1.4713794698922604 1.482202385961396 1.4885194599412765
1.4994051160023798 1.4999999999999998 1.5103304309966579 1.5167071000140846 1.5276951550003306 1.5387228689197516 1.5451591329747245 1.556249586886113
1.5673796997306764 1.5738755588231952 1.5850684116597269 1.5963009234294327 1.6028563775594975 1.6141516293211715 1.6254865400160203 1.6321015891836315
1.6427876096865393 1.6434992398704478 1.6549365494904391 1.661611193695596 1.6731112433075555 1.6846509518526893 1.6913851910953923 1.7029876396324941
1.7146297471027707 1.7214235813830197 1.7331284288452642 1.7448729352406835 1.7517263645584786 1.7635336109458661 1.7660444431189777 1.775380516266428
1.782293540621769 1.7942031859342988 1.8061524901800032 1.8131251095728904 1.8251371538105625 1.8371888569814101 1.8442210714118432 1.8563355145746587
1.8660254037844388 1.8684896166706484 1.8755814261386277 1.8877982682265853 1.9000547692477174 1.9072061737532429 1.919525414766343 1.9318843147126183
1.9390953142556897 1.9396926207859082 1.9515169541939326 1.9639782530653502 1.9712488476459675 1.9837728865093531 1.9848077530122081 1.9963365843059133
2
copy 665 667338
copy 665 667338
copy 665 667338
copy 665 667338
copy 665 667338
values 666
0 6.8904473075749393e-15 8.6211656609193279e-15 9.8534251473354098e-15 1.2328373867580454e-14 1.4090520223180142e-14 1.5278101130491052e-14 1.7629727602593508e-14
2.0149618756026079e-14 2.1847874189128156e-14 2.5210729223500238e-14 2.8814204840022902e-14 3.1242731181517609e-14 3.6051655607381529e-14 4.120467045137005e-14 4.4677493253155936e-14
5.1554314851857007e-14 5.8923190017991781e-14 6.3889369715750778e-14 7.3723309930327121e-14 8.4260892851793833e-14 9.1362591440547282e-14 1.0542524796811055e-13 1.2049412229741081e-13
1.306496393980629e-13 1.5075941272362078e-13 1.7230808999093469e-13 1.8683060545575118e-13 2.1558783083579759e-13 2.4640270670664928e-13 2.6717008401846472e-13 3.0829327313506099e-13
3.5235892798508471e-13 3.8205653522510934e-13 4.4086320592334377e-13 5.0387763913085001e-13 5.4634558597558607e-13 6.3043985475434103e-13 7.2055127613178071e-13 7.8128096706717216e-13
9.015368148726457e-13 1.0303972655557954e-12 1.1172414771347525e-12 1.2892088316456781e-12 1.4734808750386335e-12 1.5976691751700189e-12 1.8435846259123685e-12 2.1070959344340876e-12
2.2846867445654114e-12 2.636348890475615e-12 3.0131733313418472e-12 3.2671303933978828e-12 3.7700116255158971e-12 4.3088752516378299e-12 4.6720370015078903e-12 5.3911634032477758e-12
6.161745074887163e-12 6.6810708833562472e-12 7.7094305608516202e-12 8.811371912766486e-12 9.5540142627346984e-12 1.1024581361564287e-11 1.2600371167824067e-11 1.3662358943074667e-11
1.576528814137534e-11 1.8018687116917257e-11 1.9537342812798325e-11 2.2544557659768014e-11 2.5766946155239877e-11 2.7938642644013293e-11 3.223899718906535e-11 3.6847052721376152e-11
3.9952605646994728e-11 4.610216600573826e-11 5.2691742594252864e-11 5.7132721811963592e-11 6.5926669429455264e-11 7.5349845715294158e-11 8.1700501100827524e-11 9.427595531020583e-11
1.0775121432286606e-10 1.1683273032387857e-10 1.3481578588104581e-10 1.5408557347179294e-10 1.6707225403778933e-10 1.9278824662046598e-10 2.2034428197708851e-10 2.3891539632676596e-10
2.7568958480713857e-10 3.1509505728572691e-10 3.4165198123839803e-10 3.9423952706390815e-10 4.5058984165615699e-10 4.8856657242999972e-10 5.6376741547310509e-10 6.4434906454153641e-10
6.9865626076799825e-10 8.0619439942079091e-10 9.2142715745549168e-10 9.9908712190958874e-10 1.1528679945293082e-09 1.3176522683409235e-09 1.4287069811245102e-09 1.6486155371023688e-09
1.8842590933161709e-09 2.0430687105770026e-09 2.3575406742772901e-09 2.6945138835567612e-09 2.9216136067686809e-09 3.371312416866237e-09 3.8531882873402029e-09 4.1779437094140703e-09
4.8210185877707806e-09 5.5101070617226097e-09 5.9745113448927812e-09 6.8941164002937139e-09 7.8795214683379247e-09 8.5436253556557605e-09 9.858671995449804e-09 1.1267813469778249e-08
1.2217490268924079e-08 1.4098023281087257e-08 1.6113113074174708e-08 1.7471162680657786e-08 2.0160348221932097e-08 2.3041951629524935e-08 2.4983979417639442e-08 2.8829548109401031e-08
3.2950276737542255e-08 3.5727400571461585e-08 4.122661151696191e-08 4.7119304585702866e-08 5.1090626127095789e-08 5.8954566014035529e-08 6.7381190219583128e-08 7.3060229300412825e-08
8.4305760915453533e-08 9.6355938087958501e-08 1.0447703443974849e-07 1.2055828418517258e-07 1.3779018706190991e-07 1.49403455612515e-07 1.7239984228656241e-07 1.9704167721583108e-07
2.1364879534203654e-07 2.4653391362787056e-07 2.8177204333559171e-07 3.0552042831919506e-07 3.5254655551046114e-07 4.0293751823147608e-07 4.36898003430861e-07 5.0414594882024309e-07
5.7620565076845226e-07 6.247695659893787e-07 7.2093496231683186e-07 8.2398123022826475e-07 8.9342823158112105e-07 1.030945941561243e-06 1.1783033832851425e-06 1.2776134569265161e-06
1.4742654885344619e-06 1.6849884586285908e-06 1.8270030961871549e-06 2.1082179414687012e-06 2.409554403379395e-06 2.6126370972229348e-06 3.0147778153233447e-06 3.4456926948748862e-06
3.7361034669457658e-06 4.3111696836400017e-06 4.9273833082426305e-06 5.3426743157559581e-06 6.1650261411198578e-06 7.0462192703547723e-06 7.6400905640798625e-06 8.8160638781911091e-06
1.0076180986947918e-05 1.0925424305801606e-05 1.2607080736599746e-05 1.4409063837807425e-05 1.562349232128197e-05 1.8028281883519616e-05 2.0605140077470768e-05 2.2341787877614819e-05
2.5780666790534287e-05 2.9465605981852449e-05 3.194903388459431e-05 3.6866673400094444e-05 4.2136182166850423e-05 4.5687514882444946e-05 5.2719800408275806e-05 6.0255263329438683e-05
6.533371317810455e-05 7.5389968737491693e-05 8.6165774215689577e-05 9.342802051330148e-05 0.00010780859074245985 0.00012321812628378001 0.00012837666049145543 0.00013003707734822044
0.00013170816319115503 0.00013749942900261188 0.0001565180314767176 0.0001767681471939306 0.00019105427466329205 0.00022046161305365458 0.00025197311912613957 0.0002732099833930462
0.00031526284218107473 0.00036032468686330519 0.00039011017193689044 0.00044805226243616405 0.00051000468124037866 0.00052946507313226686 0.00053180279719477195 0.00053414567072102178
0.00055869679054686876 0.00064469217382827815 0.0007368407391457664 0.00079894334285934875 0.00092191780799287559 0.001053691399787422 0.0011043155563285208 0.0011412232397345001
0.0011787375789259838 0.0012293888104630676 0.0013704923548943646 0.0015192596702174389 0.0016219538671254654 0.0018291871116053037 0.0020488754833695591 0.0021286536844477952
0.0021754105698168127 0.0022226754101569513 0.00233633653196699 0.0026959486846414239 0.003081291974888105 0.0032101904927094786 0.0032513658779457014 0.0032928036503629462
0.0034376073844505778 0.0039135266631643286 0.004420289753671508 0.0045942729580826904 0.00466584923259937 0.0047379787654307755 0.0049395362085967818 0.0055852997554365798
0.0062707222354510747 0.0064846664382575353 0.0065088908507355677 0.0065331604258012412 0.0067443143854467192 0.0074695456022225654 0.0082318042750425813 0.0085588717787650637
0.0089010047132213228 0.0092498425166215453 0.00950077290459647 0.010018803182515043 0.010550583894164831 0.010977768741120487 0.011930729063388197 0.012923348318830607
0.013237035075345632 0.013296885156436514 0.013356870235926856 0.013658067103976096 0.014655755119882236 0.015192246987791938 0.015688609371390268 0.016325221535292877
0.017482979707845861 0.018680396813573544 0.019046330469556613 0.019080861781889554 0.019115424368798609 0.0194754161723346 0.020702124378018372 0.021966295401658554
0.022730245880790534 0.024092801903628797 0.025495016859641756 0.026070756380505027 0.026625231877418214 0.027185541814428529 0.027614527147053404 0.028534383590235447
0.029469310542266404 0.030192841777613461 0.031760195650737004 0.033367208457035231 0.034074173710931702 0.034320729057771913 0.035990481856038078 0.037699893587478939
0.038306306356173145 0.038656254451085621 0.03900779376516806 0.039521326653933604 0.040949882995203822 0.042403801624931028 0.04336968228158275 0.045244232930134187
0.047158442511860327 0.048290748225235131 0.050267697798929228 0.052284306305798001 0.053218016038404134 0.05439277192836086 0.055580352671162528 0.05619301723146515
0.057107337592271129 0.058029036529554913 0.058926058776033872 0.060307379214091607 0.061107806200013222 0.063329212557167294 0.064640303383180234 0.066924449732302216
0.0692482550145989 0.070618940878157885 0.073005486152422513 0.07543169035986183 0.076572438965270079 0.078049921431083039 0.079541522192999869 0.08027411679595492
0.081295122789556723 0.082322580900214368 0.083369394531607161 0.085960737656157069 0.088591739713881665 0.090141210690078771 0.092834952739771312 0.095568353722638569
0.097177419736381707 0.099973560711216894 0.10280936061922676 0.10447802167051595 0.10737656157049379 0.11031476040364629 0.11153476546101723 0.11276788004503058
0.11400777378701207 0.11488451212858773 0.11666195398497145 0.11845304038600855 0.1198724042022784 0.12297574195254149 0.12611873863597933 0.1279661847999066
0.13117192147531231 0.13397459621556132 0.13441731708389279 0.1363243582853661 0.13963249388591453 0.14298028841963759 0.14494692465865691 0.14835745918434792
0.15180765264321369 0.15383388391977906 0.15734681737061276 0.16089940975462116 0.16212165713007878 0.16274447870028058 0.16336849432249942 0.16441767425089437
0.16741587248916825 0.17044116074360102 0.17240098110551735 0.17611871240663626 0.17987610264092993 0.18208111903013344 0.18590124925639506 0.18976103841583131
0.19202564984258086 0.19594817899398512 0.19991036707856405 0.20223457354285965 0.20625950161940648 0.21032408862912808 0.21270789013096969 0.21683521713265921
0.22100220306752338 0.22344559960691104 0.22767532553374314 0.23194471039375 0.23327161405988653 0.23353661997897626 0.23380177634130528 0.23395555688102193
0.2350565796616356 0.23912599077658417 0.24323032601734107 0.24571419722228771 0.25014872099940516 0.25462290370969731 0.25724508536172308 0.26178200806398311
0.26635858969941789 0.26904036638898976 0.27367968801639248 0.27835866857696978 0.28110004030408769 0.28584176085663299 0.29062314034235304 0.29289321881345248
0.29342410710701694 0.29826822658470492 0.30315200499556755 0.3060125667977775 0.31095908520060817 0.31594526253661348 0.31886541937636947 0.32391433670434266
0.32900291296549067 0.33093608460652857 0.33246751885174464 0.3340024883415082 0.33550193724725613 0.33913012478876126 0.34277782495168274 0.34536430319704725
0.35061801837530571 0.35591139248673898 0.35721239031346069 0.35901033443913311 0.3643664485425343 0.36976222157911021 0.37292075856905033 0.37837927159759416
0.38387744355931264 0.3870955755867988 0.39265648754048521 0.39825705842734638 0.40153478549237864 0.40719809637120774 0.41290106618321143 0.41623838828578974
0.42200409808976141 0.42780946682690785 0.43120638396703215 0.43707449269614657 0.44298226035843563 0.44643877253610603 0.45240928019036303 0.45841944677779467
0.46193555399301106 0.46800846057241063 0.47412102608498502 0.47617290403087092 0.47708656552975098 0.47800110273724233 0.47979456177087254 0.48506122325630441
0.4903566330067603 0.49372229557031516 0.49999999999999989 0.5063173633628596 0.5100122556907144 0.51639235904554182 0.52281212133354382 0.52656660869894467
0.53304911097891483 0.53957127219205958 0.54338535459500636 0.54997025580011905 0.55659481593840654 0.56046849337889948 0.56715579350915479 0.5738827525725847
0.57781602505062368 0.58460572410602174 0.59143508209459439 0.59542794961017931 0.60232004759071989 0.60925180450443517 0.61330426705756613 0.62029876396324934
0.62733291980210748 0.63144497739278449 0.63854187322361056 0.6456784279876111 0.64985008061583416 0.65704937537180264 0.65797985667433112 0.66428832906094581
0.66836611270071467 0.6751368545690376 0.68194171860727404 0.68408354590909326 0.68461716208287782 0.68515098629793103 0.6874534657254272 0.69485755833168095
0.70230130987110939 0.70665174761197058 0.71415823914336729 0.72170438960793826 0.7261144223863456 0.73372331284288461 0.74118095489747926 0.74137186223259854
0.74584149004855183 0.75355277943023347 0.76130372774508981 0.76583295059858914 0.77364663890541374 0.78149998614541272 0.78608880403645809 0.79400489126842499
0.80196063743356683 0.80660905036215835 0.81462753651926789 0.82268568160955213 0.82635182233306947 0.82739368957568959 0.83551457465794199 0.84367511867336886
0.84844272167705248 0.85666600568444728 0.86492894862501679 0.86975614666624634 0.87808182959878378 0.88644717146449625 0.89133396454327185 0.89976204640095225
0.90822978719180703 0.91317617530812867 0.92170665609095137 0.93027679580694878 0.93528277896081646 0.94391565866878191 0.95258819730992217 0.95765377550133601
0.96638905413444398 0.97516399170072665 0.97775882731219177 0.97787542547384743 0.97799203058727913 0.980556646364383 0.98927824388064578 0.99803845713897188
0.99999999999999978 1.0031889472458686 1.0121290237292617 1.0211087591458301 1.0263531224498819 1.0353955978584179 1.0444777322001284 1.0497816905417263
1.0589265648754052 1.0681110981422584 1.0734746515214024 1.0827219247802236 1.0920088569722195 1.0974320053889095 1.1067816775728734 1.1161710086900121
1.1216537521442482 1.1311058232533548 1.1405975532956361 1.1461398917874182 1.1556943618216673 1.165288490789091 1.1708904243184193 1.1736481776669303
1.1805472932778109 1.1902438211703776 1.1959053497372518 1.2056646176217862 1.2154635444394952 1.2211846680439153 1.2310463348535927 1.2409476605964445
1.2467283792384107 1.2566924449732304 1.2588190451025207 1.2666961696412249 1.2725364833207373 1.2826029479806995 1.2927090715738365 1.2986089802908949
1.308777843876 1.3189863663942798 1.3249458701488841 1.3352171326591316 1.3420201433256687 1.3455280541025543 1.3515471528947047 1.3619208143300949
1.3723341346986597 1.3779787325374859 1.3869562416926198 1.395962900134736 1.3990265931216801 1.4005299954757493 1.4020342051786712 1.4055428970498394
1.4161213563355148 1.4267394745543649 1.4329373584591536 1.4436182166699716 1.4543387338139648 1.4605962127562995 1.4713794698922604 1.482202385961396
1.4885194599412765 1.4994051160023798 1.4999999999999998 1.5103304309966579 1.5167071000140846 1.5276951550003306 1.5387228689197516 1.5451591329747245
1.556249586886113 1.5673796997306764 1.5738755588231952 1.5850684116597269 1.5963009234294327 1.6028563775594975 1.6141516293211715 1.6254865400160203
1.6321015891836315 1.6427876096865393 1.6434992398704478 1.6549365494904391 1.661611193695596 1.6731112433075555 1.6846509518526893 1.6913851910953923
1.7029876396324941 1.7146297471027707 1.7214235813830197 1.7331284288452642 1.7448729352406835 1.7517263645584786 1.7635336109458661 1.7660444431189777
1.775380516266428 1.782293540621769 1.7942031859342988 1.8061524901800032 1.8131251095728904 1.8251371538105625 1.8371888569814101 1.8442210714118432
1.8563355145746587 1.8660254037844388 1.8684896166706484 1.8755814261386277 1.8877982682265853 1.9000547692477174 1.9072061737532429 1.919525414766343
1.9318843147126183 1.9390953142556897 1.9396926207859082 1.9515169541939326 1.9639782530653502 1.9712488476459675 1.9837728865093531 1.9848077530122081
1.9963365843059133 2
values 668
0 6.0287348640896912e-15 6.8904473075749393e-15 8.6211656609193279e-15 9.8534251473354098e-15 1.0683894100308652e-14 1.2328373867580454e-14 1.4090520223180142e-14
1.5278101130491052e-14 1.7629727602593508e-14 2.0149618756026079e-14 2.1847874189128156e-14 2.5210729223500238e-14 2.8814204840022902e-14 3.1242731181517609e-14 3.6051655607381529e-14
4.120467045137005e-14 4.4677493253155936e-14 5.1554314851857007e-14 5.8923190017991781e-14 6.3889369715750778e-14 7.3723309930327121e-14 8.4260892851793833e-14 9.1362591440547282e-14
1.0542524796811055e-13 1.2049412229741081e-13 1.306496393980629e-13 1.5075941272362078e-13 1.7230808999093469e-13 1.8683060545575118e-13 2.1558783083579759e-13 2.4640270670664928e-13
2.6717008401846472e-13 3.0829327313506099e-13 3.5235892798508471e-13 3.8205653522510934e-13 4.4086320592334377e-13 5.0387763913085001e-13 5.4634558597558607e-13 6.3043985475434103e-13
7.2055127613178071e-13 7.8128096706717216e-13 9.015368148726457e-13 1.0303972655557954e-12 1.1172414771347525e-12 1.2892088316456781e-12 1.4734808750386335e-12 1.5976691751700189e-12
1.8435846259123685e-12 2.1070959344340876e-12 2.2846867445654114e-12 2.636348890475615e-12 3.0131733313418472e-12 3.2671303933978828e-12 3.7700116255158971e-12 4.3088752516378299e-12
4.6720370015078903e-12 5.3911634032477758e-12 6.161745074887163e-12 6.6810708833562472e-12 7.7094305608516202e-12 8.811371912766486e-12 9.5540142627346984e-12 1.1024581361564287e-11
1.2600371167824067e-11 1.3662358943074667e-11 1.576528814137534e-11 1.8018687116917257e-11 1.9537342812798325e-11 2.2544557659768014e-11 2.5766946155239877e-11 2.7938642644013293e-11
3.223899718906535e-11 3.6847052721376152e-11 3.9952605646994728e-11 4.610216600573826e-11 5.2691742594252864e-11 5.7132721811963592e-11 6.5926669429455264e-11 7.5349845715294158e-11
8.1700501100827524e-11 9.427595531020583e-11 1.0775121432286606e-10 1.1683273032387857e-10 1.3481578588104581e-10 1.5408557347179294e-10 1.6707225403778933e-10 1.9278824662046598e-10
2.2034428197708851e-10 2.3891539632676596e-10 2.7568958480713857e-10 3.1509505728572691e-10 3.4165198123839803e-10 3.9423952706390815e-10 4.5058984165615699e-10 4.8856657242999972e-10
5.6376741547310509e-10 6.4434906454153641e-10 6.9865626076799825e-10 8.0619439942079091e-10 9.2142715745549168e-10 9.9908712190958874e-10 1.1528679945293082e-09 1.3176522683409235e-09
1.4287069811245102e-09 1.6486155371023688e-09 1.8842590933161709e-09 2.0430687105770026e-09 2.3575406742772901e-09 2.6945138835567612e-09 2.9216136067686809e-09 3.371312416866237e-09
3.8531882873402029e-09 4.1779437094140703e-09 4.8210185877707806e-09 5.5101070617226097e-09 5.9745113448927812e-09 6.8941164002937139e-09 7.8795214683379247e-09 8.5436253556557605e-09
9.858671995449804e-09 1.1267813469778249e-08 1.2217490268924079e-08 1.4098023281087257e-08 1.6113113074174708e-08 1.7471162680657786e-08 2.0160348221932097e-08 2.3041951629524935e-08
2.4983979417639442e-08 2.8829548109401031e-08 3.2950276737542255e-08 3.5727400571461585e-08 4.122661151696191e-08 4.7119304585702866e-08 5.1090626127095789e-08 5.8954566014035529e-08
6.7381190219583128e-08 7.3060229300412825e-08 8.4305760915453533e-08 9.6355938087958501e-08 1.0447703443974849e-07 1.2055828418517258e-07 1.3779018706190991e-07 1.49403455612515e-07
1.7239984228656241e-07 1.9704167721583108e-07 2.1364879534203654e-07 2.4653391362787056e-07 2.8177204333559171e-07 3.0552042831919506e-07 3.5254655551046114e-07 4.0293751823147608e-07
4.36898003430861e-07 5.0414594882024309e-07 5.7620565076845226e-07 6.247695659893787e-07 7.2093496231683186e-07 8.2398123022826475e-07 8.9342823158112105e-07 1.030945941561243e-06
1.1783033832851425e-06 1.2776134569265161e-06 1.4742654885344619e-06 1.6849884586285908e-06 1.8270030961871549e-06 2.1082179414687012e-06 2.409554403379395e-06 2.6126370972229348e-06
3.0147778153233447e-06 3.4456926948748862e-06 3.7361034669457658e-06 4.3111696836400017e-06 4.9273833082426305e-06 5.3426743157559581e-06 6.1650261411198578e-06 7.0462192703547723e-06
7.6400905640798625e-06 8.8160638781911091e-06 1.0076180986947918e-05 1.0925424305801606e-05 1.2607080736599746e-05 1.4409063837807425e-05 1.562349232128197e-05 1.8028281883519616e-05
2.0605140077470768e-05 2.2341787877614819e-05 2.5780666790534287e-05 2.9465605981852449e-05 3.194903388459431e-05 3.6866673400094444e-05 4.2136182166850423e-05 4.5687514882444946e-05
5.2719800408275806e-05 6.0255263329438683e-05 6.533371317810455e-05 7.5389968737491693e-05 8.6165774215689577e-05 9.342802051330148e-05 0.00010780859074245985 0.00012321812628378001
0.00012837666049145543 0.00013003707734822044 0.00013170816319115503 0.00013749942900261188 0.0001565180314767176 0.0001767681471939306 0.00019105427466329205 0.00022046161305365458
0.00025197311912613957 0.0002732099833930462 0.00031526284218107473 0.00036032468686330519 0.00039011017193689044 0.00044805226243616405 0.00051000468124037866 0.00052946507313226686
0.00053180279719477195 0.00053414567072102178 0.00055869679054686876 0.00064469217382827815 0.0007368407391457664 0.00079894334285934875 0.00092191780799287559 0.001053691399787422
0.0011043155563285208 0.0011412232397345001 0.0011787375789259838 0.0012293888104630676 0.0013704923548943646 0.0015192596702174389 0.0016219538671254654 0.0018291871116053037
0.0020488754833695591 0.0021286536844477952 0.0021754105698168127 0.0022226754101569513 0.00233633653196699 0.0026959486846414239 0.003081291974888105 0.0032101904927094786
0.0032513658779457014 0.0032928036503629462 0.0034376073844505778 0.0039135266631643286 0.004420289753671508 0.0045942729580826904 0.00466584923259937 0.0047379787654307755
0.0049395362085967818 0.0055852997554365798 0.0062707222354510747 0.0064846664382575353 0.0065088908507355677 0.0065331604258012412 0.0067443143854467192 0.0074695456022225654
0.0082318042750425813 0.0085588717787650637 0.0089010047132213228 0.0092498425166215453 0.00950077290459647 0.010018803182515043 0.010550583894164831 0.010977768741120487
0.011930729063388197 0.012923348318830607 0.013237035075345632 0.013296885156436514 0.013356870235926856 0.013658067103976096 0.014655755119882236 0.015192246987791938
0.015688609371390268 0.016325221535292877 0.017482979707845861 0.018680396813573544 0.019046330469556613 0.019080861781889554 0.019115424368798609 0.0194754161723346
0.020702124378018372 0.021966295401658554 0.022730245880790534 0.024092801903628797 0.025495016859641756 0.026070756380505027 0.026625231877418214 0.027185541814428529
0.027614527147053404 0.028534383590235447 0.029469310542266404 0.030192841777613461 0.031760195650737004 0.033367208457035231 0.034074173710931702 0.034320729057771913
0.035990481856038078 0.037699893587478939 0.038306306356173145 0.038656254451085621 0.03900779376516806 0.039521326653933604 0.040949882995203822 0.042403801624931028
0.04336968228158275 0.045244232930134187 0.047158442511860327 0.048290748225235131 0.050267697798929228 0.052284306305798001 0.053218016038404134 0.05439277192836086
0.055580352671162528 0.05619301723146515 0.057107337592271129 0.058029036529554913 0.058926058776033872 0.060307379214091607 0.061107806200013222 0.063329212557167294
0.064640303383180234 0.066924449732302216 0.0692482550145989 0.070618940878157885 0.073005486152422513 0.07543169035986183 0.076572438965270079 0.078049921431083039
0.079541522192999869 0.08027411679595492 0.081295122789556723 0.082322580900214368 0.083369394531607161 0.085960737656157069 0.088591739713881665 0.090141210690078771
0.092834952739771312 0.095568353722638569 0.097177419736381707 0.099973560711216894 0.10280936061922676 0.10447802167051595 0.10737656157049379 0.11031476040364629
0.11153476546101723 0.11276788004503058 0.11400777378701207 0.11488451212858773 0.11666195398497145 0.11845304038600855 0.1198724042022784 0.12297574195254149
0.12611873863597933 0.1279661847999066 0.13117192147531231 0.13397459621556132 0.13441731708389279 0.1363243582853661 0.13963249388591453 0.14298028841963759
0.14494692465865691 0.14835745918434792 0.15180765264321369 0.15383388391977906 0.15734681737061276 0.16089940975462116 0.16212165713007878 0.16274447870028058
0.16336849432249942 0.16441767425089437 0.16741587248916825 0.17044116074360102 0.17240098110551735 0.17611871240663626 0.17987610264092993 0.18208111903013344
0.18590124925639506 0.18976103841583131 0.19202564984258086 0.19594817899398512 0.19991036707856405 0.20223457354285965 0.20625950161940648 0.21032408862912808
0.21270789013096969 0.21683521713265921 0.22100220306752338 0.22344559960691104 0.22767532553374314 0.23194471039375 0.23327161405988653 0.23353661997897626
0.23380177634130528 0.23395555688102193 0.2350565796616356 0.23912599077658417 0.24323032601734107 0.24571419722228771 0.25014872099940516 0.25462290370969731
0.25724508536172308 0.26178200806398311 0.26635858969941789 0.26904036638898976 0.27367968801639248 0.27835866857696978 0.28110004030408769 0.28584176085663299
0.29062314034235304 0.29289321881345248 0.29342410710701694 0.29826822658470492 0.30315200499556755 0.3060125667977775 0.31095908520060817 0.31594526253661348
0.31886541937636947 0.32391433670434266 0.32900291296549067 0.33093608460652857 0.33246751885174464 0.3340024883415082 0.33550193724725613 0.33913012478876126
0.34277782495168274 0.34536430319704725 0.35061801837530571 0.35591139248673898 0.35721239031346069 0.35901033443913311 0.3643664485425343 0.36976222157911021
0.37292075856905033 0.37837927159759416 0.38387744355931264 0.3870955755867988 0.39265648754048521 0.39825705842734638 0.40153478549237864 0.40719809637120774
0.41290106618321143 0.41623838828578974 0.42200409808976141 0.42780946682690785 0.43120638396703215 0.43707449269614657 0.44298226035843563 0.44643877253610603
0.45240928019036303 0.45841944677779467 0.46193555399301106 0.46800846057241063 0.47412102608498502 0.47617290403087092 0.47708656552975098 0.47800110273724233
0.47979456177087254 0.48506122325630441 0.4903566330067603 0.49372229557031516 0.49999999999999989 0.5063173633628596 0.5100122556907144 0.51639235904554182
0.52281212133354382 0.52656660869894467 0.53304911097891483 0.53957127219205958 0.54338535459500636 0.54997025580011905 0.55659481593840654 0.56046849337889948
0.56715579350915479 0.5738827525725847 0.57781602505062368 0.58460572410602174 0.59143508209459439 0.59542794961017931 0.60232004759071989 0.60925180450443517
0.61330426705756613 0.62029876396324934 0.62733291980210748 0.63144497739278449 0.63854187322361056 0.6456784279876111 0.64985008061583416 0.65704937537180264
0.65797985667433112 0.66428832906094581 0.66836611270071467 0.6751368545690376 0.68194171860727404 0.68408354590909326 0.68461716208287782 0.68515098629793103
0.6874534657254272 0.69485755833168095 0.70230130987110939 0.70665174761197058 0.71415823914336729 0.72170438960793826 0.7261144223863456 0.73372331284288461
0.74118095489747926 0.74137186223259854 0.74584149004855183 0.75355277943023347 0.76130372774508981 0.76583295059858914 0.77364663890541374 0.78149998614541272
0.78608880403645809 0.79400489126842499 0.80196063743356683 0.80660905036215835 0.81462753651926789 0.82268568160955213 0.82635182233306947 0.82739368957568959
0.83551457465794199 0.84367511867336886 0.84844272167705248 0.85666600568444728 0.86492894862501679 0.86975614666624634 0.87808182959878378 0.88644717146449625
0.89133396454327185 0.89976204640095225 0.90822978719180703 0.91317617530812867 0.92170665609095137 0.93027679580694878 0.93528277896081646 0.94391565866878191
0.95258819730992217 0.95765377550133601 0.96638905413444398 0.97516399170072665 0.97775882731219177 0.97787542547384743 0.97799203058727913 0.980556646364383
0.98927824388064578 0.99803845713897188 0.99999999999999978 1.0031889472458686 1.0121290237292617 1.0211087591458301 1.0263531224498819 1.0353955978584179
1.0444777322001284 1.0497816905417263 1.0589265648754052 1.0681110981422584 1.0734746515214024 1.0827219247802236 1.0920088569722195 1.0974320053889095
1.1067816775728734 1.1161710086900121 1.1216537521442482 1.1311058232533548 1.1405975532956361 1.1461398917874182 1.1556943618216673 1.165288490789091
1.1708904243184193 1.1736481776669303 1.1805472932778109 1.1902438211703776 1.1959053497372518 1.2056646176217862 1.2154635444394952 1.2211846680439153
1.2310463348535927 1.2409476605964445 1.2467283792384107 1.2566924449732304 1.2588190451025207 1.2666961696412249 1.2725364833207373 1.2826029479806995
1.2927090715738365 1.2986089802908949 1.308777843876 1.3189863663942798 1.3249458701488841 1.3352171326591316 1.3420201433256687 1.3455280541025543
1.3515471528947047 1.3619208143300949 1.3723341346986597 1.3779787325374859 1.3869562416926198 1.395962900134736 1.3990265931216801 1.4005299954757493
1.4020342051786712 1.4055428970498394 1.4161213563355148 1.4267394745543649 1.4329373584591536 1.4436182166699716 1.4543387338139648 1.4605962127562995
1.4713794698922604 1.482202385961396 1.4885194599412765 1.4994051160023798 1.4999999999999998 1.5103304309966579 1.5167071000140846 1.5276951550003306
1.5387228689197516 1.5451591329747245 1.556249586886113 1.5673796997306764 1.5738755588231952 1.5850684116597269 1.5963009234294327 1.6028563775594975
1.6141516293211715 1.6254865400160203 1.6321015891836315 1.6427876096865393 1.6434992398704478 1.6549365494904391 1.661611193695596 1.6731112433075555
1.6846509518526893 1.6913851910953923 1.7029876396324941 1.7146297471027707 1.7214235813830197 1.7331284288452642 1.7448729352406835 1.7517263645584786
1.7635336109458661 1.7660444431189777 1.775380516266428 1.782293540621769 1.7942031859342988 1.8061524901800032 1.8131251095728904 1.8251371538105625
1.8371888569814101 1.8442210714118432 1.8563355145746587 1.8660254037844388 1.8684896166706484 1.8755814261386277 1.8877982682265853 1.9000547692477174
1.9072061737532429 1.919525414766343 1.9318843147126183 1.9390953142556897 1.9396926207859082 1.9515169541939326 1.9639782530653502 1.9712488476459675
1.9837728865093531 1.9848077530122081 1.9963365843059133 2
copy 668 671994
copy 668 671994
copy 668 671994
values 671
0 4.2158619252903658e-15 4.8184528109300058e-15 6.0287348640896912e-15 6.8904473075749393e-15 7.4711897880297148e-15 8.6211656609193279e-15 9.8534251473354098e-15
1.0683894100308652e-14 1.2328373867580454e-14 1.4090520223180142e-14 1.5278101130491052e-14 1.7629727602593508e-14 2.0149618756026079e-14 2.1847874189128156e-14 2.5210729223500238e-14
2.8814204840022902e-14 3.1242731181517609e-14 3.6051655607381529e-14 4.120467045137005e-14 4.4677493253155936e-14 5.1554314851857007e-14 5.8923190017991781e-14 6.3889369715750778e-14
7.3723309930327121e-14 8.4260892851793833e-14 9.1362591440547282e-14 1.0542524796811055e-13 1.2049412229741081e-13 1.306496393980629e-13 1.5075941272362078e-13 1.7230808999093469e-13
1.8683060545575118e-13 2.1558783083579759e-13 2.4640270670664928e-13 2.6717008401846472e-13 3.0829327313506099e-13 3.5235892798508471e-13 3.8205653522510934e-13 4.4086320592334377e-13
5.0387763913085001e-13 5.4634558597558607e-13 6.3043985475434103e-13 7.2055127613178071e-13 7.8128096706717216e-13 9.015368148726457e-13 1.0303972655557954e-12 1.1172414771347525e-12
1.2892088316456781e-12 1.4734808750386335e-12 1.5976691751700189e-12 1.8435846259123685e-12 2.1070959344340876e-12 2.2846867445654114e-12 2.636348890475615e-12 3.0131733313418472e-12
3.2671303933978828e-12 3.7700116255158971e-12 4.3088752516378299e-12 4.6720370015078903e-12 5.3911634032477758e-12 6.161745074887163e-12 6.6810708833562472e-12 7.7094305608516202e-12
8.811371912766486e-12 9.5540142627346984e-12 1.1024581361564287e-11 1.2600371167824067e-11 1.3662358943074667e-11 1.576528814137534e-11 1.8018687116917257e-11 1.9537342812798325e-11
2.2544557659768014e-11 2.5766946155239877e-11 2.7938642644013293e-11 3.223899718906535e-11 3.6847052721376152e-11 3.9952605646994728e-11 4.610216600573826e-11 5.2691742594252864e-11
5.7132721811963592e-11 6.5926669429455264e-11 7.5349845715294158e-11 8.1700501100827524e-11 9.427595531020583e-11 1.0775121432286606e-10 1.1683273032387857e-10 1.3481578588104581e-10
1.5408557347179294e-10 1.6707225403778933e-10 1.9278824662046598e-10 2.2034428197708851e-10 2.3891539632676596e-10 2.7568958480713857e-10 3.1509505728572691e-10 3.4165198123839803e-10
3.9423952706390815e-10 4.5058984165615699e-10 4.8856657242999972e-10 5.6376741547310509e-10 6.4434906454153641e-10 6.9865626076799825e-10 8.0619439942079091e-10 9.2142715745549168e-10
9.9908712190958874e-10 1.1528679945293082e-09 1.3176522683409235e-09 1.4287069811245102e-09 1.6486155371023688e-09 1.8842590933161709e-09 2.0430687105770026e-09 2.3575406742772901e-09
2.6945138835567612e-09 2.9216136067686809e-09 3.371312416866237e-09 3.8531882873402029e-09 4.1779437094140703e-09 4.8210185877707806e-09 5.5101070617226097e-09 5.9745113448927812e-09
6.8941164002937139e-09 7.8795214683379247e-09 8.5436253556557605e-09 9.858671995449804e-09 1.1267813469778249e-08 1.2217490268924079e-08 1.4098023281087257e-08 1.6113113074174708e-08
1.7471162680657786e-08 2.0160348221932097e-08 2.3041951629524935e-08 2.4983979417639442e-08 2.8829548109401031e-08 3.2950276737542255e-08 3.5727400571461585e-08 4.122661151696191e-08
4.7119304585702866e-08 5.1090626127095789e-08 5.8954566014035529e-08 6.7381190219583128e-08 7.3060229300412825e-08 8.4305760915453533e-08 9.6355938087958501e-08 1.0447703443974849e-07
1.2055828418517258e-07 1.3779018706190991e-07 1.49403455612515e-07 1.7239984228656241e-07 1.9704167721583108e-07 2.1364879534203654e-07 2.4653391362787056e-07 2.8177204333559171e-07
3.0552042831919506e-07 3.5254655551046114e-07 4.0293751823147608e-07 4.36898003430861e-07 5.0414594882024309e-07 5.7620565076845226e-07 6.247695659893787e-07 7.2093496231683186e-07
8.2398123022826475e-07 8.9342823158112105e-07 1.030945941561243e-06 1.1783033832851425e-06 1.2776134569265161e-06 1.4742654885344619e-06 1.6849884586285908e-06 1.8270030961871549e-06
2.1082179414687012e-06 2.409554403379395e-06 2.6126370972229348e-06 3.0147778153233447e-06 3.4456926948748862e-06 3.7361034669457658e-06 4.3111696836400017e-06 4.9273833082426305e-06
5.3426743157559581e-06 6.1650261411198578e-06 7.0462192703547723e-06 7.6400905640798625e-06 8.8160638781911091e-06 1.0076180986947918e-05 1.0925424305801606e-05 1.2607080736599746e-05
1.4409063837807425e-05 1.562349232128197e-05 1.8028281883519616e-05 2.0605140077470768e-05 2.2341787877614819e-05 2.5780666790534287e-05 2.9465605981852449e-05 3.194903388459431e-05
3.6866673400094444e-05 4.2136182166850423e-05 4.5687514882444946e-05 5.2719800408275806e-05 6.0255263329438683e-05 6.533371317810455e-05 7.5389968737491693e-05 8.6165774215689577e-05
9.342802051330148e-05 0.00010780859074245985 0.00012321812628378001 0.00012837666049145543 0.00013003707734822044 0.00013170816319115503 0.00013749942900261188 0.0001565180314767176
0.0001767681471939306 0.00019105427466329205 0.00022046161305365458 0.00025197311912613957 0.0002732099833930462 0.00031526284218107473 0.00036032468686330519 0.00039011017193689044
0.00044805226243616405 0.00051000468124037866 0.00052946507313226686 0.00053180279719477195 0.00053414567072102178 0.00055869679054686876 0.00064469217382827815 0.0007368407391457664
0.00079894334285934875 0.00092191780799287559 0.001053691399787422 0.0011043155563285208 0.0011412232397345001 0.0011787375789259838 0.0012293888104630676 0.0013704923548943646
0.0015192596702174389 0.0016219538671254654 0.0018291871116053037 0.0020488754833695591 0.0021286536844477952 0.0021754105698168127 0.0022226754101569513 0.00233633653196699
0.0026959486846414239 0.003081291974888105 0.0032101904927094786 0.0032513658779457014 0.0032928036503629462 0.0034376073844505778 0.0039135266631643286 0.004420289753671508
0.0045942729580826904 0.00466584923259937 0.0047379787654307755 0.0049395362085967818 0.0055852997554365798 0.0062707222354510747 0.0064846664382575353 0.0065088908507355677
0.0065331604258012412 0.0067443143854467192 0.0074695456022225654 0.0082318042750425813 0.0085588717787650637 0.0089010047132213228 0.0092498425166215453 0.00950077290459647
0.010018803182515043 0.010550583894164831 0.010977768741120487 0.011930729063388197 0.012923348318830607 0.013237035075345632 0.013296885156436514 0.013356870235926856
0.013658067103976096 0.014655755119882236 0.015192246987791938 0.015688609371390268 0.016325221535292877 0.017482979707845861 0.018680396813573544 0.019046330469556613
0.019080861781889554 0.019115424368798609 0.0194754161723346 0.020702124378018372 0.021966295401658554 0.022730245880790534 0.024092801903628797 0.025495016859641756
0.026070756380505027 0.026625231877418214 0.027185541814428529 0.027614527147053404 0.028534383590235447 0.029469310542266404 0.030192841777613461 0.031760195650737004
0.033367208457035231 0.034074173710931702 0.034320729057771913 0.035990481856038078 0.037699893587478939 0.038306306356173145 0.038656254451085621 0.03900779376516806
0.039521326653933604 0.040949882995203822 0.042403801624931028 0.04336968228158275 0.045244232930134187 0.047158442511860327 0.048290748225235131 0.050267697798929228
0.052284306305798001 0.053218016038404134 0.05439277192836086 0.055580352671162528 0.05619301723146515 0.057107337592271129 0.058029036529554913 0.058926058776033872
0.060307379214091607 0.061107806200013222 0.063329212557167294 0.064640303383180234 0.066924449732302216 0.0692482550145989 0.070618940878157885 0.073005486152422513
0.07543169035986183 0.076572438965270079 0.078049921431083039 0.079541522192999869 0.08027411679595492 0.081295122789556723 0.082322580900214368 0.083369394531607161
0.085960737656157069 0.088591739713881665 0.090141210690078771 0.092834952739771312 0.095568353722638569 0.097177419736381707 0.099973560711216894 0.10280936061922676
0.10447802167051595 0.10737656157049379 0.11031476040364629 0.11153476546101723 0.11276788004503058 0.11400777378701207 0.11488451212858773 0.11666195398497145
0.11845304038600855 0.1198724042022784 0.12297574195254149 0.12611873863597933 0.1279661847999066 0.13117192147531231 0.13397459621556132 0.13441731708389279
0.1363243582853661 0.13963249388591453 0.14298028841963759 0.14494692465865691 0.14835745918434792 0.15180765264321369 0.15383388391977906 0.15734681737061276
0.16089940975462116 0.16212165713007878 0.16274447870028058 0.16336849432249942 0.16441767425089437 0.16741587248916825 0.17044116074360102 0.17240098110551735
0.17611871240663626 0.17987610264092993 0.18208111903013344 0.18590124925639506 0.18976103841583131 0.19202564984258086 0.19594817899398512 0.19991036707856405
0.20223457354285965 0.20625950161940648 0.21032408862912808 0.21270789013096969 0.21683521713265921 0.22100220306752338 0.22344559960691104 0.22767532553374314
0.23194471039375 0.23327161405988653 0.23353661997897626 0.23380177634130528 0.23395555688102193 0.2350565796616356 0.23912599077658417 0.24323032601734107
0.24571419722228771 0.25014872099940516 0.25462290370969731 0.25724508536172308 0.26178200806398311 0.26635858969941789 0.26904036638898976 0.27367968801639248
0.27835866857696978 0.28110004030408769 0.28584176085663299 0.29062314034235304 0.29289321881345248 0.29342410710701694 0.29826822658470492 0.30315200499556755
0.3060125667977775 0.31095908520060817 0.31594526253661348 0.31886541937636947 0.32391433670434266 0.32900291296549067 0.33093608460652857 0.33246751885174464
0.3340024883415082 0.33550193724725613 0.33913012478876126 0.34277782495168274 0.34536430319704725 0.35061801837530571 0.35591139248673898 0.35721239031346069
0.35901033443913311 0.3643664485425343 0.36976222157911021 0.37292075856905033 0.37837927159759416 0.38387744355931264 0.3870955755867988 0.39265648754048521
0.39825705842734638 0.40153478549237864 0.40719809637120774 0.41290106618321143 0.41623838828578974 0.42200409808976141 0.42780946682690785 0.43120638396703215
0.43707449269614657 0.44298226035843563 0.44643877253610603 0.45240928019036303 0.45841944677779467 0.46193555399301106 0.46800846057241063 0.47412102608498502
0.47617290403087092 0.47708656552975098 0.47800110273724233 0.47979456177087254 0.48506122325630441 0.4903566330067603 0.49372229557031516 0.49999999999999989
0.5063173633628596 0.5100122556907144 0.51639235904554182 0.52281212133354382 0.52656660869894467 0.53304911097891483 0.53957127219205958 0.54338535459500636
0.54997025580011905 0.55659481593840654 0.56046849337889948 0.56715579350915479 0.5738827525725847 0.57781602505062368 0.58460572410602174 0.59143508209459439
0.59542794961017931 0.60232004759071989 0.60925180450443517 0.61330426705756613 0.62029876396324934 0.62733291980210748 0.63144497739278449 0.63854187322361056
0.6456784279876111 0.64985008061583416 0.65704937537180264 0.65797985667433112 0.66428832906094581 0.66836611270071467 0.6751368545690376 0.68194171860727404
0.68408354590909326 0.68461716208287782 0.68515098629793103 0.6874534657254272 0.69485755833168095 0.70230130987110939 0.70665174761197058 0.71415823914336729
0.72170438960793826 0.7261144223863456 0.73372331284288461 0.74118095489747926 0.74137186223259854 0.74584149004855183 0.75355277943023347 0.76130372774508981
0.76583295059858914 0.77364663890541374 0.78149998614541272 0.78608880403645809 0.79400489126842499 0.80196063743356683 0.80660905036215835 0.81462753651926789
0.82268568160955213 0.82635182233306947 0.82739368957568959 0.83551457465794199 0.84367511867336886 0.84844272167705248 0.85666600568444728 0.86492894862501679
0.86975614666624634 0.87808182959878378 0.88644717146449625 0.89133396454327185 0.89976204640095225 0.90822978719180703 0.91317617530812867 0.92170665609095137
0.93027679580694878 0.93528277896081646 0.94391565866878191 0.95258819730992217 0.95765377550133601 0.96638905413444398 0.97516399170072665 0.97775882731219177
0.97787542547384743 0.97799203058727913 0.980556646364383 0.98927824388064578 0.99803845713897188 0.99999999999999978 1.0031889472458686 1.0121290237292617
1.0211087591458301 1.0263531224498819 1.0353955978584179 1.0444777322001284 1.0497816905417263 1.0589265648754052 1.0681110981422584 1.0734746515214024
1.0827219247802236 1.0920088569722195 1.0974320053889095 1.1067816775728734 1.1161710086900121 1.1216537521442482 1.1311058232533548 1.1405975532956361
1.1461398917874182 1.1556943618216673 1.165288490789091 1.1708904243184193 1.1736481776669303 1.1805472932778109 1.1902438211703776 1.1959053497372518
1.2056646176217862 1.2154635444394952 1.2211846680439153 1.2310463348535927 1.2409476605964445 1.2467283792384107 1.2566924449732304 1.2588190451025207
1.2666961696412249 1.2725364833207373 1.2826029479806995 1.2927090715738365 1.2986089802908949 1.308777843876 1.3189863663942798 1.3249458701488841
1.3352171326591316 1.3420201433256687 1.3455280541025543 1.3515471528947047 1.3619208143300949 1.3723341346986597 1.3779787325374859 1.3869562416926198
1.395962900134736 1.3990265931216801 1.4005299954757493 1.4020342051786712 1.4055428970498394 1.4161213563355148 1.4267394745543649 1.4329373584591536
1.4436182166699716 1.4543387338139648 1.4605962127562995 1.4713794698922604 1.482202385961396 1.4885194599412765 1.4994051160023798 1.4999999999999998
1.5103304309966579 1.5167071000140846 1.5276951550003306 1.5387228689197516 1.5451591329747245 1.556249586886113 1.5673796997306764 1.5738755588231952
1.5850684116597269 1.5963009234294327 1.6028563775594975 1.6141516293211715 1.6254865400160203 1.6321015891836315 1.6427876096865393 1.6434992398704478
1.6549365494904391 1.661611193695596 1.6731112433075555 1.6846509518526893 1.6913851910953923 1.7029876396324941 1.7146297471027707 1.7214235813830197
1.7331284288452642 1.7448729352406835 1.7517263645584786 1.7635336109458661 1.7660444431189777 1.775380516266428 1.782293540621769 1.7942031859342988
1.8061524901800032 1.8131251095728904 1.8251371538105625 1.8371888569814101 1.8442210714118432 1.8563355145746587 1.8660254037844388 1.8684896166706484
1.8755814261386277 1.8877982682265853 1.9000547692477174 1.9072061737532429 1.919525414766343 1.9318843147126183 1.9390953142556897 1.9396926207859082
1.9515169541939326 1.9639782530653502 1.9712488476459675 1.9837728865093531 1.9848077530122081 1.9963365843059133 2
values 673
0 3.3695181828958168e-15 4.2158619252903658e-15 4.8184528109300058e-15 5.2245629098052311e-15 6.0287348640896912e-15 6.8904473075749393e-15 7.4711897880297148e-15
8.6211656609193279e-15 9.8534251473354098e-15 1.0683894100308652e-14 1.2328373867580454e-14 1.4090520223180142e-14 1.5278101130491052e-14 1.7629727602593508e-14 2.0149618756026079e-14
2.1847874189128156e-14 2.5210729223500238e-14 2.8814204840022902e-14 3.1242731181517609e-14 3.6051655607381529e-14 4.120467045137005e-14 4.4677493253155936e-14 5.1554314851857007e-14
5.8923190017991781e-14 6.3889369715750778e-14 7.3723309930327121e-14 8.4260892851793833e-14 9.1362591440547282e-14 1.0542524796811055e-13 1.2049412229741081e-13 1.306496393980629e-13
1.5075941272362078e-13 1.7230808999093469e-13 1.8683060545575118e-13 2.1558783083579759e-13 2.4640270670664928e-13 2.6717008401846472e-13 3.0829327313506099e-13 3.5235892798508471e-13
3.8205653522510934e-13 4.4086320592334377e-13 5.0387763913085001e-13 5.4634558597558607e-13 6.3043985475434103e-13 7.2055127613178071e-13 7.8128096706717216e-13 9.015368148726457e-13
1.0303972655557954e-12 1.1172414771347525e-12 1.2892088316456781e-12 1.4734808750386335e-12 1.5976691751700189e-12 1.8435846259123685e-12 2.1070959344340876e-12 2.2846867445654114e-12
2.636348890475615e-12 3.0131733313418472e-12 3.2671303933978828e-12 3.7700116255158971e-12 4.3088752516378299e-12 4.6720370015078903e-12 5.3911634032477758e-12 6.161745074887163e-12
6.6810708833562472e-12 7.7094305608516202e-12 8.811371912766486e-12 9.5540142627346984e-12 1.1024581361564287e-11 1.2600371167824067e-11 1.3662358943074667e-11 1.576528814137534e-11
1.8018687116917257e-11 1.9537342812798325e-11 2.2544557659768014e-11 2.5766946155239877e-11 2.7938642644013293e-11 3.223899718906535e-11 3.6847052721376152e-11 3.9952605646994728e-11
4.610216600573826e-11 5.2691742594252864e-11 5.7132721811963592e-11 6.5926669429455264e-11 7.5349845715294158e-11 8.1700501100827524e-11 9.427595531020583e-11 1.0775121432286606e-10
1.1683273032387857e-10 1.3481578588104581e-10 1.5408557347179294e-10 1.6707225403778933e-10 1.9278824662046598e-10 2.2034428197708851e-10 2.3891539632676596e-10 2.7568958480713857e-10
3.1509505728572691e-10 3.4165198123839803e-10 3.9423952706390815e-10 4.5058984165615699e-10 4.8856657242999972e-10 5.6376741547310509e-10 6.4434906454153641e-10 6.9865626076799825e-10
8.0619439942079091e-10 9.2142715745549168e-10 9.9908712190958874e-10 1.1528679945293082e-09 1.3176522683409235e-09 1.4287069811245102e-09 1.6486155371023688e-09 1.8842590933161709e-09
2.0430687105770026e-09 2.3575406742772901e-09 2.6945138835567612e-09 2.9216136067686809e-09 3.371312416866237e-09 3.8531882873402029e-09 4.1779437094140703e-09 4.8210185877707806e-09
5.5101070617226097e-09 5.9745113448927812e-09 6.8941164002937139e-09 7.8795214683379247e-09 8.5436253556557605e-09 9.858671995449804e-09 1.1267813469778249e-08 1.2217490268924079e-08
1.4098023281087257e-08 1.6113113074174708e-08 1.7471162680657786e-08 2.0160348221932097e-08 2.3041951629524935e-08 2.4983979417639442e-08 2.8829548109401031e-08 3.2950276737542255e-08
3.5727400571461585e-08 4.122661151696191e-08 4.7119304585702866e-08 5.1090626127095789e-08 5.8954566014035529e-08 6.7381190219583128e-08 7.3060229300412825e-08 8.4305760915453533e-08
9.6355938087958501e-08 1.0447703443974849e-07 1.2055828418517258e-07 1.3779018706190991e-07 1.49403455612515e-07 1.7239984228656241e-07 1.9704167721583108e-07 2.1364879534203654e-07
2.4653391362787056e-07 2.8177204333559171e-07 3.0552042831919506e-07 3.5254655551046114e-07 4.0293751823147608e-07 4.36898003430861e-07 5.0414594882024309e-07 5.7620565076845226e-07
6.247695659893787e-07 7.2093496231683186e-07 8.2398123022826475e-07 8.9342823158112105e-07 1.030945941561243e-06 1.1783033832851425e-06 1.2776134569265161e-06 1.4742654885344619e-06
1.6849884586285908e-06 1.8270030961871549e-06 2.1082179414687012e-06 2.409554403379395e-06 2.6126370972229348e-06 3.0147778153233447e-06 3.4456926948748862e-06 3.7361034669457658e-06
4.3111696836400017e-06 4.9273833082426305e-06 5.3426743157559581e-06 6.1650261411198578e-06 7.0462192703547723e-06 7.6400905640798625e-06 8.8160638781911091e-06 1.0076180986947918e-05
1.0925424305801606e-05 1.2607080736599746e-05 1.4409063837807425e-05 1.562349232128197e-05 1.8028281883519616e-05 2.0605140077470768e-05 2.2341787877614819e-05 2.5780666790534287e-05
2.9465605981852449e-05 3.194903388459431e-05 3.6866673400094444e-05 4.2136182166850423e-05 4.5687514882444946e-05 5.2719800408275806e-05 6.0255263329438683e-05 6.533371317810455e-05
7.5389968737491693e-05 8.6165774215689577e-05 9.342802051330148e-05 0.00010780859074245985 0.00012321812628378001 0.00012837666049145543 0.00013003707734822044 0.00013170816319115503
0.00013749942900261188 0.0001565180314767176 0.0001767681471939306 0.00019105427466329205 0.00022046161305365458 0.00025197311912613957 0.0002732099833930462 0.00031526284218107473
0.00036032468686330519 0.00039011017193689044 0.00044805226243616405 0.00051000468124037866 0.00052946507313226686 0.00053180279719477195 0.00053414567072102178 0.00055869679054686876
0.00064469217382827815 0.0007368407391457664 0.00079894334285934875 0.00092191780799287559 0.001053691399787422 0.0011043155563285208 0.0011412232397345001 0.0011787375789259838
0.0012293888104630676 0.0013704923548943646 0.0015192596702174389 0.0016219538671254654 0.0018291871116053037 0.0020488754833695591 0.0021286536844477952 0.0021754105698168127
0.0022226754101569513 0.00233633653196699 0.0026959486846414239 0.003081291974888105 0.0032101904927094786 0.0032513658779457014 0.0032928036503629462 0.0034376073844505778
0.0039135266631643286 0.004420289753671508 0.0045942729580826904 0.00466584923259937 0.0047379787654307755 0.0049395362085967818 0.0055852997554365798 0.0062707222354510747
0.0064846664382575353 0.0065088908507355677 0.0065331604258012412 0.0067443143854467192 0.0074695456022225654 0.0082318042750425813 0.0085588717787650637 0.0089010047132213228
0.0092498425166215453 0.00950077290459647 0.010018803182515043 0.010550583894164831 0.010977768741120487 0.011930729063388197 0.012923348318830607 0.013237035075345632
0.013296885156436514 0.013356870235926856 0.013658067103976096 0.014655755119882236 0.015192246987791938 0.015688609371390268 0.016325221535292877 0.017482979707845861
0.018680396813573544 0.019046330469556613 0.019080861781889554 0.019115424368798609 0.0194754161723346 0.020702124378018372 0.021966295401658554 0.022730245880790534
0.024092801903628797 0.025495016859641756 0.026070756380505027 0.026625231877418214 0.027185541814428529 0.027614527147053404 0.028534383590235447 0.029469310542266404
0.030192841777613461 0.031760195650737004 0.033367208457035231 0.034074173710931702 0.034320729057771913 0.035990481856038078 0.037699893587478939 0.038306306356173145
0.038656254451085621 0.03900779376516806 0.039521326653933604 0.040949882995203822 0.042403801624931028 0.04336968228158275 0.045244232930134187 0.047158442511860327
0.048290748225235131 0.050267697798929228 0.052284306305798001 0.053218016038404134 0.05439277192836086 0.055580352671162528 0.05619301723146515 0.057107337592271129
0.058029036529554913 0.058926058776033872 0.060307379214091607 0.061107806200013222 0.063329212557167294 0.064640303383180234 0.066924449732302216 0.0692482550145989
0.070618940878157885 0.073005486152422513 0.07543169035986183 0.076572438965270079 0.078049921431083039 0.079541522192999869 0.08027411679595492 0.081295122789556723
0.082322580900214368 0.083369394531607161 0.085960737656157069 0.088591739713881665 0.090141210690078771 0.092834952739771312 0.095568353722638569 0.097177419736381707
0.099973560711216894 0.10280936061922676 0.10447802167051595 0.10737656157049379 0.11031476040364629 0.11153476546101723 0.11276788004503058 0.11400777378701207
0.11488451212858773 0.11666195398497145 0.11845304038600855 0.1198724042022784 0.12297574195254149 0.12611873863597933 0.1279661847999066 0.13117192147531231
0.13397459621556132 0.13441731708389279 0.1363243582853661 0.13963249388591453 0.14298028841963759 0.14494692465865691 0.14835745918434792 0.15180765264321369
0.15383388391977906 0.15734681737061276 0.16089940975462116 0.16212165713007878 0.16274447870028058 0.16336849432249942 0.16441767425089437 0.16741587248916825
0.17044116074360102 0.17240098110551735 0.17611871240663626 0.17987610264092993 0.18208111903013344 0.18590124925639506 0.18976103841583131 0.19202564984258086
0.19594817899398512 0.19991036707856405 0.20223457354285965 0.20625950161940648 0.21032408862912808 0.21270789013096969 0.21683521713265921 0.22100220306752338
0.22344559960691104 0.22767532553374314 0.23194471039375 0.23327161405988653 0.23353661997897626 0.23380177634130528 0.23395555688102193 0.2350565796616356
0.23912599077658417 0.24323032601734107 0.24571419722228771 0.25014872099940516 0.25462290370969731 0.25724508536172308 0.26178200806398311 0.26635858969941789
0.26904036638898976 0.27367968801639248 0.27835866857696978 0.28110004030408769 0.28584176085663299 0.29062314034235304 0.29289321881345248 0.29342410710701694
0.29826822658470492 0.30315200499556755 0.3060125667977775 0.31095908520060817 0.31594526253661348 0.31886541937636947 0.32391433670434266 0.32900291296549067
0.33093608460652857 0.33246751885174464 0.3340024883415082 0.33550193724725613 0.33913012478876126 0.34277782495168274 0.34536430319704725 0.35061801837530571
0.35591139248673898 0.35721239031346069 0.35901033443913311 0.3643664485425343 0.36976222157911021 0.37292075856905033 0.37837927159759416 0.38387744355931264
0.3870955755867988 0.39265648754048521 0.39825705842734638 0.40153478549237864 0.40719809637120774 0.41290106618321143 0.41623838828578974 0.42200409808976141
0.42780946682690785 0.43120638396703215 0.43707449269614657 0.44298226035843563 0.44643877253610603 0.45240928019036303 0.45841944677779467 0.46193555399301106
0.46800846057241063 0.47412102608498502 0.47617290403087092 0.47708656552975098 0.47800110273724233 0.47979456177087254 0.48506122325630441 0.4903566330067603
0.49372229557031516 0.49999999999999989 0.5063173633628596 0.5100122556907144 0.51639235904554182 0.52281212133354382 0.52656660869894467 0.53304911097891483
0.53957127219205958 0.54338535459500636 0.54997025580011905 0.55659481593840654 0.56046849337889948 0.56715579350915479 0.5738827525725847 0.57781602505062368
0.58460572410602174 0.59143508209459439 0.59542794961017931 0.60232004759071989 0.60925180450443517 0.61330426705756613 0.62029876396324934 0.62733291980210748
0.63144497739278449 0.63854187322361056 0.6456784279876111 0.64985008061583416 0.65704937537180264 0.65797985667433112 0.66428832906094581 0.66836611270071467
0.6751368545690376 0.68194171860727404 0.68408354590909326 0.68461716208287782 0.68515098629793103 0.6874534657254272 0.69485755833168095 0.70230130987110939
0.70665174761197058 0.71415823914336729 0.72170438960793826 0.7261144223863456 0.73372331284288461 0.74118095489747926 0.74137186223259854 0.74584149004855183
0.75355277943023347 0.76130372774508981 0.76583295059858914 0.77364663890541374 0.78149998614541272 0.78608880403645809 0.79400489126842499 0.80196063743356683
0.80660905036215835 0.81462753651926789 0.82268568160955213 0.82635182233306947 0.82739368957568959 0.83551457465794199 0.84367511867336886 0.84844272167705248
0.85666600568444728 0.86492894862501679 0.86975614666624634 0.87808182959878378 0.88644717146449625 0.89133396454327185 0.89976204640095225 0.90822978719180703
0.91317617530812867 0.92170665609095137 0.93027679580694878 0.93528277896081646 0.94391565866878191 0.95258819730992217 0.95765377550133601 0.96638905413444398
0.97516399170072665 0.97775882731219177 0.97787542547384743 0.97799203058727913 0.980556646364383 0.98927824388064578 0.99803845713897188 0.99999999999999978
1.0031889472458686 1.0121290237292617 1.0211087591458301 1.0263531224498819 1.0353955978584179 1.0444777322001284 1.0497816905417263 1.0589265648754052
1.0681110981422584 1.0734746515214024 1.0827219247802236 1.0920088569722195 1.0974320053889095 1.1067816775728734 1.1161710086900121 1.1216537521442482
1.1311058232533548 1.1405975532956361 1.1461398917874182 1.1556943618216673 1.165288490789091 1.1708904243184193 1.1736481776669303 1.1805472932778109
1.1902438211703776 1.1959053497372518 1.2056646176217862 1.2154635444394952 1.2211846680439153 1.2310463348535927 1.2409476605964445 1.2467283792384107
1.2566924449732304 1.2588190451025207 1.2666961696412249 1.2725364833207373 1.2826029479806995 1.2927090715738365 1.2986089802908949 1.308777843876
1.3189863663942798 1.3249458701488841 1.3352171326591316 1.3420201433256687 1.3455280541025543 1.3515471528947047 1.3619208143300949 1.3723341346986597
1.3779787325374859 1.3869562416926198 1.395962900134736 1.3990265931216801 1.4005299954757493 1.4020342051786712 1.4055428970498394 1.4161213563355148
1.4267394745543649 1.4329373584591536 1.4436182166699716 1.4543387338139648 1.4605962127562995 1.4713794698922604 1.482202385961396 1.4885194599412765
1.4994051160023798 1.4999999999999998 1.5103304309966579 1.5167071000140846 1.5276951550003306 1.5387228689197516 1.5451591329747245 1.556249586886113
1.5673796997306764 1.5738755588231952 1.5850684116597269 1.5963009234294327 1.6028563775594975 1.6141516293211715 1.6254865400160203 1.6321015891836315
1.6427876096865393 1.6434992398704478 1.6549365494904391 1.661611193695596 1.6731112433075555 1.6846509518526893 1.6913851910953923 1.7029876396324941
1.7146297471027707 1.7214235813830197 1.7331284288452642 1.7448729352406835 1.7517263645584786 1.7635336109458661 1.7660444431189777 1.775380516266428
1.782293540621769 1.7942031859342988 1.8061524901800032 1.8131251095728904 1.8251371538105625 1.8371888569814101 1.8442210714118432 1.8563355145746587
1.8660254037844388 1.8684896166706484 1.8755814261386277 1.8877982682265853 1.9000547692477174 1.9072061737532429 1.919525414766343 1.9318843147126183
1.9390953142556897 1.9396926207859082 1.9515169541939326 1.9639782530653502 1.9712488476459675 1.9837728865093531 1.9848077530122081 1.9963365843059133
2
copy 673 675337
values 674
0 2.9481296115676344e-15 3.3695181828958168e-15 4.2158619252903658e-15 4.8184528109300058e-15 5.2245629098052311e-15 6.0287348640896912e-15 6.8904473075749393e-15
7.4711897880297148e-15 8.6211656609193279e-15 9.8534251473354098e-15 1.0683894100308652e-14 1.2328373867580454e-14 1.4090520223180142e-14 1.5278101130491052e-14 1.7629727602593508e-14
2.0149618756026079e-14 2.1847874189128156e-14 2.5210729223500238e-14 2.8814204840022902e-14 3.1242731181517609e-14 3.6051655607381529e-14 4.120467045137005e-14 4.4677493253155936e-14
5.1554314851857007e-14 5.8923190017991781e-14 6.3889369715750778e-14 7.3723309930327121e-14 8.4260892851793833e-14 9.1362591440547282e-14 1.0542524796811055e-13 1.2049412229741081e-13
1.306496393980629e-13 1.5075941272362078e-13 1.7230808999093469e-13 1.8683060545575118e-13 2.1558783083579759e-13 2.4640270670664928e-13 2.6717008401846472e-13 3.0829327313506099e-13
3.5235892798508471e-13 3.8205653522510934e-13 4.4086320592334377e-13 5.0387763913085001e-13 5.4634558597558607e-13 6.3043985475434103e-13 7.2055127613178071e-13 7.8128096706717216e-13
9.015368148726457e-13 1.0303972655557954e-12 1.1172414771347525e-12 1.2892088316456781e-12 1.4734808750386335e-12 1.5976691751700189e-12 1.8435846259123685e-12 2.1070959344340876e-12
2.2846867445654114e-12 2.636348890475615e-12 3.0131733313418472e-12 3.2671303933978828e-12 3.7700116255158971e-12 4.3088752516378299e-12 4.6720370015078903e-12 5.3911634032477758e-12
6.161745074887163e-12 6.6810708833562472e-12 7.7094305608516202e-12 8.811371912766486e-12 9.5540142627346984e-12 1.1024581361564287e-11 1.2600371167824067e-11 1.3662358943074667e-11
1.576528814137534e-11 1.8018687116917257e-11 1.9537342812798325e-11 2.2544557659768014e-11 2.5766946155239877e-11 2.7938642644013293e-11 3.223899718906535e-11 3.6847052721376152e-11
3.9952605646994728e-11 4.610216600573826e-11 5.2691742594252864e-11 5.7132721811963592e-11 6.5926669429455264e-11 7.5349845715294158e-11 8.1700501100827524e-11 9.427595531020583e-11
1.0775121432286606e-10 1.1683273032387857e-10 1.3481578588104581e-10 1.5408557347179294e-10 1.6707225403778933e-10 1.9278824662046598e-10 2.2034428197708851e-10 2.3891539632676596e-10
2.7568958480713857e-10 3.1509505728572691e-10 3.4165198123839803e-10 3.9423952706390815e-10 4.5058984165615699e-10 4.8856657242999972e-10 5.6376741547310509e-10 6.4434906454153641e-10
6.9865626076799825e-10 8.0619439942079091e-10 9.2142715745549168e-10 9.9908712190958874e-10 1.1528679945293082e-09 1.3176522683409235e-09 1.4287069811245102e-09 1.6486155371023688e-09
1.8842590933161709e-09 2.0430687105770026e-09 2.3575406742772901e-09 2.6945138835567612e-09 2.9216136067686809e-09 3.371312416866237e-09 3.8531882873402029e-09 4.1779437094140703e-09
4.8210185877707806e-09 5.5101070617226097e-09 5.9745113448927812e-09 6.8941164002937139e-09 7.8795214683379247e-09 8.5436253556557605e-09 9.858671995449804e-09 1.1267813469778249e-08
1.2217490268924079e-08 1.4098023281087257e-08 1.6113113074174708e-08 1.7471162680657786e-08 2.0160348221932097e-08 2.3041951629524935e-08 2.4983979417639442e-08 2.8829548109401031e-08
3.2950276737542255e-08 3.5727400571461585e-08 4.122661151696191e-08 4.7119304585702866e-08 5.1090626127095789e-08 5.8954566014035529e-08 6.7381190219583128e-08 7.3060229300412825e-08
8.4305760915453533e-08 9.6355938087958501e-08 1.0447703443974849e-07 1.2055828418517258e-07 1.3779018706190991e-07 1.49403455612515e-07 1.7239984228656241e-07 1.9704167721583108e-07
2.1364879534203654e-07 2.4653391362787056e-07 2.8177204333559171e-07 3.0552042831919506e-07 3.5254655551046114e-07 4.0293751823147608e-07 4.36898003430861e-07 5.0414594882024309e-07
5.7620565076845226e-07 6.247695659893787e-07 7.2093496231683186e-07 8.2398123022826475e-07 8.9342823158112105e-07 1.030945941561243e-06 1.1783033832851425e-06 1.2776134569265161e-06
1.4742654885344619e-06 1.6849884586285908e-06 1.8270030961871549e-06 2.1082179414687012e-06 2.409554403379395e-06 2.6126370972229348e-06 3.0147778153233447e-06 3.4456926948748862e-06
3.7361034669457658e-06 4.3111696836400017e-06 4.9273833082426305e-06 5.3426743157559581e-06 6.1650261411198578e-06 7.0462192703547723e-06 7.6400905640798625e-06 8.8160638781911091e-06
1.0076180986947918e-05 1.0925424305801606e-05 1.2607080736599746e-05 1.4409063837807425e-05 1.562349232128197e-05 1.8028281883519616e-05 2.0605140077470768e-05 2.2341787877614819e-05
2.5780666790534287e-05 2.9465605981852449e-05 3.194903388459431e-05 3.6866673400094444e-05 4.2136182166850423e-05 4.5687514882444946e-05 5.2719800408275806e-05 6.0255263329438683e-05
6.533371317810455e-05 7.5389968737491693e-05 8.6165774215689577e-05 9.342802051330148e-05 0.00010780859074245985 0.00012321812628378001 0.00012837666049145543 0.00013003707734822044
0.00013170816319115503 0.00013749942900261188 0.0001565180314767176 0.0001767681471939306 0.00019105427466329205 0.00022046161305365458 0.00025197311912613957 0.0002732099833930462
0.00031526284218107473 0.00036032468686330519 0.00039011017193689044 0.00044805226243616405 0.00051000468124037866 0.00052946507313226686 0.00053180279719477195 0.00053414567072102178
0.00055869679054686876 0.00064469217382827815 0.0007368407391457664 0.00079894334285934875 0.00092191780799287559 0.001053691399787422 0.0011043155563285208 0.0011412232397345001
0.0011787375789259838 0.0012293888104630676 0.0013704923548943646 0.0015192596702174389 0.0016219538671254654 0.0018291871116053037 0.0020488754833695591 0.0021286536844477952
0.0021754105698168127 0.0022226754101569513 0.00233633653196699 0.0026959486846414239 0.003081291974888105 0.0032101904927094786 0.0032513658779457014 0.0032928036503629462
0.0034376073844505778 0.0039135266631643286 0.004420289753671508 0.0045942729580826904 0.00466584923259937 0.0047379787654307755 0.0049395362085967818 0.0055852997554365798
0.0062707222354510747 0.0064846664382575353 0.0065088908507355677 0.0065331604258012412 0.0067443143854467192 0.0074695456022225654 0.0082318042750425813 0.0085588717787650637
0.0089010047132213228 0.0092498425166215453 0.00950077290459647 0.010018803182515043 0.010550583894164831 0.010977768741120487 0.011930729063388197 0.012923348318830607
0.013237035075345632 0.013296885156436514 0.013356870235926856 0.013658067103976096 0.014655755119882236 0.015192246987791938 0.015688609371390268 0.016325221535292877
0.017482979707845861 0.018680396813573544 0.019046330469556613 0.019080861781889554 0.019115424368798609 0.0194754161723346 0.020702124378018372 0.021966295401658554
0.022730245880790534 0.024092801903628797 0.025495016859641756 0.026070756380505027 0.026625231877418214 0.027185541814428529 0.027614527147053404 0.028534383590235447
0.029469310542266404 0.030192841777613461 0.031760195650737004 0.033367208457035231 0.034074173710931702 0.034320729057771913 0.035990481856038078 0.037699893587478939
0.038306306356173145 0.038656254451085621 0.03900779376516806 0.039521326653933604 0.040949882995203822 0.042403801624931028 0.04336968228158275 0.045244232930134187
0.047158442511860327 0.048290748225235131 0.050267697798929228 0.052284306305798001 0.053218016038404134 0.05439277192836086 0.055580352671162528 0.05619301723146515
0.057107337592271129 0.058029036529554913 0.058926058776033872 0.060307379214091607 0.061107806200013222 0.063329212557167294 0.064640303383180234 0.066924449732302216
0.0692482550145989 0.070618940878157885 0.073005486152422513 0.07543169035986183 0.076572438965270079 0.078049921431083039 0.079541522192999869 0.08027411679595492
0.081295122789556723 0.082322580900214368 0.083369394531607161 0.085960737656157069 0.088591739713881665 0.090141210690078771 0.092834952739771312 0.095568353722638569
0.097177419736381707 0.099973560711216894 0.10280936061922676 0.10447802167051595 0.10737656157049379 0.11031476040364629 0.11153476546101723 0.11276788004503058
0.11400777378701207 0.11488451212858773 0.11666195398497145 0.11845304038600855 0.1198724042022784 0.12297574195254149 0.12611873863597933 0.1279661847999066
0.13117192147531231 0.13397459621556132 0.13441731708389279 0.1363243582853661 0.13963249388591453 0.14298028841963759 0.14494692465865691 0.14835745918434792
0.15180765264321369 0.15383388391977906 0.15734681737061276 0.16089940975462116 0.16212165713007878 0.16274447870028058 0.16336849432249942 0.16441767425089437
0.16741587248916825 0.17044116074360102 0.17240098110551735 0.17611871240663626 0.17987610264092993 0.18208111903013344 0.18590124925639506 0.18976103841583131
0.19202564984258086 0.19594817899398512 0.19991036707856405 0.20223457354285965 0.20625950161940648 0.21032408862912808 0.21270789013096969 0.21683521713265921
0.22100220306752338 0.22344559960691104 0.22767532553374314 0.23194471039375 0.23327161405988653 0.23353661997897626 0.23380177634130528 0.23395555688102193
0.2350565796616356 0.23912599077658417 0.24323032601734107 0.24571419722228771 0.25014872099940516 0.25462290370969731 0.25724508536172308 0.26178200806398311
0.26635858969941789 0.26904036638898976 0.27367968801639248 0.27835866857696978 0.28110004030408769 0.28584176085663299 0.29062314034235304 0.29289321881345248
0.29342410710701694 0.29826822658470492 0.30315200499556755 0.3060125667977775 0.31095908520060817 0.31594526253661348 0.31886541937636947 0.32391433670434266
0.32900291296549067 0.33093608460652857 0.33246751885174464 0.3340024883415082 0.33550193724725613 0.33913012478876126 0.34277782495168274 0.34536430319704725
0.35061801837530571 0.35591139248673898 0.35721239031346069 0.35901033443913311 0.3643664485425343 0.36976222157911021 0.37292075856905033 0.37837927159759416
0.38387744355931264 0.3870955755867988 0.39265648754048521 0.39825705842734638 0.40153478549237864 0.40719809637120774 0.41290106618321143 0.41623838828578974
0.42200409808976141 0.42780946682690785 0.43120638396703215 0.43707449269614657 0.44298226035843563 0.44643877253610603 0.45240928019036303 0.45841944677779467
0.46193555399301106 0.46800846057241063 0.47412102608498502 0.47617290403087092 0.47708656552975098 0.47800110273724233 0.47979456177087254 0.48506122325630441
0.4903566330067603 0.49372229557031516 0.49999999999999989 0.5063173633628596 0.5100122556907144 0.51639235904554182 0.52281212133354382 0.52656660869894467
0.53304911097891483 0.53957127219205958 0.54338535459500636 0.54997025580011905 0.55659481593840654 0.56046849337889948 0.56715579350915479 0.5738827525725847
0.57781602505062368 0.58460572410602174 0.59143508209459439 0.59542794961017931 0.60232004759071989 0.60925180450443517 0.61330426705756613 0.62029876396324934
0.62733291980210748 0.63144497739278449 0.63854187322361056 0.6456784279876111 0.64985008061583416 0.65704937537180264 0.65797985667433112 0.66428832906094581
0.66836611270071467 0.6751368545690376 0.68194171860727404 0.68408354590909326 0.68461716208287782 0.68515098629793103 0.6874534657254272 0.69485755833168095
0.70230130987110939 0.70665174761197058 0.71415823914336729 0.72170438960793826 0.7261144223863456 0.73372331284288461 0.74118095489747926 0.74137186223259854
0.74584149004855183 0.75355277943023347 0.76130372774508981 0.76583295059858914 0.77364663890541374 0.78149998614541272 0.78608880403645809 0.79400489126842499
0.80196063743356683 0.80660905036215835 0.81462753651926789 0.82268568160955213 0.82635182233306947 0.82739368957568959 0.83551457465794199 0.84367511867336886
0.84844272167705248 0.85666600568444728 0.86492894862501679 0.86975614666624634 0.87808182959878378 0.88644717146449625 0.89133396454327185 0.89976204640095225
0.90822978719180703 0.91317617530812867 0.92170665609095137 0.93027679580694878 0.93528277896081646 0.94391565866878191 0.95258819730992217 0.95765377550133601
0.96638905413444398 0.97516399170072665 0.97775882731219177 0.97787542547384743 0.97799203058727913 0.980556646364383 0.98927824388064578 0.99803845713897188
0.99999999999999978 1.0031889472458686 1.0121290237292617 1.0211087591458301 1.0263531224498819 1.0353955978584179 1.0444777322001284 1.0497816905417263
1.0589265648754052 1.0681110981422584 1.0734746515214024 1.0827219247802236 1.0920088569722195 1.0974320053889095 1.1067816775728734 1.1161710086900121
1.1216537521442482 1.1311058232533548 1.1405975532956361 1.1461398917874182 1.1556943618216673 1.165288490789091 1.1708904243184193 1.1736481776669303
1.1805472932778109 1.1902438211703776 1.1959053497372518 1.2056646176217862 1.2154635444394952 1.2211846680439153 1.2310463348535927 1.2409476605964445
1.2467283792384107 1.2566924449732304 1.2588190451025207 1.2666961696412249 1.2725364833207373 1.2826029479806995 1.2927090715738365 1.2986089802908949
1.308777843876 1.3189863663942798 1.3249458701488841 1.3352171326591316 1.3420201433256687 1.3455280541025543 1.3515471528947047 1.3619208143300949
1.3723341346986597 1.3779787325374859 1.3869562416926198 1.395962900134736 1.3990265931216801 1.4005299954757493 1.4020342051786712 1.4055428970498394
1.4161213563355148 1.4267394745543649 1.4329373584591536 1.4436182166699716 1.4543387338139648 1.4605962127562995 1.4713794698922604 1.482202385961396
1.4885194599412765 1.4994051160023798 1.4999999999999998 1.5103304309966579 1.5167071000140846 1.5276951550003306 1.5387228689197516 1.5451591329747245
1.556249586886113 1.5673796997306764 1.5738755588231952 1.5850684116597269 1.5963009234294327 1.6028563775594975 1.6141516293211715 1.6254865400160203
1.6321015891836315 1.6427876096865393 1.6434992398704478 1.6549365494904391 1.661611193695596 1.6731112433075555 1.6846509518526893 1.6913851910953923
1.7029876396324941 1.7146297471027707 1.7214235813830197 1.7331284288452642 1.7448729352406835 1.7517263645584786 1.7635336109458661 1.7660444431189777
1.775380516266428 1.782293540621769 1.7942031859342988 1.8061524901800032 1.8131251095728904 1.8251371538105625 1.8371888569814101 1.8442210714118432
1.8563355145746587 1.8660254037844388 1.8684896166706484 1.8755814261386277 1.8877982682265853 1.9000547692477174 1.9072061737532429 1.919525414766343
1.9318843147126183 1.9390953142556897 1.9396926207859082 1.9515169541939326 1.9639782530653502 1.9712488476459675 1.9837728865093531 1.9848077530122081
1.9963365843059133 2
copy 674 676683
copy 674 676683
copy 674 676683
copy 674 676683
copy 674 676683
copy 674 676683
copy 674 676683
copy 674 676683
copy 674 676683
copy 674 676683
copy 674 676683
copy 674 676683
copy 674 676683
copy 674 676683
copy 674 676683
copy 674 676683
copy 674 676683
values 675
0 2.3562859760940903e-15 2.9481296115676344e-15 3.3695181828958168e-15 4.2158619252903658e-15 4.8184528109300058e-15 5.2245629098052311e-15 6.0287348640896912e-15
6.8904473075749393e-15 7.4711897880297148e-15 8.6211656609193279e-15 9.8534251473354098e-15 1.0683894100308652e-14 1.2328373867580454e-14 1.4090520223180142e-14 1.5278101130491052e-14
1.7629727602593508e-14 2.0149618756026079e-14 2.1847874189128156e-14 2.5210729223500238e-14 2.8814204840022902e-14 3.1242731181517609e-14 3.6051655607381529e-14 4.120467045137005e-14
4.4677493253155936e-14 5.1554314851857007e-14 5.8923190017991781e-14 6.3889369715750778e-14 7.3723309930327121e-14 8.4260892851793833e-14 9.1362591440547282e-14 1.0542524796811055e-13
1.2049412229741081e-13 1.306496393980629e-13 1.5075941272362078e-13 1.7230808999093469e-13 1.8683060545575118e-13 2.1558783083579759e-13 2.4640270670664928e-13 2.6717008401846472e-13
3.0829327313506099e-13 3.5235892798508471e-13 3.8205653522510934e-13 4.4086320592334377e-13 5.0387763913085001e-13 5.4634558597558607e-13 6.3043985475434103e-13 7.2055127613178071e-13
7.8128096706717216e-13 9.015368148726457e-13 1.0303972655557954e-12 1.1172414771347525e-12 1.2892088316456781e-12 1.4734808750386335e-12 1.5976691751700189e-12 1.8435846259123685e-12
2.1070959344340876e-12 2.2846867445654114e-12 2.636348890475615e-12 3.0131733313418472e-12 3.2671303933978828e-12 3.7700116255158971e-12 4.3088752516378299e-12 4.6720370015078903e-12
5.3911634032477758e-12 6.161745074887163e-12 6.6810708833562472e-12 7.7094305608516202e-12 8.811371912766486e-12 9.5540142627346984e-12 1.1024581361564287e-11 1.2600371167824067e-11
1.3662358943074667e-11 1.576528814137534e-11 1.8018687116917257e-11 1.9537342812798325e-11 2.2544557659768014e-11 2.5766946155239877e-11 2.7938642644013293e-11 3.223899718906535e-11
3.6847052721376152e-11 3.9952605646994728e-11 4.610216600573826e-11 5.2691742594252864e-11 5.7132721811963592e-11 6.5926669429455264e-11 7.5349845715294158e-11 8.1700501100827524e-11
9.427595531020583e-11 1.0775121432286606e-10 1.1683273032387857e-10 1.3481578588104581e-10 1.5408557347179294e-10 1.6707225403778933e-10 1.9278824662046598e-10 2.2034428197708851e-10
2.3891539632676596e-10 2.7568958480713857e-10 3.1509505728572691e-10 3.4165198123839803e-10 3.9423952706390815e-10 4.5058984165615699e-10 4.8856657242999972e-10 5.6376741547310509e-10
6.4434906454153641e-10 6.9865626076799825e-10 8.0619439942079091e-10 9.2142715745549168e-10 9.9908712190958874e-10 1.1528679945293082e-09 1.3176522683409235e-09 1.4287069811245102e-09
1.6486155371023688e-09 1.8842590933161709e-09 2.0430687105770026e-09 2.3575406742772901e-09 2.6945138835567612e-09 2.9216136067686809e-09 3.371312416866237e-09 3.8531882873402029e-09
4.1779437094140703e-09 4.8210185877707806e-09 5.5101070617226097e-09 5.9745113448927812e-09 6.8941164002937139e-09 7.8795214683379247e-09 8.5436253556557605e-09 9.858671995449804e-09
1.1267813469778249e-08 1.2217490268924079e-08 1.4098023281087257e-08 1.6113113074174708e-08 1.7471162680657786e-08 2.0160348221932097e-08 2.3041951629524935e-08 2.4983979417639442e-08
2.8829548109401031e-08 3.2950276737542255e-08 3.5727400571461585e-08 4.122661151696191e-08 4.7119304585702866e-08 5.1090626127095789e-08 5.8954566014035529e-08 6.7381190219583128e-08
7.3060229300412825e-08 8.4305760915453533e-08 9.6355938087958501e-08 1.0447703443974849e-07 1.2055828418517258e-07 1.3779018706190991e-07 1.49403455612515e-07 1.7239984228656241e-07
1.9704167721583108e-07 2.1364879534203654e-07 2.4653391362787056e-07 2.8177204333559171e-07 3.0552042831919506e-07 3.5254655551046114e-07 4.0293751823147608e-07 4.36898003430861e-07
5.0414594882024309e-07 5.7620565076845226e-07 6.247695659893787e-07 7.2093496231683186e-07 8.2398123022826475e-07 8.9342823158112105e-07 1.030945941561243e-06 1.1783033832851425e-06
1.2776134569265161e-06 1.4742654885344619e-06 1.6849884586285908e-06 1.8270030961871549e-06 2.1082179414687012e-06 2.409554403379395e-06 2.6126370972229348e-06 3.0147778153233447e-06
3.4456926948748862e-06 3.7361034669457658e-06 4.3111696836400017e-06 4.9273833082426305e-06 5.3426743157559581e-06 6.1650261411198578e-06 7.0462192703547723e-06 7.6400905640798625e-06
8.8160638781911091e-06 1.0076180986947918e-05 1.0925424305801606e-05 1.2607080736599746e-05 1.4409063837807425e-05 1.562349232128197e-05 1.8028281883519616e-05 2.0605140077470768e-05
2.2341787877614819e-05 2.5780666790534287e-05 2.9465605981852449e-05 3.194903388459431e-05 3.6866673400094444e-05 4.2136182166850423e-05 4.5687514882444946e-05 5.2719800408275806e-05
6.0255263329438683e-05 6.533371317810455e-05 7.5389968737491693e-05 8.6165774215689577e-05 9.342802051330148e-05 0.00010780859074245985 0.00012321812628378001 0.00012837666049145543
0.00013003707734822044 0.00013170816319115503 0.00013749942900261188 0.0001565180314767176 0.0001767681471939306 0.00019105427466329205 0.00022046161305365458 0.00025197311912613957
0.0002732099833930462 0.00031526284218107473 0.00036032468686330519 0.00039011017193689044 0.00044805226243616405 0.00051000468124037866 0.00052946507313226686 0.00053180279719477195
0.00053414567072102178 0.00055869679054686876 0.00064469217382827815 0.0007368407391457664 0.00079894334285934875 0.00092191780799287559 0.001053691399787422 0.0011043155563285208
0.0011412232397345001 0.0011787375789259838 0.0012293888104630676 0.0013704923548943646 0.0015192596702174389 0.0016219538671254654 0.0018291871116053037 0.0020488754833695591
0.0021286536844477952 0.0021754105698168127 0.0022226754101569513 0.00233633653196699 0.0026959486846414239 0.003081291974888105 0.0032101904927094786 0.0032513658779457014
0.0032928036503629462 0.0034376073844505778 0.0039135266631643286 0.004420289753671508 0.0045942729580826904 0.00466584923259937 0.0047379787654307755 0.0049395362085967818
0.0055852997554365798 0.0062707222354510747 0.0064846664382575353 0.0065088908507355677 0.0065331604258012412 0.0067443143854467192 0.0074695456022225654 0.0082318042750425813
0.0085588717787650637 0.0089010047132213228 0.0092498425166215453 0.00950077290459647 0.010018803182515043 0.010550583894164831 0.010977768741120487 0.011930729063388197
0.012923348318830607 0.013237035075345632 0.013296885156436514 0.013356870235926856 0.013658067103976096 0.014655755119882236 0.015192246987791938 0.015688609371390268
0.016325221535292877 0.017482979707845861 0.018680396813573544 0.019046330469556613 0.019080861781889554 0.019115424368798609 0.0194754161723346 0.020702124378018372
0.021966295401658554 0.022730245880790534 0.024092801903628797 0.025495016859641756 0.026070756380505027 0.026625231877418214 0.027185541814428529 0.027614527147053404
0.028534383590235447 0.029469310542266404 0.030192841777613461 0.031760195650737004 0.033367208457035231 0.034074173710931702 0.034320729057771913 0.035990481856038078
0.037699893587478939 0.038306306356173145 0.038656254451085621 0.03900779376516806 0.039521326653933604 0.040949882995203822 0.042403801624931028 0.04336968228158275
0.045244232930134187 0.047158442511860327 0.048290748225235131 0.050267697798929228 0.052284306305798001 0.053218016038404134 0.05439277192836086 0.055580352671162528
0.05619301723146515 0.057107337592271129 0.058029036529554913 0.058926058776033872 0.060307379214091607 0.061107806200013222 0.063329212557167294 0.064640303383180234
0.066924449732302216 0.0692482550145989 0.070618940878157885 0.073005486152422513 0.07543169035986183 0.076572438965270079 0.078049921431083039 0.079541522192999869
0.08027411679595492 0.081295122789556723 0.082322580900214368 0.083369394531607161 0.085960737656157069 0.088591739713881665 0.090141210690078771 0.092834952739771312
0.095568353722638569 0.097177419736381707 0.099973560711216894 0.10280936061922676 0.10447802167051595 0.10737656157049379 0.11031476040364629 0.11153476546101723
0.11276788004503058 0.11400777378701207 0.11488451212858773 0.11666195398497145 0.11845304038600855 0.1198724042022784 0.12297574195254149 0.12611873863597933
0.1279661847999066 0.13117192147531231 0.13397459621556132 0.13441731708389279 0.1363243582853661 0.13963249388591453 0.14298028841963759 0.14494692465865691
0.14835745918434792 0.15180765264321369 0.15383388391977906 0.15734681737061276 0.16089940975462116 0.16212165713007878 0.16274447870028058 0.16336849432249942
0.16441767425089437 0.16741587248916825 0.17044116074360102 0.17240098110551735 0.17611871240663626 0.17987610264092993 0.18208111903013344 0.18590124925639506
0.18976103841583131 0.19202564984258086 0.19594817899398512 0.19991036707856405 0.20223457354285965 0.20625950161940648 0.21032408862912808 0.21270789013096969
0.21683521713265921 0.22100220306752338 0.22344559960691104 0.22767532553374314 0.23194471039375 0.23327161405988653 0.23353661997897626 0.23380177634130528
0.23395555688102193 0.2350565796616356 0.23912599077658417 0.24323032601734107 0.24571419722228771 0.25014872099940516 0.25462290370969731 0.25724508536172308
0.26178200806398311 0.26635858969941789 0.26904036638898976 0.27367968801639248 0.27835866857696978 0.28110004030408769 0.28584176085663299 0.29062314034235304
0.29289321881345248 0.29342410710701694 0.29826822658470492 0.30315200499556755 0.3060125667977775 0.31095908520060817 0.31594526253661348 0.31886541937636947
0.32391433670434266 0.32900291296549067 0.33093608460652857 0.33246751885174464 0.3340024883415082 0.33550193724725613 0.33913012478876126 0.34277782495168274
0.34536430319704725 0.35061801837530571 0.35591139248673898 0.35721239031346069 0.35901033443913311 0.3643664485425343 0.36976222157911021 0.37292075856905033
0.37837927159759416 0.38387744355931264 0.3870955755867988 0.39265648754048521 0.39825705842734638 0.40153478549237864 0.40719809637120774 0.41290106618321143
0.41623838828578974 0.42200409808976141 0.42780946682690785 0.43120638396703215 0.43707449269614657 0.44298226035843563 0.44643877253610603 0.45240928019036303
0.45841944677779467 0.46193555399301106 0.46800846057241063 0.47412102608498502 0.47617290403087092 0.47708656552975098 0.47800110273724233 0.47979456177087254
0.48506122325630441 0.4903566330067603 0.49372229557031516 0.49999999999999989 0.5063173633628596 0.5100122556907144 0.51639235904554182 0.52281212133354382
0.52656660869894467 0.53304911097891483 0.53957127219205958 0.54338535459500636 0.54997025580011905 0.55659481593840654 0.56046849337889948 0.56715579350915479
0.5738827525725847 0.57781602505062368 0.58460572410602174 0.59143508209459439 0.59542794961017931 0.60232004759071989 0.60925180450443517 0.61330426705756613
0.62029876396324934 0.62733291980210748 0.63144497739278449 0.63854187322361056 0.6456784279876111 0.64985008061583416 0.65704937537180264 0.65797985667433112
0.66428832906094581 0.66836611270071467 0.6751368545690376 0.68194171860727404 0.68408354590909326 0.68461716208287782 0.68515098629793103 0.6874534657254272
0.69485755833168095 0.70230130987110939 0.70665174761197058 0.71415823914336729 0.72170438960793826 0.7261144223863456 0.73372331284288461 0.74118095489747926
0.74137186223259854 0.74584149004855183 0.75355277943023347 0.76130372774508981 0.76583295059858914 0.77364663890541374 0.78149998614541272 0.78608880403645809
0.79400489126842499 0.80196063743356683 0.80660905036215835 0.81462753651926789 0.82268568160955213 0.82635182233306947 0.82739368957568959 0.83551457465794199
0.84367511867336886 0.84844272167705248 0.85666600568444728 0.86492894862501679 0.86975614666624634 0.87808182959878378 0.88644717146449625 0.89133396454327185
0.89976204640095225 0.90822978719180703 0.91317617530812867 0.92170665609095137 0.93027679580694878 0.93528277896081646 0.94391565866878191 0.95258819730992217
0.95765377550133601 0.96638905413444398 0.97516399170072665 0.97775882731219177 0.97787542547384743 0.97799203058727913 0.980556646364383 0.98927824388064578
0.99803845713897188 0.99999999999999978 1.0031889472458686 1.0121290237292617 1.0211087591458301 1.0263531224498819 1.0353955978584179 1.0444777322001284
1.0497816905417263 1.0589265648754052 1.0681110981422584 1.0734746515214024 1.0827219247802236 1.0920088569722195 1.0974320053889095 1.1067816775728734
1.1161710086900121 1.1216537521442482 1.1311058232533548 1.1405975532956361 1.1461398917874182 1.1556943618216673 1.165288490789091 1.1708904243184193
1.1736481776669303 1.1805472932778109 1.1902438211703776 1.1959053497372518 1.2056646176217862 1.2154635444394952 1.2211846680439153 1.2310463348535927
1.2409476605964445 1.2467283792384107 1.2566924449732304 1.2588190451025207 1.2666961696412249 1.2725364833207373 1.2826029479806995 1.2927090715738365
1.2986089802908949 1.308777843876 1.3189863663942798 1.3249458701488841 1.3352171326591316 1.3420201433256687 1.3455280541025543 1.3515471528947047
1.3619208143300949 1.3723341346986597 1.3779787325374859 1.3869562416926198 1.395962900134736 1.3990265931216801 1.4005299954757493 1.4020342051786712
1.4055428970498394 1.4161213563355148 1.4267394745543649 1.4329373584591536 1.4436182166699716 1.4543387338139648 1.4605962127562995 1.4713794698922604
1.482202385961396 1.4885194599412765 1.4994051160023798 1.4999999999999998 1.5103304309966579 1.5167071000140846 1.5276951550003306 1.5387228689197516
1.5451591329747245 1.556249586886113 1.5673796997306764 1.5738755588231952 1.5850684116597269 1.5963009234294327 1.6028563775594975 1.6141516293211715
1.6254865400160203 1.6321015891836315 1.6427876096865393 1.6434992398704478 1.6549365494904391 1.661611193695596 1.6731112433075555 1.6846509518526893
1.6913851910953923 1.7029876396324941 1.7146297471027707 1.7214235813830197 1.7331284288452642 1.7448729352406835 1.7517263645584786 1.7635336109458661
1.7660444431189777 1.775380516266428 1.782293540621769 1.7942031859342988 1.8061524901800032 1.8131251095728904 1.8251371538105625 1.8371888569814101
1.8442210714118432 1.8563355145746587 1.8660254037844388 1.8684896166706484 1.8755814261386277 1.8877982682265853 1.9000547692477174 1.9072061737532429
1.919525414766343 1.9318843147126183 1.9390953142556897 1.9396926207859082 1.9515169541939326 1.9639782530653502 1.9712488476459675 1.9837728865093531
1.9848077530122081 1.9963365843059133 2
copy 675 688815
values 677
0 2.0616112103821579e-15 2.3562859760940903e-15 2.9481296115676344e-15 3.3695181828958168e-15 3.6535087948436335e-15 4.2158619252903658e-15 4.8184528109300058e-15
5.2245629098052311e-15 6.0287348640896912e-15 6.8904473075749393e-15 7.4711897880297148e-15 8.6211656609193279e-15 9.8534251473354098e-15 1.0683894100308652e-14 1.2328373867580454e-14
1.4090520223180142e-14 1.5278101130491052e-14 1.7629727602593508e-14 2.0149618756026079e-14 2.1847874189128156e-14 2.5210729223500238e-14 2.8814204840022902e-14 3.1242731181517609e-14
3.6051655607381529e-14 4.120467045137005e-14 4.4677493253155936e-14 5.1554314851857007e-14 5.8923190017991781e-14 6.3889369715750778e-14 7.3723309930327121e-14 8.4260892851793833e-14
9.1362591440547282e-14 1.0542524796811055e-13 1.2049412229741081e-13 1.306496393980629e-13 1.5075941272362078e-13 1.7230808999093469e-13 1.8683060545575118e-13 2.1558783083579759e-13
2.4640270670664928e-13 2.6717008401846472e-13 3.0829327313506099e-13 3.5235892798508471e-13 3.8205653522510934e-13 4.4086320592334377e-13 5.0387763913085001e-13 5.4634558597558607e-13
6.3043985475434103e-13 7.2055127613178071e-13 7.8128096706717216e-13 9.015368148726457e-13 1.0303972655557954e-12 1.1172414771347525e-12 1.2892088316456781e-12 1.4734808750386335e-12
1.5976691751700189e-12 1.8435846259123685e-12 2.1070959344340876e-12 2.2846867445654114e-12 2.636348890475615e-12 3.0131733313418472e-12 3.2671303933978828e-12 3.7700116255158971e-12
4.3088752516378299e-12 4.6720370015078903e-12 5.3911634032477758e-12 6.161745074887163e-12 6.6810708833562472e-12 7.7094305608516202e-12 8.811371912766486e-12 9.5540142627346984e-12
1.1024581361564287e-11 1.2600371167824067e-11 1.3662358943074667e-11 1.576528814137534e-11 1.8018687116917257e-11 1.9537342812798325e-11 2.2544557659768014e-11 2.5766946155239877e-11
2.7938642644013293e-11 3.223899718906535e-11 3.6847052721376152e-11 3.9952605646994728e-11 4.610216600573826e-11 5.2691742594252864e-11 5.7132721811963592e-11 6.5926669429455264e-11
7.5349845715294158e-11 8.1700501100827524e-11 9.427595531020583e-11 1.0775121432286606e-10 1.1683273032387857e-10 1.3481578588104581e-10 1.5408557347179294e-10 1.6707225403778933e-10
1.9278824662046598e-10 2.2034428197708851e-10 2.3891539632676596e-10 2.7568958480713857e-10 3.1509505728572691e-10 3.4165198123839803e-10 3.9423952706390815e-10 4.5058984165615699e-10
4.8856657242999972e-10 5.6376741547310509e-10 6.4434906454153641e-10 6.9865626076799825e-10 8.0619439942079091e-10 9.2142715745549168e-10 9.9908712190958874e-10 1.1528679945293082e-09
1.3176522683409235e-09 1.4287069811245102e-09 1.6486155371023688e-09 1.8842590933161709e-09 2.0430687105770026e-09 2.3575406742772901e-09 2.6945138835567612e-09 2.9216136067686809e-09
3.371312416866237e-09 3.8531882873402029e-09 4.1779437094140703e-09 4.8210185877707806e-09 5.5101070617226097e-09 5.9745113448927812e-09 6.8941164002937139e-09 7.8795214683379247e-09
8.5436253556557605e-09 9.858671995449804e-09 1.1267813469778249e-08 1.2217490268924079e-08 1.4098023281087257e-08 1.6113113074174708e-08 1.7471162680657786e-08 2.0160348221932097e-08
2.3041951629524935e-08 2.4983979417639442e-08 2.8829548109401031e-08 3.2950276737542255e-08 3.5727400571461585e-08 4.122661151696191e-08 4.7119304585702866e-08 5.1090626127095789e-08
5.8954566014035529e-08 6.7381190219583128e-08 7.3060229300412825e-08 8.4305760915453533e-08 9.6355938087958501e-08 1.0447703443974849e-07 1.2055828418517258e-07 1.3779018706190991e-07
1.49403455612515e-07 1.7239984228656241e-07 1.9704167721583108e-07 2.1364879534203654e-07 2.4653391362787056e-07 2.8177204333559171e-07 3.0552042831919506e-07 3.5254655551046114e-07
4.0293751823147608e-07 4.36898003430861e-07 5.0414594882024309e-07 5.7620565076845226e-07 6.247695659893787e-07 7.2093496231683186e-07 8.2398123022826475e-07 8.9342823158112105e-07
1.030945941561243e-06 1.1783033832851425e-06 1.2776134569265161e-06 1.4742654885344619e-06 1.6849884586285908e-06 1.8270030961871549e-06 2.1082179414687012e-06 2.409554403379395e-06
2.6126370972229348e-06 3.0147778153233447e-06 3.4456926948748862e-06 3.7361034669457658e-06 4.3111696836400017e-06 4.9273833082426305e-06 5.3426743157559581e-06 6.1650261411198578e-06
7.0462192703547723e-06 7.6400905640798625e-06 8.8160638781911091e-06 1.0076180986947918e-05 1.0925424305801606e-05 1.2607080736599746e-05 1.4409063837807425e-05 1.562349232128197e-05
1.8028281883519616e-05 2.0605140077470768e-05 2.2341787877614819e-05 2.5780666790534287e-05 2.9465605981852449e-05 3.194903388459431e-05 3.6866673400094444e-05 4.2136182166850423e-05
4.5687514882444946e-05 5.2719800408275806e-05 6.0255263329438683e-05 6.533371317810455e-05 7.5389968737491693e-05 8.6165774215689577e-05 9.342802051330148e-05 0.00010780859074245985
0.00012321812628378001 0.00012837666049145543 0.00013003707734822044 0.00013170816319115503 0.00013749942900261188 0.0001565180314767176 0.0001767681471939306 0.00019105427466329205
0.00022046161305365458 0.00025197311912613957 0.0002732099833930462 0.00031526284218107473 0.00036032468686330519 0.00039011017193689044 0.00044805226243616405 0.00051000468124037866
0.00052946507313226686 0.00053180279719477195 0.00053414567072102178 0.00055869679054686876 0.00064469217382827815 0.0007368407391457664 0.00079894334285934875 0.00092191780799287559
0.001053691399787422 0.0011043155563285208 0.0011412232397345001 0.0011787375789259838 0.0012293888104630676 0.0013704923548943646 0.0015192596702174389 0.0016219538671254654
0.0018291871116053037 0.0020488754833695591 0.0021286536844477952 0.0021754105698168127 0.0022226754101569513 0.00233633653196699 0.0026959486846414239 0.003081291974888105
0.0032101904927094786 0.0032513658779457014 0.0032928036503629462 0.0034376073844505778 0.0039135266631643286 0.004420289753671508 0.0045942729580826904 0.00466584923259937
0.0047379787654307755 0.0049395362085967818 0.0055852997554365798 0.0062707222354510747 0.0064846664382575353 0.0065088908507355677 0.0065331604258012412 0.0067443143854467192
0.0074695456022225654 0.0082318042750425813 0.0085588717787650637 0.0089010047132213228 0.0092498425166215453 0.00950077290459647 0.010018803182515043 0.010550583894164831
0.010977768741120487 0.011930729063388197 0.012923348318830607 0.013237035075345632 0.013296885156436514 0.013356870235926856 0.013658067103976096 0.014655755119882236
0.015192246987791938 0.015688609371390268 0.016325221535292877 0.017482979707845861 0.018680396813573544 0.019046330469556613 0.019080861781889554 0.019115424368798609
0.0194754161723346 0.020702124378018372 0.021966295401658554 0.022730245880790534 0.024092801903628797 0.025495016859641756 0.026070756380505027 0.026625231877418214
0.027185541814428529 0.027614527147053404 0.028534383590235447 0.029469310542266404 0.030192841777613461 0.031760195650737004 0.033367208457035231 0.034074173710931702
0.034320729057771913 0.035990481856038078 0.037699893587478939 0.038306306356173145 0.038656254451085621 0.03900779376516806 0.039521326653933604 0.040949882995203822
0.042403801624931028 0.04336968228158275 0.045244232930134187 0.047158442511860327 0.048290748225235131 0.050267697798929228 0.052284306305798001 0.053218016038404134
0.05439277192836086 0.055580352671162528 0.05619301723146515 0.057107337592271129 0.058029036529554913 0.058926058776033872 0.060307379214091607 0.061107806200013222
0.063329212557167294 0.064640303383180234 0.066924449732302216 0.0692482550145989 0.070618940878157885 0.073005486152422513 0.07543169035986183 0.076572438965270079
0.078049921431083039 0.079541522192999869 0.08027411679595492 0.081295122789556723 0.082322580900214368 0.083369394531607161 0.085960737656157069 0.088591739713881665
0.090141210690078771 0.092834952739771312 0.095568353722638569 0.097177419736381707 0.099973560711216894 0.10280936061922676 0.10447802167051595 0.10737656157049379
0.11031476040364629 0.11153476546101723 0.11276788004503058 0.11400777378701207 0.11488451212858773 0.11666195398497145 0.11845304038600855 0.1198724042022784
0.12297574195254149 0.12611873863597933 0.1279661847999066 0.13117192147531231 0.13397459621556132 0.13441731708389279 0.1363243582853661 0.13963249388591453
0.14298028841963759 0.14494692465865691 0.14835745918434792 0.15180765264321369 0.15383388391977906 0.15734681737061276 0.16089940975462116 0.16212165713007878
0.16274447870028058 0.16336849432249942 0.16441767425089437 0.16741587248916825 0.17044116074360102 0.17240098110551735 0.17611871240663626 0.17987610264092993
0.18208111903013344 0.18590124925639506 0.18976103841583131 0.19202564984258086 0.19594817899398512 0.19991036707856405 0.20223457354285965 0.20625950161940648
0.21032408862912808 0.21270789013096969 0.21683521713265921 0.22100220306752338 0.22344559960691104 0.22767532553374314 0.23194471039375 0.23327161405988653
0.23353661997897626 0.23380177634130528 0.23395555688102193 0.2350565796616356 0.23912599077658417 0.24323032601734107 0.24571419722228771 0.25014872099940516
0.25462290370969731 0.25724508536172308 0.26178200806398311 0.26635858969941789 0.26904036638898976 0.27367968801639248 0.27835866857696978 0.28110004030408769
0.28584176085663299 0.29062314034235304 0.29289321881345248 0.29342410710701694 0.29826822658470492 0.30315200499556755 0.3060125667977775 0.31095908520060817
0.31594526253661348 0.31886541937636947 0.32391433670434266 0.32900291296549067 0.33093608460652857 0.33246751885174464 0.3340024883415082 0.33550193724725613
0.33913012478876126 0.34277782495168274 0.34536430319704725 0.35061801837530571 0.35591139248673898 0.35721239031346069 0.35901033443913311 0.3643664485425343
0.36976222157911021 0.37292075856905033 0.37837927159759416 0.38387744355931264 0.3870955755867988 0.39265648754048521 0.39825705842734638 0.40153478549237864
0.40719809637120774 0.41290106618321143 0.41623838828578974 0.42200409808976141 0.42780946682690785 0.43120638396703215 0.43707449269614657 0.44298226035843563
0.44643877253610603 0.45240928019036303 0.45841944677779467 0.46193555399301106 0.46800846057241063 0.47412102608498502 0.47617290403087092 0.47708656552975098
0.47800110273724233 0.47979456177087254 0.48506122325630441 0.4903566330067603 0.49372229557031516 0.49999999999999989 0.5063173633628596 0.5100122556907144
0.51639235904554182 0.52281212133354382 0.52656660869894467 0.53304911097891483 0.53957127219205958 0.54338535459500636 0.54997025580011905 0.55659481593840654
0.56046849337889948 0.56715579350915479 0.5738827525725847 0.57781602505062368 0.58460572410602174 0.59143508209459439 0.59542794961017931 0.60232004759071989
0.60925180450443517 0.61330426705756613 0.62029876396324934 0.62733291980210748 0.63144497739278449 0.63854187322361056 0.6456784279876111 0.64985008061583416
0.65704937537180264 0.65797985667433112 0.66428832906094581 0.66836611270071467 0.6751368545690376 0.68194171860727404 0.68408354590909326 0.68461716208287782
0.68515098629793103 0.6874534657254272 0.69485755833168095 0.70230130987110939 0.70665174761197058 0.71415823914336729 0.72170438960793826 0.7261144223863456
0.73372331284288461 0.74118095489747926 0.74137186223259854 0.74584149004855183 0.75355277943023347 0.76130372774508981 0.76583295059858914 0.77364663890541374
0.78149998614541272 0.78608880403645809 0.79400489126842499 0.80196063743356683 0.80660905036215835 0.81462753651926789 0.82268568160955213 0.82635182233306947
0.82739368957568959 0.83551457465794199 0.84367511867336886 0.84844272167705248 0.85666600568444728 0.86492894862501679 0.86975614666624634 0.87808182959878378
0.88644717146449625 0.89133396454327185 0.89976204640095225 0.90822978719180703 0.91317617530812867 0.92170665609095137 0.93027679580694878 0.93528277896081646
0.94391565866878191 0.95258819730992217 0.95765377550133601 0.96638905413444398 0.97516399170072665 0.97775882731219177 0.97787542547384743 0.97799203058727913
0.980556646364383 0.98927824388064578 0.99803845713897188 0.99999999999999978 1.0031889472458686 1.0121290237292617 1.0211087591458301 1.0263531224498819
1.0353955978584179 1.0444777322001284 1.0497816905417263 1.0589265648754052 1.0681110981422584 1.0734746515214024 1.0827219247802236 1.0920088569722195
1.0974320053889095 1.1067816775728734 1.1161710086900121 1.1216537521442482 1.1311058232533548 1.1405975532956361 1.1461398917874182 1.1556943618216673
1.165288490789091 1.1708904243184193 1.1736481776669303 1.1805472932778109 1.1902438211703776 1.1959053497372518 1.2056646176217862 1.2154635444394952
1.2211846680439153 1.2310463348535927 1.2409476605964445 1.2467283792384107 1.2566924449732304 1.2588190451025207 1.2666961696412249 1.2725364833207373
1.2826029479806995 1.2927090715738365 1.2986089802908949 1.308777843876 1.3189863663942798 1.3249458701488841 1.3352171326591316 1.3420201433256687
1.3455280541025543 1.3515471528947047 1.3619208143300949 1.3723341346986597 1.3779787325374859 1.3869562416926198 1.395962900134736 1.3990265931216801
1.4005299954757493 1.4020342051786712 1.4055428970498394 1.4161213563355148 1.4267394745543649 1.4329373584591536 1.4436182166699716 1.4543387338139648
1.4605962127562995 1.4713794698922604 1.482202385961396 1.4885194599412765 1.4994051160023798 1.4999999999999998 1.5103304309966579 1.5167071000140846
1.5276951550003306 1.5387228689197516 1.5451591329747245 1.556249586886113 1.5673796997306764 1.5738755588231952 1.5850684116597269 1.5963009234294327
1.6028563775594975 1.6141516293211715 1.6254865400160203 1.6321015891836315 1.6427876096865393 1.6434992398704478 1.6549365494904391 1.661611193695596
1.6731112433075555 1.6846509518526893 1.6913851910953923 1.7029876396324941 1.7146297471027707 1.7214235813830197 1.7331284288452642 1.7448729352406835
1.7517263645584786 1.7635336109458661 1.7660444431189777 1.775380516266428 1.782293540621769 1.7942031859342988 1.8061524901800032 1.8131251095728904
1.8251371538105625 1.8371888569814101 1.8442210714118432 1.8563355145746587 1.8660254037844388 1.8684896166706484 1.8755814261386277 1.8877982682265853
1.9000547692477174 1.9072061737532429 1.919525414766343 1.9318843147126183 1.9390953142556897 1.9396926207859082 1.9515169541939326 1.9639782530653502
1.9712488476459675 1.9837728865093531 1.9848077530122081 1.9963365843059133 2
copy 677 690165
copy 677 690165
copy 677 690165
copy 677 690165
copy 677 690165
copy 677 690165
copy 677 690165
values 678
0 1.6477381333986851e-15 2.0616112103821579e-15 2.3562859760940903e-15 2.9481296115676344e-15 3.3695181828958168e-15 3.6535087948436335e-15 4.2158619252903658e-15
4.8184528109300058e-15 5.2245629098052311e-15 6.0287348640896912e-15 6.8904473075749393e-15 7.4711897880297148e-15 8.6211656609193279e-15 9.8534251473354098e-15 1.0683894100308652e-14
1.2328373867580454e-14 1.4090520223180142e-14 1.5278101130491052e-14 1.7629727602593508e-14 2.0149618756026079e-14 2.1847874189128156e-14 2.5210729223500238e-14 2.8814204840022902e-14
3.1242731181517609e-14 3.6051655607381529e-14 4.120467045137005e-14 4.4677493253155936e-14 5.1554314851857007e-14 5.8923190017991781e-14 6.3889369715750778e-14 7.3723309930327121e-14
8.4260892851793833e-14 9.1362591440547282e-14 1.0542524796811055e-13 1.2049412229741081e-13 1.306496393980629e-13 1.5075941272362078e-13 1.7230808999093469e-13 1.8683060545575118e-13
2.1558783083579759e-13 2.4640270670664928e-13 2.6717008401846472e-13 3.0829327313506099e-13 3.5235892798508471e-13 3.8205653522510934e-13 4.4086320592334377e-13 5.0387763913085001e-13
5.4634558597558607e-13 6.3043985475434103e-13 7.2055127613178071e-13 7.8128096706717216e-13 9.015368148726457e-13 1.0303972655557954e-12 1.1172414771347525e-12 1.2892088316456781e-12
1.4734808750386335e-12 1.5976691751700189e-12 1.8435846259123685e-12 2.1070959344340876e-12 2.2846867445654114e-12 2.636348890475615e-12 3.0131733313418472e-12 3.2671303933978828e-12
3.7700116255158971e-12 4.3088752516378299e-12 4.6720370015078903e-12 5.3911634032477758e-12 6.161745074887163e-12 6.6810708833562472e-12 7.7094305608516202e-12 8.811371912766486e-12
9.5540142627346984e-12 1.1024581361564287e-11 1.2600371167824067e-11 1.3662358943074667e-11 1.576528814137534e-11 1.8018687116917257e-11 1.9537342812798325e-11 2.2544557659768014e-11
2.5766946155239877e-11 2.7938642644013293e-11 3.223899718906535e-11 3.6847052721376152e-11 3.9952605646994728e-11 4.610216600573826e-11 5.2691742594252864e-11 5.7132721811963592e-11
6.5926669429455264e-11 7.5349845715294158e-11 8.1700501100827524e-11 9.427595531020583e-11 1.0775121432286606e-10 1.1683273032387857e-10 1.3481578588104581e-10 1.5408557347179294e-10
1.6707225403778933e-10 1.9278824662046598e-10 2.2034428197708851e-10 2.3891539632676596e-10 2.7568958480713857e-10 3.1509505728572691e-10 3.4165198123839803e-10 3.9423952706390815e-10
4.5058984165615699e-10 4.8856657242999972e-10 5.6376741547310509e-10 6.4434906454153641e-10 6.9865626076799825e-10 8.0619439942079091e-10 9.2142715745549168e-10 9.9908712190958874e-10
1.1528679945293082e-09 1.3176522683409235e-09 1.4287069811245102e-09 1.6486155371023688e-09 1.8842590933161709e-09 2.0430687105770026e-09 2.3575406742772901e-09 2.6945138835567612e-09
2.9216136067686809e-09 3.371312416866237e-09 3.8531882873402029e-09 4.1779437094140703e-09 4.8210185877707806e-09 5.5101070617226097e-09 5.9745113448927812e-09 6.8941164002937139e-09
7.8795214683379247e-09 8.5436253556557605e-09 9.858671995449804e-09 1.1267813469778249e-08 1.2217490268924079e-08 1.4098023281087257e-08 1.6113113074174708e-08 1.7471162680657786e-08
2.0160348221932097e-08 2.3041951629524935e-08 2.4983979417639442e-08 2.8829548109401031e-08 3.2950276737542255e-08 3.5727400571461585e-08 4.122661151696191e-08 4.7119304585702866e-08
5.1090626127095789e-08 5.8954566014035529e-08 6.7381190219583128e-08 7.3060229300412825e-08 8.4305760915453533e-08 9.6355938087958501e-08 1.0447703443974849e-07 1.2055828418517258e-07
1.3779018706190991e-07 1.49403455612515e-07 1.7239984228656241e-07 1.9704167721583108e-07 2.1364879534203654e-07 2.4653391362787056e-07 2.8177204333559171e-07 3.0552042831919506e-07
3.5254655551046114e-07 4.0293751823147608e-07 4.36898003430861e-07 5.0414594882024309e-07 5.7620565076845226e-07 6.247695659893787e-07 7.2093496231683186e-07 8.2398123022826475e-07
8.9342823158112105e-07 1.030945941561243e-06 1.1783033832851425e-06 1.2776134569265161e-06 1.4742654885344619e-06 1.6849884586285908e-06 1.8270030961871549e-06 2.1082179414687012e-06
2.409554403379395e-06 2.6126370972229348e-06 3.0147778153233447e-06 3.4456926948748862e-06 3.7361034669457658e-06 4.3111696836400017e-06 4.9273833082426305e-06 5.3426743157559581e-06
6.1650261411198578e-06 7.0462192703547723e-06 7.6400905640798625e-06 8.8160638781911091e-06 1.0076180986947918e-05 1.0925424305801606e-05 1.2607080736599746e-05 1.4409063837807425e-05
1.562349232128197e-05 1.8028281883519616e-05 2.0605140077470768e-05 2.2341787877614819e-05 2.5780666790534287e-05 2.9465605981852449e-05 3.194903388459431e-05 3.6866673400094444e-05
4.2136182166850423e-05 4.5687514882444946e-05 5.2719800408275806e-05 6.0255263329438683e-05 6.533371317810455e-05 7.5389968737491693e-05 8.6165774215689577e-05 9.342802051330148e-05
0.00010780859074245985 0.00012321812628378001 0.00012837666049145543 0.00013003707734822044 0.00013170816319115503 0.00013749942900261188 0.0001565180314767176 0.0001767681471939306
0.00019105427466329205 0.00022046161305365458 0.00025197311912613957 0.0002732099833930462 0.00031526284218107473 0.00036032468686330519 0.00039011017193689044 0.00044805226243616405
0.00051000468124037866 0.00052946507313226686 0.00053180279719477195 0.00053414567072102178 0.00055869679054686876 0.00064469217382827815 0.0007368407391457664 0.00079894334285934875
0.00092191780799287559 0.001053691399787422 0.0011043155563285208 0.0011412232397345001 0.0011787375789259838 0.0012293888104630676 0.0013704923548943646 0.0015192596702174389
0.0016219538671254654 0.0018291871116053037 0.0020488754833695591 0.0021286536844477952 0.0021754105698168127 0.0022226754101569513 0.00233633653196699 0.0026959486846414239
0.003081291974888105 0.0032101904927094786 0.0032513658779457014 0.0032928036503629462 0.0034376073844505778 0.0039135266631643286 0.004420289753671508 0.0045942729580826904
0.00466584923259937 0.0047379787654307755 0.0049395362085967818 0.0055852997554365798 0.0062707222354510747 0.0064846664382575353 0.0065088908507355677 0.0065331604258012412
0.0067443143854467192 0.0074695456022225654 0.0082318042750425813 0.0085588717787650637 0.0089010047132213228 0.0092498425166215453 0.00950077290459647 0.010018803182515043
0.010550583894164831 0.010977768741120487 0.011930729063388197 0.012923348318830607 0.013237035075345632 0.013296885156436514 0.013356870235926856 0.013658067103976096
0.014655755119882236 0.015192246987791938 0.015688609371390268 0.016325221535292877 0.017482979707845861 0.018680396813573544 0.019046330469556613 0.019080861781889554
0.019115424368798609 0.0194754161723346 0.020702124378018372 0.021966295401658554 0.022730245880790534 0.024092801903628797 0.025495016859641756 0.026070756380505027
0.026625231877418214 0.027185541814428529 0.027614527147053404 0.028534383590235447 0.029469310542266404 0.030192841777613461 0.031760195650737004 0.033367208457035231
0.034074173710931702 0.034320729057771913 0.035990481856038078 0.037699893587478939 0.038306306356173145 0.038656254451085621 0.03900779376516806 0.039521326653933604
0.040949882995203822 0.042403801624931028 0.04336968228158275 0.045244232930134187 0.047158442511860327 0.048290748225235131 0.050267697798929228 0.052284306305798001
0.053218016038404134 0.05439277192836086 0.055580352671162528 0.05619301723146515 0.057107337592271129 0.058029036529554913 0.058926058776033872 0.060307379214091607
0.061107806200013222 0.063329212557167294 0.064640303383180234 0.066924449732302216 0.0692482550145989 0.070618940878157885 0.073005486152422513 0.07543169035986183
0.076572438965270079 0.078049921431083039 0.079541522192999869 0.08027411679595492 0.081295122789556723 0.082322580900214368 0.083369394531607161 0.085960737656157069
0.088591739713881665 0.090141210690078771 0.092834952739771312 0.095568353722638569 0.097177419736381707 0.099973560711216894 0.10280936061922676 0.10447802167051595
0.10737656157049379 0.11031476040364629 0.11153476546101723 0.11276788004503058 0.11400777378701207 0.11488451212858773 0.11666195398497145 0.11845304038600855
0.1198724042022784 0.12297574195254149 0.12611873863597933 0.1279661847999066 0.13117192147531231 0.13397459621556132 0.13441731708389279 0.1363243582853661
0.13963249388591453 0.14298028841963759 0.14494692465865691 0.14835745918434792 0.15180765264321369 0.15383388391977906 0.15734681737061276 0.16089940975462116
0.16212165713007878 0.16274447870028058 0.16336849432249942 0.16441767425089437 0.16741587248916825 0.17044116074360102 0.17240098110551735 0.17611871240663626
0.17987610264092993 0.18208111903013344 0.18590124925639506 0.18976103841583131 0.19202564984258086 0.19594817899398512 0.19991036707856405 0.20223457354285965
0.20625950161940648 0.21032408862912808 0.21270789013096969 0.21683521713265921 0.22100220306752338 0.22344559960691104 0.22767532553374314 0.23194471039375
0.23327161405988653 0.23353661997897626 0.23380177634130528 0.23395555688102193 0.2350565796616356 0.23912599077658417 0.24323032601734107 0.24571419722228771
0.25014872099940516 0.25462290370969731 0.25724508536172308 0.26178200806398311 0.26635858969941789 0.26904036638898976 0.27367968801639248 0.27835866857696978
0.28110004030408769 0.28584176085663299 0.29062314034235304 0.29289321881345248 0.29342410710701694 0.29826822658470492 0.30315200499556755 0.3060125667977775
0.31095908520060817 0.31594526253661348 0.31886541937636947 0.32391433670434266 0.32900291296549067 0.33093608460652857 0.33246751885174464 0.3340024883415082
0.33550193724725613 0.33913012478876126 0.34277782495168274 0.34536430319704725 0.35061801837530571 0.35591139248673898 0.35721239031346069 0.35901033443913311
0.3643664485425343 0.36976222157911021 0.37292075856905033 0.37837927159759416 0.38387744355931264 0.3870955755867988 0.39265648754048521 0.39825705842734638
0.40153478549237864 0.40719809637120774 0.41290106618321143 0.41623838828578974 0.42200409808976141 0.42780946682690785 0.43120638396703215 0.43707449269614657
0.44298226035843563 0.44643877253610603 0.45240928019036303 0.45841944677779467 0.46193555399301106 0.46800846057241063 0.47412102608498502 0.47617290403087092
0.47708656552975098 0.47800110273724233 0.47979456177087254 0.48506122325630441 0.4903566330067603 0.49372229557031516 0.49999999999999989 0.5063173633628596
0.5100122556907144 0.51639235904554182 0.52281212133354382 0.52656660869894467 0.53304911097891483 0.53957127219205958 0.54338535459500636 0.54997025580011905
0.55659481593840654 0.56046849337889948 0.56715579350915479 0.5738827525725847 0.57781602505062368 0.58460572410602174 0.59143508209459439 0.59542794961017931
0.60232004759071989 0.60925180450443517 0.61330426705756613 0.62029876396324934 0.62733291980210748 0.63144497739278449 0.63854187322361056 0.6456784279876111
0.64985008061583416 0.65704937537180264 0.65797985667433112 0.66428832906094581 0.66836611270071467 0.6751368545690376 0.68194171860727404 0.68408354590909326
0.68461716208287782 0.68515098629793103 0.6874534657254272 0.69485755833168095 0.70230130987110939 0.70665174761197058 0.71415823914336729 0.72170438960793826
0.7261144223863456 0.73372331284288461 0.74118095489747926 0.74137186223259854 0.74584149004855183 0.75355277943023347 0.76130372774508981 0.76583295059858914
0.77364663890541374 0.78149998614541272 0.78608880403645809 0.79400489126842499 0.80196063743356683 0.80660905036215835 0.81462753651926789 0.82268568160955213
0.82635182233306947 0.82739368957568959 0.83551457465794199 0.84367511867336886 0.84844272167705248 0.85666600568444728 0.86492894862501679 0.86975614666624634
0.87808182959878378 0.88644717146449625 0.89133396454327185 0.89976204640095225 0.90822978719180703 0.91317617530812867 0.92170665609095137 0.93027679580694878
0.93528277896081646 0.94391565866878191 0.95258819730992217 0.95765377550133601 0.96638905413444398 0.97516399170072665 0.97775882731219177 0.97787542547384743
0.97799203058727913 0.980556646364383 0.98927824388064578 0.99803845713897188 0.99999999999999978 1.0031889472458686 1.0121290237292617 1.0211087591458301
1.0263531224498819 1.0353955978584179 1.0444777322001284 1.0497816905417263 1.0589265648754052 1.0681110981422584 1.0734746515214024 1.0827219247802236
1.0920088569722195 1.0974320053889095 1.1067816775728734 1.1161710086900121 1.1216537521442482 1.1311058232533548 1.1405975532956361 1.1461398917874182
1.1556943618216673 1.165288490789091 1.1708904243184193 1.1736481776669303 1.1805472932778109 1.1902438211703776 1.1959053497372518 1.2056646176217862
1.2154635444394952 1.2211846680439153 1.2310463348535927 1.2409476605964445 1.2467283792384107 1.2566924449732304 1.2588190451025207 1.2666961696412249
1.2725364833207373 1.2826029479806995 1.2927090715738365 1.2986089802908949 1.308777843876 1.3189863663942798 1.3249458701488841 1.3352171326591316
1.3420201433256687 1.3455280541025543 1.3515471528947047 1.3619208143300949 1.3723341346986597 1.3779787325374859 1.3869562416926198 1.395962900134736
1.3990265931216801 1.4005299954757493 1.4020342051786712 1.4055428970498394 1.4161213563355148 1.4267394745543649 1.4329373584591536 1.4436182166699716
1.4543387338139648 1.4605962127562995 1.4713794698922604 1.482202385961396 1.4885194599412765 1.4994051160023798 1.4999999999999998 1.5103304309966579
1.5167071000140846 1.5276951550003306 1.5387228689197516 1.5451591329747245 1.556249586886113 1.5673796997306764 1.5738755588231952 1.5850684116597269
1.5963009234294327 1.6028563775594975 1.6141516293211715 1.6254865400160203 1.6321015891836315 1.6427876096865393 1.6434992398704478 1.6549365494904391
1.661611193695596 1.6731112433075555 1.6846509518526893 1.6913851910953923 1.7029876396324941 1.7146297471027707 1.7214235813830197 1.7331284288452642
1.7448729352406835 1.7517263645584786 1.7635336109458661 1.7660444431189777 1.775380516266428 1.782293540621769 1.7942031859342988 1.8061524901800032
1.8131251095728904 1.8251371538105625 1.8371888569814101 1.8442210714118432 1.8563355145746587 1.8660254037844388 1.8684896166706484 1.8755814261386277
1.8877982682265853 1.9000547692477174 1.9072061737532429 1.919525414766343 1.9318843147126183 1.9390953142556897 1.9396926207859082 1.9515169541939326
1.9639782530653502 1.9712488476459675 1.9837728865093531 1.9848077530122081 1.9963365843059133 2
copy 678 695581
values 680
0 1.4416736516931398e-15 1.6477381333986851e-15 2.0616112103821579e-15 2.3562859760940903e-15 2.5548790864300999e-15 2.9481296115676344e-15 3.3695181828958168e-15
3.6535087948436335e-15 4.2158619252903658e-15 4.8184528109300058e-15 5.2245629098052311e-15 6.0287348640896912e-15 6.8904473075749393e-15 7.4711897880297148e-15 8.6211656609193279e-15
9.8534251473354098e-15 1.0683894100308652e-14 1.2328373867580454e-14 1.4090520223180142e-14 1.5278101130491052e-14 1.7629727602593508e-14 2.0149618756026079e-14 2.1847874189128156e-14
2.5210729223500238e-14 2.8814204840022902e-14 3.1242731181517609e-14 3.6051655607381529e-14 4.120467045137005e-14 4.4677493253155936e-14 5.1554314851857007e-14 5.8923190017991781e-14
6.3889369715750778e-14 7.3723309930327121e-14 8.4260892851793833e-14 9.1362591440547282e-14 1.0542524796811055e-13 1.2049412229741081e-13 1.306496393980629e-13 1.5075941272362078e-13
1.7230808999093469e-13 1.8683060545575118e-13 2.1558783083579759e-13 2.4640270670664928e-13 2.6717008401846472e-13 3.0829327313506099e-13 3.5235892798508471e-13 3.8205653522510934e-13
4.4086320592334377e-13 5.0387763913085001e-13 5.4634558597558607e-13 6.3043985475434103e-13 7.2055127613178071e-13 7.8128096706717216e-13 9.015368148726457e-13 1.0303972655557954e-12
1.1172414771347525e-12 1.2892088316456781e-12 1.4734808750386335e-12 1.5976691751700189e-12 1.8435846259123685e-12 2.1070959344340876e-12 2.2846867445654114e-12 2.636348890475615e-12
3.0131733313418472e-12 3.2671303933978828e-12 3.7700116255158971e-12 4.3088752516378299e-12 4.6720370015078903e-12 5.3911634032477758e-12 6.161745074887163e-12 6.6810708833562472e-12
7.7094305608516202e-12 8.811371912766486e-12 9.5540142627346984e-12 1.1024581361564287e-11 1.2600371167824067e-11 1.3662358943074667e-11 1.576528814137534e-11 1.8018687116917257e-11
1.9537342812798325e-11 2.2544557659768014e-11 2.5766946155239877e-11 2.7938642644013293e-11 3.223899718906535e-11 3.6847052721376152e-11 3.9952605646994728e-11 4.610216600573826e-11
5.2691742594252864e-11 5.7132721811963592e-11 6.5926669429455264e-11 7.5349845715294158e-11 8.1700501100827524e-11 9.427595531020583e-11 1.0775121432286606e-10 1.1683273032387857e-10
1.3481578588104581e-10 1.5408557347179294e-10 1.6707225403778933e-10 1.9278824662046598e-10 2.2034428197708851e-10 2.3891539632676596e-10 2.7568958480713857e-10 3.1509505728572691e-10
3.4165198123839803e-10 3.9423952706390815e-10 4.5058984165615699e-10 4.8856657242999972e-10 5.6376741547310509e-10 6.4434906454153641e-10 6.9865626076799825e-10 8.0619439942079091e-10
9.2142715745549168e-10 9.9908712190958874e-10 1.1528679945293082e-09 1.3176522683409235e-09 1.4287069811245102e-09 1.6486155371023688e-09 1.8842590933161709e-09 2.0430687105770026e-09
2.3575406742772901e-09 2.6945138835567612e-09 2.9216136067686809e-09 3.371312416866237e-09 3.8531882873402029e-09 4.1779437094140703e-09 4.8210185877707806e-09 5.5101070617226097e-09
5.9745113448927812e-09 6.8941164002937139e-09 7.8795214683379247e-09 8.5436253556557605e-09 9.858671995449804e-09 1.1267813469778249e-08 1.2217490268924079e-08 1.4098023281087257e-08
1.6113113074174708e-08 1.7471162680657786e-08 2.0160348221932097e-08 2.3041951629524935e-08 2.4983979417639442e-08 2.8829548109401031e-08 3.2950276737542255e-08 3.5727400571461585e-08
4.122661151696191e-08 4.7119304585702866e-08 5.1090626127095789e-08 5.8954566014035529e-08 6.7381190219583128e-08 7.3060229300412825e-08 8.4305760915453533e-08 9.6355938087958501e-08
1.0447703443974849e-07 1.2055828418517258e-07 1.3779018706190991e-07 1.49403455612515e-07 1.7239984228656241e-07 1.9704167721583108e-07 2.1364879534203654e-07 2.4653391362787056e-07
2.8177204333559171e-07 3.0552042831919506e-07 3.5254655551046114e-07 4.0293751823147608e-07 4.36898003430861e-07 5.0414594882024309e-07 5.7620565076845226e-07 6.247695659893787e-07
7.2093496231683186e-07 8.2398123022826475e-07 8.9342823158112105e-07 1.030945941561243e-06 1.1783033832851425e-06 1.2776134569265161e-06 1.4742654885344619e-06 1.6849884586285908e-06
1.8270030961871549e-06 2.1082179414687012e-06 2.409554403379395e-06 2.6126370972229348e-06 3.0147778153233447e-06 3.4456926948748862e-06 3.7361034669457658e-06 4.3111696836400017e-06
4.9273833082426305e-06 5.3426743157559581e-06 6.1650261411198578e-06 7.0462192703547723e-06 7.6400905640798625e-06 8.8160638781911091e-06 1.0076180986947918e-05 1.0925424305801606e-05
1.2607080736599746e-05 1.4409063837807425e-05 1.562349232128197e-05 1.8028281883519616e-05 2.0605140077470768e-05 2.2341787877614819e-05 2.5780666790534287e-05 2.9465605981852449e-05
3.194903388459431e-05 3.6866673400094444e-05 4.2136182166850423e-05 4.5687514882444946e-05 5.2719800408275806e-05 6.0255263329438683e-05 6.533371317810455e-05 7.5389968737491693e-05
8.6165774215689577e-05 9.342802051330148e-05 0.00010780859074245985 0.00012321812628378001 0.00012837666049145543 0.00013003707734822044 0.00013170816319115503 0.00013749942900261188
0.0001565180314767176 0.0001767681471939306 0.00019105427466329205 0.00022046161305365458 0.00025197311912613957 0.0002732099833930462 0.00031526284218107473 0.00036032468686330519
0.00039011017193689044 0.00044805226243616405 0.00051000468124037866 0.00052946507313226686 0.00053180279719477195 0.00053414567072102178 0.00055869679054686876 0.00064469217382827815
0.0007368407391457664 0.00079894334285934875 0.00092191780799287559 0.001053691399787422 0.0011043155563285208 0.0011412232397345001 0.0011787375789259838 0.0012293888104630676
0.0013704923548943646 0.0015192596702174389 0.0016219538671254654 0.0018291871116053037 0.0020488754833695591 0.0021286536844477952 0.0021754105698168127 0.0022226754101569513
0.00233633653196699 0.0026959486846414239 0.003081291974888105 0.0032101904927094786 0.0032513658779457014 0.0032928036503629462 0.0034376073844505778 0.0039135266631643286
0.004420289753671508 0.0045942729580826904 0.00466584923259937 0.0047379787654307755 0.0049395362085967818 0.0055852997554365798 0.0062707222354510747 0.0064846664382575353
0.0065088908507355677 0.0065331604258012412 0.0067443143854467192 0.0074695456022225654 0.0082318042750425813 0.0085588717787650637 0.0089010047132213228 0.0092498425166215453
0.00950077290459647 0.010018803182515043 0.010550583894164831 0.010977768741120487 0.011930729063388197 0.012923348318830607 0.013237035075345632 0.013296885156436514
0.013356870235926856 0.013658067103976096 0.014655755119882236 0.015192246987791938 0.015688609371390268 0.016325221535292877 0.017482979707845861 0.018680396813573544
0.019046330469556613 0.019080861781889554 0.019115424368798609 0.0194754161723346 0.020702124378018372 0.021966295401658554 0.022730245880790534 0.024092801903628797
0.025495016859641756 0.026070756380505027 0.026625231877418214 0.027185541814428529 0.027614527147053404 0.028534383590235447 0.029469310542266404 0.030192841777613461
0.031760195650737004 0.033367208457035231 0.034074173710931702 0.034320729057771913 0.035990481856038078 0.037699893587478939 0.038306306356173145 0.038656254451085621
0.03900779376516806 0.039521326653933604 0.040949882995203822 0.042403801624931028 0.04336968228158275 0.045244232930134187 0.047158442511860327 0.048290748225235131
0.050267697798929228 0.052284306305798001 0.053218016038404134 0.05439277192836086 0.055580352671162528 0.05619301723146515 0.057107337592271129 0.058029036529554913
0.058926058776033872 0.060307379214091607 0.061107806200013222 0.063329212557167294 0.064640303383180234 0.066924449732302216 0.0692482550145989 0.070618940878157885
0.073005486152422513 0.07543169035986183 0.076572438965270079 0.078049921431083039 0.079541522192999869 0.08027411679595492 0.081295122789556723 0.082322580900214368
0.083369394531607161 0.085960737656157069 0.088591739713881665 0.090141210690078771 0.092834952739771312 0.095568353722638569 0.097177419736381707 0.099973560711216894
0.10280936061922676 0.10447802167051595 0.10737656157049379 0.11031476040364629 0.11153476546101723 0.11276788004503058 0.11400777378701207 0.11488451212858773
0.11666195398497145 0.11845304038600855 0.1198724042022784 0.12297574195254149 0.12611873863597933 0.1279661847999066 0.13117192147531231 0.13397459621556132
0.13441731708389279 0.1363243582853661 0.13963249388591453 0.14298028841963759 0.14494692465865691 0.14835745918434792 0.15180765264321369 0.15383388391977906
0.15734681737061276 0.16089940975462116 0.16212165713007878 0.16274447870028058 0.16336849432249942 0.16441767425089437 0.16741587248916825 0.17044116074360102
0.17240098110551735 0.17611871240663626 0.17987610264092993 0.18208111903013344 0.18590124925639506 0.18976103841583131 0.19202564984258086 0.19594817899398512
0.19991036707856405 0.20223457354285965 0.20625950161940648 0.21032408862912808 0.21270789013096969 0.21683521713265921 0.22100220306752338 0.22344559960691104
0.22767532553374314 0.23194471039375 0.23327161405988653 0.23353661997897626 0.23380177634130528 0.23395555688102193 0.2350565796616356 0.23912599077658417
0.24323032601734107 0.24571419722228771 0.25014872099940516 0.25462290370969731 0.25724508536172308 0.26178200806398311 0.26635858969941789 0.26904036638898976
0.27367968801639248 0.27835866857696978 0.28110004030408769 0.28584176085663299 0.29062314034235304 0.29289321881345248 0.29342410710701694 0.29826822658470492
0.30315200499556755 0.3060125667977775 0.31095908520060817 0.31594526253661348 0.31886541937636947 0.32391433670434266 0.32900291296549067 0.33093608460652857
0.33246751885174464 0.3340024883415082 0.33550193724725613 0.33913012478876126 0.34277782495168274 0.34536430319704725 0.35061801837530571 0.35591139248673898
0.35721239031346069 0.35901033443913311 0.3643664485425343 0.36976222157911021 0.37292075856905033 0.37837927159759416 0.38387744355931264 0.3870955755867988
0.39265648754048521 0.39825705842734638 0.40153478549237864 0.40719809637120774 0.41290106618321143 0.41623838828578974 0.42200409808976141 0.42780946682690785
0.43120638396703215 0.43707449269614657 0.44298226035843563 0.44643877253610603 0.45240928019036303 0.45841944677779467 0.46193555399301106 0.46800846057241063
0.47412102608498502 0.47617290403087092 0.47708656552975098 0.47800110273724233 0.47979456177087254 0.48506122325630441 0.4903566330067603 0.49372229557031516
0.49999999999999989 0.5063173633628596 0.5100122556907144 0.51639235904554182 0.52281212133354382 0.52656660869894467 0.53304911097891483 0.53957127219205958
0.54338535459500636 0.54997025580011905 0.55659481593840654 0.56046849337889948 0.56715579350915479 0.5738827525725847 0.57781602505062368 0.58460572410602174
0.59143508209459439 0.59542794961017931 0.60232004759071989 0.60925180450443517 0.61330426705756613 0.62029876396324934 0.62733291980210748 0.63144497739278449
0.63854187322361056 0.6456784279876111 0.64985008061583416 0.65704937537180264 0.65797985667433112 0.66428832906094581 0.66836611270071467 0.6751368545690376
0.68194171860727404 0.68408354590909326 0.68461716208287782 0.68515098629793103 0.6874534657254272 0.69485755833168095 0.70230130987110939 0.70665174761197058
0.71415823914336729 0.72170438960793826 0.7261144223863456 0.73372331284288461 0.74118095489747926 0.74137186223259854 0.74584149004855183 0.75355277943023347
0.76130372774508981 0.76583295059858914 0.77364663890541374 0.78149998614541272 0.78608880403645809 0.79400489126842499 0.80196063743356683 0.80660905036215835
0.81462753651926789 0.82268568160955213 0.82635182233306947 0.82739368957568959 0.83551457465794199 0.84367511867336886 0.84844272167705248 0.85666600568444728
0.86492894862501679 0.86975614666624634 0.87808182959878378 0.88644717146449625 0.89133396454327185 0.89976204640095225 0.90822978719180703 0.91317617530812867
0.92170665609095137 0.93027679580694878 0.93528277896081646 0.94391565866878191 0.95258819730992217 0.95765377550133601 0.96638905413444398 0.97516399170072665
0.97775882731219177 0.97787542547384743 0.97799203058727913 0.980556646364383 0.98927824388064578 0.99803845713897188 0.99999999999999978 1.0031889472458686
1.0121290237292617 1.0211087591458301 1.0263531224498819 1.0353955978584179 1.0444777322001284 1.0497816905417263 1.0589265648754052 1.0681110981422584
1.0734746515214024 1.0827219247802236 1.0920088569722195 1.0974320053889095 1.1067816775728734 1.1161710086900121 1.1216537521442482 1.1311058232533548
1.1405975532956361 1.1461398917874182 1.1556943618216673 1.165288490789091 1.1708904243184193 1.1736481776669303 1.1805472932778109 1.1902438211703776
1.1959053497372518 1.2056646176217862 1.2154635444394952 1.2211846680439153 1.2310463348535927 1.2409476605964445 1.2467283792384107 1.2566924449732304
1.2588190451025207 1.2666961696412249 1.2725364833207373 1.2826029479806995 1.2927090715738365 1.2986089802908949 1.308777843876 1.3189863663942798
1.3249458701488841 1.3352171326591316 1.3420201433256687 1.3455280541025543 1.3515471528947047 1.3619208143300949 1.3723341346986597 1.3779787325374859
1.3869562416926198 1.395962900134736 1.3990265931216801 1.4005299954757493 1.4020342051786712 1.4055428970498394 1.4161213563355148 1.4267394745543649
1.4329373584591536 1.4436182166699716 1.4543387338139648 1.4605962127562995 1.4713794698922604 1.482202385961396 1.4885194599412765 1.4994051160023798
1.4999999999999998 1.5103304309966579 1.5167071000140846 1.5276951550003306 1.5387228689197516 1.5451591329747245 1.556249586886113 1.5673796997306764
1.5738755588231952 1.5850684116597269 1.5963009234294327 1.6028563775594975 1.6141516293211715 1.6254865400160203 1.6321015891836315 1.6427876096865393
1.6434992398704478 1.6549365494904391 1.661611193695596 1.6731112433075555 1.6846509518526893 1.6913851910953923 1.7029876396324941 1.7146297471027707
1.7214235813830197 1.7331284288452642 1.7448729352406835 1.7517263645584786 1.7635336109458661 1.7660444431189777 1.775380516266428 1.782293540621769
1.7942031859342988 1.8061524901800032 1.8131251095728904 1.8251371538105625 1.8371888569814101 1.8442210714118432 1.8563355145746587 1.8660254037844388
1.8684896166706484 1.8755814261386277 1.8877982682265853 1.9000547692477174 1.9072061737532429 1.919525414766343 1.9318843147126183 1.9390953142556897
1.9396926207859082 1.9515169541939326 1.9639782530653502 1.9712488476459675 1.9837728865093531 1.9848077530122081 1.9963365843059133 2
copy 680 696937
copy 680 696937
copy 680 696937
copy 680 696937
copy 680 696937
copy 680 696937
copy 680 696937
copy 680 696937
copy 680 696937
values 681
0 1.1522544308296501e-15 1.4416736516931398e-15 1.6477381333986851e-15 2.0616112103821579e-15 2.3562859760940903e-15 2.5548790864300999e-15 2.9481296115676344e-15
3.3695181828958168e-15 3.6535087948436335e-15 4.2158619252903658e-15 4.8184528109300058e-15 5.2245629098052311e-15 6.0287348640896912e-15 6.8904473075749393e-15 7.4711897880297148e-15
8.6211656609193279e-15 9.8534251473354098e-15 1.0683894100308652e-14 1.2328373867580454e-14 1.4090520223180142e-14 1.5278101130491052e-14 1.7629727602593508e-14 2.0149618756026079e-14
2.1847874189128156e-14 2.5210729223500238e-14 2.8814204840022902e-14 3.1242731181517609e-14 3.6051655607381529e-14 4.120467045137005e-14 4.4677493253155936e-14 5.1554314851857007e-14
5.8923190017991781e-14 6.3889369715750778e-14 7.3723309930327121e-14 8.4260892851793833e-14 9.1362591440547282e-14 1.0542524796811055e-13 1.2049412229741081e-13 1.306496393980629e-13
1.5075941272362078e-13 1.7230808999093469e-13 1.8683060545575118e-13 2.1558783083579759e-13 2.4640270670664928e-13 2.6717008401846472e-13 3.0829327313506099e-13 3.5235892798508471e-13
3.8205653522510934e-13 4.4086320592334377e-13 5.0387763913085001e-13 5.4634558597558607e-13 6.3043985475434103e-13 7.2055127613178071e-13 7.8128096706717216e-13 9.015368148726457e-13
1.0303972655557954e-12 1.1172414771347525e-12 1.2892088316456781e-12 1.4734808750386335e-12 1.5976691751700189e-12 1.8435846259123685e-12 2.1070959344340876e-12 2.2846867445654114e-12
2.636348890475615e-12 3.0131733313418472e-12 3.2671303933978828e-12 3.7700116255158971e-12 4.3088752516378299e-12 4.6720370015078903e-12 5.3911634032477758e-12 6.161745074887163e-12
6.6810708833562472e-12 7.7094305608516202e-12 8.811371912766486e-12 9.5540142627346984e-12 1.1024581361564287e-11 1.2600371167824067e-11 1.3662358943074667e-11 1.576528814137534e-11
1.8018687116917257e-11 1.9537342812798325e-11 2.2544557659768014e-11 2.5766946155239877e-11 2.7938642644013293e-11 3.223899718906535e-11 3.6847052721376152e-11 3.9952605646994728e-11
4.610216600573826e-11 5.2691742594252864e-11 5.7132721811963592e-11 6.5926669429455264e-11 7.5349845715294158e-11 8.1700501100827524e-11 9.427595531020583e-11 1.0775121432286606e-10
1.1683273032387857e-10 1.3481578588104581e-10 1.5408557347179294e-10 1.6707225403778933e-10 1.9278824662046598e-10 2.2034428197708851e-10 2.3891539632676596e-10 2.7568958480713857e-10
3.1509505728572691e-10 3.4165198123839803e-10 3.9423952706390815e-10 4.5058984165615699e-10 4.8856657242999972e-10 5.6376741547310509e-10 6.4434906454153641e-10 6.9865626076799825e-10
8.0619439942079091e-10 9.2142715745549168e-10 9.9908712190958874e-10 1.1528679945293082e-09 1.3176522683409235e-09 1.4287069811245102e-09 1.6486155371023688e-09 1.8842590933161709e-09
2.0430687105770026e-09 2.3575406742772901e-09 2.6945138835567612e-09 2.9216136067686809e-09 3.371312416866237e-09 3.8531882873402029e-09 4.1779437094140703e-09 4.8210185877707806e-09
5.5101070617226097e-09 5.9745113448927812e-09 6.8941164002937139e-09 7.8795214683379247e-09 8.5436253556557605e-09 9.858671995449804e-09 1.1267813469778249e-08 1.2217490268924079e-08
1.4098023281087257e-08 1.6113113074174708e-08 1.7471162680657786e-08 2.0160348221932097e-08 2.3041951629524935e-08 2.4983979417639442e-08 2.8829548109401031e-08 3.2950276737542255e-08
3.5727400571461585e-08 4.122661151696191e-08 4.7119304585702866e-08 5.1090626127095789e-08 5.8954566014035529e-08 6.7381190219583128e-08 7.3060229300412825e-08 8.4305760915453533e-08
9.6355938087958501e-08 1.0447703443974849e-07 1.2055828418517258e-07 1.3779018706190991e-07 1.49403455612515e-07 1.7239984228656241e-07 1.9704167721583108e-07 2.1364879534203654e-07
2.4653391362787056e-07 2.8177204333559171e-07 3.0552042831919506e-07 3.5254655551046114e-07 4.0293751823147608e-07 4.36898003430861e-07 5.0414594882024309e-07 5.7620565076845226e-07
6.247695659893787e-07 7.2093496231683186e-07 8.2398123022826475e-07 8.9342823158112105e-07 1.030945941561243e-06 1.1783033832851425e-06 1.2776134569265161e-06 1.4742654885344619e-06
1.6849884586285908e-06 1.8270030961871549e-06 2.1082179414687012e-06 2.409554403379395e-06 2.6126370972229348e-06 3.0147778153233447e-06 3.4456926948748862e-06 3.7361034669457658e-06
4.3111696836400017e-06 4.9273833082426305e-06 5.3426743157559581e-06 6.1650261411198578e-06 7.0462192703547723e-06 7.6400905640798625e-06 8.8160638781911091e-06 1.0076180986947918e-05
1.0925424305801606e-05 1.2607080736599746e-05 1.4409063837807425e-05 1.562349232128197e-05 1.8028281883519616e-05 2.0605140077470768e-05 2.2341787877614819e-05 2.5780666790534287e-05
2.9465605981852449e-05 3.194903388459431e-05 3.6866673400094444e-05 4.2136182166850423e-05 4.5687514882444946e-05 5.2719800408275806e-05 6.0255263329438683e-05 6.533371317810455e-05
7.5389968737491693e-05 8.6165774215689577e-05 9.342802051330148e-05 0.00010780859074245985 0.00012321812628378001 0.00012837666049145543 0.00013003707734822044 0.00013170816319115503
0.00013749942900261188 0.0001565180314767176 0.0001767681471939306 0.00019105427466329205 0.00022046161305365458 0.00025197311912613957 0.0002732099833930462 0.00031526284218107473
0.00036032468686330519 0.00039011017193689044 0.00044805226243616405 0.00051000468124037866 0.00052946507313226686 0.00053180279719477195 0.00053414567072102178 0.00055869679054686876
0.00064469217382827815 0.0007368407391457664 0.00079894334285934875 0.00092191780799287559 0.001053691399787422 0.0011043155563285208 0.0011412232397345001 0.0011787375789259838
0.0012293888104630676 0.0013704923548943646 0.0015192596702174389 0.0016219538671254654 0.0018291871116053037 0.0020488754833695591 0.0021286536844477952 0.0021754105698168127
0.0022226754101569513 0.00233633653196699 0.0026959486846414239 0.003081291974888105 0.0032101904927094786 0.0032513658779457014 0.0032928036503629462 0.0034376073844505778
0.0039135266631643286 0.004420289753671508 0.0045942729580826904 0.00466584923259937 0.0047379787654307755 0.0049395362085967818 0.0055852997554365798 0.0062707222354510747
0.0064846664382575353 0.0065088908507355677 0.0065331604258012412 0.0067443143854467192 0.0074695456022225654 0.0082318042750425813 0.0085588717787650637 0.0089010047132213228
0.0092498425166215453 0.00950077290459647 0.010018803182515043 0.010550583894164831 0.010977768741120487 0.011930729063388197 0.012923348318830607 0.013237035075345632
0.013296885156436514 0.013356870235926856 0.013658067103976096 0.014655755119882236 0.015192246987791938 0.015688609371390268 0.016325221535292877 0.017482979707845861
0.018680396813573544 0.019046330469556613 0.019080861781889554 0.019115424368798609 0.0194754161723346 0.020702124378018372 0.021966295401658554 0.022730245880790534
0.024092801903628797 0.025495016859641756 0.026070756380505027 0.026625231877418214 0.027185541814428529 0.027614527147053404 0.028534383590235447 0.029469310542266404
0.030192841777613461 0.031760195650737004 0.033367208457035231 0.034074173710931702 0.034320729057771913 0.035990481856038078 0.037699893587478939 0.038306306356173145
0.038656254451085621 0.03900779376516806 0.039521326653933604 0.040949882995203822 0.042403801624931028 0.04336968228158275 0.045244232930134187 0.047158442511860327
0.048290748225235131 0.050267697798929228 0.052284306305798001 0.053218016038404134 0.05439277192836086 0.055580352671162528 0.05619301723146515 0.057107337592271129
0.058029036529554913 0.058926058776033872 0.060307379214091607 0.061107806200013222 0.063329212557167294 0.064640303383180234 0.066924449732302216 0.0692482550145989
0.070618940878157885 0.073005486152422513 0.07543169035986183 0.076572438965270079 0.078049921431083039 0.079541522192999869 0.08027411679595492 0.081295122789556723
0.082322580900214368 0.083369394531607161 0.085960737656157069 0.088591739713881665 0.090141210690078771 0.092834952739771312 0.095568353722638569 0.097177419736381707
0.099973560711216894 0.10280936061922676 0.10447802167051595 0.10737656157049379 0.11031476040364629 0.11153476546101723 0.11276788004503058 0.11400777378701207
0.11488451212858773 0.11666195398497145 0.11845304038600855 0.1198724042022784 0.12297574195254149 0.12611873863597933 0.1279661847999066 0.13117192147531231
0.13397459621556132 0.13441731708389279 0.1363243582853661 0.13963249388591453 0.14298028841963759 0.14494692465865691 0.14835745918434792 0.15180765264321369
0.15383388391977906 0.15734681737061276 0.16089940975462116 0.16212165713007878 0.16274447870028058 0.16336849432249942 0.16441767425089437 0.16741587248916825
0.17044116074360102 0.17240098110551735 0.17611871240663626 0.17987610264092993 0.18208111903013344 0.18590124925639506 0.18976103841583131 0.19202564984258086
0.19594817899398512 0.19991036707856405 0.20223457354285965 0.20625950161940648 0.21032408862912808 0.21270789013096969 0.21683521713265921 0.22100220306752338
0.22344559960691104 0.22767532553374314 0.23194471039375 0.23327161405988653 0.23353661997897626 0.23380177634130528 0.23395555688102193 0.2350565796616356
0.23912599077658417 0.24323032601734107 0.24571419722228771 0.25014872099940516 0.25462290370969731 0.25724508536172308 0.26178200806398311 0.26635858969941789
0.26904036638898976 0.27367968801639248 0.27835866857696978 0.28110004030408769 0.28584176085663299 0.29062314034235304 0.29289321881345248 0.29342410710701694
0.29826822658470492 0.30315200499556755 0.3060125667977775 0.31095908520060817 0.31594526253661348 0.31886541937636947 0.32391433670434266 0.32900291296549067
0.33093608460652857 0.33246751885174464 0.3340024883415082 0.33550193724725613 0.33913012478876126 0.34277782495168274 0.34536430319704725 0.35061801837530571
0.35591139248673898 0.35721239031346069 0.35901033443913311 0.3643664485425343 0.36976222157911021 0.37292075856905033 0.37837927159759416 0.38387744355931264
0.3870955755867988 0.39265648754048521 0.39825705842734638 0.40153478549237864 0.40719809637120774 0.41290106618321143 0.41623838828578974 0.42200409808976141
0.42780946682690785 0.43120638396703215 0.43707449269614657 0.44298226035843563 0.44643877253610603 0.45240928019036303 0.45841944677779467 0.46193555399301106
0.46800846057241063 0.47412102608498502 0.47617290403087092 0.47708656552975098 0.47800110273724233 0.47979456177087254 0.48506122325630441 0.4903566330067603
0.49372229557031516 0.49999999999999989 0.5063173633628596 0.5100122556907144 0.51639235904554182 0.52281212133354382 0.52656660869894467 0.53304911097891483
0.53957127219205958 0.54338535459500636 0.54997025580011905 0.55659481593840654 0.56046849337889948 0.56715579350915479 0.5738827525725847 0.57781602505062368
0.58460572410602174 0.59143508209459439 0.59542794961017931 0.60232004759071989 0.60925180450443517 0.61330426705756613 0.62029876396324934 0.62733291980210748
0.63144497739278449 0.63854187322361056 0.6456784279876111 0.64985008061583416 0.65704937537180264 0.65797985667433112 0.66428832906094581 0.66836611270071467
0.6751368545690376 0.68194171860727404 0.68408354590909326 0.68461716208287782 0.68515098629793103 0.6874534657254272 0.69485755833168095 0.70230130987110939
0.70665174761197058 0.71415823914336729 0.72170438960793826 0.7261144223863456 0.73372331284288461 0.74118095489747926 0.74137186223259854 0.74584149004855183
0.75355277943023347 0.76130372774508981 0.76583295059858914 0.77364663890541374 0.78149998614541272 0.78608880403645809 0.79400489126842499 0.80196063743356683
0.80660905036215835 0.81462753651926789 0.82268568160955213 0.82635182233306947 0.82739368957568959 0.83551457465794199 0.84367511867336886 0.84844272167705248
0.85666600568444728 0.86492894862501679 0.86975614666624634 0.87808182959878378 0.88644717146449625 0.89133396454327185 0.89976204640095225 0.90822978719180703
0.91317617530812867 0.92170665609095137 0.93027679580694878 0.93528277896081646 0.94391565866878191 0.95258819730992217 0.95765377550133601 0.96638905413444398
0.97516399170072665 0.97775882731219177 0.97787542547384743 0.97799203058727913 0.980556646364383 0.98927824388064578 0.99803845713897188 0.99999999999999978
1.0031889472458686 1.0121290237292617 1.0211087591458301 1.0263531224498819 1.0353955978584179 1.0444777322001284 1.0497816905417263 1.0589265648754052
1.0681110981422584 1.0734746515214024 1.0827219247802236 1.0920088569722195 1.0974320053889095 1.1067816775728734 1.1161710086900121 1.1216537521442482
1.1311058232533548 1.1405975532956361 1.1461398917874182 1.1556943618216673 1.165288490789091 1.1708904243184193 1.1736481776669303 1.1805472932778109
1.1902438211703776 1.1959053497372518 1.2056646176217862 1.2154635444394952 1.2211846680439153 1.2310463348535927 1.2409476605964445 1.2467283792384107
1.2566924449732304 1.2588190451025207 1.2666961696412249 1.2725364833207373 1.2826029479806995 1.2927090715738365 1.2986089802908949 1.308777843876
1.3189863663942798 1.3249458701488841 1.3352171326591316 1.3420201433256687 1.3455280541025543 1.3515471528947047 1.3619208143300949 1.3723341346986597
1.3779787325374859 1.3869562416926198 1.395962900134736 1.3990265931216801 1.4005299954757493 1.4020342051786712 1.4055428970498394 1.4161213563355148
1.4267394745543649 1.4329373584591536 1.4436182166699716 1.4543387338139648 1.4605962127562995 1.4713794698922604 1.482202385961396 1.4885194599412765
1.4994051160023798 1.4999999999999998 1.5103304309966579 1.5167071000140846 1.5276951550003306 1.5387228689197516 1.5451591329747245 1.556249586886113
1.5673796997306764 1.5738755588231952 1.5850684116597269 1.5963009234294327 1.6028563775594975 1.6141516293211715 1.6254865400160203 1.6321015891836315
1.6427876096865393 1.6434992398704478 1.6549365494904391 1.661611193695596 1.6731112433075555 1.6846509518526893 1.6913851910953923 1.7029876396324941
1.7146297471027707 1.7214235813830197 1.7331284288452642 1.7448729352406835 1.7517263645584786 1.7635336109458661 1.7660444431189777 1.775380516266428
1.782293540621769 1.7942031859342988 1.8061524901800032 1.8131251095728904 1.8251371538105625 1.8371888569814101 1.8442210714118432 1.8563355145746587
1.8660254037844388 1.8684896166706484 1.8755814261386277 1.8877982682265853 1.9000547692477174 1.9072061737532429 1.919525414766343 1.9318843147126183
1.9390953142556897 1.9396926207859082 1.9515169541939326 1.9639782530653502 1.9712488476459675 1.9837728865093531 1.9848077530122081 1.9963365843059133
2
values 682
0 1.1522544308296501e-15 1.4416736516931398e-15 1.6477381333986851e-15 1.7866132293126922e-15 2.0616112103821579e-15 2.3562859760940903e-15 2.5548790864300999e-15
2.9481296115676344e-15 3.3695181828958168e-15 3.6535087948436335e-15 4.2158619252903658e-15 4.8184528109300058e-15 5.2245629098052311e-15 6.0287348640896912e-15 6.8904473075749393e-15
7.4711897880297148e-15 8.6211656609193279e-15 9.8534251473354098e-15 1.0683894100308652e-14 1.2328373867580454e-14 1.4090520223180142e-14 1.5278101130491052e-14 1.7629727602593508e-14
2.0149618756026079e-14 2.1847874189128156e-14 2.5210729223500238e-14 2.8814204840022902e-14 3.1242731181517609e-14 3.6051655607381529e-14 4.120467045137005e-14 4.4677493253155936e-14
5.1554314851857007e-14 5.8923190017991781e-14 6.3889369715750778e-14 7.3723309930327121e-14 8.4260892851793833e-14 9.1362591440547282e-14 1.0542524796811055e-13 1.2049412229741081e-13
1.306496393980629e-13 1.5075941272362078e-13 1.7230808999093469e-13 1.8683060545575118e-13 2.1558783083579759e-13 2.4640270670664928e-13 2.6717008401846472e-13 3.0829327313506099e-13
3.5235892798508471e-13 3.8205653522510934e-13 4.4086320592334377e-13 5.0387763913085001e-13 5.4634558597558607e-13 6.3043985475434103e-13 7.2055127613178071e-13 7.8128096706717216e-13
9.015368148726457e-13 1.0303972655557954e-12 1.1172414771347525e-12 1.2892088316456781e-12 1.4734808750386335e-12 1.5976691751700189e-12 1.8435846259123685e-12 2.1070959344340876e-12
2.2846867445654114e-12 2.636348890475615e-12 3.0131733313418472e-12 3.2671303933978828e-12 3.7700116255158971e-12 4.3088752516378299e-12 4.6720370015078903e-12 5.3911634032477758e-12
6.161745074887163e-12 6.6810708833562472e-12 7.7094305608516202e-12 8.811371912766486e-12 9.5540142627346984e-12 1.1024581361564287e-11 1.2600371167824067e-11 1.3662358943074667e-11
1.576528814137534e-11 1.8018687116917257e-11 1.9537342812798325e-11 2.2544557659768014e-11 2.5766946155239877e-11 2.7938642644013293e-11 3.223899718906535e-11 3.6847052721376152e-11
3.9952605646994728e-11 4.610216600573826e-11 5.2691742594252864e-11 5.7132721811963592e-11 6.5926669429455264e-11 7.5349845715294158e-11 8.1700501100827524e-11 9.427595531020583e-11
1.0775121432286606e-10 1.1683273032387857e-10 1.3481578588104581e-10 1.5408557347179294e-10 1.6707225403778933e-10 1.9278824662046598e-10 2.2034428197708851e-10 2.3891539632676596e-10
2.7568958480713857e-10 3.1509505728572691e-10 3.4165198123839803e-10 3.9423952706390815e-10 4.5058984165615699e-10 4.8856657242999972e-10 5.6376741547310509e-10 6.4434906454153641e-10
6.9865626076799825e-10 8.0619439942079091e-10 9.2142715745549168e-10 9.9908712190958874e-10 1.1528679945293082e-09 1.3176522683409235e-09 1.4287069811245102e-09 1.6486155371023688e-09
1.8842590933161709e-09 2.0430687105770026e-09 2.3575406742772901e-09 2.6945138835567612e-09 2.9216136067686809e-09 3.371312416866237e-09 3.8531882873402029e-09 4.1779437094140703e-09
4.8210185877707806e-09 5.5101070617226097e-09 5.9745113448927812e-09 6.8941164002937139e-09 7.8795214683379247e-09 8.5436253556557605e-09 9.858671995449804e-09 1.1267813469778249e-08
1.2217490268924079e-08 1.4098023281087257e-08 1.6113113074174708e-08 1.7471162680657786e-08 2.0160348221932097e-08 2.3041951629524935e-08 2.4983979417639442e-08 2.8829548109401031e-08
3.2950276737542255e-08 3.5727400571461585e-08 4.122661151696191e-08 4.7119304585702866e-08 5.1090626127095789e-08 5.8954566014035529e-08 6.7381190219583128e-08 7.3060229300412825e-08
8.4305760915453533e-08 9.6355938087958501e-08 1.0447703443974849e-07 1.2055828418517258e-07 1.3779018706190991e-07 1.49403455612515e-07 1.7239984228656241e-07 1.9704167721583108e-07
2.1364879534203654e-07 2.4653391362787056e-07 2.8177204333559171e-07 3.0552042831919506e-07 3.5254655551046114e-07 4.0293751823147608e-07 4.36898003430861e-07 5.0414594882024309e-07
5.7620565076845226e-07 6.247695659893787e-07 7.2093496231683186e-07 8.2398123022826475e-07 8.9342823158112105e-07 1.030945941561243e-06 1.1783033832851425e-06 1.2776134569265161e-06
1.4742654885344619e-06 1.6849884586285908e-06 1.8270030961871549e-06 2.1082179414687012e-06 2.409554403379395e-06 2.6126370972229348e-06 3.0147778153233447e-06 3.4456926948748862e-06
3.7361034669457658e-06 4.3111696836400017e-06 4.9273833082426305e-06 5.3426743157559581e-06 6.1650261411198578e-06 7.0462192703547723e-06 7.6400905640798625e-06 8.8160638781911091e-06
1.0076180986947918e-05 1.0925424305801606e-05 1.2607080736599746e-05 1.4409063837807425e-05 1.562349232128197e-05 1.8028281883519616e-05 2.0605140077470768e-05 2.2341787877614819e-05
2.5780666790534287e-05 2.9465605981852449e-05 3.194903388459431e-05 3.6866673400094444e-05 4.2136182166850423e-05 4.5687514882444946e-05 5.2719800408275806e-05 6.0255263329438683e-05
6.533371317810455e-05 7.5389968737491693e-05 8.6165774215689577e-05 9.342802051330148e-05 0.00010780859074245985 0.00012321812628378001 0.00012837666049145543 0.00013003707734822044
0.00013170816319115503 0.00013749942900261188 0.0001565180314767176 0.0001767681471939306 0.00019105427466329205 0.00022046161305365458 0.00025197311912613957 0.0002732099833930462
0.00031526284218107473 0.00036032468686330519 0.00039011017193689044 0.00044805226243616405 0.00051000468124037866 0.00052946507313226686 0.00053180279719477195 0.00053414567072102178
0.00055869679054686876 0.00064469217382827815 0.0007368407391457664 0.00079894334285934875 0.00092191780799287559 0.001053691399787422 0.0011043155563285208 0.0011412232397345001
0.0011787375789259838 0.0012293888104630676 0.0013704923548943646 0.0015192596702174389 0.0016219538671254654 0.0018291871116053037 0.0020488754833695591 0.0021286536844477952
0.0021754105698168127 0.0022226754101569513 0.00233633653196699 0.0026959486846414239 0.003081291974888105 0.0032101904927094786 0.0032513658779457014 0.0032928036503629462
0.0034376073844505778 0.0039135266631643286 0.004420289753671508 0.0045942729580826904 0.00466584923259937 0.0047379787654307755 0.0049395362085967818 0.0055852997554365798
0.0062707222354510747 0.0064846664382575353 0.0065088908507355677 0.0065331604258012412 0.0067443143854467192 0.0074695456022225654 0.0082318042750425813 0.0085588717787650637
0.0089010047132213228 0.0092498425166215453 0.00950077290459647 0.010018803182515043 0.010550583894164831 0.010977768741120487 0.011930729063388197 0.012923348318830607
0.013237035075345632 0.013296885156436514 0.013356870235926856 0.013658067103976096 0.014655755119882236 0.015192246987791938 0.015688609371390268 0.016325221535292877
0.017482979707845861 0.018680396813573544 0.019046330469556613 0.019080861781889554 0.019115424368798609 0.0194754161723346 0.020702124378018372 0.021966295401658554
0.022730245880790534 0.024092801903628797 0.025495016859641756 0.026070756380505027 0.026625231877418214 0.027185541814428529 0.027614527147053404 0.028534383590235447
0.029469310542266404 0.030192841777613461 0.031760195650737004 0.033367208457035231 0.034074173710931702 0.034320729057771913 0.035990481856038078 0.037699893587478939
0.038306306356173145 0.038656254451085621 0.03900779376516806 0.039521326653933604 0.040949882995203822 0.042403801624931028 0.04336968228158275 0.045244232930134187
0.047158442511860327 0.048290748225235131 0.050267697798929228 0.052284306305798001 0.053218016038404134 0.05439277192836086 0.055580352671162528 0.05619301723146515
0.057107337592271129 0.058029036529554913 0.058926058776033872 0.060307379214091607 0.061107806200013222 0.063329212557167294 0.064640303383180234 0.066924449732302216
0.0692482550145989 0.070618940878157885 0.073005486152422513 0.07543169035986183 0.076572438965270079 0.078049921431083039 0.079541522192999869 0.08027411679595492
0.081295122789556723 0.082322580900214368 0.083369394531607161 0.085960737656157069 0.088591739713881665 0.090141210690078771 0.092834952739771312 0.095568353722638569
0.097177419736381707 0.099973560711216894 0.10280936061922676 0.10447802167051595 0.10737656157049379 0.11031476040364629 0.11153476546101723 0.11276788004503058
0.11400777378701207 0.11488451212858773 0.11666195398497145 0.11845304038600855 0.1198724042022784 0.12297574195254149 0.12611873863597933 0.1279661847999066
0.13117192147531231 0.13397459621556132 0.13441731708389279 0.1363243582853661 0.13963249388591453 0.14298028841963759 0.14494692465865691 0.14835745918434792
0.15180765264321369 0.15383388391977906 0.15734681737061276 0.16089940975462116 0.16212165713007878 0.16274447870028058 0.16336849432249942 0.16441767425089437
0.16741587248916825 0.17044116074360102 0.17240098110551735 0.17611871240663626 0.17987610264092993 0.18208111903013344 0.18590124925639506 0.18976103841583131
0.19202564984258086 0.19594817899398512 0.19991036707856405 0.20223457354285965 0.20625950161940648 0.21032408862912808 0.21270789013096969 0.21683521713265921
0.22100220306752338 0.22344559960691104 0.22767532553374314 0.23194471039375 0.23327161405988653 0.23353661997897626 0.23380177634130528 0.23395555688102193
0.2350565796616356 0.23912599077658417 0.24323032601734107 0.24571419722228771 0.25014872099940516 0.25462290370969731 0.25724508536172308 0.26178200806398311
0.26635858969941789 0.26904036638898976 0.27367968801639248 0.27835866857696978 0.28110004030408769 0.28584176085663299 0.29062314034235304 0.29289321881345248
0.29342410710701694 0.29826822658470492 0.30315200499556755 0.3060125667977775 0.31095908520060817 0.31594526253661348 0.31886541937636947 0.32391433670434266
0.32900291296549067 0.33093608460652857 0.33246751885174464 0.3340024883415082 0.33550193724725613 0.33913012478876126 0.34277782495168274 0.34536430319704725
0.35061801837530571 0.35591139248673898 0.35721239031346069 0.35901033443913311 0.3643664485425343 0.36976222157911021 0.37292075856905033 0.37837927159759416
0.38387744355931264 0.3870955755867988 0.39265648754048521 0.39825705842734638 0.40153478549237864 0.40719809637120774 0.41290106618321143 0.41623838828578974
0.42200409808976141 0.42780946682690785 0.43120638396703215 0.43707449269614657 0.44298226035843563 0.44643877253610603 0.45240928019036303 0.45841944677779467
0.46193555399301106 0.46800846057241063 0.47412102608498502 0.47617290403087092 0.47708656552975098 0.47800110273724233 0.47979456177087254 0.48506122325630441
0.4903566330067603 0.49372229557031516 0.49999999999999989 0.5063173633628596 0.5100122556907144 0.51639235904554182 0.52281212133354382 0.52656660869894467
0.53304911097891483 0.53957127219205958 0.54338535459500636 0.54997025580011905 0.55659481593840654 0.56046849337889948 0.56715579350915479 0.5738827525725847
0.57781602505062368 0.58460572410602174 0.59143508209459439 0.59542794961017931 0.60232004759071989 0.60925180450443517 0.61330426705756613 0.62029876396324934
0.62733291980210748 0.63144497739278449 0.63854187322361056 0.6456784279876111 0.64985008061583416 0.65704937537180264 0.65797985667433112 0.66428832906094581
0.66836611270071467 0.6751368545690376 0.68194171860727404 0.68408354590909326 0.68461716208287782 0.68515098629793103 0.6874534657254272 0.69485755833168095
0.70230130987110939 0.70665174761197058 0.71415823914336729 0.72170438960793826 0.7261144223863456 0.73372331284288461 0.74118095489747926 0.74137186223259854
0.74584149004855183 0.75355277943023347 0.76130372774508981 0.76583295059858914 0.77364663890541374 0.78149998614541272 0.78608880403645809 0.79400489126842499
0.80196063743356683 0.80660905036215835 0.81462753651926789 0.82268568160955213 0.82635182233306947 0.82739368957568959 0.83551457465794199 0.84367511867336886
0.84844272167705248 0.85666600568444728 0.86492894862501679 0.86975614666624634 0.87808182959878378 0.88644717146449625 0.89133396454327185 0.89976204640095225
0.90822978719180703 0.91317617530812867 0.92170665609095137 0.93027679580694878 0.93528277896081646 0.94391565866878191 0.95258819730992217 0.95765377550133601
0.96638905413444398 0.97516399170072665 0.97775882731219177 0.97787542547384743 0.97799203058727913 0.980556646364383 0.98927824388064578 0.99803845713897188
0.99999999999999978 1.0031889472458686 1.0121290237292617 1.0211087591458301 1.0263531224498819 1.0353955978584179 1.0444777322001284 1.0497816905417263
1.0589265648754052 1.0681110981422584 1.0734746515214024 1.0827219247802236 1.0920088569722195 1.0974320053889095 1.1067816775728734 1.1161710086900121
1.1216537521442482 1.1311058232533548 1.1405975532956361 1.1461398917874182 1.1556943618216673 1.165288490789091 1.1708904243184193 1.1736481776669303
1.1805472932778109 1.1902438211703776 1.1959053497372518 1.2056646176217862 1.2154635444394952 1.2211846680439153 1.2310463348535927 1.2409476605964445
1.2467283792384107 1.2566924449732304 1.2588190451025207 1.2666961696412249 1.2725364833207373 1.2826029479806995 1.2927090715738365 1.2986089802908949
1.308777843876 1.3189863663942798 1.3249458701488841 1.3352171326591316 1.3420201433256687 1.3455280541025543 1.3515471528947047 1.3619208143300949
1.3723341346986597 1.3779787325374859 1.3869562416926198 1.395962900134736 1.3990265931216801 1.4005299954757493 1.4020342051786712 1.4055428970498394
1.4161213563355148 1.4267394745543649 1.4329373584591536 1.4436182166699716 1.4543387338139648 1.4605962127562995 1.4713794698922604 1.482202385961396
1.4885194599412765 1.4994051160023798 1.4999999999999998 1.5103304309966579 1.5167071000140846 1.5276951550003306 1.5387228689197516 1.5451591329747245
1.556249586886113 1.5673796997306764 1.5738755588231952 1.5850684116597269 1.5963009234294327 1.6028563775594975 1.6141516293211715 1.6254865400160203
1.6321015891836315 1.6427876096865393 1.6434992398704478 1.6549365494904391 1.661611193695596 1.6731112433075555 1.6846509518526893 1.6913851910953923
1.7029876396324941 1.7146297471027707 1.7214235813830197 1.7331284288452642 1.7448729352406835 1.7517263645584786 1.7635336109458661 1.7660444431189777
1.775380516266428 1.782293540621769 1.7942031859342988 1.8061524901800032 1.8131251095728904 1.8251371538105625 1.8371888569814101 1.8442210714118432
1.8563355145746587 1.8660254037844388 1.8684896166706484 1.8755814261386277 1.8877982682265853 1.9000547692477174 1.9072061737532429 1.919525414766343
1.9318843147126183 1.9390953142556897 1.9396926207859082 1.9515169541939326 1.9639782530653502 1.9712488476459675 1.9837728865093531 1.9848077530122081
1.9963365843059133 2
values 683
0 1.008154645026866e-15 1.1522544308296501e-15 1.4416736516931398e-15 1.6477381333986851e-15 1.7866132293126922e-15 2.0616112103821579e-15 2.3562859760940903e-15
2.5548790864300999e-15 2.9481296115676344e-15 3.3695181828958168e-15 3.6535087948436335e-15 4.2158619252903658e-15 4.8184528109300058e-15 5.2245629098052311e-15 6.0287348640896912e-15
6.8904473075749393e-15 7.4711897880297148e-15 8.6211656609193279e-15 9.8534251473354098e-15 1.0683894100308652e-14 1.2328373867580454e-14 1.4090520223180142e-14 1.5278101130491052e-14
1.7629727602593508e-14 2.0149618756026079e-14 2.1847874189128156e-14 2.5210729223500238e-14 2.8814204840022902e-14 3.1242731181517609e-14 3.6051655607381529e-14 4.120467045137005e-14
4.4677493253155936e-14 5.1554314851857007e-14 5.8923190017991781e-14 6.3889369715750778e-14 7.3723309930327121e-14 8.4260892851793833e-14 9.1362591440547282e-14 1.0542524796811055e-13
1.2049412229741081e-13 1.306496393980629e-13 1.5075941272362078e-13 1.7230808999093469e-13 1.8683060545575118e-13 2.1558783083579759e-13 2.4640270670664928e-13 2.6717008401846472e-13
3.0829327313506099e-13 3.5235892798508471e-13 3.8205653522510934e-13 4.4086320592334377e-13 5.0387763913085001e-13 5.4634558597558607e-13 6.3043985475434103e-13 7.2055127613178071e-13
7.8128096706717216e-13 9.015368148726457e-13 1.0303972655557954e-12 1.1172414771347525e-12 1.2892088316456781e-12 1.4734808750386335e-12 1.5976691751700189e-12 1.8435846259123685e-12
2.1070959344340876e-12 2.2846867445654114e-12 2.636348890475615e-12 3.0131733313418472e-12 3.2671303933978828e-12 3.7700116255158971e-12 4.3088752516378299e-12 4.6720370015078903e-12
5.3911634032477758e-12 6.161745074887163e-12 6.6810708833562472e-12 7.7094305608516202e-12 8.811371912766486e-12 9.5540142627346984e-12 1.1024581361564287e-11 1.2600371167824067e-11
1.3662358943074667e-11 1.576528814137534e-11 1.8018687116917257e-11 1.9537342812798325e-11 2.2544557659768014e-11 2.5766946155239877e-11 2.7938642644013293e-11 3.223899718906535e-11
3.6847052721376152e-11 3.9952605646994728e-11 4.610216600573826e-11 5.2691742594252864e-11 5.7132721811963592e-11 6.5926669429455264e-11 7.5349845715294158e-11 8.1700501100827524e-11
9.427595531020583e-11 1.0775121432286606e-10 1.1683273032387857e-10 1.3481578588104581e-10 1.5408557347179294e-10 1.6707225403778933e-10 1.9278824662046598e-10 2.2034428197708851e-10
2.3891539632676596e-10 2.7568958480713857e-10 3.1509505728572691e-10 3.4165198123839803e-10 3.9423952706390815e-10 4.5058984165615699e-10 4.8856657242999972e-10 5.6376741547310509e-10
6.4434906454153641e-10 6.9865626076799825e-10 8.0619439942079091e-10 9.2142715745549168e-10 9.9908712190958874e-10 1.1528679945293082e-09 1.3176522683409235e-09 1.4287069811245102e-09
1.6486155371023688e-09 1.8842590933161709e-09 2.0430687105770026e-09 2.3575406742772901e-09 2.6945138835567612e-09 2.9216136067686809e-09 3.371312416866237e-09 3.8531882873402029e-09
4.1779437094140703e-09 4.8210185877707806e-09 5.5101070617226097e-09 5.9745113448927812e-09 6.8941164002937139e-09 7.8795214683379247e-09 8.5436253556557605e-09 9.858671995449804e-09
1.1267813469778249e-08 1.2217490268924079e-08 1.4098023281087257e-08 1.6113113074174708e-08 1.7471162680657786e-08 2.0160348221932097e-08 2.3041951629524935e-08 2.4983979417639442e-08
2.8829548109401031e-08 3.2950276737542255e-08 3.5727400571461585e-08 4.122661151696191e-08 4.7119304585702866e-08 5.1090626127095789e-08 5.8954566014035529e-08 6.7381190219583128e-08
7.3060229300412825e-08 8.4305760915453533e-08 9.6355938087958501e-08 1.0447703443974849e-07 1.2055828418517258e-07 1.3779018706190991e-07 1.49403455612515e-07 1.7239984228656241e-07
1.9704167721583108e-07 2.1364879534203654e-07 2.4653391362787056e-07 2.8177204333559171e-07 3.0552042831919506e-07 3.5254655551046114e-07 4.0293751823147608e-07 4.36898003430861e-07
5.0414594882024309e-07 5.7620565076845226e-07 6.247695659893787e-07 7.2093496231683186e-07 8.2398123022826475e-07 8.9342823158112105e-07 1.030945941561243e-06 1.1783033832851425e-06
1.2776134569265161e-06 1.4742654885344619e-06 1.6849884586285908e-06 1.8270030961871549e-06 2.1082179414687012e-06 2.409554403379395e-06 2.6126370972229348e-06 3.0147778153233447e-06
3.4456926948748862e-06 3.7361034669457658e-06 4.3111696836400017e-06 4.9273833082426305e-06 5.3426743157559581e-06 6.1650261411198578e-06 7.0462192703547723e-06 7.6400905640798625e-06
8.8160638781911091e-06 1.0076180986947918e-05 1.0925424305801606e-05 1.2607080736599746e-05 1.4409063837807425e-05 1.562349232128197e-05 1.8028281883519616e-05 2.0605140077470768e-05
2.2341787877614819e-05 2.5780666790534287e-05 2.9465605981852449e-05 3.194903388459431e-05 3.6866673400094444e-05 4.2136182166850423e-05 4.5687514882444946e-05 5.2719800408275806e-05
6.0255263329438683e-05 6.533371317810455e-05 7.5389968737491693e-05 8.6165774215689577e-05 9.342802051330148e-05 0.00010780859074245985 0.00012321812628378001 0.00012837666049145543
0.00013003707734822044 0.00013170816319115503 0.00013749942900261188 0.0001565180314767176 0.0001767681471939306 0.00019105427466329205 0.00022046161305365458 0.00025197311912613957
0.0002732099833930462 0.00031526284218107473 0.00036032468686330519 0.00039011017193689044 0.00044805226243616405 0.00051000468124037866 0.00052946507313226686 0.00053180279719477195
0.00053414567072102178 0.00055869679054686876 0.00064469217382827815 0.0007368407391457664 0.00079894334285934875 0.00092191780799287559 0.001053691399787422 0.0011043155563285208
0.0011412232397345001 0.0011787375789259838 0.0012293888104630676 0.0013704923548943646 0.0015192596702174389 0.0016219538671254654 0.0018291871116053037 0.0020488754833695591
0.0021286536844477952 0.0021754105698168127 0.0022226754101569513 0.00233633653196699 0.0026959486846414239 0.003081291974888105 0.0032101904927094786 0.0032513658779457014
0.0032928036503629462 0.0034376073844505778 0.0039135266631643286 0.004420289753671508 0.0045942729580826904 0.00466584923259937 0.0047379787654307755 0.0049395362085967818
0.0055852997554365798 0.0062707222354510747 0.0064846664382575353 0.0065088908507355677 0.0065331604258012412 0.0067443143854467192 0.0074695456022225654 0.0082318042750425813
0.0085588717787650637 0.0089010047132213228 0.0092498425166215453 0.00950077290459647 0.010018803182515043 0.010550583894164831 0.010977768741120487 0.011930729063388197
0.012923348318830607 0.013237035075345632 0.013296885156436514 0.013356870235926856 0.013658067103976096 0.014655755119882236 0.015192246987791938 0.015688609371390268
0.016325221535292877 0.017482979707845861 0.018680396813573544 0.019046330469556613 0.019080861781889554 0.019115424368798609 0.0194754161723346 0.020702124378018372
0.021966295401658554 0.022730245880790534 0.024092801903628797 0.025495016859641756 0.026070756380505027 0.026625231877418214 0.027185541814428529 0.027614527147053404
0.028534383590235447 0.029469310542266404 0.030192841777613461 0.031760195650737004 0.033367208457035231 0.034074173710931702 0.034320729057771913 0.035990481856038078
0.037699893587478939 0.038306306356173145 0.038656254451085621 0.03900779376516806 0.039521326653933604 0.040949882995203822 0.042403801624931028 0.04336968228158275
0.045244232930134187 0.047158442511860327 0.048290748225235131 0.050267697798929228 0.052284306305798001 0.053218016038404134 0.05439277192836086 0.055580352671162528
0.05619301723146515 0.057107337592271129 0.058029036529554913 0.058926058776033872 0.060307379214091607 0.061107806200013222 0.063329212557167294 0.064640303383180234
0.066924449732302216 0.0692482550145989 0.070618940878157885 0.073005486152422513 0.07543169035986183 0.076572438965270079 0.078049921431083039 0.079541522192999869
0.08027411679595492 0.081295122789556723 0.082322580900214368 0.083369394531607161 0.085960737656157069 0.088591739713881665 0.090141210690078771 0.092834952739771312
0.095568353722638569 0.097177419736381707 0.099973560711216894 0.10280936061922676 0.10447802167051595 0.10737656157049379 0.11031476040364629 0.11153476546101723
0.11276788004503058 0.11400777378701207 0.11488451212858773 0.11666195398497145 0.11845304038600855 0.1198724042022784 0.12297574195254149 0.12611873863597933
0.1279661847999066 0.13117192147531231 0.13397459621556132 0.13441731708389279 0.1363243582853661 0.13963249388591453 0.14298028841963759 0.14494692465865691
0.14835745918434792 0.15180765264321369 0.15383388391977906 0.15734681737061276 0.16089940975462116 0.16212165713007878 0.16274447870028058 0.16336849432249942
0.16441767425089437 0.16741587248916825 0.17044116074360102 0.17240098110551735 0.17611871240663626 0.17987610264092993 0.18208111903013344 0.18590124925639506
0.18976103841583131 0.19202564984258086 0.19594817899398512 0.19991036707856405 0.20223457354285965 0.20625950161940648 0.21032408862912808 0.21270789013096969
0.21683521713265921 0.22100220306752338 0.22344559960691104 0.22767532553374314 0.23194471039375 0.23327161405988653 0.23353661997897626 0.23380177634130528
0.23395555688102193 0.2350565796616356 0.23912599077658417 0.24323032601734107 0.24571419722228771 0.25014872099940516 0.25462290370969731 0.25724508536172308
0.26178200806398311 0.26635858969941789 0.26904036638898976 0.27367968801639248 0.27835866857696978 0.28110004030408769 0.28584176085663299 0.29062314034235304
0.29289321881345248 0.29342410710701694 0.29826822658470492 0.30315200499556755 0.3060125667977775 0.31095908520060817 0.31594526253661348 0.31886541937636947
0.32391433670434266 0.32900291296549067 0.33093608460652857 0.33246751885174464 0.3340024883415082 0.33550193724725613 0.33913012478876126 0.34277782495168274
0.34536430319704725 0.35061801837530571 0.35591139248673898 0.35721239031346069 0.35901033443913311 0.3643664485425343 0.36976222157911021 0.37292075856905033
0.37837927159759416 0.38387744355931264 0.3870955755867988 0.39265648754048521 0.39825705842734638 0.40153478549237864 0.40719809637120774 0.41290106618321143
0.41623838828578974 0.42200409808976141 0.42780946682690785 0.43120638396703215 0.43707449269614657 0.44298226035843563 0.44643877253610603 0.45240928019036303
0.45841944677779467 0.46193555399301106 0.46800846057241063 0.47412102608498502 0.47617290403087092 0.47708656552975098 0.47800110273724233 0.47979456177087254
0.48506122325630441 0.4903566330067603 0.49372229557031516 0.49999999999999989 0.5063173633628596 0.5100122556907144 0.51639235904554182 0.52281212133354382
0.52656660869894467 0.53304911097891483 0.53957127219205958 0.54338535459500636 0.54997025580011905 0.55659481593840654 0.56046849337889948 0.56715579350915479
0.5738827525725847 0.57781602505062368 0.58460572410602174 0.59143508209459439 0.59542794961017931 0.60232004759071989 0.60925180450443517 0.61330426705756613
0.62029876396324934 0.62733291980210748 0.63144497739278449 0.63854187322361056 0.6456784279876111 0.64985008061583416 0.65704937537180264 0.65797985667433112
0.66428832906094581 0.66836611270071467 0.6751368545690376 0.68194171860727404 0.68408354590909326 0.68461716208287782 0.68515098629793103 0.6874534657254272
0.69485755833168095 0.70230130987110939 0.70665174761197058 0.71415823914336729 0.72170438960793826 0.7261144223863456 0.73372331284288461 0.74118095489747926
0.74137186223259854 0.74584149004855183 0.75355277943023347 0.76130372774508981 0.76583295059858914 0.77364663890541374 0.78149998614541272 0.78608880403645809
0.79400489126842499 0.80196063743356683 0.80660905036215835 0.81462753651926789 0.82268568160955213 0.82635182233306947 0.82739368957568959 0.83551457465794199
0.84367511867336886 0.84844272167705248 0.85666600568444728 0.86492894862501679 0.86975614666624634 0.87808182959878378 0.88644717146449625 0.89133396454327185
0.89976204640095225 0.90822978719180703 0.91317617530812867 0.92170665609095137 0.93027679580694878 0.93528277896081646 0.94391565866878191 0.95258819730992217
0.95765377550133601 0.96638905413444398 0.97516399170072665 0.97775882731219177 0.97787542547384743 0.97799203058727913 0.980556646364383 0.98927824388064578
0.99803845713897188 0.99999999999999978 1.0031889472458686 1.0121290237292617 1.0211087591458301 1.0263531224498819 1.0353955978584179 1.0444777322001284
1.0497816905417263 1.0589265648754052 1.0681110981422584 1.0734746515214024 1.0827219247802236 1.0920088569722195 1.0974320053889095 1.1067816775728734
1.1161710086900121 1.1216537521442482 1.1311058232533548 1.1405975532956361 1.1461398917874182 1.1556943618216673 1.165288490789091 1.1708904243184193
1.1736481776669303 1.1805472932778109 1.1902438211703776 1.1959053497372518 1.2056646176217862 1.2154635444394952 1.2211846680439153 1.2310463348535927
1.2409476605964445 1.2467283792384107 1.2566924449732304 1.2588190451025207 1.2666961696412249 1.2725364833207373 1.2826029479806995 1.2927090715738365
1.2986089802908949 1.308777843876 1.3189863663942798 1.3249458701488841 1.3352171326591316 1.3420201433256687 1.3455280541025543 1.3515471528947047
1.3619208143300949 1.3723341346986597 1.3779787325374859 1.3869562416926198 1.395962900134736 1.3990265931216801 1.4005299954757493 1.4020342051786712
1.4055428970498394 1.4161213563355148 1.4267394745543649 1.4329373584591536 1.4436182166699716 1.4543387338139648 1.4605962127562995 1.4713794698922604
1.482202385961396 1.4885194599412765 1.4994051160023798 1.4999999999999998 1.5103304309966579 1.5167071000140846 1.5276951550003306 1.5387228689197516
1.5451591329747245 1.556249586886113 1.5673796997306764 1.5738755588231952 1.5850684116597269 1.5963009234294327 1.6028563775594975 1.6141516293211715
1.6254865400160203 1.6321015891836315 1.6427876096865393 1.6434992398704478 1.6549365494904391 1.661611193695596 1.6731112433075555 1.6846509518526893
1.6913851910953923 1.7029876396324941 1.7146297471027707 1.7214235813830197 1.7331284288452642 1.7448729352406835 1.7517263645584786 1.7635336109458661
1.7660444431189777 1.775380516266428 1.782293540621769 1.7942031859342988 1.8061524901800032 1.8131251095728904 1.8251371538105625 1.8371888569814101
1.8442210714118432 1.8563355145746587 1.8660254037844388 1.8684896166706484 1.8755814261386277 1.8877982682265853 1.9000547692477174 1.9072061737532429
1.919525414766343 1.9318843147126183 1.9390953142556897 1.9396926207859082 1.9515169541939326 1.9639782530653502 1.9712488476459675 1.9837728865093531
1.9848077530122081 1.9963365843059133 2
copy 683 705100
copy 683 705100
copy 683 705100
copy 683 705100
copy 683 705100
copy 683 705100
copy 683 705100
values 684
0 1.5745966692414834e-16 1.008154645026866e-15 1.1522544308296501e-15 1.4416736516931398e-15 1.6477381333986851e-15 1.7866132293126922e-15 2.0616112103821579e-15
2.3562859760940903e-15 2.5548790864300999e-15 2.9481296115676344e-15 3.3695181828958168e-15 3.6535087948436335e-15 4.2158619252903658e-15 4.8184528109300058e-15 5.2245629098052311e-15
6.0287348640896912e-15 6.8904473075749393e-15 7.4711897880297148e-15 8.6211656609193279e-15 9.8534251473354098e-15 1.0683894100308652e-14 1.2328373867580454e-14 1.4090520223180142e-14
1.5278101130491052e-14 1.7629727602593508e-14 2.0149618756026079e-14 2.1847874189128156e-14 2.5210729223500238e-14 2.8814204840022902e-14 3.1242731181517609e-14 3.6051655607381529e-14
4.120467045137005e-14 4.4677493253155936e-14 5.1554314851857007e-14 5.8923190017991781e-14 6.3889369715750778e-14 7.3723309930327121e-14 8.4260892851793833e-14 9.1362591440547282e-14
1.0542524796811055e-13 1.2049412229741081e-13 1.306496393980629e-13 1.5075941272362078e-13 1.7230808999093469e-13 1.8683060545575118e-13 2.1558783083579759e-13 2.4640270670664928e-13
2.6717008401846472e-13 3.0829327313506099e-13 3.5235892798508471e-13 3.8205653522510934e-13 4.4086320592334377e-13 5.0387763913085001e-13 5.4634558597558607e-13 6.3043985475434103e-13
7.2055127613178071e-13 7.8128096706717216e-13 9.015368148726457e-13 1.0303972655557954e-12 1.1172414771347525e-12 1.2892088316456781e-12 1.4734808750386335e-12 1.5976691751700189e-12
1.8435846259123685e-12 2.1070959344340876e-12 2.2846867445654114e-12 2.636348890475615e-12 3.0131733313418472e-12 3.2671303933978828e-12 3.7700116255158971e-12 4.3088752516378299e-12
4.6720370015078903e-12 5.3911634032477758e-12 6.161745074887163e-12 6.6810708833562472e-12 7.7094305608516202e-12 8.811371912766486e-12 9.5540142627346984e-12 1.1024581361564287e-11
1.2600371167824067e-11 1.3662358943074667e-11 1.576528814137534e-11 1.8018687116917257e-11 1.9537342812798325e-11 2.2544557659768014e-11 2.5766946155239877e-11 2.7938642644013293e-11
3.223899718906535e-11 3.6847052721376152e-11 3.9952605646994728e-11 4.610216600573826e-11 5.2691742594252864e-11 5.7132721811963592e-11 6.5926669429455264e-11 7.5349845715294158e-11
8.1700501100827524e-11 9.427595531020583e-11 1.0775121432286606e-10 1.1683273032387857e-10 1.3481578588104581e-10 1.5408557347179294e-10 1.6707225403778933e-10 1.9278824662046598e-10
2.2034428197708851e-10 2.3891539632676596e-10 2.7568958480713857e-10 3.1509505728572691e-10 3.4165198123839803e-10 3.9423952706390815e-10 4.5058984165615699e-10 4.8856657242999972e-10
5.6376741547310509e-10 6.4434906454153641e-10 6.9865626076799825e-10 8.0619439942079091e-10 9.2142715745549168e-10 9.9908712190958874e-10 1.1528679945293082e-09 1.3176522683409235e-09
1.4287069811245102e-09 1.6486155371023688e-09 1.8842590933161709e-09 2.0430687105770026e-09 2.3575406742772901e-09 2.6945138835567612e-09 2.9216136067686809e-09 3.371312416866237e-09
3.8531882873402029e-09 4.1779437094140703e-09 4.8210185877707806e-09 5.5101070617226097e-09 5.9745113448927812e-09 6.8941164002937139e-09 7.8795214683379247e-09 8.5436253556557605e-09
9.858671995449804e-09 1.1267813469778249e-08 1.2217490268924079e-08 1.4098023281087257e-08 1.6113113074174708e-08 1.7471162680657786e-08 2.0160348221932097e-08 2.3041951629524935e-08
2.4983979417639442e-08 2.8829548109401031e-08 3.2950276737542255e-08 3.5727400571461585e-08 4.122661151696191e-08 4.7119304585702866e-08 5.1090626127095789e-08 5.8954566014035529e-08
6.7381190219583128e-08 7.3060229300412825e-08 8.4305760915453533e-08 9.6355938087958501e-08 1.0447703443974849e-07 1.2055828418517258e-07 1.3779018706190991e-07 1.49403455612515e-07
1.7239984228656241e-07 1.9704167721583108e-07 2.1364879534203654e-07 2.4653391362787056e-07 2.8177204333559171e-07 3.0552042831919506e-07 3.5254655551046114e-07 4.0293751823147608e-07
4.36898003430861e-07 5.0414594882024309e-07 5.7620565076845226e-07 6.247695659893787e-07 7.2093496231683186e-07 8.2398123022826475e-07 8.9342823158112105e-07 1.030945941561243e-06
1.1783033832851425e-06 1.2776134569265161e-06 1.4742654885344619e-06 1.6849884586285908e-06 1.8270030961871549e-06 2.1082179414687012e-06 2.409554403379395e-06 2.6126370972229348e-06
3.0147778153233447e-06 3.4456926948748862e-06 3.7361034669457658e-06 4.3111696836400017e-06 4.9273833082426305e-06 5.3426743157559581e-06 6.1650261411198578e-06 7.0462192703547723e-06
7.6400905640798625e-06 8.8160638781911091e-06 1.0076180986947918e-05 1.0925424305801606e-05 1.2607080736599746e-05 1.4409063837807425e-05 1.562349232128197e-05 1.8028281883519616e-05
2.0605140077470768e-05 2.2341787877614819e-05 2.5780666790534287e-05 2.9465605981852449e-05 3.194903388459431e-05 3.6866673400094444e-05 4.2136182166850423e-05 4.5687514882444946e-05
5.2719800408275806e-05 6.0255263329438683e-05 6.533371317810455e-05 7.5389968737491693e-05 8.6165774215689577e-05 9.342802051330148e-05 0.00010780859074245985 0.00012321812628378001
0.00012837666049145543 0.00013003707734822044 0.00013170816319115503 0.00013749942900261188 0.0001565180314767176 0.0001767681471939306 0.00019105427466329205 0.00022046161305365458
0.00025197311912613957 0.0002732099833930462 0.00031526284218107473 0.00036032468686330519 0.00039011017193689044 0.00044805226243616405 0.00051000468124037866 0.00052946507313226686
0.00053180279719477195 0.00053414567072102178 0.00055869679054686876 0.00064469217382827815 0.0007368407391457664 0.00079894334285934875 0.00092191780799287559 0.001053691399787422
0.0011043155563285208 0.0011412232397345001 0.0011787375789259838 0.0012293888104630676 0.0013704923548943646 0.0015192596702174389 0.0016219538671254654 0.0018291871116053037
0.0020488754833695591 0.0021286536844477952 0.0021754105698168127 0.0022226754101569513 0.00233633653196699 0.0026959486846414239 0.003081291974888105 0.0032101904927094786
0.0032513658779457014 0.0032928036503629462 0.0034376073844505778 0.0039135266631643286 0.004420289753671508 0.0045942729580826904 0.00466584923259937 0.0047379787654307755
0.0049395362085967818 0.0055852997554365798 0.0062707222354510747 0.0064846664382575353 0.0065088908507355677 0.0065331604258012412 0.0067443143854467192 0.0074695456022225654
0.0082318042750425813 0.0085588717787650637 0.0089010047132213228 0.0092498425166215453 0.00950077290459647 0.010018803182515043 0.010550583894164831 0.010977768741120487
0.011930729063388197 0.012923348318830607 0.013237035075345632 0.013296885156436514 0.013356870235926856 0.013658067103976096 0.014655755119882236 0.015192246987791938
0.015688609371390268 0.016325221535292877 0.017482979707845861 0.018680396813573544 0.019046330469556613 0.019080861781889554 0.019115424368798609 0.0194754161723346
0.020702124378018372 0.021966295401658554 0.022730245880790534 0.024092801903628797 0.025495016859641756 0.026070756380505027 0.026625231877418214 0.027185541814428529
0.027614527147053404 0.028534383590235447 0.029469310542266404 0.030192841777613461 0.031760195650737004 0.033367208457035231 0.034074173710931702 0.034320729057771913
0.035990481856038078 0.037699893587478939 0.038306306356173145 0.038656254451085621 0.03900779376516806 0.039521326653933604 0.040949882995203822 0.042403801624931028
0.04336968228158275 0.045244232930134187 0.047158442511860327 0.048290748225235131 0.050267697798929228 0.052284306305798001 0.053218016038404134 0.05439277192836086
0.055580352671162528 0.05619301723146515 0.057107337592271129 0.058029036529554913 0.058926058776033872 0.060307379214091607 0.061107806200013222 0.063329212557167294
0.064640303383180234 0.066924449732302216 0.0692482550145989 0.070618940878157885 0.073005486152422513 0.07543169035986183 0.076572438965270079 0.078049921431083039
0.079541522192999869 0.08027411679595492 0.081295122789556723 0.082322580900214368 0.083369394531607161 0.085960737656157069 0.088591739713881665 0.090141210690078771
0.092834952739771312 0.095568353722638569 0.097177419736381707 0.099973560711216894 0.10280936061922676 0.10447802167051595 0.10737656157049379 0.11031476040364629
0.11153476546101723 0.11276788004503058 0.11400777378701207 0.11488451212858773 0.11666195398497145 0.11845304038600855 0.1198724042022784 0.12297574195254149
0.12611873863597933 0.1279661847999066 0.13117192147531231 0.13397459621556132 0.13441731708389279 0.1363243582853661 0.13963249388591453 0.14298028841963759
0.14494692465865691 0.14835745918434792 0.15180765264321369 0.15383388391977906 0.15734681737061276 0.16089940975462116 0.16212165713007878 0.16274447870028058
0.16336849432249942 0.16441767425089437 0.16741587248916825 0.17044116074360102 0.17240098110551735 0.17611871240663626 0.17987610264092993 0.18208111903013344
0.18590124925639506 0.18976103841583131 0.19202564984258086 0.19594817899398512 0.19991036707856405 0.20223457354285965 0.20625950161940648 0.21032408862912808
0.21270789013096969 0.21683521713265921 0.22100220306752338 0.22344559960691104 0.22767532553374314 0.23194471039375 0.23327161405988653 0.23353661997897626
0.23380177634130528 0.23395555688102193 0.2350565796616356 0.23912599077658417 0.24323032601734107 0.24571419722228771 0.25014872099940516 0.25462290370969731
0.25724508536172308 0.26178200806398311 0.26635858969941789 0.26904036638898976 0.27367968801639248 0.27835866857696978 0.28110004030408769 0.28584176085663299
0.29062314034235304 0.29289321881345248 0.29342410710701694 0.29826822658470492 0.30315200499556755 0.3060125667977775 0.31095908520060817 0.31594526253661348
0.31886541937636947 0.32391433670434266 0.32900291296549067 0.33093608460652857 0.33246751885174464 0.3340024883415082 0.33550193724725613 0.33913012478876126
0.34277782495168274 0.34536430319704725 0.35061801837530571 0.35591139248673898 0.35721239031346069 0.35901033443913311 0.3643664485425343 0.36976222157911021
0.37292075856905033 0.37837927159759416 0.38387744355931264 0.3870955755867988 0.39265648754048521 0.39825705842734638 0.40153478549237864 0.40719809637120774
0.41290106618321143 0.41623838828578974 0.42200409808976141 0.42780946682690785 0.43120638396703215 0.43707449269614657 0.44298226035843563 0.44643877253610603
0.45240928019036303 0.45841944677779467 0.46193555399301106 0.46800846057241063 0.47412102608498502 0.47617290403087092 0.47708656552975098 0.47800110273724233
0.47979456177087254 0.48506122325630441 0.4903566330067603 0.49372229557031516 0.49999999999999989 0.5063173633628596 0.5100122556907144 0.51639235904554182
0.52281212133354382 0.52656660869894467 0.53304911097891483 0.53957127219205958 0.54338535459500636 0.54997025580011905 0.55659481593840654 0.56046849337889948
0.56715579350915479 0.5738827525725847 0.57781602505062368 0.58460572410602174 0.59143508209459439 0.59542794961017931 0.60232004759071989 0.60925180450443517
0.61330426705756613 0.62029876396324934 0.62733291980210748 0.63144497739278449 0.63854187322361056 0.6456784279876111 0.64985008061583416 0.65704937537180264
0.65797985667433112 0.66428832906094581 0.66836611270071467 0.6751368545690376 0.68194171860727404 0.68408354590909326 0.68461716208287782 0.68515098629793103
0.6874534657254272 0.69485755833168095 0.70230130987110939 0.70665174761197058 0.71415823914336729 0.72170438960793826 0.7261144223863456 0.73372331284288461
0.74118095489747926 0.74137186223259854 0.74584149004855183 0.75355277943023347 0.76130372774508981 0.76583295059858914 0.77364663890541374 0.78149998614541272
0.78608880403645809 0.79400489126842499 0.80196063743356683 0.80660905036215835 0.81462753651926789 0.82268568160955213 0.82635182233306947 0.82739368957568959
0.83551457465794199 0.84367511867336886 0.84844272167705248 0.85666600568444728 0.86492894862501679 0.86975614666624634 0.87808182959878378 0.88644717146449625
0.89133396454327185 0.89976204640095225 0.90822978719180703 0.91317617530812867 0.92170665609095137 0.93027679580694878 0.93528277896081646 0.94391565866878191
0.95258819730992217 0.95765377550133601 0.96638905413444398 0.97516399170072665 0.97775882731219177 0.97787542547384743 0.97799203058727913 0.980556646364383
0.98927824388064578 0.99803845713897188 0.99999999999999978 1.0031889472458686 1.0121290237292617 1.0211087591458301 1.0263531224498819 1.0353955978584179
1.0444777322001284 1.0497816905417263 1.0589265648754052 1.0681110981422584 1.0734746515214024 1.0827219247802236 1.0920088569722195 1.0974320053889095
1.1067816775728734 1.1161710086900121 1.1216537521442482 1.1311058232533548 1.1405975532956361 1.1461398917874182 1.1556943618216673 1.165288490789091
1.1708904243184193 1.1736481776669303 1.1805472932778109 1.1902438211703776 1.1959053497372518 1.2056646176217862 1.2154635444394952 1.2211846680439153
1.2310463348535927 1.2409476605964445 1.2467283792384107 1.2566924449732304 1.2588190451025207 1.2666961696412249 1.2725364833207373 1.2826029479806995
1.2927090715738365 1.2986089802908949 1.308777843876 1.3189863663942798 1.3249458701488841 1.3352171326591316 1.3420201433256687 1.3455280541025543
1.3515471528947047 1.3619208143300949 1.3723341346986597 1.3779787325374859 1.3869562416926198 1.395962900134736 1.3990265931216801 1.4005299954757493
1.4020342051786712 1.4055428970498394 1.4161213563355148 1.4267394745543649 1.4329373584591536 1.4436182166699716 1.4543387338139648 1.4605962127562995
1.4713794698922604 1.482202385961396 1.4885194599412765 1.4994051160023798 1.4999999999999998 1.5103304309966579 1.5167071000140846 1.5276951550003306
1.5387228689197516 1.5451591329747245 1.556249586886113 1.5673796997306764 1.5738755588231952 1.5850684116597269 1.5963009234294327 1.6028563775594975
1.6141516293211715 1.6254865400160203 1.6321015891836315 1.6427876096865393 1.6434992398704478 1.6549365494904391 1.661611193695596 1.6731112433075555
1.6846509518526893 1.6913851910953923 1.7029876396324941 1.7146297471027707 1.7214235813830197 1.7331284288452642 1.7448729352406835 1.7517263645584786
1.7635336109458661 1.7660444431189777 1.775380516266428 1.782293540621769 1.7942031859342988 1.8061524901800032 1.8131251095728904 1.8251371538105625
1.8371888569814101 1.8442210714118432 1.8563355145746587 1.8660254037844388 1.8684896166706484 1.8755814261386277 1.8877982682265853 1.9000547692477174
1.9072061737532429 1.919525414766343 1.9318843147126183 1.9390953142556897 1.9396926207859082 1.9515169541939326 1.9639782530653502 1.9712488476459675
1.9837728865093531 1.9848077530122081 1.9963365843059133 2
copy 684 710564
copy 684 710564
values 685
0 1.5745966692414834e-16 8.0576533761952744e-16 1.008154645026866e-15 1.1522544308296501e-15 1.4416736516931398e-15 1.6477381333986851e-15 1.7866132293126922e-15
2.0616112103821579e-15 2.3562859760940903e-15 2.5548790864300999e-15 2.9481296115676344e-15 3.3695181828958168e-15 3.6535087948436335e-15 4.2158619252903658e-15 4.8184528109300058e-15
5.2245629098052311e-15 6.0287348640896912e-15 6.8904473075749393e-15 7.4711897880297148e-15 8.6211656609193279e-15 9.8534251473354098e-15 1.0683894100308652e-14 1.2328373867580454e-14
1.4090520223180142e-14 1.5278101130491052e-14 1.7629727602593508e-14 2.0149618756026079e-14 2.1847874189128156e-14 2.5210729223500238e-14 2.8814204840022902e-14 3.1242731181517609e-14
3.6051655607381529e-14 4.120467045137005e-14 4.4677493253155936e-14 5.1554314851857007e-14 5.8923190017991781e-14 6.3889369715750778e-14 7.3723309930327121e-14 8.4260892851793833e-14
9.1362591440547282e-14 1.0542524796811055e-13 1.2049412229741081e-13 1.306496393980629e-13 1.5075941272362078e-13 1.7230808999093469e-13 1.8683060545575118e-13 2.1558783083579759e-13
2.4640270670664928e-13 2.6717008401846472e-13 3.0829327313506099e-13 3.5235892798508471e-13 3.8205653522510934e-13 4.4086320592334377e-13 5.0387763913085001e-13 5.4634558597558607e-13
6.3043985475434103e-13 7.2055127613178071e-13 7.8128096706717216e-13 9.015368148726457e-13 1.0303972655557954e-12 1.1172414771347525e-12 1.2892088316456781e-12 1.4734808750386335e-12
1.5976691751700189e-12 1.8435846259123685e-12 2.1070959344340876e-12 2.2846867445654114e-12 2.636348890475615e-12 3.0131733313418472e-12 3.2671303933978828e-12 3.7700116255158971e-12
4.3088752516378299e-12 4.6720370015078903e-12 5.3911634032477758e-12 6.161745074887163e-12 6.6810708833562472e-12 7.7094305608516202e-12 8.811371912766486e-12 9.5540142627346984e-12
1.1024581361564287e-11 1.2600371167824067e-11 1.3662358943074667e-11 1.576528814137534e-11 1.8018687116917257e-11 1.9537342812798325e-11 2.2544557659768014e-11 2.5766946155239877e-11
2.7938642644013293e-11 3.223899718906535e-11 3.6847052721376152e-11 3.9952605646994728e-11 4.610216600573826e-11 5.2691742594252864e-11 5.7132721811963592e-11 6.5926669429455264e-11
7.5349845715294158e-11 8.1700501100827524e-11 9.427595531020583e-11 1.0775121432286606e-10 1.1683273032387857e-10 1.3481578588104581e-10 1.5408557347179294e-10 1.6707225403778933e-10
1.9278824662046598e-10 2.2034428197708851e-10 2.3891539632676596e-10 2.7568958480713857e-10 3.1509505728572691e-10 3.4165198123839803e-10 3.9423952706390815e-10 4.5058984165615699e-10
4.8856657242999972e-10 5.6376741547310509e-10 6.4434906454153641e-10 6.9865626076799825e-10 8.0619439942079091e-10 9.2142715745549168e-10 9.9908712190958874e-10 1.1528679945293082e-09
1.3176522683409235e-09 1.4287069811245102e-09 1.6486155371023688e-09 1.8842590933161709e-09 2.0430687105770026e-09 2.3575406742772901e-09 2.6945138835567612e-09 2.9216136067686809e-09
3.371312416866237e-09 3.8531882873402029e-09 4.1779437094140703e-09 4.8210185877707806e-09 5.5101070617226097e-09 5.9745113448927812e-09 6.8941164002937139e-09 7.8795214683379247e-09
8.5436253556557605e-09 9.858671995449804e-09 1.1267813469778249e-08 1.2217490268924079e-08 1.4098023281087257e-08 1.6113113074174708e-08 1.7471162680657786e-08 2.0160348221932097e-08
2.3041951629524935e-08 2.4983979417639442e-08 2.8829548109401031e-08 3.2950276737542255e-08 3.5727400571461585e-08 4.122661151696191e-08 4.7119304585702866e-08 5.1090626127095789e-08
5.8954566014035529e-08 6.7381190219583128e-08 7.3060229300412825e-08 8.4305760915453533e-08 9.6355938087958501e-08 1.0447703443974849e-07 1.2055828418517258e-07 1.3779018706190991e-07
1.49403455612515e-07 1.7239984228656241e-07 1.9704167721583108e-07 2.1364879534203654e-07 2.4653391362787056e-07 2.8177204333559171e-07 3.0552042831919506e-07 3.5254655551046114e-07
4.0293751823147608e-07 4.36898003430861e-07 5.0414594882024309e-07 5.7620565076845226e-07 6.247695659893787e-07 7.2093496231683186e-07 8.2398123022826475e-07 8.9342823158112105e-07
1.030945941561243e-06 1.1783033832851425e-06 1.2776134569265161e-06 1.4742654885344619e-06 1.6849884586285908e-06 1.8270030961871549e-06 2.1082179414687012e-06 2.409554403379395e-06
2.6126370972229348e-06 3.0147778153233447e-06 3.4456926948748862e-06 3.7361034669457658e-06 4.3111696836400017e-06 4.9273833082426305e-06 5.3426743157559581e-06 6.1650261411198578e-06
7.0462192703547723e-06 7.6400905640798625e-06 8.8160638781911091e-06 1.0076180986947918e-05 1.0925424305801606e-05 1.2607080736599746e-05 1.4409063837807425e-05 1.562349232128197e-05
1.8028281883519616e-05 2.0605140077470768e-05 2.2341787877614819e-05 2.5780666790534287e-05 2.9465605981852449e-05 3.194903388459431e-05 3.6866673400094444e-05 4.2136182166850423e-05
4.5687514882444946e-05 5.2719800408275806e-05 6.0255263329438683e-05 6.533371317810455e-05 7.5389968737491693e-05 8.6165774215689577e-05 9.342802051330148e-05 0.00010780859074245985
0.00012321812628378001 0.00012837666049145543 0.00013003707734822044 0.00013170816319115503 0.00013749942900261188 0.0001565180314767176 0.0001767681471939306 0.00019105427466329205
0.00022046161305365458 0.00025197311912613957 0.0002732099833930462 0.00031526284218107473 0.00036032468686330519 0.00039011017193689044 0.00044805226243616405 0.00051000468124037866
0.00052946507313226686 0.00053180279719477195 0.00053414567072102178 0.00055869679054686876 0.00064469217382827815 0.0007368407391457664 0.00079894334285934875 0.00092191780799287559
0.001053691399787422 0.0011043155563285208 0.0011412232397345001 0.0011787375789259838 0.0012293888104630676 0.0013704923548943646 0.0015192596702174389 0.0016219538671254654
0.0018291871116053037 0.0020488754833695591 0.0021286536844477952 0.0021754105698168127 0.0022226754101569513 0.00233633653196699 0.0026959486846414239 0.003081291974888105
0.0032101904927094786 0.0032513658779457014 0.0032928036503629462 0.0034376073844505778 0.0039135266631643286 0.004420289753671508 0.0045942729580826904 0.00466584923259937
0.0047379787654307755 0.0049395362085967818 0.0055852997554365798 0.0062707222354510747 0.0064846664382575353 0.0065088908507355677 0.0065331604258012412 0.0067443143854467192
0.0074695456022225654 0.0082318042750425813 0.0085588717787650637 0.0089010047132213228 0.0092498425166215453 0.00950077290459647 0.010018803182515043 0.010550583894164831
0.010977768741120487 0.011930729063388197 0.012923348318830607 0.013237035075345632 0.013296885156436514 0.013356870235926856 0.013658067103976096 0.014655755119882236
0.015192246987791938 0.015688609371390268 0.016325221535292877 0.017482979707845861 0.018680396813573544 0.019046330469556613 0.019080861781889554 0.019115424368798609
0.0194754161723346 0.020702124378018372 0.021966295401658554 0.022730245880790534 0.024092801903628797 0.025495016859641756 0.026070756380505027 0.026625231877418214
0.027185541814428529 0.027614527147053404 0.028534383590235447 0.029469310542266404 0.030192841777613461 0.031760195650737004 0.033367208457035231 0.034074173710931702
0.034320729057771913 0.035990481856038078 0.037699893587478939 0.038306306356173145 0.038656254451085621 0.03900779376516806 0.039521326653933604 0.040949882995203822
0.042403801624931028 0.04336968228158275 0.045244232930134187 0.047158442511860327 0.048290748225235131 0.050267697798929228 0.052284306305798001 0.053218016038404134
0.05439277192836086 0.055580352671162528 0.05619301723146515 0.057107337592271129 0.058029036529554913 0.058926058776033872 0.060307379214091607 0.061107806200013222
0.063329212557167294 0.064640303383180234 0.066924449732302216 0.0692482550145989 0.070618940878157885 0.073005486152422513 0.07543169035986183 0.076572438965270079
0.078049921431083039 0.079541522192999869 0.08027411679595492 0.081295122789556723 0.082322580900214368 0.083369394531607161 0.085960737656157069 0.088591739713881665
0.090141210690078771 0.092834952739771312 0.095568353722638569 0.097177419736381707 0.099973560711216894 0.10280936061922676 0.10447802167051595 0.10737656157049379
0.11031476040364629 0.11153476546101723 0.11276788004503058 0.11400777378701207 0.11488451212858773 0.11666195398497145 0.11845304038600855 0.1198724042022784
0.12297574195254149 0.12611873863597933 0.1279661847999066 0.13117192147531231 0.13397459621556132 0.13441731708389279 0.1363243582853661 0.13963249388591453
0.14298028841963759 0.14494692465865691 0.14835745918434792 0.15180765264321369 0.15383388391977906 0.15734681737061276 0.16089940975462116 0.16212165713007878
0.16274447870028058 0.16336849432249942 0.16441767425089437 0.16741587248916825 0.17044116074360102 0.17240098110551735 0.17611871240663626 0.17987610264092993
0.18208111903013344 0.18590124925639506 0.18976103841583131 0.19202564984258086 0.19594817899398512 0.19991036707856405 0.20223457354285965 0.20625950161940648
0.21032408862912808 0.21270789013096969 0.21683521713265921 0.22100220306752338 0.22344559960691104 0.22767532553374314 0.23194471039375 0.23327161405988653
0.23353661997897626 0.23380177634130528 0.23395555688102193 0.2350565796616356 0.23912599077658417 0.24323032601734107 0.24571419722228771 0.25014872099940516
0.25462290370969731 0.25724508536172308 0.26178200806398311 0.26635858969941789 0.26904036638898976 0.27367968801639248 0.27835866857696978 0.28110004030408769
0.28584176085663299 0.29062314034235304 0.29289321881345248 0.29342410710701694 0.29826822658470492 0.30315200499556755 0.3060125667977775 0.31095908520060817
0.31594526253661348 0.31886541937636947 0.32391433670434266 0.32900291296549067 0.33093608460652857 0.33246751885174464 0.3340024883415082 0.33550193724725613
0.33913012478876126 0.34277782495168274 0.34536430319704725 0.35061801837530571 0.35591139248673898 0.35721239031346069 0.35901033443913311 0.3643664485425343
0.36976222157911021 0.37292075856905033 0.37837927159759416 0.38387744355931264 0.3870955755867988 0.39265648754048521 0.39825705842734638 0.40153478549237864
0.40719809637120774 0.41290106618321143 0.41623838828578974 0.42200409808976141 0.42780946682690785 0.43120638396703215 0.43707449269614657 0.44298226035843563
0.44643877253610603 0.45240928019036303 0.45841944677779467 0.46193555399301106 0.46800846057241063 0.47412102608498502 0.47617290403087092 0.47708656552975098
0.47800110273724233 0.47979456177087254 0.48506122325630441 0.4903566330067603 0.49372229557031516 0.49999999999999989 0.5063173633628596 0.5100122556907144
0.51639235904554182 0.52281212133354382 0.52656660869894467 0.53304911097891483 0.53957127219205958 0.54338535459500636 0.54997025580011905 0.55659481593840654
0.56046849337889948 0.56715579350915479 0.5738827525725847 0.57781602505062368 0.58460572410602174 0.59143508209459439 0.59542794961017931 0.60232004759071989
0.60925180450443517 0.61330426705756613 0.62029876396324934 0.62733291980210748 0.63144497739278449 0.63854187322361056 0.6456784279876111 0.64985008061583416
0.65704937537180264 0.65797985667433112 0.66428832906094581 0.66836611270071467 0.6751368545690376 0.68194171860727404 0.68408354590909326 0.68461716208287782
0.68515098629793103 0.6874534657254272 0.69485755833168095 0.70230130987110939 0.70665174761197058 0.71415823914336729 0.72170438960793826 0.7261144223863456
0.73372331284288461 0.74118095489747926 0.74137186223259854 0.74584149004855183 0.75355277943023347 0.76130372774508981 0.76583295059858914 0.77364663890541374
0.78149998614541272 0.78608880403645809 0.79400489126842499 0.80196063743356683 0.80660905036215835 0.81462753651926789 0.82268568160955213 0.82635182233306947
0.82739368957568959 0.83551457465794199 0.84367511867336886 0.84844272167705248 0.85666600568444728 0.86492894862501679 0.86975614666624634 0.87808182959878378
0.88644717146449625 0.89133396454327185 0.89976204640095225 0.90822978719180703 0.91317617530812867 0.92170665609095137 0.93027679580694878 0.93528277896081646
0.94391565866878191 0.95258819730992217 0.95765377550133601 0.96638905413444398 0.97516399170072665 0.97775882731219177 0.97787542547384743 0.97799203058727913
0.980556646364383 0.98927824388064578 0.99803845713897188 0.99999999999999978 1.0031889472458686 1.0121290237292617 1.0211087591458301 1.0263531224498819
1.0353955978584179 1.0444777322001284 1.0497816905417263 1.0589265648754052 1.0681110981422584 1.0734746515214024 1.0827219247802236 1.0920088569722195
1.0974320053889095 1.1067816775728734 1.1161710086900121 1.1216537521442482 1.1311058232533548 1.1405975532956361 1.1461398917874182 1.1556943618216673
1.165288490789091 1.1708904243184193 1.1736481776669303 1.1805472932778109 1.1902438211703776 1.1959053497372518 1.2056646176217862 1.2154635444394952
1.2211846680439153 1.2310463348535927 1.2409476605964445 1.2467283792384107 1.2566924449732304 1.2588190451025207 1.2666961696412249 1.2725364833207373
1.2826029479806995 1.2927090715738365 1.2986089802908949 1.308777843876 1.3189863663942798 1.3249458701488841 1.3352171326591316 1.3420201433256687
1.3455280541025543 1.3515471528947047 1.3619208143300949 1.3723341346986597 1.3779787325374859 1.3869562416926198 1.395962900134736 1.3990265931216801
1.4005299954757493 1.4020342051786712 1.4055428970498394 1.4161213563355148 1.4267394745543649 1.4329373584591536 1.4436182166699716 1.4543387338139648
1.4605962127562995 1.4713794698922604 1.482202385961396 1.4885194599412765 1.4994051160023798 1.4999999999999998 1.5103304309966579 1.5167071000140846
1.5276951550003306 1.5387228689197516 1.5451591329747245 1.556249586886113 1.5673796997306764 1.5738755588231952 1.5850684116597269 1.5963009234294327
1.6028563775594975 1.6141516293211715 1.6254865400160203 1.6321015891836315 1.6427876096865393 1.6434992398704478 1.6549365494904391 1.661611193695596
1.6731112433075555 1.6846509518526893 1.6913851910953923 1.7029876396324941 1.7146297471027707 1.7214235813830197 1.7331284288452642 1.7448729352406835
1.7517263645584786 1.7635336109458661 1.7660444431189777 1.775380516266428 1.782293540621769 1.7942031859342988 1.8061524901800032 1.8131251095728904
1.8251371538105625 1.8371888569814101 1.8442210714118432 1.8563355145746587 1.8660254037844388 1.8684896166706484 1.8755814261386277 1.8877982682265853
1.9000547692477174 1.9072061737532429 1.919525414766343 1.9318843147126183 1.9390953142556897 1.9396926207859082 1.9515169541939326 1.9639782530653502
1.9712488476459675 1.9837728865093531 1.9848077530122081 1.9963365843059133 2
values 686
0 1.5745966692414834e-16 8.0576533761952744e-16 1.008154645026866e-15 1.1522544308296501e-15 1.2493690398535639e-15 1.4416736516931398e-15 1.6477381333986851e-15
1.7866132293126922e-15 2.0616112103821579e-15 2.3562859760940903e-15 2.5548790864300999e-15 2.9481296115676344e-15 3.3695181828958168e-15 3.6535087948436335e-15 4.2158619252903658e-15
4.8184528109300058e-15 5.2245629098052311e-15 6.0287348640896912e-15 6.8904473075749393e-15 7.4711897880297148e-15 8.6211656609193279e-15 9.8534251473354098e-15 1.0683894100308652e-14
1.2328373867580454e-14 1.4090520223180142e-14 1.5278101130491052e-14 1.7629727602593508e-14 2.0149618756026079e-14 2.1847874189128156e-14 2.5210729223500238e-14 2.8814204840022902e-14
3.1242731181517609e-14 3.6051655607381529e-14 4.120467045137005e-14 4.4677493253155936e-14 5.1554314851857007e-14 5.8923190017991781e-14 6.3889369715750778e-14 7.3723309930327121e-14
8.4260892851793833e-14 9.1362591440547282e-14 1.0542524796811055e-13 1.2049412229741081e-13 1.306496393980629e-13 1.5075941272362078e-13 1.7230808999093469e-13 1.8683060545575118e-13
2.1558783083579759e-13 2.4640270670664928e-13 2.6717008401846472e-13 3.0829327313506099e-13 3.5235892798508471e-13 3.8205653522510934e-13 4.4086320592334377e-13 5.0387763913085001e-13
5.4634558597558607e-13 6.3043985475434103e-13 7.2055127613178071e-13 7.8128096706717216e-13 9.015368148726457e-13 1.0303972655557954e-12 1.1172414771347525e-12 1.2892088316456781e-12
1.4734808750386335e-12 1.5976691751700189e-12 1.8435846259123685e-12 2.1070959344340876e-12 2.2846867445654114e-12 2.636348890475615e-12 3.0131733313418472e-12 3.2671303933978828e-12
3.7700116255158971e-12 4.3088752516378299e-12 4.6720370015078903e-12 5.3911634032477758e-12 6.161745074887163e-12 6.6810708833562472e-12 7.7094305608516202e-12 8.811371912766486e-12
9.5540142627346984e-12 1.1024581361564287e-11 1.2600371167824067e-11 1.3662358943074667e-11 1.576528814137534e-11 1.8018687116917257e-11 1.9537342812798325e-11 2.2544557659768014e-11
2.5766946155239877e-11 2.7938642644013293e-11 3.223899718906535e-11 3.6847052721376152e-11 3.9952605646994728e-11 4.610216600573826e-11 5.2691742594252864e-11 5.7132721811963592e-11
6.5926669429455264e-11 7.5349845715294158e-11 8.1700501100827524e-11 9.427595531020583e-11 1.0775121432286606e-10 1.1683273032387857e-10 1.3481578588104581e-10 1.5408557347179294e-10
1.6707225403778933e-10 1.9278824662046598e-10 2.2034428197708851e-10 2.3891539632676596e-10 2.7568958480713857e-10 3.1509505728572691e-10 3.4165198123839803e-10 3.9423952706390815e-10
4.5058984165615699e-10 4.8856657242999972e-10 5.6376741547310509e-10 6.4434906454153641e-10 6.9865626076799825e-10 8.0619439942079091e-10 9.2142715745549168e-10 9.9908712190958874e-10
1.1528679945293082e-09 1.3176522683409235e-09 1.4287069811245102e-09 1.6486155371023688e-09 1.8842590933161709e-09 2.0430687105770026e-09 2.3575406742772901e-09 2.6945138835567612e-09
2.9216136067686809e-09 3.371312416866237e-09 3.8531882873402029e-09 4.1779437094140703e-09 4.8210185877707806e-09 5.5101070617226097e-09 5.9745113448927812e-09 6.8941164002937139e-09
7.8795214683379247e-09 8.5436253556557605e-09 9.858671995449804e-09 1.1267813469778249e-08 1.2217490268924079e-08 1.4098023281087257e-08 1.6113113074174708e-08 1.7471162680657786e-08
2.0160348221932097e-08 2.3041951629524935e-08 2.4983979417639442e-08 2.8829548109401031e-08 3.2950276737542255e-08 3.5727400571461585e-08 4.122661151696191e-08 4.7119304585702866e-08
5.1090626127095789e-08 5.8954566014035529e-08 6.7381190219583128e-08 7.3060229300412825e-08 8.4305760915453533e-08 9.6355938087958501e-08 1.0447703443974849e-07 1.2055828418517258e-07
1.3779018706190991e-07 1.49403455612515e-07 1.7239984228656241e-07 1.9704167721583108e-07 2.1364879534203654e-07 2.4653391362787056e-07 2.8177204333559171e-07 3.0552042831919506e-07
3.5254655551046114e-07 4.0293751823147608e-07 4.36898003430861e-07 5.0414594882024309e-07 5.7620565076845226e-07 6.247695659893787e-07 7.2093496231683186e-07 8.2398123022826475e-07
8.9342823158112105e-07 1.030945941561243e-06 1.1783033832851425e-06 1.2776134569265161e-06 1.4742654885344619e-06 1.6849884586285908e-06 1.8270030961871549e-06 2.1082179414687012e-06
2.409554403379395e-06 2.6126370972229348e-06 3.0147778153233447e-06 3.4456926948748862e-06 3.7361034669457658e-06 4.3111696836400017e-06 4.9273833082426305e-06 5.3426743157559581e-06
6.1650261411198578e-06 7.0462192703547723e-06 7.6400905640798625e-06 8.8160638781911091e-06 1.0076180986947918e-05 1.0925424305801606e-05 1.2607080736599746e-05 1.4409063837807425e-05
1.562349232128197e-05 1.8028281883519616e-05 2.0605140077470768e-05 2.2341787877614819e-05 2.5780666790534287e-05 2.9465605981852449e-05 3.194903388459431e-05 3.6866673400094444e-05
4.2136182166850423e-05 4.5687514882444946e-05 5.2719800408275806e-05 6.0255263329438683e-05 6.533371317810455e-05 7.5389968737491693e-05 8.6165774215689577e-05 9.342802051330148e-05
0.00010780859074245985 0.00012321812628378001 0.00012837666049145543 0.00013003707734822044 0.00013170816319115503 0.00013749942900261188 0.0001565180314767176 0.0001767681471939306
0.00019105427466329205 0.00022046161305365458 0.00025197311912613957 0.0002732099833930462 0.00031526284218107473 0.00036032468686330519 0.00039011017193689044 0.00044805226243616405
0.00051000468124037866 0.00052946507313226686 0.00053180279719477195 0.00053414567072102178 0.00055869679054686876 0.00064469217382827815 0.0007368407391457664 0.00079894334285934875
0.00092191780799287559 0.001053691399787422 0.0011043155563285208 0.0011412232397345001 0.0011787375789259838 0.0012293888104630676 0.0013704923548943646 0.0015192596702174389
0.0016219538671254654 0.0018291871116053037 0.0020488754833695591 0.0021286536844477952 0.0021754105698168127 0.0022226754101569513 0.00233633653196699 0.0026959486846414239
0.003081291974888105 0.0032101904927094786 0.0032513658779457014 0.0032928036503629462 0.0034376073844505778 0.0039135266631643286 0.004420289753671508 0.0045942729580826904
0.00466584923259937 0.0047379787654307755 0.0049395362085967818 0.0055852997554365798 0.0062707222354510747 0.0064846664382575353 0.0065088908507355677 0.0065331604258012412
0.0067443143854467192 0.0074695456022225654 0.0082318042750425813 0.0085588717787650637 0.0089010047132213228 0.0092498425166215453 0.00950077290459647 0.010018803182515043
0.010550583894164831 0.010977768741120487 0.011930729063388197 0.012923348318830607 0.013237035075345632 0.013296885156436514 0.013356870235926856 0.013658067103976096
0.014655755119882236 0.015192246987791938 0.015688609371390268 0.016325221535292877 0.017482979707845861 0.018680396813573544 0.019046330469556613 0.019080861781889554
0.019115424368798609 0.0194754161723346 0.020702124378018372 0.021966295401658554 0.022730245880790534 0.024092801903628797 0.025495016859641756 0.026070756380505027
0.026625231877418214 0.027185541814428529 0.027614527147053404 0.028534383590235447 0.029469310542266404 0.030192841777613461 0.031760195650737004 0.033367208457035231
0.034074173710931702 0.034320729057771913 0.035990481856038078 0.037699893587478939 0.038306306356173145 0.038656254451085621 0.03900779376516806 0.039521326653933604
0.040949882995203822 0.042403801624931028 0.04336968228158275 0.045244232930134187 0.047158442511860327 0.048290748225235131 0.050267697798929228 0.052284306305798001
0.053218016038404134 0.05439277192836086 0.055580352671162528 0.05619301723146515 0.057107337592271129 0.058029036529554913 0.058926058776033872 0.060307379214091607
0.061107806200013222 0.063329212557167294 0.064640303383180234 0.066924449732302216 0.0692482550145989 0.070618940878157885 0.073005486152422513 0.07543169035986183
0.076572438965270079 0.078049921431083039 0.079541522192999869 0.08027411679595492 0.081295122789556723 0.082322580900214368 0.083369394531607161 0.085960737656157069
0.088591739713881665 0.090141210690078771 0.092834952739771312 0.095568353722638569 0.097177419736381707 0.099973560711216894 0.10280936061922676 0.10447802167051595
0.10737656157049379 0.11031476040364629 0.11153476546101723 0.11276788004503058 0.11400777378701207 0.11488451212858773 0.11666195398497145 0.11845304038600855
0.1198724042022784 0.12297574195254149 0.12611873863597933 0.1279661847999066 0.13117192147531231 0.13397459621556132 0.13441731708389279 0.1363243582853661
0.13963249388591453 0.14298028841963759 0.14494692465865691 0.14835745918434792 0.15180765264321369 0.15383388391977906 0.15734681737061276 0.16089940975462116
0.16212165713007878 0.16274447870028058 0.16336849432249942 0.16441767425089437 0.16741587248916825 0.17044116074360102 0.17240098110551735 0.17611871240663626
0.17987610264092993 0.18208111903013344 0.18590124925639506 0.18976103841583131 0.19202564984258086 0.19594817899398512 0.19991036707856405 0.20223457354285965
0.20625950161940648 0.21032408862912808 0.21270789013096969 0.21683521713265921 0.22100220306752338 0.22344559960691104 0.22767532553374314 0.23194471039375
0.23327161405988653 0.23353661997897626 0.23380177634130528 0.23395555688102193 0.2350565796616356 0.23912599077658417 0.24323032601734107 0.24571419722228771
0.25014872099940516 0.25462290370969731 0.25724508536172308 0.26178200806398311 0.26635858969941789 0.26904036638898976 0.27367968801639248 0.27835866857696978
0.28110004030408769 0.28584176085663299 0.29062314034235304 0.29289321881345248 0.29342410710701694 0.29826822658470492 0.30315200499556755 0.3060125667977775
0.31095908520060817 0.31594526253661348 0.31886541937636947 0.32391433670434266 0.32900291296549067 0.33093608460652857 0.33246751885174464 0.3340024883415082
0.33550193724725613 0.33913012478876126 0.34277782495168274 0.34536430319704725 0.35061801837530571 0.35591139248673898 0.35721239031346069 0.35901033443913311
0.3643664485425343 0.36976222157911021 0.37292075856905033 0.37837927159759416 0.38387744355931264 0.3870955755867988 0.39265648754048521 0.39825705842734638
0.40153478549237864 0.40719809637120774 0.41290106618321143 0.41623838828578974 0.42200409808976141 0.42780946682690785 0.43120638396703215 0.43707449269614657
0.44298226035843563 0.44643877253610603 0.45240928019036303 0.45841944677779467 0.46193555399301106 0.46800846057241063 0.47412102608498502 0.47617290403087092
0.47708656552975098 0.47800110273724233 0.47979456177087254 0.48506122325630441 0.4903566330067603 0.49372229557031516 0.49999999999999989 0.5063173633628596
0.5100122556907144 0.51639235904554182 0.52281212133354382 0.52656660869894467 0.53304911097891483 0.53957127219205958 0.54338535459500636 0.54997025580011905
0.55659481593840654 0.56046849337889948 0.56715579350915479 0.5738827525725847 0.57781602505062368 0.58460572410602174 0.59143508209459439 0.59542794961017931
0.60232004759071989 0.60925180450443517 0.61330426705756613 0.62029876396324934 0.62733291980210748 0.63144497739278449 0.63854187322361056 0.6456784279876111
0.64985008061583416 0.65704937537180264 0.65797985667433112 0.66428832906094581 0.66836611270071467 0.6751368545690376 0.68194171860727404 0.68408354590909326
0.68461716208287782 0.68515098629793103 0.6874534657254272 0.69485755833168095 0.70230130987110939 0.70665174761197058 0.71415823914336729 0.72170438960793826
0.7261144223863456 0.73372331284288461 0.74118095489747926 0.74137186223259854 0.74584149004855183 0.75355277943023347 0.76130372774508981 0.76583295059858914
0.77364663890541374 0.78149998614541272 0.78608880403645809 0.79400489126842499 0.80196063743356683 0.80660905036215835 0.81462753651926789 0.82268568160955213
0.82635182233306947 0.82739368957568959 0.83551457465794199 0.84367511867336886 0.84844272167705248 0.85666600568444728 0.86492894862501679 0.86975614666624634
0.87808182959878378 0.88644717146449625 0.89133396454327185 0.89976204640095225 0.90822978719180703 0.91317617530812867 0.92170665609095137 0.93027679580694878
0.93528277896081646 0.94391565866878191 0.95258819730992217 0.95765377550133601 0.96638905413444398 0.97516399170072665 0.97775882731219177 0.97787542547384743
0.97799203058727913 0.980556646364383 0.98927824388064578 0.99803845713897188 0.99999999999999978 1.0031889472458686 1.0121290237292617 1.0211087591458301
1.0263531224498819 1.0353955978584179 1.0444777322001284 1.0497816905417263 1.0589265648754052 1.0681110981422584 1.0734746515214024 1.0827219247802236
1.0920088569722195 1.0974320053889095 1.1067816775728734 1.1161710086900121 1.1216537521442482 1.1311058232533548 1.1405975532956361 1.1461398917874182
1.1556943618216673 1.165288490789091 1.1708904243184193 1.1736481776669303 1.1805472932778109 1.1902438211703776 1.1959053497372518 1.2056646176217862
1.2154635444394952 1.2211846680439153 1.2310463348535927 1.2409476605964445 1.2467283792384107 1.2566924449732304 1.2588190451025207 1.2666961696412249
1.2725364833207373 1.2826029479806995 1.2927090715738365 1.2986089802908949 1.308777843876 1.3189863663942798 1.3249458701488841 1.3352171326591316
1.3420201433256687 1.3455280541025543 1.3515471528947047 1.3619208143300949 1.3723341346986597 1.3779787325374859 1.3869562416926198 1.395962900134736
1.3990265931216801 1.4005299954757493 1.4020342051786712 1.4055428970498394 1.4161213563355148 1.4267394745543649 1.4329373584591536 1.4436182166699716
1.4543387338139648 1.4605962127562995 1.4713794698922604 1.482202385961396 1.4885194599412765 1.4994051160023798 1.4999999999999998 1.5103304309966579
1.5167071000140846 1.5276951550003306 1.5387228689197516 1.5451591329747245 1.556249586886113 1.5673796997306764 1.5738755588231952 1.5850684116597269
1.5963009234294327 1.6028563775594975 1.6141516293211715 1.6254865400160203 1.6321015891836315 1.6427876096865393 1.6434992398704478 1.6549365494904391
1.661611193695596 1.6731112433075555 1.6846509518526893 1.6913851910953923 1.7029876396324941 1.7146297471027707 1.7214235813830197 1.7331284288452642
1.7448729352406835 1.7517263645584786 1.7635336109458661 1.7660444431189777 1.775380516266428 1.782293540621769 1.7942031859342988 1.8061524901800032
1.8131251095728904 1.8251371538105625 1.8371888569814101 1.8442210714118432 1.8563355145746587 1.8660254037844388 1.8684896166706484 1.8755814261386277
1.8877982682265853 1.9000547692477174 1.9072061737532429 1.919525414766343 1.9318843147126183 1.9390953142556897 1.9396926207859082 1.9515169541939326
1.9639782530653502 1.9712488476459675 1.9837728865093531 1.9848077530122081 1.9963365843059133 2
values 687
0 1.5745966692414834e-16 7.0499713100505597e-16 8.0576533761952744e-16 1.008154645026866e-15 1.1522544308296501e-15 1.2493690398535639e-15 1.4416736516931398e-15
1.6477381333986851e-15 1.7866132293126922e-15 2.0616112103821579e-15 2.3562859760940903e-15 2.5548790864300999e-15 2.9481296115676344e-15 3.3695181828958168e-15 3.6535087948436335e-15
4.2158619252903658e-15 4.8184528109300058e-15 5.2245629098052311e-15 6.0287348640896912e-15 6.8904473075749393e-15 7.4711897880297148e-15 8.6211656609193279e-15 9.8534251473354098e-15
1.0683894100308652e-14 1.2328373867580454e-14 1.4090520223180142e-14 1.5278101130491052e-14 1.7629727602593508e-14 2.0149618756026079e-14 2.1847874189128156e-14 2.5210729223500238e-14
2.8814204840022902e-14 3.1242731181517609e-14 3.6051655607381529e-14 4.120467045137005e-14 4.4677493253155936e-14 5.1554314851857007e-14 5.8923190017991781e-14 6.3889369715750778e-14
7.3723309930327121e-14 8.4260892851793833e-14 9.1362591440547282e-14 1.0542524796811055e-13 1.2049412229741081e-13 1.306496393980629e-13 1.5075941272362078e-13 1.7230808999093469e-13
1.8683060545575118e-13 2.1558783083579759e-13 2.4640270670664928e-13 2.6717008401846472e-13 3.0829327313506099e-13 3.5235892798508471e-13 3.8205653522510934e-13 4.4086320592334377e-13
5.0387763913085001e-13 5.4634558597558607e-13 6.3043985475434103e-13 7.2055127613178071e-13 7.8128096706717216e-13 9.015368148726457e-13 1.0303972655557954e-12 1.1172414771347525e-12
1.2892088316456781e-12 1.4734808750386335e-12 1.5976691751700189e-12 1.8435846259123685e-12 2.1070959344340876e-12 2.2846867445654114e-12 2.636348890475615e-12 3.0131733313418472e-12
3.2671303933978828e-12 3.7700116255158971e-12 4.3088752516378299e-12 4.6720370015078903e-12 5.3911634032477758e-12 6.161745074887163e-12 6.6810708833562472e-12 7.7094305608516202e-12
8.811371912766486e-12 9.5540142627346984e-12 1.1024581361564287e-11 1.2600371167824067e-11 1.3662358943074667e-11 1.576528814137534e-11 1.8018687116917257e-11 1.9537342812798325e-11
2.2544557659768014e-11 2.5766946155239877e-11 2.7938642644013293e-11 3.223899718906535e-11 3.6847052721376152e-11 3.9952605646994728e-11 4.610216600573826e-11 5.2691742594252864e-11
5.7132721811963592e-11 6.5926669429455264e-11 7.5349845715294158e-11 8.1700501100827524e-11 9.427595531020583e-11 1.0775121432286606e-10 1.1683273032387857e-10 1.3481578588104581e-10
1.5408557347179294e-10 1.6707225403778933e-10 1.9278824662046598e-10 2.2034428197708851e-10 2.3891539632676596e-10 2.7568958480713857e-10 3.1509505728572691e-10 3.4165198123839803e-10
3.9423952706390815e-10 4.5058984165615699e-10 4.8856657242999972e-10 5.6376741547310509e-10 6.4434906454153641e-10 6.9865626076799825e-10 8.0619439942079091e-10 9.2142715745549168e-10
9.9908712190958874e-10 1.1528679945293082e-09 1.3176522683409235e-09 1.4287069811245102e-09 1.6486155371023688e-09 1.8842590933161709e-09 2.0430687105770026e-09 2.3575406742772901e-09
2.6945138835567612e-09 2.9216136067686809e-09 3.371312416866237e-09 3.8531882873402029e-09 4.1779437094140703e-09 4.8210185877707806e-09 5.5101070617226097e-09 5.9745113448927812e-09
6.8941164002937139e-09 7.8795214683379247e-09 8.5436253556557605e-09 9.858671995449804e-09 1.1267813469778249e-08 1.2217490268924079e-08 1.4098023281087257e-08 1.6113113074174708e-08
1.7471162680657786e-08 2.0160348221932097e-08 2.3041951629524935e-08 2.4983979417639442e-08 2.8829548109401031e-08 3.2950276737542255e-08 3.5727400571461585e-08 4.122661151696191e-08
4.7119304585702866e-08 5.1090626127095789e-08 5.8954566014035529e-08 6.7381190219583128e-08 7.3060229300412825e-08 8.4305760915453533e-08 9.6355938087958501e-08 1.0447703443974849e-07
1.2055828418517258e-07 1.3779018706190991e-07 1.49403455612515e-07 1.7239984228656241e-07 1.9704167721583108e-07 2.1364879534203654e-07 2.4653391362787056e-07 2.8177204333559171e-07
3.0552042831919506e-07 3.5254655551046114e-07 4.0293751823147608e-07 4.36898003430861e-07 5.0414594882024309e-07 5.7620565076845226e-07 6.247695659893787e-07 7.2093496231683186e-07
8.2398123022826475e-07 8.9342823158112105e-07 1.030945941561243e-06 1.1783033832851425e-06 1.2776134569265161e-06 1.4742654885344619e-06 1.6849884586285908e-06 1.8270030961871549e-06
2.1082179414687012e-06 2.409554403379395e-06 2.6126370972229348e-06 3.0147778153233447e-06 3.4456926948748862e-06 3.7361034669457658e-06 4.3111696836400017e-06 4.9273833082426305e-06
5.3426743157559581e-06 6.1650261411198578e-06 7.0462192703547723e-06 7.6400905640798625e-06 8.8160638781911091e-06 1.0076180986947918e-05 1.0925424305801606e-05 1.2607080736599746e-05
1.4409063837807425e-05 1.562349232128197e-05 1.8028281883519616e-05 2.0605140077470768e-05 2.2341787877614819e-05 2.5780666790534287e-05 2.9465605981852449e-05 3.194903388459431e-05
3.6866673400094444e-05 4.2136182166850423e-05 4.5687514882444946e-05 5.2719800408275806e-05 6.0255263329438683e-05 6.533371317810455e-05 7.5389968737491693e-05 8.6165774215689577e-05
9.342802051330148e-05 0.00010780859074245985 0.00012321812628378001 0.00012837666049145543 0.00013003707734822044 0.00013170816319115503 0.00013749942900261188 0.0001565180314767176
0.0001767681471939306 0.00019105427466329205 0.00022046161305365458 0.00025197311912613957 0.0002732099833930462 0.00031526284218107473 0.00036032468686330519 0.00039011017193689044
0.00044805226243616405 0.00051000468124037866 0.00052946507313226686 0.00053180279719477195 0.00053414567072102178 0.00055869679054686876 0.00064469217382827815 0.0007368407391457664
0.00079894334285934875 0.00092191780799287559 0.001053691399787422 0.0011043155563285208 0.0011412232397345001 0.0011787375789259838 0.0012293888104630676 0.0013704923548943646
0.0015192596702174389 0.0016219538671254654 0.0018291871116053037 0.0020488754833695591 0.0021286536844477952 0.0021754105698168127 0.0022226754101569513 0.00233633653196699
0.0026959486846414239 0.003081291974888105 0.0032101904927094786 0.0032513658779457014 0.0032928036503629462 0.0034376073844505778 0.0039135266631643286 0.004420289753671508
0.0045942729580826904 0.00466584923259937 0.0047379787654307755 0.0049395362085967818 0.0055852997554365798 0.0062707222354510747 0.0064846664382575353 0.0065088908507355677
0.0065331604258012412 0.0067443143854467192 0.0074695456022225654 0.0082318042750425813 0.0085588717787650637 0.0089010047132213228 0.0092498425166215453 0.00950077290459647
0.010018803182515043 0.010550583894164831 0.010977768741120487 0.011930729063388197 0.012923348318830607 0.013237035075345632 0.013296885156436514 0.013356870235926856
0.013658067103976096 0.014655755119882236 0.015192246987791938 0.015688609371390268 0.016325221535292877 0.017482979707845861 0.018680396813573544 0.019046330469556613
0.019080861781889554 0.019115424368798609 0.0194754161723346 0.020702124378018372 0.021966295401658554 0.022730245880790534 0.024092801903628797 0.025495016859641756
0.026070756380505027 0.026625231877418214 0.027185541814428529 0.027614527147053404 0.028534383590235447 0.029469310542266404 0.030192841777613461 0.031760195650737004
0.033367208457035231 0.034074173710931702 0.034320729057771913 0.035990481856038078 0.037699893587478939 0.038306306356173145 0.038656254451085621 0.03900779376516806
0.039521326653933604 0.040949882995203822 0.042403801624931028 0.04336968228158275 0.045244232930134187 0.047158442511860327 0.048290748225235131 0.050267697798929228
0.052284306305798001 0.053218016038404134 0.05439277192836086 0.055580352671162528 0.05619301723146515 0.057107337592271129 0.058029036529554913 0.058926058776033872
0.060307379214091607 0.061107806200013222 0.063329212557167294 0.064640303383180234 0.066924449732302216 0.0692482550145989 0.070618940878157885 0.073005486152422513
0.07543169035986183 0.076572438965270079 0.078049921431083039 0.079541522192999869 0.08027411679595492 0.081295122789556723 0.082322580900214368 0.083369394531607161
0.085960737656157069 0.088591739713881665 0.090141210690078771 0.092834952739771312 0.095568353722638569 0.097177419736381707 0.099973560711216894 0.10280936061922676
0.10447802167051595 0.10737656157049379 0.11031476040364629 0.11153476546101723 0.11276788004503058 0.11400777378701207 0.11488451212858773 0.11666195398497145
0.11845304038600855 0.1198724042022784 0.12297574195254149 0.12611873863597933 0.1279661847999066 0.13117192147531231 0.13397459621556132 0.13441731708389279
0.1363243582853661 0.13963249388591453 0.14298028841963759 0.14494692465865691 0.14835745918434792 0.15180765264321369 0.15383388391977906 0.15734681737061276
0.16089940975462116 0.16212165713007878 0.16274447870028058 0.16336849432249942 0.16441767425089437 0.16741587248916825 0.17044116074360102 0.17240098110551735
0.17611871240663626 0.17987610264092993 0.18208111903013344 0.18590124925639506 0.18976103841583131 0.19202564984258086 0.19594817899398512 0.19991036707856405
0.20223457354285965 0.20625950161940648 0.21032408862912808 0.21270789013096969 0.21683521713265921 0.22100220306752338 0.22344559960691104 0.22767532553374314
0.23194471039375 0.23327161405988653 0.23353661997897626 0.23380177634130528 0.23395555688102193 0.2350565796616356 0.23912599077658417 0.24323032601734107
0.24571419722228771 0.25014872099940516 0.25462290370969731 0.25724508536172308 0.26178200806398311 0.26635858969941789 0.26904036638898976 0.27367968801639248
0.27835866857696978 0.28110004030408769 0.28584176085663299 0.29062314034235304 0.29289321881345248 0.29342410710701694 0.29826822658470492 0.30315200499556755
0.3060125667977775 0.31095908520060817 0.31594526253661348 0.31886541937636947 0.32391433670434266 0.32900291296549067 0.33093608460652857 0.33246751885174464
0.3340024883415082 0.33550193724725613 0.33913012478876126 0.34277782495168274 0.34536430319704725 0.35061801837530571 0.35591139248673898 0.35721239031346069
0.35901033443913311 0.3643664485425343 0.36976222157911021 0.37292075856905033 0.37837927159759416 0.38387744355931264 0.3870955755867988 0.39265648754048521
0.39825705842734638 0.40153478549237864 0.40719809637120774 0.41290106618321143 0.41623838828578974 0.42200409808976141 0.42780946682690785 0.43120638396703215
0.43707449269614657 0.44298226035843563 0.44643877253610603 0.45240928019036303 0.45841944677779467 0.46193555399301106 0.46800846057241063 0.47412102608498502
0.47617290403087092 0.47708656552975098 0.47800110273724233 0.47979456177087254 0.48506122325630441 0.4903566330067603 0.49372229557031516 0.49999999999999989
0.5063173633628596 0.5100122556907144 0.51639235904554182 0.52281212133354382 0.52656660869894467 0.53304911097891483 0.53957127219205958 0.54338535459500636
0.54997025580011905 0.55659481593840654 0.56046849337889948 0.56715579350915479 0.5738827525725847 0.57781602505062368 0.58460572410602174 0.59143508209459439
0.59542794961017931 0.60232004759071989 0.60925180450443517 0.61330426705756613 0.62029876396324934 0.62733291980210748 0.63144497739278449 0.63854187322361056
0.6456784279876111 0.64985008061583416 0.65704937537180264 0.65797985667433112 0.66428832906094581 0.66836611270071467 0.6751368545690376 0.68194171860727404
0.68408354590909326 0.68461716208287782 0.68515098629793103 0.6874534657254272 0.69485755833168095 0.70230130987110939 0.70665174761197058 0.71415823914336729
0.72170438960793826 0.7261144223863456 0.73372331284288461 0.74118095489747926 0.74137186223259854 0.74584149004855183 0.75355277943023347 0.76130372774508981
0.76583295059858914 0.77364663890541374 0.78149998614541272 0.78608880403645809 0.79400489126842499 0.80196063743356683 0.80660905036215835 0.81462753651926789
0.82268568160955213 0.82635182233306947 0.82739368957568959 0.83551457465794199 0.84367511867336886 0.84844272167705248 0.85666600568444728 0.86492894862501679
0.86975614666624634 0.87808182959878378 0.88644717146449625 0.89133396454327185 0.89976204640095225 0.90822978719180703 0.91317617530812867 0.92170665609095137
0.93027679580694878 0.93528277896081646 0.94391565866878191 0.95258819730992217 0.95765377550133601 0.96638905413444398 0.97516399170072665 0.97775882731219177
0.97787542547384743 0.97799203058727913 0.980556646364383 0.98927824388064578 0.99803845713897188 0.99999999999999978 1.0031889472458686 1.0121290237292617
1.0211087591458301 1.0263531224498819 1.0353955978584179 1.0444777322001284 1.0497816905417263 1.0589265648754052 1.0681110981422584 1.0734746515214024
1.0827219247802236 1.0920088569722195 1.0974320053889095 1.1067816775728734 1.1161710086900121 1.1216537521442482 1.1311058232533548 1.1405975532956361
1.1461398917874182 1.1556943618216673 1.165288490789091 1.1708904243184193 1.1736481776669303 1.1805472932778109 1.1902438211703776 1.1959053497372518
1.2056646176217862 1.2154635444394952 1.2211846680439153 1.2310463348535927 1.2409476605964445 1.2467283792384107 1.2566924449732304 1.2588190451025207
1.2666961696412249 1.2725364833207373 1.2826029479806995 1.2927090715738365 1.2986089802908949 1.308777843876 1.3189863663942798 1.3249458701488841
1.3352171326591316 1.3420201433256687 1.3455280541025543 1.3515471528947047 1.3619208143300949 1.3723341346986597 1.3779787325374859 1.3869562416926198
1.395962900134736 1.3990265931216801 1.4005299954757493 1.4020342051786712 1.4055428970498394 1.4161213563355148 1.4267394745543649 1.4329373584591536
1.4436182166699716 1.4543387338139648 1.4605962127562995 1.4713794698922604 1.482202385961396 1.4885194599412765 1.4994051160023798 1.4999999999999998
1.5103304309966579 1.5167071000140846 1.5276951550003306 1.5387228689197516 1.5451591329747245 1.556249586886113 1.5673796997306764 1.5738755588231952
1.5850684116597269 1.5963009234294327 1.6028563775594975 1.6141516293211715 1.6254865400160203 1.6321015891836315 1.6427876096865393 1.6434992398704478
1.6549365494904391 1.661611193695596 1.6731112433075555 1.6846509518526893 1.6913851910953923 1.7029876396324941 1.7146297471027707 1.7214235813830197
1.7331284288452642 1.7448729352406835 1.7517263645584786 1.7635336109458661 1.7660444431189777 1.775380516266428 1.782293540621769 1.7942031859342988
1.8061524901800032 1.8131251095728904 1.8251371538105625 1.8371888569814101 1.8442210714118432 1.8563355145746587 1.8660254037844388 1.8684896166706484
1.8755814261386277 1.8877982682265853 1.9000547692477174 1.9072061737532429 1.919525414766343 1.9318843147126183 1.9390953142556897 1.9396926207859082
1.9515169541939326 1.9639782530653502 1.9712488476459675 1.9837728865093531 1.9848077530122081 1.9963365843059133 2
copy 687 713987
copy 687 713987
copy 687 713987
copy 687 713987
copy 687 713987
copy 687 713987
copy 687 713987
copy 687 713987
values 688
0 1.5745966692414834e-16 5.6346737485889274e-16 7.0499713100505597e-16 8.0576533761952744e-16 1.008154645026866e-15 1.1522544308296501e-15 1.2493690398535639e-15
1.4416736516931398e-15 1.6477381333986851e-15 1.7866132293126922e-15 2.0616112103821579e-15 2.3562859760940903e-15 2.5548790864300999e-15 2.9481296115676344e-15 3.3695181828958168e-15
3.6535087948436335e-15 4.2158619252903658e-15 4.8184528109300058e-15 5.2245629098052311e-15 6.0287348640896912e-15 6.8904473075749393e-15 7.4711897880297148e-15 8.6211656609193279e-15
9.8534251473354098e-15 1.0683894100308652e-14 1.2328373867580454e-14 1.4090520223180142e-14 1.5278101130491052e-14 1.7629727602593508e-14 2.0149618756026079e-14 2.1847874189128156e-14
2.5210729223500238e-14 2.8814204840022902e-14 3.1242731181517609e-14 3.6051655607381529e-14 4.120467045137005e-14 4.4677493253155936e-14 5.1554314851857007e-14 5.8923190017991781e-14
6.3889369715750778e-14 7.3723309930327121e-14 8.4260892851793833e-14 9.1362591440547282e-14 1.0542524796811055e-13 1.2049412229741081e-13 1.306496393980629e-13 1.5075941272362078e-13
1.7230808999093469e-13 1.8683060545575118e-13 2.1558783083579759e-13 2.4640270670664928e-13 2.6717008401846472e-13 3.0829327313506099e-13 3.5235892798508471e-13 3.8205653522510934e-13
4.4086320592334377e-13 5.0387763913085001e-13 5.4634558597558607e-13 6.3043985475434103e-13 7.2055127613178071e-13 7.8128096706717216e-13 9.015368148726457e-13 1.0303972655557954e-12
1.1172414771347525e-12 1.2892088316456781e-12 1.4734808750386335e-12 1.5976691751700189e-12 1.8435846259123685e-12 2.1070959344340876e-12 2.2846867445654114e-12 2.636348890475615e-12
3.0131733313418472e-12 3.2671303933978828e-12 3.7700116255158971e-12 4.3088752516378299e-12 4.6720370015078903e-12 5.3911634032477758e-12 6.161745074887163e-12 6.6810708833562472e-12
7.7094305608516202e-12 8.811371912766486e-12 9.5540142627346984e-12 1.1024581361564287e-11 1.2600371167824067e-11 1.3662358943074667e-11 1.576528814137534e-11 1.8018687116917257e-11
1.9537342812798325e-11 2.2544557659768014e-11 2.5766946155239877e-11 2.7938642644013293e-11 3.223899718906535e-11 3.6847052721376152e-11 3.9952605646994728e-11 4.610216600573826e-11
5.2691742594252864e-11 5.7132721811963592e-11 6.5926669429455264e-11 7.5349845715294158e-11 8.1700501100827524e-11 9.427595531020583e-11 1.0775121432286606e-10 1.1683273032387857e-10
1.3481578588104581e-10 1.5408557347179294e-10 1.6707225403778933e-10 1.9278824662046598e-10 2.2034428197708851e-10 2.3891539632676596e-10 2.7568958480713857e-10 3.1509505728572691e-10
3.4165198123839803e-10 3.9423952706390815e-10 4.5058984165615699e-10 4.8856657242999972e-10 5.6376741547310509e-10 6.4434906454153641e-10 6.9865626076799825e-10 8.0619439942079091e-10
9.2142715745549168e-10 9.9908712190958874e-10 1.1528679945293082e-09 1.3176522683409235e-09 1.4287069811245102e-09 1.6486155371023688e-09 1.8842590933161709e-09 2.0430687105770026e-09
2.3575406742772901e-09 2.6945138835567612e-09 2.9216136067686809e-09 3.371312416866237e-09 3.8531882873402029e-09 4.1779437094140703e-09 4.8210185877707806e-09 5.5101070617226097e-09
5.9745113448927812e-09 6.8941164002937139e-09 7.8795214683379247e-09 8.5436253556557605e-09 9.858671995449804e-09 1.1267813469778249e-08 1.2217490268924079e-08 1.4098023281087257e-08
1.6113113074174708e-08 1.7471162680657786e-08 2.0160348221932097e-08 2.3041951629524935e-08 2.4983979417639442e-08 2.8829548109401031e-08 3.2950276737542255e-08 3.5727400571461585e-08
4.122661151696191e-08 4.7119304585702866e-08 5.1090626127095789e-08 5.8954566014035529e-08 6.7381190219583128e-08 7.3060229300412825e-08 8.4305760915453533e-08 9.6355938087958501e-08
1.0447703443974849e-07 1.2055828418517258e-07 1.3779018706190991e-07 1.49403455612515e-07 1.7239984228656241e-07 1.9704167721583108e-07 2.1364879534203654e-07 2.4653391362787056e-07
2.8177204333559171e-07 3.0552042831919506e-07 3.5254655551046114e-07 4.0293751823147608e-07 4.36898003430861e-07 5.0414594882024309e-07 5.7620565076845226e-07 6.247695659893787e-07
7.2093496231683186e-07 8.2398123022826475e-07 8.9342823158112105e-07 1.030945941561243e-06 1.1783033832851425e-06 1.2776134569265161e-06 1.4742654885344619e-06 1.6849884586285908e-06
1.8270030961871549e-06 2.1082179414687012e-06 2.409554403379395e-06 2.6126370972229348e-06 3.0147778153233447e-06 3.4456926948748862e-06 3.7361034669457658e-06 4.3111696836400017e-06
4.9273833082426305e-06 5.3426743157559581e-06 6.1650261411198578e-06 7.0462192703547723e-06 7.6400905640798625e-06 8.8160638781911091e-06 1.0076180986947918e-05 1.0925424305801606e-05
1.2607080736599746e-05 1.4409063837807425e-05 1.562349232128197e-05 1.8028281883519616e-05 2.0605140077470768e-05 2.2341787877614819e-05 2.5780666790534287e-05 2.9465605981852449e-05
3.194903388459431e-05 3.6866673400094444e-05 4.2136182166850423e-05 4.5687514882444946e-05 5.2719800408275806e-05 6.0255263329438683e-05 6.533371317810455e-05 7.5389968737491693e-05
8.6165774215689577e-05 9.342802051330148e-05 0.00010780859074245985 0.00012321812628378001 0.00012837666049145543 0.00013003707734822044 0.00013170816319115503 0.00013749942900261188
0.0001565180314767176 0.0001767681471939306 0.00019105427466329205 0.00022046161305365458 0.00025197311912613957 0.0002732099833930462 0.00031526284218107473 0.00036032468686330519
0.00039011017193689044 0.00044805226243616405 0.00051000468124037866 0.00052946507313226686 0.00053180279719477195 0.00053414567072102178 0.00055869679054686876 0.00064469217382827815
0.0007368407391457664 0.00079894334285934875 0.00092191780799287559 0.001053691399787422 0.0011043155563285208 0.0011412232397345001 0.0011787375789259838 0.0012293888104630676
0.0013704923548943646 0.0015192596702174389 0.0016219538671254654 0.0018291871116053037 0.0020488754833695591 0.0021286536844477952 0.0021754105698168127 0.0022226754101569513
0.00233633653196699 0.0026959486846414239 0.003081291974888105 0.0032101904927094786 0.0032513658779457014 0.0032928036503629462 0.0034376073844505778 0.0039135266631643286
0.004420289753671508 0.0045942729580826904 0.00466584923259937 0.0047379787654307755 0.0049395362085967818 0.0055852997554365798 0.0062707222354510747 0.0064846664382575353
0.0065088908507355677 0.0065331604258012412 0.0067443143854467192 0.0074695456022225654 0.0082318042750425813 0.0085588717787650637 0.0089010047132213228 0.0092498425166215453
0.00950077290459647 0.010018803182515043 0.010550583894164831 0.010977768741120487 0.011930729063388197 0.012923348318830607 0.013237035075345632 0.013296885156436514
0.013356870235926856 0.013658067103976096 0.014655755119882236 0.015192246987791938 0.015688609371390268 0.016325221535292877 0.017482979707845861 0.018680396813573544
0.019046330469556613 0.019080861781889554 0.019115424368798609 0.0194754161723346 0.020702124378018372 0.021966295401658554 0.022730245880790534 0.024092801903628797
0.025495016859641756 0.026070756380505027 0.026625231877418214 0.027185541814428529 0.027614527147053404 0.028534383590235447 0.029469310542266404 0.030192841777613461
0.031760195650737004 0.033367208457035231 0.034074173710931702 0.034320729057771913 0.035990481856038078 0.037699893587478939 0.038306306356173145 0.038656254451085621
0.03900779376516806 0.039521326653933604 0.040949882995203822 0.042403801624931028 0.04336968228158275 0.045244232930134187 0.047158442511860327 0.048290748225235131
0.050267697798929228 0.052284306305798001 0.053218016038404134 0.05439277192836086 0.055580352671162528 0.05619301723146515 0.057107337592271129 0.058029036529554913
0.058926058776033872 0.060307379214091607 0.061107806200013222 0.063329212557167294 0.064640303383180234 0.066924449732302216 0.0692482550145989 0.070618940878157885
0.073005486152422513 0.07543169035986183 0.076572438965270079 0.078049921431083039 0.079541522192999869 0.08027411679595492 0.081295122789556723 0.082322580900214368
0.083369394531607161 0.085960737656157069 0.088591739713881665 0.090141210690078771 0.092834952739771312 0.095568353722638569 0.097177419736381707 0.099973560711216894
0.10280936061922676 0.10447802167051595 0.10737656157049379 0.11031476040364629 0.11153476546101723 0.11276788004503058 0.11400777378701207 0.11488451212858773
0.11666195398497145 0.11845304038600855 0.1198724042022784 0.12297574195254149 0.12611873863597933 0.1279661847999066 0.13117192147531231 0.13397459621556132
0.13441731708389279 0.1363243582853661 0.13963249388591453 0.14298028841963759 0.14494692465865691 0.14835745918434792 0.15180765264321369 0.15383388391977906
0.15734681737061276 0.16089940975462116 0.16212165713007878 0.16274447870028058 0.16336849432249942 0.16441767425089437 0.16741587248916825 0.17044116074360102
0.17240098110551735 0.17611871240663626 0.17987610264092993 0.18208111903013344 0.18590124925639506 0.18976103841583131 0.19202564984258086 0.19594817899398512
0.19991036707856405 0.20223457354285965 0.20625950161940648 0.21032408862912808 0.21270789013096969 0.21683521713265921 0.22100220306752338 0.22344559960691104
0.22767532553374314 0.23194471039375 0.23327161405988653 0.23353661997897626 0.23380177634130528 0.23395555688102193 0.2350565796616356 0.23912599077658417
0.24323032601734107 0.24571419722228771 0.25014872099940516 0.25462290370969731 0.25724508536172308 0.26178200806398311 0.26635858969941789 0.26904036638898976
0.27367968801639248 0.27835866857696978 0.28110004030408769 0.28584176085663299 0.29062314034235304 0.29289321881345248 0.29342410710701694 0.29826822658470492
0.30315200499556755 0.3060125667977775 0.31095908520060817 0.31594526253661348 0.31886541937636947 0.32391433670434266 0.32900291296549067 0.33093608460652857
0.33246751885174464 0.3340024883415082 0.33550193724725613 0.33913012478876126 0.34277782495168274 0.34536430319704725 0.35061801837530571 0.35591139248673898
0.35721239031346069 0.35901033443913311 0.3643664485425343 0.36976222157911021 0.37292075856905033 0.37837927159759416 0.38387744355931264 0.3870955755867988
0.39265648754048521 0.39825705842734638 0.40153478549237864 0.40719809637120774 0.41290106618321143 0.41623838828578974 0.42200409808976141 0.42780946682690785
0.43120638396703215 0.43707449269614657 0.44298226035843563 0.44643877253610603 0.45240928019036303 0.45841944677779467 0.46193555399301106 0.46800846057241063
0.47412102608498502 0.47617290403087092 0.47708656552975098 0.47800110273724233 0.47979456177087254 0.48506122325630441 0.4903566330067603 0.49372229557031516
0.49999999999999989 0.5063173633628596 0.5100122556907144 0.51639235904554182 0.52281212133354382 0.52656660869894467 0.53304911097891483 0.53957127219205958
0.54338535459500636 0.54997025580011905 0.55659481593840654 0.56046849337889948 0.56715579350915479 0.5738827525725847 0.57781602505062368 0.58460572410602174
0.59143508209459439 0.59542794961017931 0.60232004759071989 0.60925180450443517 0.61330426705756613 0.62029876396324934 0.62733291980210748 0.63144497739278449
0.63854187322361056 0.6456784279876111 0.64985008061583416 0.65704937537180264 0.65797985667433112 0.66428832906094581 0.66836611270071467 0.6751368545690376
0.68194171860727404 0.68408354590909326 0.68461716208287782 0.68515098629793103 0.6874534657254272 0.69485755833168095 0.70230130987110939 0.70665174761197058
0.71415823914336729 0.72170438960793826 0.7261144223863456 0.73372331284288461 0.74118095489747926 0.74137186223259854 0.74584149004855183 0.75355277943023347
0.76130372774508981 0.76583295059858914 0.77364663890541374 0.78149998614541272 0.78608880403645809 0.79400489126842499 0.80196063743356683 0.80660905036215835
0.81462753651926789 0.82268568160955213 0.82635182233306947 0.82739368957568959 0.83551457465794199 0.84367511867336886 0.84844272167705248 0.85666600568444728
0.86492894862501679 0.86975614666624634 0.87808182959878378 0.88644717146449625 0.89133396454327185 0.89976204640095225 0.90822978719180703 0.91317617530812867
0.92170665609095137 0.93027679580694878 0.93528277896081646 0.94391565866878191 0.95258819730992217 0.95765377550133601 0.96638905413444398 0.97516399170072665
0.97775882731219177 0.97787542547384743 0.97799203058727913 0.980556646364383 0.98927824388064578 0.99803845713897188 0.99999999999999978 1.0031889472458686
1.0121290237292617 1.0211087591458301 1.0263531224498819 1.0353955978584179 1.0444777322001284 1.0497816905417263 1.0589265648754052 1.0681110981422584
1.0734746515214024 1.0827219247802236 1.0920088569722195 1.0974320053889095 1.1067816775728734 1.1161710086900121 1.1216537521442482 1.1311058232533548
1.1405975532956361 1.1461398917874182 1.1556943618216673 1.165288490789091 1.1708904243184193 1.1736481776669303 1.1805472932778109 1.1902438211703776
1.1959053497372518 1.2056646176217862 1.2154635444394952 1.2211846680439153 1.2310463348535927 1.2409476605964445 1.2467283792384107 1.2566924449732304
1.2588190451025207 1.2666961696412249 1.2725364833207373 1.2826029479806995 1.2927090715738365 1.2986089802908949 1.308777843876 1.3189863663942798
1.3249458701488841 1.3352171326591316 1.3420201433256687 1.3455280541025543 1.3515471528947047 1.3619208143300949 1.3723341346986597 1.3779787325374859
1.3869562416926198 1.395962900134736 1.3990265931216801 1.4005299954757493 1.4020342051786712 1.4055428970498394 1.4161213563355148 1.4267394745543649
1.4329373584591536 1.4436182166699716 1.4543387338139648 1.4605962127562995 1.4713794698922604 1.482202385961396 1.4885194599412765 1.4994051160023798
1.4999999999999998 1.5103304309966579 1.5167071000140846 1.5276951550003306 1.5387228689197516 1.5451591329747245 1.556249586886113 1.5673796997306764
1.5738755588231952 1.5850684116597269 1.5963009234294327 1.6028563775594975 1.6141516293211715 1.6254865400160203 1.6321015891836315 1.6427876096865393
1.6434992398704478 1.6549365494904391 1.661611193695596 1.6731112433075555 1.6846509518526893 1.6913851910953923 1.7029876396324941 1.7146297471027707
1.7214235813830197 1.7331284288452642 1.7448729352406835 1.7517263645584786 1.7635336109458661 1.7660444431189777 1.775380516266428 1.782293540621769
1.7942031859342988 1.8061524901800032 1.8131251095728904 1.8251371538105625 1.8371888569814101 1.8442210714118432 1.8563355145746587 1.8660254037844388
1.8684896166706484 1.8755814261386277 1.8877982682265853 1.9000547692477174 1.9072061737532429 1.919525414766343 1.9318843147126183 1.9390953142556897
1.9396926207859082 1.9515169541939326 1.9639782530653502 1.9712488476459675 1.9837728865093531 1.9848077530122081 1.9963365843059133 2
copy 688 720170
values 689
0 1.5745966692414834e-16 5.6346737485889274e-16 7.0499713100505597e-16 8.0576533761952744e-16 8.7367706235171117e-16 1.008154645026866e-15 1.1522544308296501e-15
1.2493690398535639e-15 1.4416736516931398e-15 1.6477381333986851e-15 1.7866132293126922e-15 2.0616112103821579e-15 2.3562859760940903e-15 2.5548790864300999e-15 2.9481296115676344e-15
3.3695181828958168e-15 3.6535087948436335e-15 4.2158619252903658e-15 4.8184528109300058e-15 5.2245629098052311e-15 6.0287348640896912e-15 6.8904473075749393e-15 7.4711897880297148e-15
8.6211656609193279e-15 9.8534251473354098e-15 1.0683894100308652e-14 1.2328373867580454e-14 1.4090520223180142e-14 1.5278101130491052e-14 1.7629727602593508e-14 2.0149618756026079e-14
2.1847874189128156e-14 2.5210729223500238e-14 2.8814204840022902e-14 3.1242731181517609e-14 3.6051655607381529e-14 4.120467045137005e-14 4.4677493253155936e-14 5.1554314851857007e-14
5.8923190017991781e-14 6.3889369715750778e-14 7.3723309930327121e-14 8.4260892851793833e-14 9.1362591440547282e-14 1.0542524796811055e-13 1.2049412229741081e-13 1.306496393980629e-13
1.5075941272362078e-13 1.7230808999093469e-13 1.8683060545575118e-13 2.1558783083579759e-13 2.4640270670664928e-13 2.6717008401846472e-13 3.0829327313506099e-13 3.5235892798508471e-13
3.8205653522510934e-13 4.4086320592334377e-13 5.0387763913085001e-13 5.4634558597558607e-13 6.3043985475434103e-13 7.2055127613178071e-13 7.8128096706717216e-13 9.015368148726457e-13
1.0303972655557954e-12 1.1172414771347525e-12 1.2892088316456781e-12 1.4734808750386335e-12 1.5976691751700189e-12 1.8435846259123685e-12 2.1070959344340876e-12 2.2846867445654114e-12
2.636348890475615e-12 3.0131733313418472e-12 3.2671303933978828e-12 3.7700116255158971e-12 4.3088752516378299e-12 4.6720370015078903e-12 5.3911634032477758e-12 6.161745074887163e-12
6.6810708833562472e-12 7.7094305608516202e-12 8.811371912766486e-12 9.5540142627346984e-12 1.1024581361564287e-11 1.2600371167824067e-11 1.3662358943074667e-11 1.576528814137534e-11
1.8018687116917257e-11 1.9537342812798325e-11 2.2544557659768014e-11 2.5766946155239877e-11 2.7938642644013293e-11 3.223899718906535e-11 3.6847052721376152e-11 3.9952605646994728e-11
4.610216600573826e-11 5.2691742594252864e-11 5.7132721811963592e-11 6.5926669429455264e-11 7.5349845715294158e-11 8.1700501100827524e-11 9.427595531020583e-11 1.0775121432286606e-10
1.1683273032387857e-10 1.3481578588104581e-10 1.5408557347179294e-10 1.6707225403778933e-10 1.9278824662046598e-10 2.2034428197708851e-10 2.3891539632676596e-10 2.7568958480713857e-10
3.1509505728572691e-10 3.4165198123839803e-10 3.9423952706390815e-10 4.5058984165615699e-10 4.8856657242999972e-10 5.6376741547310509e-10 6.4434906454153641e-10 6.9865626076799825e-10
8.0619439942079091e-10 9.2142715745549168e-10 9.9908712190958874e-10 1.1528679945293082e-09 1.3176522683409235e-09 1.4287069811245102e-09 1.6486155371023688e-09 1.8842590933161709e-09
2.0430687105770026e-09 2.3575406742772901e-09 2.6945138835567612e-09 2.9216136067686809e-09 3.371312416866237e-09 3.8531882873402029e-09 4.1779437094140703e-09 4.8210185877707806e-09
5.5101070617226097e-09 5.9745113448927812e-09 6.8941164002937139e-09 7.8795214683379247e-09 8.5436253556557605e-09 9.858671995449804e-09 1.1267813469778249e-08 1.2217490268924079e-08
1.4098023281087257e-08 1.6113113074174708e-08 1.7471162680657786e-08 2.0160348221932097e-08 2.3041951629524935e-08 2.4983979417639442e-08 2.8829548109401031e-08 3.2950276737542255e-08
3.5727400571461585e-08 4.122661151696191e-08 4.7119304585702866e-08 5.1090626127095789e-08 5.8954566014035529e-08 6.7381190219583128e-08 7.3060229300412825e-08 8.4305760915453533e-08
9.6355938087958501e-08 1.0447703443974849e-07 1.2055828418517258e-07 1.3779018706190991e-07 1.49403455612515e-07 1.7239984228656241e-07 1.9704167721583108e-07 2.1364879534203654e-07
2.4653391362787056e-07 2.8177204333559171e-07 3.0552042831919506e-07 3.5254655551046114e-07 4.0293751823147608e-07 4.36898003430861e-07 5.0414594882024309e-07 5.7620565076845226e-07
6.247695659893787e-07 7.2093496231683186e-07 8.2398123022826475e-07 8.9342823158112105e-07 1.030945941561243e-06 1.1783033832851425e-06 1.2776134569265161e-06 1.4742654885344619e-06
1.6849884586285908e-06 1.8270030961871549e-06 2.1082179414687012e-06 2.409554403379395e-06 2.6126370972229348e-06 3.0147778153233447e-06 3.4456926948748862e-06 3.7361034669457658e-06
4.3111696836400017e-06 4.9273833082426305e-06 5.3426743157559581e-06 6.1650261411198578e-06 7.0462192703547723e-06 7.6400905640798625e-06 8.8160638781911091e-06 1.0076180986947918e-05
1.0925424305801606e-05 1.2607080736599746e-05 1.4409063837807425e-05 1.562349232128197e-05 1.8028281883519616e-05 2.0605140077470768e-05 2.2341787877614819e-05 2.5780666790534287e-05
2.9465605981852449e-05 3.194903388459431e-05 3.6866673400094444e-05 4.2136182166850423e-05 4.5687514882444946e-05 5.2719800408275806e-05 6.0255263329438683e-05 6.533371317810455e-05
7.5389968737491693e-05 8.6165774215689577e-05 9.342802051330148e-05 0.00010780859074245985 0.00012321812628378001 0.00012837666049145543 0.00013003707734822044 0.00013170816319115503
0.00013749942900261188 0.0001565180314767176 0.0001767681471939306 0.00019105427466329205 0.00022046161305365458 0.00025197311912613957 0.0002732099833930462 0.00031526284218107473
0.00036032468686330519 0.00039011017193689044 0.00044805226243616405 0.00051000468124037866 0.00052946507313226686 0.00053180279719477195 0.00053414567072102178 0.00055869679054686876
0.00064469217382827815 0.0007368407391457664 0.00079894334285934875 0.00092191780799287559 0.001053691399787422 0.0011043155563285208 0.0011412232397345001 0.0011787375789259838
0.0012293888104630676 0.0013704923548943646 0.0015192596702174389 0.0016219538671254654 0.0018291871116053037 0.0020488754833695591 0.0021286536844477952 0.0021754105698168127
0.0022226754101569513 0.00233633653196699 0.0026959486846414239 0.003081291974888105 0.0032101904927094786 0.0032513658779457014 0.0032928036503629462 0.0034376073844505778
0.0039135266631643286 0.004420289753671508 0.0045942729580826904 0.00466584923259937 0.0047379787654307755 0.0049395362085967818 0.0055852997554365798 0.0062707222354510747
0.0064846664382575353 0.0065088908507355677 0.0065331604258012412 0.0067443143854467192 0.0074695456022225654 0.0082318042750425813 0.0085588717787650637 0.0089010047132213228
0.0092498425166215453 0.00950077290459647 0.010018803182515043 0.010550583894164831 0.010977768741120487 0.011930729063388197 0.012923348318830607 0.013237035075345632
0.013296885156436514 0.013356870235926856 0.013658067103976096 0.014655755119882236 0.015192246987791938 0.015688609371390268 0.016325221535292877 0.017482979707845861
0.018680396813573544 0.019046330469556613 0.019080861781889554 0.019115424368798609 0.0194754161723346 0.020702124378018372 0.021966295401658554 0.022730245880790534
0.024092801903628797 0.025495016859641756 0.026070756380505027 0.026625231877418214 0.027185541814428529 0.027614527147053404 0.028534383590235447 0.029469310542266404
0.030192841777613461 0.031760195650737004 0.033367208457035231 0.034074173710931702 0.034320729057771913 0.035990481856038078 0.037699893587478939 0.038306306356173145
0.038656254451085621 0.03900779376516806 0.039521326653933604 0.040949882995203822 0.042403801624931028 0.04336968228158275 0.045244232930134187 0.047158442511860327
0.048290748225235131 0.050267697798929228 0.052284306305798001 0.053218016038404134 0.05439277192836086 0.055580352671162528 0.05619301723146515 0.057107337592271129
0.058029036529554913 0.058926058776033872 0.060307379214091607 0.061107806200013222 0.063329212557167294 0.064640303383180234 0.066924449732302216 0.0692482550145989
0.070618940878157885 0.073005486152422513 0.07543169035986183 0.076572438965270079 0.078049921431083039 0.079541522192999869 0.08027411679595492 0.081295122789556723
0.082322580900214368 0.083369394531607161 0.085960737656157069 0.088591739713881665 0.090141210690078771 0.092834952739771312 0.095568353722638569 0.097177419736381707
0.099973560711216894 0.10280936061922676 0.10447802167051595 0.10737656157049379 0.11031476040364629 0.11153476546101723 0.11276788004503058 0.11400777378701207
0.11488451212858773 0.11666195398497145 0.11845304038600855 0.1198724042022784 0.12297574195254149 0.12611873863597933 0.1279661847999066 0.13117192147531231
0.13397459621556132 0.13441731708389279 0.1363243582853661 0.13963249388591453 0.14298028841963759 0.14494692465865691 0.14835745918434792 0.15180765264321369
0.15383388391977906 0.15734681737061276 0.16089940975462116 0.16212165713007878 0.16274447870028058 0.16336849432249942 0.16441767425089437 0.16741587248916825
0.17044116074360102 0.17240098110551735 0.17611871240663626 0.17987610264092993 0.18208111903013344 0.18590124925639506 0.18976103841583131 0.19202564984258086
0.19594817899398512 0.19991036707856405 0.20223457354285965 0.20625950161940648 0.21032408862912808 0.21270789013096969 0.21683521713265921 0.22100220306752338
0.22344559960691104 0.22767532553374314 0.23194471039375 0.23327161405988653 0.23353661997897626 0.23380177634130528 0.23395555688102193 0.2350565796616356
0.23912599077658417 0.24323032601734107 0.24571419722228771 0.25014872099940516 0.25462290370969731 0.25724508536172308 0.26178200806398311 0.26635858969941789
0.26904036638898976 0.27367968801639248 0.27835866857696978 0.28110004030408769 0.28584176085663299 0.29062314034235304 0.29289321881345248 0.29342410710701694
0.29826822658470492 0.30315200499556755 0.3060125667977775 0.31095908520060817 0.31594526253661348 0.31886541937636947 0.32391433670434266 0.32900291296549067
0.33093608460652857 0.33246751885174464 0.3340024883415082 0.33550193724725613 0.33913012478876126 0.34277782495168274 0.34536430319704725 0.35061801837530571
0.35591139248673898 0.35721239031346069 0.35901033443913311 0.3643664485425343 0.36976222157911021 0.37292075856905033 0.37837927159759416 0.38387744355931264
0.3870955755867988 0.39265648754048521 0.39825705842734638 0.40153478549237864 0.40719809637120774 0.41290106618321143 0.41623838828578974 0.42200409808976141
0.42780946682690785 0.43120638396703215 0.43707449269614657 0.44298226035843563 0.44643877253610603 0.45240928019036303 0.45841944677779467 0.46193555399301106
0.46800846057241063 0.47412102608498502 0.47617290403087092 0.47708656552975098 0.47800110273724233 0.47979456177087254 0.48506122325630441 0.4903566330067603
0.49372229557031516 0.49999999999999989 0.5063173633628596 0.5100122556907144 0.51639235904554182 0.52281212133354382 0.52656660869894467 0.53304911097891483
0.53957127219205958 0.54338535459500636 0.54997025580011905 0.55659481593840654 0.56046849337889948 0.56715579350915479 0.5738827525725847 0.57781602505062368
0.58460572410602174 0.59143508209459439 0.59542794961017931 0.60232004759071989 0.60925180450443517 0.61330426705756613 0.62029876396324934 0.62733291980210748
0.63144497739278449 0.63854187322361056 0.6456784279876111 0.64985008061583416 0.65704937537180264 0.65797985667433112 0.66428832906094581 0.66836611270071467
0.6751368545690376 0.68194171860727404 0.68408354590909326 0.68461716208287782 0.68515098629793103 0.6874534657254272 0.69485755833168095 0.70230130987110939
0.70665174761197058 0.71415823914336729 0.72170438960793826 0.7261144223863456 0.73372331284288461 0.74118095489747926 0.74137186223259854 0.74584149004855183
0.75355277943023347 0.76130372774508981 0.76583295059858914 0.77364663890541374 0.78149998614541272 0.78608880403645809 0.79400489126842499 0.80196063743356683
0.80660905036215835 0.81462753651926789 0.82268568160955213 0.82635182233306947 0.82739368957568959 0.83551457465794199 0.84367511867336886 0.84844272167705248
0.85666600568444728 0.86492894862501679 0.86975614666624634 0.87808182959878378 0.88644717146449625 0.89133396454327185 0.89976204640095225 0.90822978719180703
0.91317617530812867 0.92170665609095137 0.93027679580694878 0.93528277896081646 0.94391565866878191 0.95258819730992217 0.95765377550133601 0.96638905413444398
0.97516399170072665 0.97775882731219177 0.97787542547384743 0.97799203058727913 0.980556646364383 0.98927824388064578 0.99803845713897188 0.99999999999999978
1.0031889472458686 1.0121290237292617 1.0211087591458301 1.0263531224498819 1.0353955978584179 1.0444777322001284 1.0497816905417263 1.0589265648754052
1.0681110981422584 1.0734746515214024 1.0827219247802236 1.0920088569722195 1.0974320053889095 1.1067816775728734 1.1161710086900121 1.1216537521442482
1.1311058232533548 1.1405975532956361 1.1461398917874182 1.1556943618216673 1.165288490789091 1.1708904243184193 1.1736481776669303 1.1805472932778109
1.1902438211703776 1.1959053497372518 1.2056646176217862 1.2154635444394952 1.2211846680439153 1.2310463348535927 1.2409476605964445 1.2467283792384107
1.2566924449732304 1.2588190451025207 1.2666961696412249 1.2725364833207373 1.2826029479806995 1.2927090715738365 1.2986089802908949 1.308777843876
1.3189863663942798 1.3249458701488841 1.3352171326591316 1.3420201433256687 1.3455280541025543 1.3515471528947047 1.3619208143300949 1.3723341346986597
1.3779787325374859 1.3869562416926198 1.395962900134736 1.3990265931216801 1.4005299954757493 1.4020342051786712 1.4055428970498394 1.4161213563355148
1.4267394745543649 1.4329373584591536 1.4436182166699716 1.4543387338139648 1.4605962127562995 1.4713794698922604 1.482202385961396 1.4885194599412765
1.4994051160023798 1.4999999999999998 1.5103304309966579 1.5167071000140846 1.5276951550003306 1.5387228689197516 1.5451591329747245 1.556249586886113
1.5673796997306764 1.5738755588231952 1.5850684116597269 1.5963009234294327 1.6028563775594975 1.6141516293211715 1.6254865400160203 1.6321015891836315
1.6427876096865393 1.6434992398704478 1.6549365494904391 1.661611193695596 1.6731112433075555 1.6846509518526893 1.6913851910953923 1.7029876396324941
1.7146297471027707 1.7214235813830197 1.7331284288452642 1.7448729352406835 1.7517263645584786 1.7635336109458661 1.7660444431189777 1.775380516266428
1.782293540621769 1.7942031859342988 1.8061524901800032 1.8131251095728904 1.8251371538105625 1.8371888569814101 1.8442210714118432 1.8563355145746587
1.8660254037844388 1.8684896166706484 1.8755814261386277 1.8877982682265853 1.9000547692477174 1.9072061737532429 1.919525414766343 1.9318843147126183
1.9390953142556897 1.9396926207859082 1.9515169541939326 1.9639782530653502 1.9712488476459675 1.9837728865093531 1.9848077530122081 1.9963365843059133
2
values 690
0 1.5745966692414834e-16 4.9300070894591301e-16 5.6346737485889274e-16 7.0499713100505597e-16 8.0576533761952744e-16 8.7367706235171117e-16 1.008154645026866e-15
1.1522544308296501e-15 1.2493690398535639e-15 1.4416736516931398e-15 1.6477381333986851e-15 1.7866132293126922e-15 2.0616112103821579e-15 2.3562859760940903e-15 2.5548790864300999e-15
2.9481296115676344e-15 3.3695181828958168e-15 3.6535087948436335e-15 4.2158619252903658e-15 4.8184528109300058e-15 5.2245629098052311e-15 6.0287348640896912e-15 6.8904473075749393e-15
7.4711897880297148e-15 8.6211656609193279e-15 9.8534251473354098e-15 1.0683894100308652e-14 1.2328373867580454e-14 1.4090520223180142e-14 1.5278101130491052e-14 1.7629727602593508e-14
2.0149618756026079e-14 2.1847874189128156e-14 2.5210729223500238e-14 2.8814204840022902e-14 3.1242731181517609e-14 3.6051655607381529e-14 4.120467045137005e-14 4.4677493253155936e-14
5.1554314851857007e-14 5.8923190017991781e-14 6.3889369715750778e-14 7.3723309930327121e-14 8.4260892851793833e-14 9.1362591440547282e-14 1.0542524796811055e-13 1.2049412229741081e-13
1.306496393980629e-13 1.5075941272362078e-13 1.7230808999093469e-13 1.8683060545575118e-13 2.1558783083579759e-13 2.4640270670664928e-13 2.6717008401846472e-13 3.0829327313506099e-13
3.5235892798508471e-13 3.8205653522510934e-13 4.4086320592334377e-13 5.0387763913085001e-13 5.4634558597558607e-13 6.3043985475434103e-13 7.2055127613178071e-13 7.8128096706717216e-13
9.015368148726457e-13 1.0303972655557954e-12 1.1172414771347525e-12 1.2892088316456781e-12 1.4734808750386335e-12 1.5976691751700189e-12 1.8435846259123685e-12 2.1070959344340876e-12
2.2846867445654114e-12 2.636348890475615e-12 3.0131733313418472e-12 3.2671303933978828e-12 3.7700116255158971e-12 4.3088752516378299e-12 4.6720370015078903e-12 5.3911634032477758e-12
6.161745074887163e-12 6.6810708833562472e-12 7.7094305608516202e-12 8.811371912766486e-12 9.5540142627346984e-12 1.1024581361564287e-11 1.2600371167824067e-11 1.3662358943074667e-11
1.576528814137534e-11 1.8018687116917257e-11 1.9537342812798325e-11 2.2544557659768014e-11 2.5766946155239877e-11 2.7938642644013293e-11 3.223899718906535e-11 3.6847052721376152e-11
3.9952605646994728e-11 4.610216600573826e-11 5.2691742594252864e-11 5.7132721811963592e-11 6.5926669429455264e-11 7.5349845715294158e-11 8.1700501100827524e-11 9.427595531020583e-11
1.0775121432286606e-10 1.1683273032387857e-10 1.3481578588104581e-10 1.5408557347179294e-10 1.6707225403778933e-10 1.9278824662046598e-10 2.2034428197708851e-10 2.3891539632676596e-10
2.7568958480713857e-10 3.1509505728572691e-10 3.4165198123839803e-10 3.9423952706390815e-10 4.5058984165615699e-10 4.8856657242999972e-10 5.6376741547310509e-10 6.4434906454153641e-10
6.9865626076799825e-10 8.0619439942079091e-10 9.2142715745549168e-10 9.9908712190958874e-10 1.1528679945293082e-09 1.3176522683409235e-09 1.4287069811245102e-09 1.6486155371023688e-09
1.8842590933161709e-09 2.0430687105770026e-09 2.3575406742772901e-09 2.6945138835567612e-09 2.9216136067686809e-09 3.371312416866237e-09 3.8531882873402029e-09 4.1779437094140703e-09
4.8210185877707806e-09 5.5101070617226097e-09 5.9745113448927812e-09 6.8941164002937139e-09 7.8795214683379247e-09 8.5436253556557605e-09 9.858671995449804e-09 1.1267813469778249e-08
1.2217490268924079e-08 1.4098023281087257e-08 1.6113113074174708e-08 1.7471162680657786e-08 2.0160348221932097e-08 2.3041951629524935e-08 2.4983979417639442e-08 2.8829548109401031e-08
3.2950276737542255e-08 3.5727400571461585e-08 4.122661151696191e-08 4.7119304585702866e-08 5.1090626127095789e-08 5.8954566014035529e-08 6.7381190219583128e-08 7.3060229300412825e-08
8.4305760915453533e-08 9.6355938087958501e-08 1.0447703443974849e-07 1.2055828418517258e-07 1.3779018706190991e-07 1.49403455612515e-07 1.7239984228656241e-07 1.9704167721583108e-07
2.1364879534203654e-07 2.4653391362787056e-07 2.8177204333559171e-07 3.0552042831919506e-07 3.5254655551046114e-07 4.0293751823147608e-07 4.36898003430861e-07 5.0414594882024309e-07
5.7620565076845226e-07 6.247695659893787e-07 7.2093496231683186e-07 8.2398123022826475e-07 8.9342823158112105e-07 1.030945941561243e-06 1.1783033832851425e-06 1.2776134569265161e-06
1.4742654885344619e-06 1.6849884586285908e-06 1.8270030961871549e-06 2.1082179414687012e-06 2.409554403379395e-06 2.6126370972229348e-06 3.0147778153233447e-06 3.4456926948748862e-06
3.7361034669457658e-06 4.3111696836400017e-06 4.9273833082426305e-06 5.3426743157559581e-06 6.1650261411198578e-06 7.0462192703547723e-06 7.6400905640798625e-06 8.8160638781911091e-06
1.0076180986947918e-05 1.0925424305801606e-05 1.2607080736599746e-05 1.4409063837807425e-05 1.562349232128197e-05 1.8028281883519616e-05 2.0605140077470768e-05 2.2341787877614819e-05
2.5780666790534287e-05 2.9465605981852449e-05 3.194903388459431e-05 3.6866673400094444e-05 4.2136182166850423e-05 4.5687514882444946e-05 5.2719800408275806e-05 6.0255263329438683e-05
6.533371317810455e-05 7.5389968737491693e-05 8.6165774215689577e-05 9.342802051330148e-05 0.00010780859074245985 0.00012321812628378001 0.00012837666049145543 0.00013003707734822044
0.00013170816319115503 0.00013749942900261188 0.0001565180314767176 0.0001767681471939306 0.00019105427466329205 0.00022046161305365458 0.00025197311912613957 0.0002732099833930462
0.00031526284218107473 0.00036032468686330519 0.00039011017193689044 0.00044805226243616405 0.00051000468124037866 0.00052946507313226686 0.00053180279719477195 0.00053414567072102178
0.00055869679054686876 0.00064469217382827815 0.0007368407391457664 0.00079894334285934875 0.00092191780799287559 0.001053691399787422 0.0011043155563285208 0.0011412232397345001
0.0011787375789259838 0.0012293888104630676 0.0013704923548943646 0.0015192596702174389 0.0016219538671254654 0.0018291871116053037 0.0020488754833695591 0.0021286536844477952
0.0021754105698168127 0.0022226754101569513 0.00233633653196699 0.0026959486846414239 0.003081291974888105 0.0032101904927094786 0.0032513658779457014 0.0032928036503629462
0.0034376073844505778 0.0039135266631643286 0.004420289753671508 0.0045942729580826904 0.00466584923259937 0.0047379787654307755 0.0049395362085967818 0.0055852997554365798
0.0062707222354510747 0.0064846664382575353 0.0065088908507355677 0.0065331604258012412 0.0067443143854467192 0.0074695456022225654 0.0082318042750425813 0.0085588717787650637
0.0089010047132213228 0.0092498425166215453 0.00950077290459647 0.010018803182515043 0.010550583894164831 0.010977768741120487 0.011930729063388197 0.012923348318830607
0.013237035075345632 0.013296885156436514 0.013356870235926856 0.013658067103976096 0.014655755119882236 0.015192246987791938 0.015688609371390268 0.016325221535292877
0.017482979707845861 0.018680396813573544 0.019046330469556613 0.019080861781889554 0.019115424368798609 0.0194754161723346 0.020702124378018372 0.021966295401658554
0.022730245880790534 0.024092801903628797 0.025495016859641756 0.026070756380505027 0.026625231877418214 0.027185541814428529 0.027614527147053404 0.028534383590235447
0.029469310542266404 0.030192841777613461 0.031760195650737004 0.033367208457035231 0.034074173710931702 0.034320729057771913 0.035990481856038078 0.037699893587478939
0.038306306356173145 0.038656254451085621 0.03900779376516806 0.039521326653933604 0.040949882995203822 0.042403801624931028 0.04336968228158275 0.045244232930134187
0.047158442511860327 0.048290748225235131 0.050267697798929228 0.052284306305798001 0.053218016038404134 0.05439277192836086 0.055580352671162528 0.05619301723146515
0.057107337592271129 0.058029036529554913 0.058926058776033872 0.060307379214091607 0.061107806200013222 0.063329212557167294 0.064640303383180234 0.066924449732302216
0.0692482550145989 0.070618940878157885 0.073005486152422513 0.07543169035986183 0.076572438965270079 0.078049921431083039 0.079541522192999869 0.08027411679595492
0.081295122789556723 0.082322580900214368 0.083369394531607161 0.085960737656157069 0.088591739713881665 0.090141210690078771 0.092834952739771312 0.095568353722638569
0.097177419736381707 0.099973560711216894 0.10280936061922676 0.10447802167051595 0.10737656157049379 0.11031476040364629 0.11153476546101723 0.11276788004503058
0.11400777378701207 0.11488451212858773 0.11666195398497145 0.11845304038600855 0.1198724042022784 0.12297574195254149 0.12611873863597933 0.1279661847999066
0.13117192147531231 0.13397459621556132 0.13441731708389279 0.1363243582853661 0.13963249388591453 0.14298028841963759 0.14494692465865691 0.14835745918434792
0.15180765264321369 0.15383388391977906 0.15734681737061276 0.16089940975462116 0.16212165713007878 0.16274447870028058 0.16336849432249942 0.16441767425089437
0.16741587248916825 0.17044116074360102 0.17240098110551735 0.17611871240663626 0.17987610264092993 0.18208111903013344 0.18590124925639506 0.18976103841583131
0.19202564984258086 0.19594817899398512 0.19991036707856405 0.20223457354285965 0.20625950161940648 0.21032408862912808 0.21270789013096969 0.21683521713265921
0.22100220306752338 0.22344559960691104 0.22767532553374314 0.23194471039375 0.23327161405988653 0.23353661997897626 0.23380177634130528 0.23395555688102193
0.2350565796616356 0.23912599077658417 0.24323032601734107 0.24571419722228771 0.25014872099940516 0.25462290370969731 0.25724508536172308 0.26178200806398311
0.26635858969941789 0.26904036638898976 0.27367968801639248 0.27835866857696978 0.28110004030408769 0.28584176085663299 0.29062314034235304 0.29289321881345248
0.29342410710701694 0.29826822658470492 0.30315200499556755 0.3060125667977775 0.31095908520060817 0.31594526253661348 0.31886541937636947 0.32391433670434266
0.32900291296549067 0.33093608460652857 0.33246751885174464 0.3340024883415082 0.33550193724725613 0.33913012478876126 0.34277782495168274 0.34536430319704725
0.35061801837530571 0.35591139248673898 0.35721239031346069 0.35901033443913311 0.3643664485425343 0.36976222157911021 0.37292075856905033 0.37837927159759416
0.38387744355931264 0.3870955755867988 0.39265648754048521 0.39825705842734638 0.40153478549237864 0.40719809637120774 0.41290106618321143 0.41623838828578974
0.42200409808976141 0.42780946682690785 0.43120638396703215 0.43707449269614657 0.44298226035843563 0.44643877253610603 0.45240928019036303 0.45841944677779467
0.46193555399301106 0.46800846057241063 0.47412102608498502 0.47617290403087092 0.47708656552975098 0.47800110273724233 0.47979456177087254 0.48506122325630441
0.4903566330067603 0.49372229557031516 0.49999999999999989 0.5063173633628596 0.5100122556907144 0.51639235904554182 0.52281212133354382 0.52656660869894467
0.53304911097891483 0.53957127219205958 0.54338535459500636 0.54997025580011905 0.55659481593840654 0.56046849337889948 0.56715579350915479 0.5738827525725847
0.57781602505062368 0.58460572410602174 0.59143508209459439 0.59542794961017931 0.60232004759071989 0.60925180450443517 0.61330426705756613 0.62029876396324934
0.62733291980210748 0.63144497739278449 0.63854187322361056 0.6456784279876111 0.64985008061583416 0.65704937537180264 0.65797985667433112 0.66428832906094581
0.66836611270071467 0.6751368545690376 0.68194171860727404 0.68408354590909326 0.68461716208287782 0.68515098629793103 0.6874534657254272 0.69485755833168095
0.70230130987110939 0.70665174761197058 0.71415823914336729 0.72170438960793826 0.7261144223863456 0.73372331284288461 0.74118095489747926 0.74137186223259854
0.74584149004855183 0.75355277943023347 0.76130372774508981 0.76583295059858914 0.77364663890541374 0.78149998614541272 0.78608880403645809 0.79400489126842499
0.80196063743356683 0.80660905036215835 0.81462753651926789 0.82268568160955213 0.82635182233306947 0.82739368957568959 0.83551457465794199 0.84367511867336886
0.84844272167705248 0.85666600568444728 0.86492894862501679 0.86975614666624634 0.87808182959878378 0.88644717146449625 0.89133396454327185 0.89976204640095225
0.90822978719180703 0.91317617530812867 0.92170665609095137 0.93027679580694878 0.93528277896081646 0.94391565866878191 0.95258819730992217 0.95765377550133601
0.96638905413444398 0.97516399170072665 0.97775882731219177 0.97787542547384743 0.97799203058727913 0.980556646364383 0.98927824388064578 0.99803845713897188
0.99999999999999978 1.0031889472458686 1.0121290237292617 1.0211087591458301 1.0263531224498819 1.0353955978584179 1.0444777322001284 1.0497816905417263
1.0589265648754052 1.0681110981422584 1.0734746515214024 1.0827219247802236 1.0920088569722195 1.0974320053889095 1.1067816775728734 1.1161710086900121
1.1216537521442482 1.1311058232533548 1.1405975532956361 1.1461398917874182 1.1556943618216673 1.165288490789091 1.1708904243184193 1.1736481776669303
1.1805472932778109 1.1902438211703776 1.1959053497372518 1.2056646176217862 1.2154635444394952 1.2211846680439153 1.2310463348535927 1.2409476605964445
1.2467283792384107 1.2566924449732304 1.2588190451025207 1.2666961696412249 1.2725364833207373 1.2826029479806995 1.2927090715738365 1.2986089802908949
1.308777843876 1.3189863663942798 1.3249458701488841 1.3352171326591316 1.3420201433256687 1.3455280541025543 1.3515471528947047 1.3619208143300949
1.3723341346986597 1.3779787325374859 1.3869562416926198 1.395962900134736 1.3990265931216801 1.4005299954757493 1.4020342051786712 1.4055428970498394
1.4161213563355148 1.4267394745543649 1.4329373584591536 1.4436182166699716 1.4543387338139648 1.4605962127562995 1.4713794698922604 1.482202385961396
1.4885194599412765 1.4994051160023798 1.4999999999999998 1.5103304309966579 1.5167071000140846 1.5276951550003306 1.5387228689197516 1.5451591329747245
1.556249586886113 1.5673796997306764 1.5738755588231952 1.5850684116597269 1.5963009234294327 1.6028563775594975 1.6141516293211715 1.6254865400160203
1.6321015891836315 1.6427876096865393 1.6434992398704478 1.6549365494904391 1.661611193695596 1.6731112433075555 1.6846509518526893 1.6913851910953923
1.7029876396324941 1.7146297471027707 1.7214235813830197 1.7331284288452642 1.7448729352406835 1.7517263645584786 1.7635336109458661 1.7660444431189777
1.775380516266428 1.782293540621769 1.7942031859342988 1.8061524901800032 1.8131251095728904 1.8251371538105625 1.8371888569814101 1.8442210714118432
1.8563355145746587 1.8660254037844388 1.8684896166706484 1.8755814261386277 1.8877982682265853 1.9000547692477174 1.9072061737532429 1.919525414766343
1.9318843147126183 1.9390953142556897 1.9396926207859082 1.9515169541939326 1.9639782530653502 1.9712488476459675 1.9837728865093531 1.9848077530122081
1.9963365843059133 2
copy 690 722235
copy 690 722235
copy 690 722235
copy 690 722235
copy 690 722235
copy 690 722235
copy 690 722235
copy 690 722235
copy 690 722235
copy 690 722235
values 691
0 1.5745966692414834e-16 2.0892562523917082e-16 4.9300070894591301e-16 5.6346737485889274e-16 7.0499713100505597e-16 8.0576533761952744e-16 8.7367706235171117e-16
1.008154645026866e-15 1.1522544308296501e-15 1.2493690398535639e-15 1.4416736516931398e-15 1.6477381333986851e-15 1.7866132293126922e-15 2.0616112103821579e-15 2.3562859760940903e-15
2.5548790864300999e-15 2.9481296115676344e-15 3.3695181828958168e-15 3.6535087948436335e-15 4.2158619252903658e-15 4.8184528109300058e-15 5.2245629098052311e-15 6.0287348640896912e-15
6.8904473075749393e-15 7.4711897880297148e-15 8.6211656609193279e-15 9.8534251473354098e-15 1.0683894100308652e-14 1.2328373867580454e-14 1.4090520223180142e-14 1.5278101130491052e-14
1.7629727602593508e-14 2.0149618756026079e-14 2.1847874189128156e-14 2.5210729223500238e-14 2.8814204840022902e-14 3.1242731181517609e-14 3.6051655607381529e-14 4.120467045137005e-14
4.4677493253155936e-14 5.1554314851857007e-14 5.8923190017991781e-14 6.3889369715750778e-14 7.3723309930327121e-14 8.4260892851793833e-14 9.1362591440547282e-14 1.0542524796811055e-13
1.2049412229741081e-13 1.306496393980629e-13 1.5075941272362078e-13 1.7230808999093469e-13 1.8683060545575118e-13 2.1558783083579759e-13 2.4640270670664928e-13 2.6717008401846472e-13
3.0829327313506099e-13 3.5235892798508471e-13 3.8205653522510934e-13 4.4086320592334377e-13 5.0387763913085001e-13 5.4634558597558607e-13 6.3043985475434103e-13 7.2055127613178071e-13
7.8128096706717216e-13 9.015368148726457e-13 1.0303972655557954e-12 1.1172414771347525e-12 1.2892088316456781e-12 1.4734808750386335e-12 1.5976691751700189e-12 1.8435846259123685e-12
2.1070959344340876e-12 2.2846867445654114e-12 2.636348890475615e-12 3.0131733313418472e-12 3.2671303933978828e-12 3.7700116255158971e-12 4.3088752516378299e-12 4.6720370015078903e-12
5.3911634032477758e-12 6.161745074887163e-12 6.6810708833562472e-12 7.7094305608516202e-12 8.811371912766486e-12 9.5540142627346984e-12 1.1024581361564287e-11 1.2600371167824067e-11
1.3662358943074667e-11 1.576528814137534e-11 1.8018687116917257e-11 1.9537342812798325e-11 2.2544557659768014e-11 2.5766946155239877e-11 2.7938642644013293e-11 3.223899718906535e-11
3.6847052721376152e-11 3.9952605646994728e-11 4.610216600573826e-11 5.2691742594252864e-11 5.7132721811963592e-11 6.5926669429455264e-11 7.5349845715294158e-11 8.1700501100827524e-11
9.427595531020583e-11 1.0775121432286606e-10 1.1683273032387857e-10 1.3481578588104581e-10 1.5408557347179294e-10 1.6707225403778933e-10 1.9278824662046598e-10 2.2034428197708851e-10
2.3891539632676596e-10 2.7568958480713857e-10 3.1509505728572691e-10 3.4165198123839803e-10 3.9423952706390815e-10 4.5058984165615699e-10 4.8856657242999972e-10 5.6376741547310509e-10
6.4434906454153641e-10 6.9865626076799825e-10 8.0619439942079091e-10 9.2142715745549168e-10 9.9908712190958874e-10 1.1528679945293082e-09 1.3176522683409235e-09 1.4287069811245102e-09
1.6486155371023688e-09 1.8842590933161709e-09 2.0430687105770026e-09 2.3575406742772901e-09 2.6945138835567612e-09 2.9216136067686809e-09 3.371312416866237e-09 3.8531882873402029e-09
4.1779437094140703e-09 4.8210185877707806e-09 5.5101070617226097e-09 5.9745113448927812e-09 6.8941164002937139e-09 7.8795214683379247e-09 8.5436253556557605e-09 9.858671995449804e-09
1.1267813469778249e-08 1.2217490268924079e-08 1.4098023281087257e-08 1.6113113074174708e-08 1.7471162680657786e-08 2.0160348221932097e-08 2.3041951629524935e-08 2.4983979417639442e-08
2.8829548109401031e-08 3.2950276737542255e-08 3.5727400571461585e-08 4.122661151696191e-08 4.7119304585702866e-08 5.1090626127095789e-08 5.8954566014035529e-08 6.7381190219583128e-08
7.3060229300412825e-08 8.4305760915453533e-08 9.6355938087958501e-08 1.0447703443974849e-07 1.2055828418517258e-07 1.3779018706190991e-07 1.49403455612515e-07 1.7239984228656241e-07
1.9704167721583108e-07 2.1364879534203654e-07 2.4653391362787056e-07 2.8177204333559171e-07 3.0552042831919506e-07 3.5254655551046114e-07 4.0293751823147608e-07 4.36898003430861e-07
5.0414594882024309e-07 5.7620565076845226e-07 6.247695659893787e-07 7.2093496231683186e-07 8.2398123022826475e-07 8.9342823158112105e-07 1.030945941561243e-06 1.1783033832851425e-06
1.2776134569265161e-06 1.4742654885344619e-06 1.6849884586285908e-06 1.8270030961871549e-06 2.1082179414687012e-06 2.409554403379395e-06 2.6126370972229348e-06 3.0147778153233447e-06
3.4456926948748862e-06 3.7361034669457658e-06 4.3111696836400017e-06 4.9273833082426305e-06 5.3426743157559581e-06 6.1650261411198578e-06 7.0462192703547723e-06 7.6400905640798625e-06
8.8160638781911091e-06 1.0076180986947918e-05 1.0925424305801606e-05 1.2607080736599746e-05 1.4409063837807425e-05 1.562349232128197e-05 1.8028281883519616e-05 2.0605140077470768e-05
2.2341787877614819e-05 2.5780666790534287e-05 2.9465605981852449e-05 3.194903388459431e-05 3.6866673400094444e-05 4.2136182166850423e-05 4.5687514882444946e-05 5.2719800408275806e-05
6.0255263329438683e-05 6.533371317810455e-05 7.5389968737491693e-05 8.6165774215689577e-05 9.342802051330148e-05 0.00010780859074245985 0.00012321812628378001 0.00012837666049145543
0.00013003707734822044 0.00013170816319115503 0.00013749942900261188 0.0001565180314767176 0.0001767681471939306 0.00019105427466329205 0.00022046161305365458 0.00025197311912613957
0.0002732099833930462 0.00031526284218107473 0.00036032468686330519 0.00039011017193689044 0.00044805226243616405 0.00051000468124037866 0.00052946507313226686 0.00053180279719477195
0.00053414567072102178 0.00055869679054686876 0.00064469217382827815 0.0007368407391457664 0.00079894334285934875 0.00092191780799287559 0.001053691399787422 0.0011043155563285208
0.0011412232397345001 0.0011787375789259838 0.0012293888104630676 0.0013704923548943646 0.0015192596702174389 0.0016219538671254654 0.0018291871116053037 0.0020488754833695591
0.0021286536844477952 0.0021754105698168127 0.0022226754101569513 0.00233633653196699 0.0026959486846414239 0.003081291974888105 0.0032101904927094786 0.0032513658779457014
0.0032928036503629462 0.0034376073844505778 0.0039135266631643286 0.004420289753671508 0.0045942729580826904 0.00466584923259937 0.0047379787654307755 0.0049395362085967818
0.0055852997554365798 0.0062707222354510747 0.0064846664382575353 0.0065088908507355677 0.0065331604258012412 0.0067443143854467192 0.0074695456022225654 0.0082318042750425813
0.0085588717787650637 0.0089010047132213228 0.0092498425166215453 0.00950077290459647 0.010018803182515043 0.010550583894164831 0.010977768741120487 0.011930729063388197
0.012923348318830607 0.013237035075345632 0.013296885156436514 0.013356870235926856 0.013658067103976096 0.014655755119882236 0.015192246987791938 0.015688609371390268
0.016325221535292877 0.017482979707845861 0.018680396813573544 0.019046330469556613 0.019080861781889554 0.019115424368798609 0.0194754161723346 0.020702124378018372
0.021966295401658554 0.022730245880790534 0.024092801903628797 0.025495016859641756 0.026070756380505027 0.026625231877418214 0.027185541814428529 0.027614527147053404
0.028534383590235447 0.029469310542266404 0.030192841777613461 0.031760195650737004 0.033367208457035231 0.034074173710931702 0.034320729057771913 0.035990481856038078
0.037699893587478939 0.038306306356173145 0.038656254451085621 0.03900779376516806 0.039521326653933604 0.040949882995203822 0.042403801624931028 0.04336968228158275
0.045244232930134187 0.047158442511860327 0.048290748225235131 0.050267697798929228 0.052284306305798001 0.053218016038404134 0.05439277192836086 0.055580352671162528
0.05619301723146515 0.057107337592271129 0.058029036529554913 0.058926058776033872 0.060307379214091607 0.061107806200013222 0.063329212557167294 0.064640303383180234
0.066924449732302216 0.0692482550145989 0.070618940878157885 0.073005486152422513 0.07543169035986183 0.076572438965270079 0.078049921431083039 0.079541522192999869
0.08027411679595492 0.081295122789556723 0.082322580900214368 0.083369394531607161 0.085960737656157069 0.088591739713881665 0.090141210690078771 0.092834952739771312
0.095568353722638569 0.097177419736381707 0.099973560711216894 0.10280936061922676 0.10447802167051595 0.10737656157049379 0.11031476040364629 0.11153476546101723
0.11276788004503058 0.11400777378701207 0.11488451212858773 0.11666195398497145 0.11845304038600855 0.1198724042022784 0.12297574195254149 0.12611873863597933
0.1279661847999066 0.13117192147531231 0.13397459621556132 0.13441731708389279 0.1363243582853661 0.13963249388591453 0.14298028841963759 0.14494692465865691
0.14835745918434792 0.15180765264321369 0.15383388391977906 0.15734681737061276 0.16089940975462116 0.16212165713007878 0.16274447870028058 0.16336849432249942
0.16441767425089437 0.16741587248916825 0.17044116074360102 0.17240098110551735 0.17611871240663626 0.17987610264092993 0.18208111903013344 0.18590124925639506
0.18976103841583131 0.19202564984258086 0.19594817899398512 0.19991036707856405 0.20223457354285965 0.20625950161940648 0.21032408862912808 0.21270789013096969
0.21683521713265921 0.22100220306752338 0.22344559960691104 0.22767532553374314 0.23194471039375 0.23327161405988653 0.23353661997897626 0.23380177634130528
0.23395555688102193 0.2350565796616356 0.23912599077658417 0.24323032601734107 0.24571419722228771 0.25014872099940516 0.25462290370969731 0.25724508536172308
0.26178200806398311 0.26635858969941789 0.26904036638898976 0.27367968801639248 0.27835866857696978 0.28110004030408769 0.28584176085663299 0.29062314034235304
0.29289321881345248 0.29342410710701694 0.29826822658470492 0.30315200499556755 0.3060125667977775 0.31095908520060817 0.31594526253661348 0.31886541937636947
0.32391433670434266 0.32900291296549067 0.33093608460652857 0.33246751885174464 0.3340024883415082 0.33550193724725613 0.33913012478876126 0.34277782495168274
0.34536430319704725 0.35061801837530571 0.35591139248673898 0.35721239031346069 0.35901033443913311 0.3643664485425343 0.36976222157911021 0.37292075856905033
0.37837927159759416 0.38387744355931264 0.3870955755867988 0.39265648754048521 0.39825705842734638 0.40153478549237864 0.40719809637120774 0.41290106618321143
0.41623838828578974 0.42200409808976141 0.42780946682690785 0.43120638396703215 0.43707449269614657 0.44298226035843563 0.44643877253610603 0.45240928019036303
0.45841944677779467 0.46193555399301106 0.46800846057241063 0.47412102608498502 0.47617290403087092 0.47708656552975098 0.47800110273724233 0.47979456177087254
0.48506122325630441 0.4903566330067603 0.49372229557031516 0.49999999999999989 0.5063173633628596 0.5100122556907144 0.51639235904554182 0.52281212133354382
0.52656660869894467 0.53304911097891483 0.53957127219205958 0.54338535459500636 0.54997025580011905 0.55659481593840654 0.56046849337889948 0.56715579350915479
0.5738827525725847 0.57781602505062368 0.58460572410602174 0.59143508209459439 0.59542794961017931 0.60232004759071989 0.60925180450443517 0.61330426705756613
0.62029876396324934 0.62733291980210748 0.63144497739278449 0.63854187322361056 0.6456784279876111 0.64985008061583416 0.65704937537180264 0.65797985667433112
0.66428832906094581 0.66836611270071467 0.6751368545690376 0.68194171860727404 0.68408354590909326 0.68461716208287782 0.68515098629793103 0.6874534657254272
0.69485755833168095 0.70230130987110939 0.70665174761197058 0.71415823914336729 0.72170438960793826 0.7261144223863456 0.73372331284288461 0.74118095489747926
0.74137186223259854 0.74584149004855183 0.75355277943023347 0.76130372774508981 0.76583295059858914 0.77364663890541374 0.78149998614541272 0.78608880403645809
0.79400489126842499 0.80196063743356683 0.80660905036215835 0.81462753651926789 0.82268568160955213 0.82635182233306947 0.82739368957568959 0.83551457465794199
0.84367511867336886 0.84844272167705248 0.85666600568444728 0.86492894862501679 0.86975614666624634 0.87808182959878378 0.88644717146449625 0.89133396454327185
0.89976204640095225 0.90822978719180703 0.91317617530812867 0.92170665609095137 0.93027679580694878 0.93528277896081646 0.94391565866878191 0.95258819730992217
0.95765377550133601 0.96638905413444398 0.97516399170072665 0.97775882731219177 0.97787542547384743 0.97799203058727913 0.980556646364383 0.98927824388064578
0.99803845713897188 0.99999999999999978 1.0031889472458686 1.0121290237292617 1.0211087591458301 1.0263531224498819 1.0353955978584179 1.0444777322001284
1.0497816905417263 1.0589265648754052 1.0681110981422584 1.0734746515214024 1.0827219247802236 1.0920088569722195 1.0974320053889095 1.1067816775728734
1.1161710086900121 1.1216537521442482 1.1311058232533548 1.1405975532956361 1.1461398917874182 1.1556943618216673 1.165288490789091 1.1708904243184193
1.1736481776669303 1.1805472932778109 1.1902438211703776 1.1959053497372518 1.2056646176217862 1.2154635444394952 1.2211846680439153 1.2310463348535927
1.2409476605964445 1.2467283792384107 1.2566924449732304 1.2588190451025207 1.2666961696412249 1.2725364833207373 1.2826029479806995 1.2927090715738365
1.2986089802908949 1.308777843876 1.3189863663942798 1.3249458701488841 1.3352171326591316 1.3420201433256687 1.3455280541025543 1.3515471528947047
1.3619208143300949 1.3723341346986597 1.3779787325374859 1.3869562416926198 1.395962900134736 1.3990265931216801 1.4005299954757493 1.4020342051786712
1.4055428970498394 1.4161213563355148 1.4267394745543649 1.4329373584591536 1.4436182166699716 1.4543387338139648 1.4605962127562995 1.4713794698922604
1.482202385961396 1.4885194599412765 1.4994051160023798 1.4999999999999998 1.5103304309966579 1.5167071000140846 1.5276951550003306 1.5387228689197516
1.5451591329747245 1.556249586886113 1.5673796997306764 1.5738755588231952 1.5850684116597269 1.5963009234294327 1.6028563775594975 1.6141516293211715
1.6254865400160203 1.6321015891836315 1.6427876096865393 1.6434992398704478 1.6549365494904391 1.661611193695596 1.6731112433075555 1.6846509518526893
1.6913851910953923 1.7029876396324941 1.7146297471027707 1.7214235813830197 1.7331284288452642 1.7448729352406835 1.7517263645584786 1.7635336109458661
1.7660444431189777 1.775380516266428 1.782293540621769 1.7942031859342988 1.8061524901800032 1.8131251095728904 1.8251371538105625 1.8371888569814101
1.8442210714118432 1.8563355145746587 1.8660254037844388 1.8684896166706484 1.8755814261386277 1.8877982682265853 1.9000547692477174 1.9072061737532429
1.919525414766343 1.9318843147126183 1.9390953142556897 1.9396926207859082 1.9515169541939326 1.9639782530653502 1.9712488476459675 1.9837728865093531
1.9848077530122081 1.9963365843059133 2
values 692
0 1.5745966692414834e-16 2.0892562523917082e-16 3.9402971027315356e-16 4.9300070894591301e-16 5.6346737485889274e-16 7.0499713100505597e-16 8.0576533761952744e-16
8.7367706235171117e-16 1.008154645026866e-15 1.1522544308296501e-15 1.2493690398535639e-15 1.4416736516931398e-15 1.6477381333986851e-15 1.7866132293126922e-15 2.0616112103821579e-15
2.3562859760940903e-15 2.5548790864300999e-15 2.9481296115676344e-15 3.3695181828958168e-15 3.6535087948436335e-15 4.2158619252903658e-15 4.8184528109300058e-15 5.2245629098052311e-15
6.0287348640896912e-15 6.8904473075749393e-15 7.4711897880297148e-15 8.6211656609193279e-15 9.8534251473354098e-15 1.0683894100308652e-14 1.2328373867580454e-14 1.4090520223180142e-14
1.5278101130491052e-14 1.7629727602593508e-14 2.0149618756026079e-14 2.1847874189128156e-14 2.5210729223500238e-14 2.8814204840022902e-14 3.1242731181517609e-14 3.6051655607381529e-14
4.120467045137005e-14 4.4677493253155936e-14 5.1554314851857007e-14 5.8923190017991781e-14 6.3889369715750778e-14 7.3723309930327121e-14 8.4260892851793833e-14 9.1362591440547282e-14
1.0542524796811055e-13 1.2049412229741081e-13 1.306496393980629e-13 1.5075941272362078e-13 1.7230808999093469e-13 1.8683060545575118e-13 2.1558783083579759e-13 2.4640270670664928e-13
2.6717008401846472e-13 3.0829327313506099e-13 3.5235892798508471e-13 3.8205653522510934e-13 4.4086320592334377e-13 5.0387763913085001e-13 5.4634558597558607e-13 6.3043985475434103e-13
7.2055127613178071e-13 7.8128096706717216e-13 9.015368148726457e-13 1.0303972655557954e-12 1.1172414771347525e-12 1.2892088316456781e-12 1.4734808750386335e-12 1.5976691751700189e-12
1.8435846259123685e-12 2.1070959344340876e-12 2.2846867445654114e-12 2.636348890475615e-12 3.0131733313418472e-12 3.2671303933978828e-12 3.7700116255158971e-12 4.3088752516378299e-12
4.6720370015078903e-12 5.3911634032477758e-12 6.161745074887163e-12 6.6810708833562472e-12 7.7094305608516202e-12 8.811371912766486e-12 9.5540142627346984e-12 1.1024581361564287e-11
1.2600371167824067e-11 1.3662358943074667e-11 1.576528814137534e-11 1.8018687116917257e-11 1.9537342812798325e-11 2.2544557659768014e-11 2.5766946155239877e-11 2.7938642644013293e-11
3.223899718906535e-11 3.6847052721376152e-11 3.9952605646994728e-11 4.610216600573826e-11 5.2691742594252864e-11 5.7132721811963592e-11 6.5926669429455264e-11 7.5349845715294158e-11
8.1700501100827524e-11 9.427595531020583e-11 1.0775121432286606e-10 1.1683273032387857e-10 1.3481578588104581e-10 1.5408557347179294e-10 1.6707225403778933e-10 1.9278824662046598e-10
2.2034428197708851e-10 2.3891539632676596e-10 2.7568958480713857e-10 3.1509505728572691e-10 3.4165198123839803e-10 3.9423952706390815e-10 4.5058984165615699e-10 4.8856657242999972e-10
5.6376741547310509e-10 6.4434906454153641e-10 6.9865626076799825e-10 8.0619439942079091e-10 9.2142715745549168e-10 9.9908712190958874e-10 1.1528679945293082e-09 1.3176522683409235e-09
1.4287069811245102e-09 1.6486155371023688e-09 1.8842590933161709e-09 2.0430687105770026e-09 2.3575406742772901e-09 2.6945138835567612e-09 2.9216136067686809e-09 3.371312416866237e-09
3.8531882873402029e-09 4.1779437094140703e-09 4.8210185877707806e-09 5.5101070617226097e-09 5.9745113448927812e-09 6.8941164002937139e-09 7.8795214683379247e-09 8.5436253556557605e-09
9.858671995449804e-09 1.1267813469778249e-08 1.2217490268924079e-08 1.4098023281087257e-08 1.6113113074174708e-08 1.7471162680657786e-08 2.0160348221932097e-08 2.3041951629524935e-08
2.4983979417639442e-08 2.8829548109401031e-08 3.2950276737542255e-08 3.5727400571461585e-08 4.122661151696191e-08 4.7119304585702866e-08 5.1090626127095789e-08 5.8954566014035529e-08
6.7381190219583128e-08 7.3060229300412825e-08 8.4305760915453533e-08 9.6355938087958501e-08 1.0447703443974849e-07 1.2055828418517258e-07 1.3779018706190991e-07 1.49403455612515e-07
1.7239984228656241e-07 1.9704167721583108e-07 2.1364879534203654e-07 2.4653391362787056e-07 2.8177204333559171e-07 3.0552042831919506e-07 3.5254655551046114e-07 4.0293751823147608e-07
4.36898003430861e-07 5.0414594882024309e-07 5.7620565076845226e-07 6.247695659893787e-07 7.2093496231683186e-07 8.2398123022826475e-07 8.9342823158112105e-07 1.030945941561243e-06
1.1783033832851425e-06 1.2776134569265161e-06 1.4742654885344619e-06 1.6849884586285908e-06 1.8270030961871549e-06 2.1082179414687012e-06 2.409554403379395e-06 2.6126370972229348e-06
3.0147778153233447e-06 3.4456926948748862e-06 3.7361034669457658e-06 4.3111696836400017e-06 4.9273833082426305e-06 5.3426743157559581e-06 6.1650261411198578e-06 7.0462192703547723e-06
7.6400905640798625e-06 8.8160638781911091e-06 1.0076180986947918e-05 1.0925424305801606e-05 1.2607080736599746e-05 1.4409063837807425e-05 1.562349232128197e-05 1.8028281883519616e-05
2.0605140077470768e-05 2.2341787877614819e-05 2.5780666790534287e-05 2.9465605981852449e-05 3.194903388459431e-05 3.6866673400094444e-05 4.2136182166850423e-05 4.5687514882444946e-05
5.2719800408275806e-05 6.0255263329438683e-05 6.533371317810455e-05 7.5389968737491693e-05 8.6165774215689577e-05 9.342802051330148e-05 0.00010780859074245985 0.00012321812628378001
0.00012837666049145543 0.00013003707734822044 0.00013170816319115503 0.00013749942900261188 0.0001565180314767176 0.0001767681471939306 0.00019105427466329205 0.00022046161305365458
0.00025197311912613957 0.0002732099833930462 0.00031526284218107473 0.00036032468686330519 0.00039011017193689044 0.00044805226243616405 0.00051000468124037866 0.00052946507313226686
0.00053180279719477195 0.00053414567072102178 0.00055869679054686876 0.00064469217382827815 0.0007368407391457664 0.00079894334285934875 0.00092191780799287559 0.001053691399787422
0.0011043155563285208 0.0011412232397345001 0.0011787375789259838 0.0012293888104630676 0.0013704923548943646 0.0015192596702174389 0.0016219538671254654 0.0018291871116053037
0.0020488754833695591 0.0021286536844477952 0.0021754105698168127 0.0022226754101569513 0.00233633653196699 0.0026959486846414239 0.003081291974888105 0.0032101904927094786
0.0032513658779457014 0.0032928036503629462 0.0034376073844505778 0.0039135266631643286 0.004420289753671508 0.0045942729580826904 0.00466584923259937 0.0047379787654307755
0.0049395362085967818 0.0055852997554365798 0.0062707222354510747 0.0064846664382575353 0.0065088908507355677 0.0065331604258012412 0.0067443143854467192 0.0074695456022225654
0.0082318042750425813 0.0085588717787650637 0.0089010047132213228 0.0092498425166215453 0.00950077290459647 0.010018803182515043 0.010550583894164831 0.010977768741120487
0.011930729063388197 0.012923348318830607 0.013237035075345632 0.013296885156436514 0.013356870235926856 0.013658067103976096 0.014655755119882236 0.015192246987791938
0.015688609371390268 0.016325221535292877 0.017482979707845861 0.018680396813573544 0.019046330469556613 0.019080861781889554 0.019115424368798609 0.0194754161723346
0.020702124378018372 0.021966295401658554 0.022730245880790534 0.024092801903628797 0.025495016859641756 0.026070756380505027 0.026625231877418214 0.027185541814428529
0.027614527147053404 0.028534383590235447 0.029469310542266404 0.030192841777613461 0.031760195650737004 0.033367208457035231 0.034074173710931702 0.034320729057771913
0.035990481856038078 0.037699893587478939 0.038306306356173145 0.038656254451085621 0.03900779376516806 0.039521326653933604 0.040949882995203822 0.042403801624931028
0.04336968228158275 0.045244232930134187 0.047158442511860327 0.048290748225235131 0.050267697798929228 0.052284306305798001 0.053218016038404134 0.05439277192836086
0.055580352671162528 0.05619301723146515 0.057107337592271129 0.058029036529554913 0.058926058776033872 0.060307379214091607 0.061107806200013222 0.063329212557167294
0.064640303383180234 0.066924449732302216 0.0692482550145989 0.070618940878157885 0.073005486152422513 0.07543169035986183 0.076572438965270079 0.078049921431083039
0.079541522192999869 0.08027411679595492 0.081295122789556723 0.082322580900214368 0.083369394531607161 0.085960737656157069 0.088591739713881665 0.090141210690078771
0.092834952739771312 0.095568353722638569 0.097177419736381707 0.099973560711216894 0.10280936061922676 0.10447802167051595 0.10737656157049379 0.11031476040364629
0.11153476546101723 0.11276788004503058 0.11400777378701207 0.11488451212858773 0.11666195398497145 0.11845304038600855 0.1198724042022784 0.12297574195254149
0.12611873863597933 0.1279661847999066 0.13117192147531231 0.13397459621556132 0.13441731708389279 0.1363243582853661 0.13963249388591453 0.14298028841963759
0.14494692465865691 0.14835745918434792 0.15180765264321369 0.15383388391977906 0.15734681737061276 0.16089940975462116 0.16212165713007878 0.16274447870028058
0.16336849432249942 0.16441767425089437 0.16741587248916825 0.17044116074360102 0.17240098110551735 0.17611871240663626 0.17987610264092993 0.18208111903013344
0.18590124925639506 0.18976103841583131 0.19202564984258086 0.19594817899398512 0.19991036707856405 0.20223457354285965 0.20625950161940648 0.21032408862912808
0.21270789013096969 0.21683521713265921 0.22100220306752338 0.22344559960691104 0.22767532553374314 0.23194471039375 0.23327161405988653 0.23353661997897626
0.23380177634130528 0.23395555688102193 0.2350565796616356 0.23912599077658417 0.24323032601734107 0.24571419722228771 0.25014872099940516 0.25462290370969731
0.25724508536172308 0.26178200806398311 0.26635858969941789 0.26904036638898976 0.27367968801639248 0.27835866857696978 0.28110004030408769 0.28584176085663299
0.29062314034235304 0.29289321881345248 0.29342410710701694 0.29826822658470492 0.30315200499556755 0.3060125667977775 0.31095908520060817 0.31594526253661348
0.31886541937636947 0.32391433670434266 0.32900291296549067 0.33093608460652857 0.33246751885174464 0.3340024883415082 0.33550193724725613 0.33913012478876126
0.34277782495168274 0.34536430319704725 0.35061801837530571 0.35591139248673898 0.35721239031346069 0.35901033443913311 0.3643664485425343 0.36976222157911021
0.37292075856905033 0.37837927159759416 0.38387744355931264 0.3870955755867988 0.39265648754048521 0.39825705842734638 0.40153478549237864 0.40719809637120774
0.41290106618321143 0.41623838828578974 0.42200409808976141 0.42780946682690785 0.43120638396703215 0.43707449269614657 0.44298226035843563 0.44643877253610603
0.45240928019036303 0.45841944677779467 0.46193555399301106 0.46800846057241063 0.47412102608498502 0.47617290403087092 0.47708656552975098 0.47800110273724233
0.47979456177087254 0.48506122325630441 0.4903566330067603 0.49372229557031516 0.49999999999999989 0.5063173633628596 0.5100122556907144 0.51639235904554182
0.52281212133354382 0.52656660869894467 0.53304911097891483 0.53957127219205958 0.54338535459500636 0.54997025580011905 0.55659481593840654 0.56046849337889948
0.56715579350915479 0.5738827525725847 0.57781602505062368 0.58460572410602174 0.59143508209459439 0.59542794961017931 0.60232004759071989 0.60925180450443517
0.61330426705756613 0.62029876396324934 0.62733291980210748 0.63144497739278449 0.63854187322361056 0.6456784279876111 0.64985008061583416 0.65704937537180264
0.65797985667433112 0.66428832906094581 0.66836611270071467 0.6751368545690376 0.68194171860727404 0.68408354590909326 0.68461716208287782 0.68515098629793103
0.6874534657254272 0.69485755833168095 0.70230130987110939 0.70665174761197058 0.71415823914336729 0.72170438960793826 0.7261144223863456 0.73372331284288461
0.74118095489747926 0.74137186223259854 0.74584149004855183 0.75355277943023347 0.76130372774508981 0.76583295059858914 0.77364663890541374 0.78149998614541272
0.78608880403645809 0.79400489126842499 0.80196063743356683 0.80660905036215835 0.81462753651926789 0.82268568160955213 0.82635182233306947 0.82739368957568959
0.83551457465794199 0.84367511867336886 0.84844272167705248 0.85666600568444728 0.86492894862501679 0.86975614666624634 0.87808182959878378 0.88644717146449625
0.89133396454327185 0.89976204640095225 0.90822978719180703 0.91317617530812867 0.92170665609095137 0.93027679580694878 0.93528277896081646 0.94391565866878191
0.95258819730992217 0.95765377550133601 0.96638905413444398 0.97516399170072665 0.97775882731219177 0.97787542547384743 0.97799203058727913 0.980556646364383
0.98927824388064578 0.99803845713897188 0.99999999999999978 1.0031889472458686 1.0121290237292617 1.0211087591458301 1.0263531224498819 1.0353955978584179
1.0444777322001284 1.0497816905417263 1.0589265648754052 1.0681110981422584 1.0734746515214024 1.0827219247802236 1.0920088569722195 1.0974320053889095
1.1067816775728734 1.1161710086900121 1.1216537521442482 1.1311058232533548 1.1405975532956361 1.1461398917874182 1.1556943618216673 1.165288490789091
1.1708904243184193 1.1736481776669303 1.1805472932778109 1.1902438211703776 1.1959053497372518 1.2056646176217862 1.2154635444394952 1.2211846680439153
1.2310463348535927 1.2409476605964445 1.2467283792384107 1.2566924449732304 1.2588190451025207 1.2666961696412249 1.2725364833207373 1.2826029479806995
1.2927090715738365 1.2986089802908949 1.308777843876 1.3189863663942798 1.3249458701488841 1.3352171326591316 1.3420201433256687 1.3455280541025543
1.3515471528947047 1.3619208143300949 1.3723341346986597 1.3779787325374859 1.3869562416926198 1.395962900134736 1.3990265931216801 1.4005299954757493
1.4020342051786712 1.4055428970498394 1.4161213563355148 1.4267394745543649 1.4329373584591536 1.4436182166699716 1.4543387338139648 1.4605962127562995
1.4713794698922604 1.482202385961396 1.4885194599412765 1.4994051160023798 1.4999999999999998 1.5103304309966579 1.5167071000140846 1.5276951550003306
1.5387228689197516 1.5451591329747245 1.556249586886113 1.5673796997306764 1.5738755588231952 1.5850684116597269 1.5963009234294327 1.6028563775594975
1.6141516293211715 1.6254865400160203 1.6321015891836315 1.6427876096865393 1.6434992398704478 1.6549365494904391 1.661611193695596 1.6731112433075555
1.6846509518526893 1.6913851910953923 1.7029876396324941 1.7146297471027707 1.7214235813830197 1.7331284288452642 1.7448729352406835 1.7517263645584786
1.7635336109458661 1.7660444431189777 1.775380516266428 1.782293540621769 1.7942031859342988 1.8061524901800032 1.8131251095728904 1.8251371538105625
1.8371888569814101 1.8442210714118432 1.8563355145746587 1.8660254037844388 1.8684896166706484 1.8755814261386277 1.8877982682265853 1.9000547692477174
1.9072061737532429 1.919525414766343 1.9318843147126183 1.9390953142556897 1.9396926207859082 1.9515169541939326 1.9639782530653502 1.9712488476459675
1.9837728865093531 1.9848077530122081 1.9963365843059133 2
copy 692 730516
values 694
0 5.0000000000000005e-17 1.5745966692414834e-16 2.0892562523917082e-16 3.9402971027315356e-16 4.9300070894591301e-16 5.6346737485889274e-16 6.1095767938109109e-16
7.0499713100505597e-16 8.0576533761952744e-16 8.7367706235171117e-16 1.008154645026866e-15 1.1522544308296501e-15 1.2493690398535639e-15 1.4416736516931398e-15 1.6477381333986851e-15
1.7866132293126922e-15 2.0616112103821579e-15 2.3562859760940903e-15 2.5548790864300999e-15 2.9481296115676344e-15 3.3695181828958168e-15 3.6535087948436335e-15 4.2158619252903658e-15
4.8184528109300058e-15 5.2245629098052311e-15 6.0287348640896912e-15 6.8904473075749393e-15 7.4711897880297148e-15 8.6211656609193279e-15 9.8534251473354098e-15 1.0683894100308652e-14
1.2328373867580454e-14 1.4090520223180142e-14 1.5278101130491052e-14 1.7629727602593508e-14 2.0149618756026079e-14 2.1847874189128156e-14 2.5210729223500238e-14 2.8814204840022902e-14
3.1242731181517609e-14 3.6051655607381529e-14 4.120467045137005e-14 4.4677493253155936e-14 5.1554314851857007e-14 5.8923190017991781e-14 6.3889369715750778e-14 7.3723309930327121e-14
8.4260892851793833e-14 9.1362591440547282e-14 1.0542524796811055e-13 1.2049412229741081e-13 1.306496393980629e-13 1.5075941272362078e-13 1.7230808999093469e-13 1.8683060545575118e-13
2.1558783083579759e-13 2.4640270670664928e-13 2.6717008401846472e-13 3.0829327313506099e-13 3.5235892798508471e-13 3.8205653522510934e-13 4.4086320592334377e-13 5.0387763913085001e-13
5.4634558597558607e-13 6.3043985475434103e-13 7.2055127613178071e-13 7.8128096706717216e-13 9.015368148726457e-13 1.0303972655557954e-12 1.1172414771347525e-12 1.2892088316456781e-12
1.4734808750386335e-12 1.5976691751700189e-12 1.8435846259123685e-12 2.1070959344340876e-12 2.2846867445654114e-12 2.636348890475615e-12 3.0131733313418472e-12 3.2671303933978828e-12
3.7700116255158971e-12 4.3088752516378299e-12 4.6720370015078903e-12 5.3911634032477758e-12 6.161745074887163e-12 6.6810708833562472e-12 7.7094305608516202e-12 8.811371912766486e-12
9.5540142627346984e-12 1.1024581361564287e-11 1.2600371167824067e-11 1.3662358943074667e-11 1.576528814137534e-11 1.8018687116917257e-11 1.9537342812798325e-11 2.2544557659768014e-11
2.5766946155239877e-11 2.7938642644013293e-11 3.223899718906535e-11 3.6847052721376152e-11 3.9952605646994728e-11 4.610216600573826e-11 5.2691742594252864e-11 5.7132721811963592e-11
6.5926669429455264e-11 7.5349845715294158e-11 8.1700501100827524e-11 9.427595531020583e-11 1.0775121432286606e-10 1.1683273032387857e-10 1.3481578588104581e-10 1.5408557347179294e-10
1.6707225403778933e-10 1.9278824662046598e-10 2.2034428197708851e-10 2.3891539632676596e-10 2.7568958480713857e-10 3.1509505728572691e-10 3.4165198123839803e-10 3.9423952706390815e-10
4.5058984165615699e-10 4.8856657242999972e-10 5.6376741547310509e-10 6.4434906454153641e-10 6.9865626076799825e-10 8.0619439942079091e-10 9.2142715745549168e-10 9.9908712190958874e-10
1.1528679945293082e-09 1.3176522683409235e-09 1.4287069811245102e-09 1.6486155371023688e-09 1.8842590933161709e-09 2.0430687105770026e-09 2.3575406742772901e-09 2.6945138835567612e-09
2.9216136067686809e-09 3.371312416866237e-09 3.8531882873402029e-09 4.1779437094140703e-09 4.8210185877707806e-09 5.5101070617226097e-09 5.9745113448927812e-09 6.8941164002937139e-09
7.8795214683379247e-09 8.5436253556557605e-09 9.858671995449804e-09 1.1267813469778249e-08 1.2217490268924079e-08 1.4098023281087257e-08 1.6113113074174708e-08 1.7471162680657786e-08
2.0160348221932097e-08 2.3041951629524935e-08 2.4983979417639442e-08 2.8829548109401031e-08 3.2950276737542255e-08 3.5727400571461585e-08 4.122661151696191e-08 4.7119304585702866e-08
5.1090626127095789e-08 5.8954566014035529e-08 6.7381190219583128e-08 7.3060229300412825e-08 8.4305760915453533e-08 9.6355938087958501e-08 1.0447703443974849e-07 1.2055828418517258e-07
1.3779018706190991e-07 1.49403455612515e-07 1.7239984228656241e-07 1.9704167721583108e-07 2.1364879534203654e-07 2.4653391362787056e-07 2.8177204333559171e-07 3.0552042831919506e-07
3.5254655551046114e-07 4.0293751823147608e-07 4.36898003430861e-07 5.0414594882024309e-07 5.7620565076845226e-07 6.247695659893787e-07 7.2093496231683186e-07 8.2398123022826475e-07
8.9342823158112105e-07 1.030945941561243e-06 1.1783033832851425e-06 1.2776134569265161e-06 1.4742654885344619e-06 1.6849884586285908e-06 1.8270030961871549e-06 2.1082179414687012e-06
2.409554403379395e-06 2.6126370972229348e-06 3.0147778153233447e-06 3.4456926948748862e-06 3.7361034669457658e-06 4.3111696836400017e-06 4.9273833082426305e-06 5.3426743157559581e-06
6.1650261411198578e-06 7.0462192703547723e-06 7.6400905640798625e-06 8.8160638781911091e-06 1.0076180986947918e-05 1.0925424305801606e-05 1.2607080736599746e-05 1.4409063837807425e-05
1.562349232128197e-05 1.8028281883519616e-05 2.0605140077470768e-05 2.2341787877614819e-05 2.5780666790534287e-05 2.9465605981852449e-05 3.194903388459431e-05 3.6866673400094444e-05
4.2136182166850423e-05 4.5687514882444946e-05 5.2719800408275806e-05 6.0255263329438683e-05 6.533371317810455e-05 7.5389968737491693e-05 8.6165774215689577e-05 9.342802051330148e-05
0.00010780859074245985 0.00012321812628378001 0.00012837666049145543 0.00013003707734822044 0.00013170816319115503 0.00013749942900261188 0.0001565180314767176 0.0001767681471939306
0.00019105427466329205 0.00022046161305365458 0.00025197311912613957 0.0002732099833930462 0.00031526284218107473 0.00036032468686330519 0.00039011017193689044 0.00044805226243616405
0.00051000468124037866 0.00052946507313226686 0.00053180279719477195 0.00053414567072102178 0.00055869679054686876 0.00064469217382827815 0.0007368407391457664 0.00079894334285934875
0.00092191780799287559 0.001053691399787422 0.0011043155563285208 0.0011412232397345001 0.0011787375789259838 0.0012293888104630676 0.0013704923548943646 0.0015192596702174389
0.0016219538671254654 0.0018291871116053037 0.0020488754833695591 0.0021286536844477952 0.0021754105698168127 0.0022226754101569513 0.00233633653196699 0.0026959486846414239
0.003081291974888105 0.0032101904927094786 0.0032513658779457014 0.0032928036503629462 0.0034376073844505778 0.0039135266631643286 0.004420289753671508 0.0045942729580826904
0.00466584923259937 0.0047379787654307755 0.0049395362085967818 0.0055852997554365798 0.0062707222354510747 0.0064846664382575353 0.0065088908507355677 0.0065331604258012412
0.0067443143854467192 0.0074695456022225654 0.0082318042750425813 0.0085588717787650637 0.0089010047132213228 0.0092498425166215453 0.00950077290459647 0.010018803182515043
0.010550583894164831 0.010977768741120487 0.011930729063388197 0.012923348318830607 0.013237035075345632 0.013296885156436514 0.013356870235926856 0.013658067103976096
0.014655755119882236 0.015192246987791938 0.015688609371390268 0.016325221535292877 0.017482979707845861 0.018680396813573544 0.019046330469556613 0.019080861781889554
0.019115424368798609 0.0194754161723346 0.020702124378018372 0.021966295401658554 0.022730245880790534 0.024092801903628797 0.025495016859641756 0.026070756380505027
0.026625231877418214 0.027185541814428529 0.027614527147053404 0.028534383590235447 0.029469310542266404 0.030192841777613461 0.031760195650737004 0.033367208457035231
0.034074173710931702 0.034320729057771913 0.035990481856038078 0.037699893587478939 0.038306306356173145 0.038656254451085621 0.03900779376516806 0.039521326653933604
0.040949882995203822 0.042403801624931028 0.04336968228158275 0.045244232930134187 0.047158442511860327 0.048290748225235131 0.050267697798929228 0.052284306305798001
0.053218016038404134 0.05439277192836086 0.055580352671162528 0.05619301723146515 0.057107337592271129 0.058029036529554913 0.058926058776033872 0.060307379214091607
0.061107806200013222 0.063329212557167294 0.064640303383180234 0.066924449732302216 0.0692482550145989 0.070618940878157885 0.073005486152422513 0.07543169035986183
0.076572438965270079 0.078049921431083039 0.079541522192999869 0.08027411679595492 0.081295122789556723 0.082322580900214368 0.083369394531607161 0.085960737656157069
0.088591739713881665 0.090141210690078771 0.092834952739771312 0.095568353722638569 0.097177419736381707 0.099973560711216894 0.10280936061922676 0.10447802167051595
0.10737656157049379 0.11031476040364629 0.11153476546101723 0.11276788004503058 0.11400777378701207 0.11488451212858773 0.11666195398497145 0.11845304038600855
0.1198724042022784 0.12297574195254149 0.12611873863597933 0.1279661847999066 0.13117192147531231 0.13397459621556132 0.13441731708389279 0.1363243582853661
0.13963249388591453 0.14298028841963759 0.14494692465865691 0.14835745918434792 0.15180765264321369 0.15383388391977906 0.15734681737061276 0.16089940975462116
0.16212165713007878 0.16274447870028058 0.16336849432249942 0.16441767425089437 0.16741587248916825 0.17044116074360102 0.17240098110551735 0.17611871240663626
0.17987610264092993 0.18208111903013344 0.18590124925639506 0.18976103841583131 0.19202564984258086 0.19594817899398512 0.19991036707856405 0.20223457354285965
0.20625950161940648 0.21032408862912808 0.21270789013096969 0.21683521713265921 0.22100220306752338 0.22344559960691104 0.22767532553374314 0.23194471039375
0.23327161405988653 0.23353661997897626 0.23380177634130528 0.23395555688102193 0.2350565796616356 0.23912599077658417 0.24323032601734107 0.24571419722228771
0.25014872099940516 0.25462290370969731 0.25724508536172308 0.26178200806398311 0.26635858969941789 0.26904036638898976 0.27367968801639248 0.27835866857696978
0.28110004030408769 0.28584176085663299 0.29062314034235304 0.29289321881345248 0.29342410710701694 0.29826822658470492 0.30315200499556755 0.3060125667977775
0.31095908520060817 0.31594526253661348 0.31886541937636947 0.32391433670434266 0.32900291296549067 0.33093608460652857 0.33246751885174464 0.3340024883415082
0.33550193724725613 0.33913012478876126 0.34277782495168274 0.34536430319704725 0.35061801837530571 0.35591139248673898 0.35721239031346069 0.35901033443913311
0.3643664485425343 0.36976222157911021 0.37292075856905033 0.37837927159759416 0.38387744355931264 0.3870955755867988 0.39265648754048521 0.39825705842734638
0.40153478549237864 0.40719809637120774 0.41290106618321143 0.41623838828578974 0.42200409808976141 0.42780946682690785 0.43120638396703215 0.43707449269614657
0.44298226035843563 0.44643877253610603 0.45240928019036303 0.45841944677779467 0.46193555399301106 0.46800846057241063 0.47412102608498502 0.47617290403087092
0.47708656552975098 0.47800110273724233 0.47979456177087254 0.48506122325630441 0.4903566330067603 0.49372229557031516 0.49999999999999989 0.5063173633628596
0.5100122556907144 0.51639235904554182 0.52281212133354382 0.52656660869894467 0.53304911097891483 0.53957127219205958 0.54338535459500636 0.54997025580011905
0.55659481593840654 0.56046849337889948 0.56715579350915479 0.5738827525725847 0.57781602505062368 0.58460572410602174 0.59143508209459439 0.59542794961017931
0.60232004759071989 0.60925180450443517 0.61330426705756613 0.62029876396324934 0.62733291980210748 0.63144497739278449 0.63854187322361056 0.6456784279876111
0.64985008061583416 0.65704937537180264 0.65797985667433112 0.66428832906094581 0.66836611270071467 0.6751368545690376 0.68194171860727404 0.68408354590909326
0.68461716208287782 0.68515098629793103 0.6874534657254272 0.69485755833168095 0.70230130987110939 0.70665174761197058 0.71415823914336729 0.72170438960793826
0.7261144223863456 0.73372331284288461 0.74118095489747926 0.74137186223259854 0.74584149004855183 0.75355277943023347 0.76130372774508981 0.76583295059858914
0.77364663890541374 0.78149998614541272 0.78608880403645809 0.79400489126842499 0.80196063743356683 0.80660905036215835 0.81462753651926789 0.82268568160955213
0.82635182233306947 0.82739368957568959 0.83551457465794199 0.84367511867336886 0.84844272167705248 0.85666600568444728 0.86492894862501679 0.86975614666624634
0.87808182959878378 0.88644717146449625 0.89133396454327185 0.89976204640095225 0.90822978719180703 0.91317617530812867 0.92170665609095137 0.93027679580694878
0.93528277896081646 0.94391565866878191 0.95258819730992217 0.95765377550133601 0.96638905413444398 0.97516399170072665 0.97775882731219177 0.97787542547384743
0.97799203058727913 0.980556646364383 0.98927824388064578 0.99803845713897188 0.99999999999999978 1.0031889472458686 1.0121290237292617 1.0211087591458301
1.0263531224498819 1.0353955978584179 1.0444777322001284 1.0497816905417263 1.0589265648754052 1.0681110981422584 1.0734746515214024 1.0827219247802236
1.0920088569722195 1.0974320053889095 1.1067816775728734 1.1161710086900121 1.1216537521442482 1.1311058232533548 1.1405975532956361 1.1461398917874182
1.1556943618216673 1.165288490789091 1.1708904243184193 1.1736481776669303 1.1805472932778109 1.1902438211703776 1.1959053497372518 1.2056646176217862
1.2154635444394952 1.2211846680439153 1.2310463348535927 1.2409476605964445 1.2467283792384107 1.2566924449732304 1.2588190451025207 1.2666961696412249
1.2725364833207373 1.2826029479806995 1.2927090715738365 1.2986089802908949 1.308777843876 1.3189863663942798 1.3249458701488841 1.3352171326591316
1.3420201433256687 1.3455280541025543 1.3515471528947047 1.3619208143300949 1.3723341346986597 1.3779787325374859 1.3869562416926198 1.395962900134736
1.3990265931216801 1.4005299954757493 1.4020342051786712 1.4055428970498394 1.4161213563355148 1.4267394745543649 1.4329373584591536 1.4436182166699716
1.4543387338139648 1.4605962127562995 1.4713794698922604 1.482202385961396 1.4885194599412765 1.4994051160023798 1.4999999999999998 1.5103304309966579
1.5167071000140846 1.5276951550003306 1.5387228689197516 1.5451591329747245 1.556249586886113 1.5673796997306764 1.5738755588231952 1.5850684116597269
1.5963009234294327 1.6028563775594975 1.6141516293211715 1.6254865400160203 1.6321015891836315 1.6427876096865393 1.6434992398704478 1.6549365494904391
1.661611193695596 1.6731112433075555 1.6846509518526893 1.6913851910953923 1.7029876396324941 1.7146297471027707 1.7214235813830197 1.7331284288452642
1.7448729352406835 1.7517263645584786 1.7635336109458661 1.7660444431189777 1.775380516266428 1.782293540621769 1.7942031859342988 1.8061524901800032
1.8131251095728904 1.8251371538105625 1.8371888569814101 1.8442210714118432 1.8563355145746587 1.8660254037844388 1.8684896166706484 1.8755814261386277
1.8877982682265853 1.9000547692477174 1.9072061737532429 1.919525414766343 1.9318843147126183 1.9390953142556897 1.9396926207859082 1.9515169541939326
1.9639782530653502 1.9712488476459675 1.9837728865093531 1.9848077530122081 1.9963365843059133 2
copy 694 731900
values 695
0 5.0000000000000005e-17 1.5745966692414834e-16 2.0892562523917082e-16 3.4475274909938564e-16 3.9402971027315356e-16 4.9300070894591301e-16 5.6346737485889274e-16
6.1095767938109109e-16 7.0499713100505597e-16 8.0576533761952744e-16 8.7367706235171117e-16 1.008154645026866e-15 1.1522544308296501e-15 1.2493690398535639e-15 1.4416736516931398e-15
1.6477381333986851e-15 1.7866132293126922e-15 2.0616112103821579e-15 2.3562859760940903e-15 2.5548790864300999e-15 2.9481296115676344e-15 3.3695181828958168e-15 3.6535087948436335e-15
4.2158619252903658e-15 4.8184528109300058e-15 5.2245629098052311e-15 6.0287348640896912e-15 6.8904473075749393e-15 7.4711897880297148e-15 8.6211656609193279e-15 9.8534251473354098e-15
1.0683894100308652e-14 1.2328373867580454e-14 1.4090520223180142e-14 1.5278101130491052e-14 1.7629727602593508e-14 2.0149618756026079e-14 2.1847874189128156e-14 2.5210729223500238e-14
2.8814204840022902e-14 3.1242731181517609e-14 3.6051655607381529e-14 4.120467045137005e-14 4.4677493253155936e-14 5.1554314851857007e-14 5.8923190017991781e-14 6.3889369715750778e-14
7.3723309930327121e-14 8.4260892851793833e-14 9.1362591440547282e-14 1.0542524796811055e-13 1.2049412229741081e-13 1.306496393980629e-13 1.5075941272362078e-13 1.7230808999093469e-13
1.8683060545575118e-13 2.1558783083579759e-13 2.4640270670664928e-13 2.6717008401846472e-13 3.0829327313506099e-13 3.5235892798508471e-13 3.8205653522510934e-13 4.4086320592334377e-13
5.0387763913085001e-13 5.4634558597558607e-13 6.3043985475434103e-13 7.2055127613178071e-13 7.8128096706717216e-13 9.015368148726457e-13 1.0303972655557954e-12 1.1172414771347525e-12
1.2892088316456781e-12 1.4734808750386335e-12 1.5976691751700189e-12 1.8435846259123685e-12 2.1070959344340876e-12 2.2846867445654114e-12 2.636348890475615e-12 3.0131733313418472e-12
3.2671303933978828e-12 3.7700116255158971e-12 4.3088752516378299e-12 4.6720370015078903e-12 5.3911634032477758e-12 6.161745074887163e-12 6.6810708833562472e-12 7.7094305608516202e-12
8.811371912766486e-12 9.5540142627346984e-12 1.1024581361564287e-11 1.2600371167824067e-11 1.3662358943074667e-11 1.576528814137534e-11 1.8018687116917257e-11 1.9537342812798325e-11
2.2544557659768014e-11 2.5766946155239877e-11 2.7938642644013293e-11 3.223899718906535e-11 3.6847052721376152e-11 3.9952605646994728e-11 4.610216600573826e-11 5.2691742594252864e-11
5.7132721811963592e-11 6.5926669429455264e-11 7.5349845715294158e-11 8.1700501100827524e-11 9.427595531020583e-11 1.0775121432286606e-10 1.1683273032387857e-10 1.3481578588104581e-10
1.5408557347179294e-10 1.6707225403778933e-10 1.9278824662046598e-10 2.2034428197708851e-10 2.3891539632676596e-10 2.7568958480713857e-10 3.1509505728572691e-10 3.4165198123839803e-10
3.9423952706390815e-10 4.5058984165615699e-10 4.8856657242999972e-10 5.6376741547310509e-10 6.4434906454153641e-10 6.9865626076799825e-10 8.0619439942079091e-10 9.2142715745549168e-10
9.9908712190958874e-10 1.1528679945293082e-09 1.3176522683409235e-09 1.4287069811245102e-09 1.6486155371023688e-09 1.8842590933161709e-09 2.0430687105770026e-09 2.3575406742772901e-09
2.6945138835567612e-09 2.9216136067686809e-09 3.371312416866237e-09 3.8531882873402029e-09 4.1779437094140703e-09 4.8210185877707806e-09 5.5101070617226097e-09 5.9745113448927812e-09
6.8941164002937139e-09 7.8795214683379247e-09 8.5436253556557605e-09 9.858671995449804e-09 1.1267813469778249e-08 1.2217490268924079e-08 1.4098023281087257e-08 1.6113113074174708e-08
1.7471162680657786e-08 2.0160348221932097e-08 2.3041951629524935e-08 2.4983979417639442e-08 2.8829548109401031e-08 3.2950276737542255e-08 3.5727400571461585e-08 4.122661151696191e-08
4.7119304585702866e-08 5.1090626127095789e-08 5.8954566014035529e-08 6.7381190219583128e-08 7.3060229300412825e-08 8.4305760915453533e-08 9.6355938087958501e-08 1.0447703443974849e-07
1.2055828418517258e-07 1.3779018706190991e-07 1.49403455612515e-07 1.7239984228656241e-07 1.9704167721583108e-07 2.1364879534203654e-07 2.4653391362787056e-07 2.8177204333559171e-07
3.0552042831919506e-07 3.5254655551046114e-07 4.0293751823147608e-07 4.36898003430861e-07 5.0414594882024309e-07 5.7620565076845226e-07 6.247695659893787e-07 7.2093496231683186e-07
8.2398123022826475e-07 8.9342823158112105e-07 1.030945941561243e-06 1.1783033832851425e-06 1.2776134569265161e-06 1.4742654885344619e-06 1.6849884586285908e-06 1.8270030961871549e-06
2.1082179414687012e-06 2.409554403379395e-06 2.6126370972229348e-06 3.0147778153233447e-06 3.4456926948748862e-06 3.7361034669457658e-06 4.3111696836400017e-06 4.9273833082426305e-06
5.3426743157559581e-06 6.1650261411198578e-06 7.0462192703547723e-06 7.6400905640798625e-06 8.8160638781911091e-06 1.0076180986947918e-05 1.0925424305801606e-05 1.2607080736599746e-05
1.4409063837807425e-05 1.562349232128197e-05 1.8028281883519616e-05 2.0605140077470768e-05 2.2341787877614819e-05 2.5780666790534287e-05 2.9465605981852449e-05 3.194903388459431e-05
3.6866673400094444e-05 4.2136182166850423e-05 4.5687514882444946e-05 5.2719800408275806e-05 6.0255263329438683e-05 6.533371317810455e-05 7.5389968737491693e-05 8.6165774215689577e-05
9.342802051330148e-05 0.00010780859074245985 0.00012321812628378001 0.00012837666049145543 0.00013003707734822044 0.00013170816319115503 0.00013749942900261188 0.0001565180314767176
0.0001767681471939306 0.00019105427466329205 0.00022046161305365458 0.00025197311912613957 0.0002732099833930462 0.00031526284218107473 0.00036032468686330519 0.00039011017193689044
0.00044805226243616405 0.00051000468124037866 0.00052946507313226686 0.00053180279719477195 0.00053414567072102178 0.00055869679054686876 0.00064469217382827815 0.0007368407391457664
0.00079894334285934875 0.00092191780799287559 0.001053691399787422 0.0011043155563285208 0.0011412232397345001 0.0011787375789259838 0.0012293888104630676 0.0013704923548943646
0.0015192596702174389 0.0016219538671254654 0.0018291871116053037 0.0020488754833695591 0.0021286536844477952 0.0021754105698168127 0.0022226754101569513 0.00233633653196699
0.0026959486846414239 0.003081291974888105 0.0032101904927094786 0.0032513658779457014 0.0032928036503629462 0.0034376073844505778 0.0039135266631643286 0.004420289753671508
0.0045942729580826904 0.00466584923259937 0.0047379787654307755 0.0049395362085967818 0.0055852997554365798 0.0062707222354510747 0.0064846664382575353 0.0065088908507355677
0.0065331604258012412 0.0067443143854467192 0.0074695456022225654 0.0082318042750425813 0.0085588717787650637 0.0089010047132213228 0.0092498425166215453 0.00950077290459647
0.010018803182515043 0.010550583894164831 0.010977768741120487 0.011930729063388197 0.012923348318830607 0.013237035075345632 0.013296885156436514 0.013356870235926856
0.013658067103976096 0.014655755119882236 0.015192246987791938 0.015688609371390268 0.016325221535292877 0.017482979707845861 0.018680396813573544 0.019046330469556613
0.019080861781889554 0.019115424368798609 0.0194754161723346 0.020702124378018372 0.021966295401658554 0.022730245880790534 0.024092801903628797 0.025495016859641756
0.026070756380505027 0.026625231877418214 0.027185541814428529 0.027614527147053404 0.028534383590235447 0.029469310542266404 0.030192841777613461 0.031760195650737004
0.033367208457035231 0.034074173710931702 0.034320729057771913 0.035990481856038078 0.037699893587478939 0.038306306356173145 0.038656254451085621 0.03900779376516806
0.039521326653933604 0.040949882995203822 0.042403801624931028 0.04336968228158275 0.045244232930134187 0.047158442511860327 0.048290748225235131 0.050267697798929228
0.052284306305798001 0.053218016038404134 0.05439277192836086 0.055580352671162528 0.05619301723146515 0.057107337592271129 0.058029036529554913 0.058926058776033872
0.060307379214091607 0.061107806200013222 0.063329212557167294 0.064640303383180234 0.066924449732302216 0.0692482550145989 0.070618940878157885 0.073005486152422513
0.07543169035986183 0.076572438965270079 0.078049921431083039 0.079541522192999869 0.08027411679595492 0.081295122789556723 0.082322580900214368 0.083369394531607161
0.085960737656157069 0.088591739713881665 0.090141210690078771 0.092834952739771312 0.095568353722638569 0.097177419736381707 0.099973560711216894 0.10280936061922676
0.10447802167051595 0.10737656157049379 0.11031476040364629 0.11153476546101723 0.11276788004503058 0.11400777378701207 0.11488451212858773 0.11666195398497145
0.11845304038600855 0.1198724042022784 0.12297574195254149 0.12611873863597933 0.1279661847999066 0.13117192147531231 0.13397459621556132 0.13441731708389279
0.1363243582853661 0.13963249388591453 0.14298028841963759 0.14494692465865691 0.14835745918434792 0.15180765264321369 0.15383388391977906 0.15734681737061276
0.16089940975462116 0.16212165713007878 0.16274447870028058 0.16336849432249942 0.16441767425089437 0.16741587248916825 0.17044116074360102 0.17240098110551735
0.17611871240663626 0.17987610264092993 0.18208111903013344 0.18590124925639506 0.18976103841583131 0.19202564984258086 0.19594817899398512 0.19991036707856405
0.20223457354285965 0.20625950161940648 0.21032408862912808 0.21270789013096969 0.21683521713265921 0.22100220306752338 0.22344559960691104 0.22767532553374314
0.23194471039375 0.23327161405988653 0.23353661997897626 0.23380177634130528 0.23395555688102193 0.2350565796616356 0.23912599077658417 0.24323032601734107
0.24571419722228771 0.25014872099940516 0.25462290370969731 0.25724508536172308 0.26178200806398311 0.26635858969941789 0.26904036638898976 0.27367968801639248
0.27835866857696978 0.28110004030408769 0.28584176085663299 0.29062314034235304 0.29289321881345248 0.29342410710701694 0.29826822658470492 0.30315200499556755
0.3060125667977775 0.31095908520060817 0.31594526253661348 0.31886541937636947 0.32391433670434266 0.32900291296549067 0.33093608460652857 0.33246751885174464
0.3340024883415082 0.33550193724725613 0.33913012478876126 0.34277782495168274 0.34536430319704725 0.35061801837530571 0.35591139248673898 0.35721239031346069
0.35901033443913311 0.3643664485425343 0.36976222157911021 0.37292075856905033 0.37837927159759416 0.38387744355931264 0.3870955755867988 0.39265648754048521
0.39825705842734638 0.40153478549237864 0.40719809637120774 0.41290106618321143 0.41623838828578974 0.42200409808976141 0.42780946682690785 0.43120638396703215
0.43707449269614657 0.44298226035843563 0.44643877253610603 0.45240928019036303 0.45841944677779467 0.46193555399301106 0.46800846057241063 0.47412102608498502
0.47617290403087092 0.47708656552975098 0.47800110273724233 0.47979456177087254 0.48506122325630441 0.4903566330067603 0.49372229557031516 0.49999999999999989
0.5063173633628596 0.5100122556907144 0.51639235904554182 0.52281212133354382 0.52656660869894467 0.53304911097891483 0.53957127219205958 0.54338535459500636
0.54997025580011905 0.55659481593840654 0.56046849337889948 0.56715579350915479 0.5738827525725847 0.57781602505062368 0.58460572410602174 0.59143508209459439
0.59542794961017931 0.60232004759071989 0.60925180450443517 0.61330426705756613 0.62029876396324934 0.62733291980210748 0.63144497739278449 0.63854187322361056
0.6456784279876111 0.64985008061583416 0.65704937537180264 0.65797985667433112 0.66428832906094581 0.66836611270071467 0.6751368545690376 0.68194171860727404
0.68408354590909326 0.68461716208287782 0.68515098629793103 0.6874534657254272 0.69485755833168095 0.70230130987110939 0.70665174761197058 0.71415823914336729
0.72170438960793826 0.7261144223863456 0.73372331284288461 0.74118095489747926 0.74137186223259854 0.74584149004855183 0.75355277943023347 0.76130372774508981
0.76583295059858914 0.77364663890541374 0.78149998614541272 0.78608880403645809 0.79400489126842499 0.80196063743356683 0.80660905036215835 0.81462753651926789
0.82268568160955213 0.82635182233306947 0.82739368957568959 0.83551457465794199 0.84367511867336886 0.84844272167705248 0.85666600568444728 0.86492894862501679
0.86975614666624634 0.87808182959878378 0.88644717146449625 0.89133396454327185 0.89976204640095225 0.90822978719180703 0.91317617530812867 0.92170665609095137
0.93027679580694878 0.93528277896081646 0.94391565866878191 0.95258819730992217 0.95765377550133601 0.96638905413444398 0.97516399170072665 0.97775882731219177
0.97787542547384743 0.97799203058727913 0.980556646364383 0.98927824388064578 0.99803845713897188 0.99999999999999978 1.0031889472458686 1.0121290237292617
1.0211087591458301 1.0263531224498819 1.0353955978584179 1.0444777322001284 1.0497816905417263 1.0589265648754052 1.0681110981422584 1.0734746515214024
1.0827219247802236 1.0920088569722195 1.0974320053889095 1.1067816775728734 1.1161710086900121 1.1216537521442482 1.1311058232533548 1.1405975532956361
1.1461398917874182 1.1556943618216673 1.165288490789091 1.1708904243184193 1.1736481776669303 1.1805472932778109 1.1902438211703776 1.1959053497372518
1.2056646176217862 1.2154635444394952 1.2211846680439153 1.2310463348535927 1.2409476605964445 1.2467283792384107 1.2566924449732304 1.2588190451025207
1.2666961696412249 1.2725364833207373 1.2826029479806995 1.2927090715738365 1.2986089802908949 1.308777843876 1.3189863663942798 1.3249458701488841
1.3352171326591316 1.3420201433256687 1.3455280541025543 1.3515471528947047 1.3619208143300949 1.3723341346986597 1.3779787325374859 1.3869562416926198
1.395962900134736 1.3990265931216801 1.4005299954757493 1.4020342051786712 1.4055428970498394 1.4161213563355148 1.4267394745543649 1.4329373584591536
1.4436182166699716 1.4543387338139648 1.4605962127562995 1.4713794698922604 1.482202385961396 1.4885194599412765 1.4994051160023798 1.4999999999999998
1.5103304309966579 1.5167071000140846 1.5276951550003306 1.5387228689197516 1.5451591329747245 1.556249586886113 1.5673796997306764 1.5738755588231952
1.5850684116597269 1.5963009234294327 1.6028563775594975 1.6141516293211715 1.6254865400160203 1.6321015891836315 1.6427876096865393 1.6434992398704478
1.6549365494904391 1.661611193695596 1.6731112433075555 1.6846509518526893 1.6913851910953923 1.7029876396324941 1.7146297471027707 1.7214235813830197
1.7331284288452642 1.7448729352406835 1.7517263645584786 1.7635336109458661 1.7660444431189777 1.775380516266428 1.782293540621769 1.7942031859342988
1.8061524901800032 1.8131251095728904 1.8251371538105625 1.8371888569814101 1.8442210714118432 1.8563355145746587 1.8660254037844388 1.8684896166706484
1.8755814261386277 1.8877982682265853 1.9000547692477174 1.9072061737532429 1.919525414766343 1.9318843147126183 1.9390953142556897 1.9396926207859082
1.9515169541939326 1.9639782530653502 1.9712488476459675 1.9837728865093531 1.9848077530122081 1.9963365843059133 2
copy 695 733288
copy 695 733288
copy 695 733288
copy 695 733288
copy 695 733288
copy 695 733288
copy 695 733288
copy 695 733288
copy 695 733288
copy 695 733288
copy 695 733288
copy 695 733288
copy 695 733288
values 696
0 5.0000000000000005e-17 1.5745966692414834e-16 2.0892562523917082e-16 2.7554286105176247e-16 3.4475274909938564e-16 3.9402971027315356e-16 4.9300070894591301e-16
5.6346737485889274e-16 6.1095767938109109e-16 7.0499713100505597e-16 8.0576533761952744e-16 8.7367706235171117e-16 1.008154645026866e-15 1.1522544308296501e-15 1.2493690398535639e-15
1.4416736516931398e-15 1.6477381333986851e-15 1.7866132293126922e-15 2.0616112103821579e-15 2.3562859760940903e-15 2.5548790864300999e-15 2.9481296115676344e-15 3.3695181828958168e-15
3.6535087948436335e-15 4.2158619252903658e-15 4.8184528109300058e-15 5.2245629098052311e-15 6.0287348640896912e-15 6.8904473075749393e-15 7.4711897880297148e-15 8.6211656609193279e-15
9.8534251473354098e-15 1.0683894100308652e-14 1.2328373867580454e-14 1.4090520223180142e-14 1.5278101130491052e-14 1.7629727602593508e-14 2.0149618756026079e-14 2.1847874189128156e-14
2.5210729223500238e-14 2.8814204840022902e-14 3.1242731181517609e-14 3.6051655607381529e-14 4.120467045137005e-14 4.4677493253155936e-14 5.1554314851857007e-14 5.8923190017991781e-14
6.3889369715750778e-14 7.3723309930327121e-14 8.4260892851793833e-14 9.1362591440547282e-14 1.0542524796811055e-13 1.2049412229741081e-13 1.306496393980629e-13 1.5075941272362078e-13
1.7230808999093469e-13 1.8683060545575118e-13 2.1558783083579759e-13 2.4640270670664928e-13 2.6717008401846472e-13 3.0829327313506099e-13 3.5235892798508471e-13 3.8205653522510934e-13
4.4086320592334377e-13 5.0387763913085001e-13 5.4634558597558607e-13 6.3043985475434103e-13 7.2055127613178071e-13 7.8128096706717216e-13 9.015368148726457e-13 1.0303972655557954e-12
1.1172414771347525e-12 1.2892088316456781e-12 1.4734808750386335e-12 1.5976691751700189e-12 1.8435846259123685e-12 2.1070959344340876e-12 2.2846867445654114e-12 2.636348890475615e-12
3.0131733313418472e-12 3.2671303933978828e-12 3.7700116255158971e-12 4.3088752516378299e-12 4.6720370015078903e-12 5.3911634032477758e-12 6.161745074887163e-12 6.6810708833562472e-12
7.7094305608516202e-12 8.811371912766486e-12 9.5540142627346984e-12 1.1024581361564287e-11 1.2600371167824067e-11 1.3662358943074667e-11 1.576528814137534e-11 1.8018687116917257e-11
1.9537342812798325e-11 2.2544557659768014e-11 2.5766946155239877e-11 2.7938642644013293e-11 3.223899718906535e-11 3.6847052721376152e-11 3.9952605646994728e-11 4.610216600573826e-11
5.2691742594252864e-11 5.7132721811963592e-11 6.5926669429455264e-11 7.5349845715294158e-11 8.1700501100827524e-11 9.427595531020583e-11 1.0775121432286606e-10 1.1683273032387857e-10
1.3481578588104581e-10 1.5408557347179294e-10 1.6707225403778933e-10 1.9278824662046598e-10 2.2034428197708851e-10 2.3891539632676596e-10 2.7568958480713857e-10 3.1509505728572691e-10
3.4165198123839803e-10 3.9423952706390815e-10 4.5058984165615699e-10 4.8856657242999972e-10 5.6376741547310509e-10 6.4434906454153641e-10 6.9865626076799825e-10 8.0619439942079091e-10
9.2142715745549168e-10 9.9908712190958874e-10 1.1528679945293082e-09 1.3176522683409235e-09 1.4287069811245102e-09 1.6486155371023688e-09 1.8842590933161709e-09 2.0430687105770026e-09
2.3575406742772901e-09 2.6945138835567612e-09 2.9216136067686809e-09 3.371312416866237e-09 3.8531882873402029e-09 4.1779437094140703e-09 4.8210185877707806e-09 5.5101070617226097e-09
5.9745113448927812e-09 6.8941164002937139e-09 7.8795214683379247e-09 8.5436253556557605e-09 9.858671995449804e-09 1.1267813469778249e-08 1.2217490268924079e-08 1.4098023281087257e-08
1.6113113074174708e-08 1.7471162680657786e-08 2.0160348221932097e-08 2.3041951629524935e-08 2.4983979417639442e-08 2.8829548109401031e-08 3.2950276737542255e-08 3.5727400571461585e-08
4.122661151696191e-08 4.7119304585702866e-08 5.1090626127095789e-08 5.8954566014035529e-08 6.7381190219583128e-08 7.3060229300412825e-08 8.4305760915453533e-08 9.6355938087958501e-08
1.0447703443974849e-07 1.2055828418517258e-07 1.3779018706190991e-07 1.49403455612515e-07 1.7239984228656241e-07 1.9704167721583108e-07 2.1364879534203654e-07 2.4653391362787056e-07
2.8177204333559171e-07 3.0552042831919506e-07 3.5254655551046114e-07 4.0293751823147608e-07 4.36898003430861e-07 5.0414594882024309e-07 5.7620565076845226e-07 6.247695659893787e-07
7.2093496231683186e-07 8.2398123022826475e-07 8.9342823158112105e-07 1.030945941561243e-06 1.1783033832851425e-06 1.2776134569265161e-06 1.4742654885344619e-06 1.6849884586285908e-06
1.8270030961871549e-06 2.1082179414687012e-06 2.409554403379395e-06 2.6126370972229348e-06 3.0147778153233447e-06 3.4456926948748862e-06 3.7361034669457658e-06 4.3111696836400017e-06
4.9273833082426305e-06 5.3426743157559581e-06 6.1650261411198578e-06 7.0462192703547723e-06 7.6400905640798625e-06 8.8160638781911091e-06 1.0076180986947918e-05 1.0925424305801606e-05
1.2607080736599746e-05 1.4409063837807425e-05 1.562349232128197e-05 1.8028281883519616e-05 2.0605140077470768e-05 2.2341787877614819e-05 2.5780666790534287e-05 2.9465605981852449e-05
3.194903388459431e-05 3.6866673400094444e-05 4.2136182166850423e-05 4.5687514882444946e-05 5.2719800408275806e-05 6.0255263329438683e-05 6.533371317810455e-05 7.5389968737491693e-05
8.6165774215689577e-05 9.342802051330148e-05 0.00010780859074245985 0.00012321812628378001 0.00012837666049145543 0.00013003707734822044 0.00013170816319115503 0.00013749942900261188
0.0001565180314767176 0.0001767681471939306 0.00019105427466329205 0.00022046161305365458 0.00025197311912613957 0.0002732099833930462 0.00031526284218107473 0.00036032468686330519
0.00039011017193689044 0.00044805226243616405 0.00051000468124037866 0.00052946507313226686 0.00053180279719477195 0.00053414567072102178 0.00055869679054686876 0.00064469217382827815
0.0007368407391457664 0.00079894334285934875 0.00092191780799287559 0.001053691399787422 0.0011043155563285208 0.0011412232397345001 0.0011787375789259838 0.0012293888104630676
0.0013704923548943646 0.0015192596702174389 0.0016219538671254654 0.0018291871116053037 0.0020488754833695591 0.0021286536844477952 0.0021754105698168127 0.0022226754101569513
0.00233633653196699 0.0026959486846414239 0.003081291974888105 0.0032101904927094786 0.0032513658779457014 0.0032928036503629462 0.0034376073844505778 0.0039135266631643286
0.004420289753671508 0.0045942729580826904 0.00466584923259937 0.0047379787654307755 0.0049395362085967818 0.0055852997554365798 0.0062707222354510747 0.0064846664382575353
0.0065088908507355677 0.0065331604258012412 0.0067443143854467192 0.0074695456022225654 0.0082318042750425813 0.0085588717787650637 0.0089010047132213228 0.0092498425166215453
0.00950077290459647 0.010018803182515043 0.010550583894164831 0.010977768741120487 0.011930729063388197 0.012923348318830607 0.013237035075345632 0.013296885156436514
0.013356870235926856 0.013658067103976096 0.014655755119882236 0.015192246987791938 0.015688609371390268 0.016325221535292877 0.017482979707845861 0.018680396813573544
0.019046330469556613 0.019080861781889554 0.019115424368798609 0.0194754161723346 0.020702124378018372 0.021966295401658554 0.022730245880790534 0.024092801903628797
0.025495016859641756 0.026070756380505027 0.026625231877418214 0.027185541814428529 0.027614527147053404 0.028534383590235447 0.029469310542266404 0.030192841777613461
0.031760195650737004 0.033367208457035231 0.034074173710931702 0.034320729057771913 0.035990481856038078 0.037699893587478939 0.038306306356173145 0.038656254451085621
0.03900779376516806 0.039521326653933604 0.040949882995203822 0.042403801624931028 0.04336968228158275 0.045244232930134187 0.047158442511860327 0.048290748225235131
0.050267697798929228 0.052284306305798001 0.053218016038404134 0.05439277192836086 0.055580352671162528 0.05619301723146515 0.057107337592271129 0.058029036529554913
0.058926058776033872 0.060307379214091607 0.061107806200013222 0.063329212557167294 0.064640303383180234 0.066924449732302216 0.0692482550145989 0.070618940878157885
0.073005486152422513 0.07543169035986183 0.076572438965270079 0.078049921431083039 0.079541522192999869 0.08027411679595492 0.081295122789556723 0.082322580900214368
0.083369394531607161 0.085960737656157069 0.088591739713881665 0.090141210690078771 0.092834952739771312 0.095568353722638569 0.097177419736381707 0.099973560711216894
0.10280936061922676 0.10447802167051595 0.10737656157049379 0.11031476040364629 0.11153476546101723 0.11276788004503058 0.11400777378701207 0.11488451212858773
0.11666195398497145 0.11845304038600855 0.1198724042022784 0.12297574195254149 0.12611873863597933 0.1279661847999066 0.13117192147531231 0.13397459621556132
0.13441731708389279 0.1363243582853661 0.13963249388591453 0.14298028841963759 0.14494692465865691 0.14835745918434792 0.15180765264321369 0.15383388391977906
0.15734681737061276 0.16089940975462116 0.16212165713007878 0.16274447870028058 0.16336849432249942 0.16441767425089437 0.16741587248916825 0.17044116074360102
0.17240098110551735 0.17611871240663626 0.17987610264092993 0.18208111903013344 0.18590124925639506 0.18976103841583131 0.19202564984258086 0.19594817899398512
0.19991036707856405 0.20223457354285965 0.20625950161940648 0.21032408862912808 0.21270789013096969 0.21683521713265921 0.22100220306752338 0.22344559960691104
0.22767532553374314 0.23194471039375 0.23327161405988653 0.23353661997897626 0.23380177634130528 0.23395555688102193 0.2350565796616356 0.23912599077658417
0.24323032601734107 0.24571419722228771 0.25014872099940516 0.25462290370969731 0.25724508536172308 0.26178200806398311 0.26635858969941789 0.26904036638898976
0.27367968801639248 0.27835866857696978 0.28110004030408769 0.28584176085663299 0.29062314034235304 0.29289321881345248 0.29342410710701694 0.29826822658470492
0.30315200499556755 0.3060125667977775 0.31095908520060817 0.31594526253661348 0.31886541937636947 0.32391433670434266 0.32900291296549067 0.33093608460652857
0.33246751885174464 0.3340024883415082 0.33550193724725613 0.33913012478876126 0.34277782495168274 0.34536430319704725 0.35061801837530571 0.35591139248673898
0.35721239031346069 0.35901033443913311 0.3643664485425343 0.36976222157911021 0.37292075856905033 0.37837927159759416 0.38387744355931264 0.3870955755867988
0.39265648754048521 0.39825705842734638 0.40153478549237864 0.40719809637120774 0.41290106618321143 0.41623838828578974 0.42200409808976141 0.42780946682690785
0.43120638396703215 0.43707449269614657 0.44298226035843563 0.44643877253610603 0.45240928019036303 0.45841944677779467 0.46193555399301106 0.46800846057241063
0.47412102608498502 0.47617290403087092 0.47708656552975098 0.47800110273724233 0.47979456177087254 0.48506122325630441 0.4903566330067603 0.49372229557031516
0.49999999999999989 0.5063173633628596 0.5100122556907144 0.51639235904554182 0.52281212133354382 0.52656660869894467 0.53304911097891483 0.53957127219205958
0.54338535459500636 0.54997025580011905 0.55659481593840654 0.56046849337889948 0.56715579350915479 0.5738827525725847 0.57781602505062368 0.58460572410602174
0.59143508209459439 0.59542794961017931 0.60232004759071989 0.60925180450443517 0.61330426705756613 0.62029876396324934 0.62733291980210748 0.63144497739278449
0.63854187322361056 0.6456784279876111 0.64985008061583416 0.65704937537180264 0.65797985667433112 0.66428832906094581 0.66836611270071467 0.6751368545690376
0.68194171860727404 0.68408354590909326 0.68461716208287782 0.68515098629793103 0.6874534657254272 0.69485755833168095 0.70230130987110939 0.70665174761197058
0.71415823914336729 0.72170438960793826 0.7261144223863456 0.73372331284288461 0.74118095489747926 0.74137186223259854 0.74584149004855183 0.75355277943023347
0.76130372774508981 0.76583295059858914 0.77364663890541374 0.78149998614541272 0.78608880403645809 0.79400489126842499 0.80196063743356683 0.80660905036215835
0.81462753651926789 0.82268568160955213 0.82635182233306947 0.82739368957568959 0.83551457465794199 0.84367511867336886 0.84844272167705248 0.85666600568444728
0.86492894862501679 0.86975614666624634 0.87808182959878378 0.88644717146449625 0.89133396454327185 0.89976204640095225 0.90822978719180703 0.91317617530812867
0.92170665609095137 0.93027679580694878 0.93528277896081646 0.94391565866878191 0.95258819730992217 0.95765377550133601 0.96638905413444398 0.97516399170072665
0.97775882731219177 0.97787542547384743 0.97799203058727913 0.980556646364383 0.98927824388064578 0.99803845713897188 0.99999999999999978 1.0031889472458686
1.0121290237292617 1.0211087591458301 1.0263531224498819 1.0353955978584179 1.0444777322001284 1.0497816905417263 1.0589265648754052 1.0681110981422584
1.0734746515214024 1.0827219247802236 1.0920088569722195 1.0974320053889095 1.1067816775728734 1.1161710086900121 1.1216537521442482 1.1311058232533548
1.1405975532956361 1.1461398917874182 1.1556943618216673 1.165288490789091 1.1708904243184193 1.1736481776669303 1.1805472932778109 1.1902438211703776
1.1959053497372518 1.2056646176217862 1.2154635444394952 1.2211846680439153 1.2310463348535927 1.2409476605964445 1.2467283792384107 1.2566924449732304
1.2588190451025207 1.2666961696412249 1.2725364833207373 1.2826029479806995 1.2927090715738365 1.2986089802908949 1.308777843876 1.3189863663942798
1.3249458701488841 1.3352171326591316 1.3420201433256687 1.3455280541025543 1.3515471528947047 1.3619208143300949 1.3723341346986597 1.3779787325374859
1.3869562416926198 1.395962900134736 1.3990265931216801 1.4005299954757493 1.4020342051786712 1.4055428970498394 1.4161213563355148 1.4267394745543649
1.4329373584591536 1.4436182166699716 1.4543387338139648 1.4605962127562995 1.4713794698922604 1.482202385961396 1.4885194599412765 1.4994051160023798
1.4999999999999998 1.5103304309966579 1.5167071000140846 1.5276951550003306 1.5387228689197516 1.5451591329747245 1.556249586886113 1.5673796997306764
1.5738755588231952 1.5850684116597269 1.5963009234294327 1.6028563775594975 1.6141516293211715 1.6254865400160203 1.6321015891836315 1.6427876096865393
1.6434992398704478 1.6549365494904391 1.661611193695596 1.6731112433075555 1.6846509518526893 1.6913851910953923 1.7029876396324941 1.7146297471027707
1.7214235813830197 1.7331284288452642 1.7448729352406835 1.7517263645584786 1.7635336109458661 1.7660444431189777 1.775380516266428 1.782293540621769
1.7942031859342988 1.8061524901800032 1.8131251095728904 1.8251371538105625 1.8371888569814101 1.8442210714118432 1.8563355145746587 1.8660254037844388
1.8684896166706484 1.8755814261386277 1.8877982682265853 1.9000547692477174 1.9072061737532429 1.919525414766343 1.9318843147126183 1.9390953142556897
1.9396926207859082 1.9515169541939326 1.9639782530653502 1.9712488476459675 1.9837728865093531 1.9848077530122081 1.9963365843059133 2
copy 696 743018
values 697
0 5.0000000000000005e-17 1.5745966692414834e-16 2.0892562523917082e-16 2.7554286105176247e-16 3.4475274909938564e-16 3.9402971027315356e-16 4.2723942527457982e-16
4.9300070894591301e-16 5.6346737485889274e-16 6.1095767938109109e-16 7.0499713100505597e-16 8.0576533761952744e-16 8.7367706235171117e-16 1.008154645026866e-15 1.1522544308296501e-15
1.2493690398535639e-15 1.4416736516931398e-15 1.6477381333986851e-15 1.7866132293126922e-15 2.0616112103821579e-15 2.3562859760940903e-15 2.5548790864300999e-15 2.9481296115676344e-15
3.3695181828958168e-15 3.6535087948436335e-15 4.2158619252903658e-15 4.8184528109300058e-15 5.2245629098052311e-15 6.0287348640896912e-15 6.8904473075749393e-15 7.4711897880297148e-15
8.6211656609193279e-15 9.8534251473354098e-15 1.0683894100308652e-14 1.2328373867580454e-14 1.4090520223180142e-14 1.5278101130491052e-14 1.7629727602593508e-14 2.0149618756026079e-14
2.1847874189128156e-14 2.5210729223500238e-14 2.8814204840022902e-14 3.1242731181517609e-14 3.6051655607381529e-14 4.120467045137005e-14 4.4677493253155936e-14 5.1554314851857007e-14
5.8923190017991781e-14 6.3889369715750778e-14 7.3723309930327121e-14 8.4260892851793833e-14 9.1362591440547282e-14 1.0542524796811055e-13 1.2049412229741081e-13 1.306496393980629e-13
1.5075941272362078e-13 1.7230808999093469e-13 1.8683060545575118e-13 2.1558783083579759e-13 2.4640270670664928e-13 2.6717008401846472e-13 3.0829327313506099e-13 3.5235892798508471e-13
3.8205653522510934e-13 4.4086320592334377e-13 5.0387763913085001e-13 5.4634558597558607e-13 6.3043985475434103e-13 7.2055127613178071e-13 7.8128096706717216e-13 9.015368148726457e-13
1.0303972655557954e-12 1.1172414771347525e-12 1.2892088316456781e-12 1.4734808750386335e-12 1.5976691751700189e-12 1.8435846259123685e-12 2.1070959344340876e-12 2.2846867445654114e-12
2.636348890475615e-12 3.0131733313418472e-12 3.2671303933978828e-12 3.7700116255158971e-12 4.3088752516378299e-12 4.6720370015078903e-12 5.3911634032477758e-12 6.161745074887163e-12
6.6810708833562472e-12 7.7094305608516202e-12 8.811371912766486e-12 9.5540142627346984e-12 1.1024581361564287e-11 1.2600371167824067e-11 1.3662358943074667e-11 1.576528814137534e-11
1.8018687116917257e-11 1.9537342812798325e-11 2.2544557659768014e-11 2.5766946155239877e-11 2.7938642644013293e-11 3.223899718906535e-11 3.6847052721376152e-11 3.9952605646994728e-11
4.610216600573826e-11 5.2691742594252864e-11 5.7132721811963592e-11 6.5926669429455264e-11 7.5349845715294158e-11 8.1700501100827524e-11 9.427595531020583e-11 1.0775121432286606e-10
1.1683273032387857e-10 1.3481578588104581e-10 1.5408557347179294e-10 1.6707225403778933e-10 1.9278824662046598e-10 2.2034428197708851e-10 2.3891539632676596e-10 2.7568958480713857e-10
3.1509505728572691e-10 3.4165198123839803e-10 3.9423952706390815e-10 4.5058984165615699e-10 4.8856657242999972e-10 5.6376741547310509e-10 6.4434906454153641e-10 6.9865626076799825e-10
8.0619439942079091e-10 9.2142715745549168e-10 9.9908712190958874e-10 1.1528679945293082e-09 1.3176522683409235e-09 1.4287069811245102e-09 1.6486155371023688e-09 1.8842590933161709e-09
2.0430687105770026e-09 2.3575406742772901e-09 2.6945138835567612e-09 2.9216136067686809e-09 3.371312416866237e-09 3.8531882873402029e-09 4.1779437094140703e-09 4.8210185877707806e-09
5.5101070617226097e-09 5.9745113448927812e-09 6.8941164002937139e-09 7.8795214683379247e-09 8.5436253556557605e-09 9.858671995449804e-09 1.1267813469778249e-08 1.2217490268924079e-08
1.4098023281087257e-08 1.6113113074174708e-08 1.7471162680657786e-08 2.0160348221932097e-08 2.3041951629524935e-08 2.4983979417639442e-08 2.8829548109401031e-08 3.2950276737542255e-08
3.5727400571461585e-08 4.122661151696191e-08 4.7119304585702866e-08 5.1090626127095789e-08 5.8954566014035529e-08 6.7381190219583128e-08 7.3060229300412825e-08 8.4305760915453533e-08
9.6355938087958501e-08 1.0447703443974849e-07 1.2055828418517258e-07 1.3779018706190991e-07 1.49403455612515e-07 1.7239984228656241e-07 1.9704167721583108e-07 2.1364879534203654e-07
2.4653391362787056e-07 2.8177204333559171e-07 3.0552042831919506e-07 3.5254655551046114e-07 4.0293751823147608e-07 4.36898003430861e-07 5.0414594882024309e-07 5.7620565076845226e-07
6.247695659893787e-07 7.2093496231683186e-07 8.2398123022826475e-07 8.9342823158112105e-07 1.030945941561243e-06 1.1783033832851425e-06 1.2776134569265161e-06 1.4742654885344619e-06
1.6849884586285908e-06 1.8270030961871549e-06 2.1082179414687012e-06 2.409554403379395e-06 2.6126370972229348e-06 3.0147778153233447e-06 3.4456926948748862e-06 3.7361034669457658e-06
4.3111696836400017e-06 4.9273833082426305e-06 5.3426743157559581e-06 6.1650261411198578e-06 7.0462192703547723e-06 7.6400905640798625e-06 8.8160638781911091e-06 1.0076180986947918e-05
1.0925424305801606e-05 1.2607080736599746e-05 1.4409063837807425e-05 1.562349232128197e-05 1.8028281883519616e-05 2.0605140077470768e-05 2.2341787877614819e-05 2.5780666790534287e-05
2.9465605981852449e-05 3.194903388459431e-05 3.6866673400094444e-05 4.2136182166850423e-05 4.5687514882444946e-05 5.2719800408275806e-05 6.0255263329438683e-05 6.533371317810455e-05
7.5389968737491693e-05 8.6165774215689577e-05 9.342802051330148e-05 0.00010780859074245985 0.00012321812628378001 0.00012837666049145543 0.00013003707734822044 0.00013170816319115503
0.00013749942900261188 0.0001565180314767176 0.0001767681471939306 0.00019105427466329205 0.00022046161305365458 0.00025197311912613957 0.0002732099833930462 0.00031526284218107473
0.00036032468686330519 0.00039011017193689044 0.00044805226243616405 0.00051000468124037866 0.00052946507313226686 0.00053180279719477195 0.00053414567072102178 0.00055869679054686876
0.00064469217382827815 0.0007368407391457664 0.00079894334285934875 0.00092191780799287559 0.001053691399787422 0.0011043155563285208 0.0011412232397345001 0.0011787375789259838
0.0012293888104630676 0.0013704923548943646 0.0015192596702174389 0.0016219538671254654 0.0018291871116053037 0.0020488754833695591 0.0021286536844477952 0.0021754105698168127
0.0022226754101569513 0.00233633653196699 0.0026959486846414239 0.003081291974888105 0.0032101904927094786 0.0032513658779457014 0.0032928036503629462 0.0034376073844505778
0.0039135266631643286 0.004420289753671508 0.0045942729580826904 0.00466584923259937 0.0047379787654307755 0.0049395362085967818 0.0055852997554365798 0.0062707222354510747
0.0064846664382575353 0.0065088908507355677 0.0065331604258012412 0.0067443143854467192 0.0074695456022225654 0.0082318042750425813 0.0085588717787650637 0.0089010047132213228
0.0092498425166215453 0.00950077290459647 0.010018803182515043 0.010550583894164831 0.010977768741120487 0.011930729063388197 0.012923348318830607 0.013237035075345632
0.013296885156436514 0.013356870235926856 0.013658067103976096 0.014655755119882236 0.015192246987791938 0.015688609371390268 0.016325221535292877 0.017482979707845861
0.018680396813573544 0.019046330469556613 0.019080861781889554 0.019115424368798609 0.0194754161723346 0.020702124378018372 0.021966295401658554 0.022730245880790534
0.024092801903628797 0.025495016859641756 0.026070756380505027 0.026625231877418214 0.027185541814428529 0.027614527147053404 0.028534383590235447 0.029469310542266404
0.030192841777613461 0.031760195650737004 0.033367208457035231 0.034074173710931702 0.034320729057771913 0.035990481856038078 0.037699893587478939 0.038306306356173145
0.038656254451085621 0.03900779376516806 0.039521326653933604 0.040949882995203822 0.042403801624931028 0.04336968228158275 0.045244232930134187 0.047158442511860327
0.048290748225235131 0.050267697798929228 0.052284306305798001 0.053218016038404134 0.05439277192836086 0.055580352671162528 0.05619301723146515 0.057107337592271129
0.058029036529554913 0.058926058776033872 0.060307379214091607 0.061107806200013222 0.063329212557167294 0.064640303383180234 0.066924449732302216 0.0692482550145989
0.070618940878157885 0.073005486152422513 0.07543169035986183 0.076572438965270079 0.078049921431083039 0.079541522192999869 0.08027411679595492 0.081295122789556723
0.082322580900214368 0.083369394531607161 0.085960737656157069 0.088591739713881665 0.090141210690078771 0.092834952739771312 0.095568353722638569 0.097177419736381707
0.099973560711216894 0.10280936061922676 0.10447802167051595 0.10737656157049379 0.11031476040364629 0.11153476546101723 0.11276788004503058 0.11400777378701207
0.11488451212858773 0.11666195398497145 0.11845304038600855 0.1198724042022784 0.12297574195254149 0.12611873863597933 0.1279661847999066 0.13117192147531231
0.13397459621556132 0.13441731708389279 0.1363243582853661 0.13963249388591453 0.14298028841963759 0.14494692465865691 0.14835745918434792 0.15180765264321369
0.15383388391977906 0.15734681737061276 0.16089940975462116 0.16212165713007878 0.16274447870028058 0.16336849432249942 0.16441767425089437 0.16741587248916825
0.17044116074360102 0.17240098110551735 0.17611871240663626 0.17987610264092993 0.18208111903013344 0.18590124925639506 0.18976103841583131 0.19202564984258086
0.19594817899398512 0.19991036707856405 0.20223457354285965 0.20625950161940648 0.21032408862912808 0.21270789013096969 0.21683521713265921 0.22100220306752338
0.22344559960691104 0.22767532553374314 0.23194471039375 0.23327161405988653 0.23353661997897626 0.23380177634130528 0.23395555688102193 0.2350565796616356
0.23912599077658417 0.24323032601734107 0.24571419722228771 0.25014872099940516 0.25462290370969731 0.25724508536172308 0.26178200806398311 0.26635858969941789
0.26904036638898976 0.27367968801639248 0.27835866857696978 0.28110004030408769 0.28584176085663299 0.29062314034235304 0.29289321881345248 0.29342410710701694
0.29826822658470492 0.30315200499556755 0.3060125667977775 0.31095908520060817 0.31594526253661348 0.31886541937636947 0.32391433670434266 0.32900291296549067
0.33093608460652857 0.33246751885174464 0.3340024883415082 0.33550193724725613 0.33913012478876126 0.34277782495168274 0.34536430319704725 0.35061801837530571
0.35591139248673898 0.35721239031346069 0.35901033443913311 0.3643664485425343 0.36976222157911021 0.37292075856905033 0.37837927159759416 0.38387744355931264
0.3870955755867988 0.39265648754048521 0.39825705842734638 0.40153478549237864 0.40719809637120774 0.41290106618321143 0.41623838828578974 0.42200409808976141
0.42780946682690785 0.43120638396703215 0.43707449269614657 0.44298226035843563 0.44643877253610603 0.45240928019036303 0.45841944677779467 0.46193555399301106
0.46800846057241063 0.47412102608498502 0.47617290403087092 0.47708656552975098 0.47800110273724233 0.47979456177087254 0.48506122325630441 0.4903566330067603
0.49372229557031516 0.49999999999999989 0.5063173633628596 0.5100122556907144 0.51639235904554182 0.52281212133354382 0.52656660869894467 0.53304911097891483
0.53957127219205958 0.54338535459500636 0.54997025580011905 0.55659481593840654 0.56046849337889948 0.56715579350915479 0.5738827525725847 0.57781602505062368
0.58460572410602174 0.59143508209459439 0.59542794961017931 0.60232004759071989 0.60925180450443517 0.61330426705756613 0.62029876396324934 0.62733291980210748
0.63144497739278449 0.63854187322361056 0.6456784279876111 0.64985008061583416 0.65704937537180264 0.65797985667433112 0.66428832906094581 0.66836611270071467
0.6751368545690376 0.68194171860727404 0.68408354590909326 0.68461716208287782 0.68515098629793103 0.6874534657254272 0.69485755833168095 0.70230130987110939
0.70665174761197058 0.71415823914336729 0.72170438960793826 0.7261144223863456 0.73372331284288461 0.74118095489747926 0.74137186223259854 0.74584149004855183
0.75355277943023347 0.76130372774508981 0.76583295059858914 0.77364663890541374 0.78149998614541272 0.78608880403645809 0.79400489126842499 0.80196063743356683
0.80660905036215835 0.81462753651926789 0.82268568160955213 0.82635182233306947 0.82739368957568959 0.83551457465794199 0.84367511867336886 0.84844272167705248
0.85666600568444728 0.86492894862501679 0.86975614666624634 0.87808182959878378 0.88644717146449625 0.89133396454327185 0.89976204640095225 0.90822978719180703
0.91317617530812867 0.92170665609095137 0.93027679580694878 0.93528277896081646 0.94391565866878191 0.95258819730992217 0.95765377550133601 0.96638905413444398
0.97516399170072665 0.97775882731219177 0.97787542547384743 0.97799203058727913 0.980556646364383 0.98927824388064578 0.99803845713897188 0.99999999999999978
1.0031889472458686 1.0121290237292617 1.0211087591458301 1.0263531224498819 1.0353955978584179 1.0444777322001284 1.0497816905417263 1.0589265648754052
1.0681110981422584 1.0734746515214024 1.0827219247802236 1.0920088569722195 1.0974320053889095 1.1067816775728734 1.1161710086900121 1.1216537521442482
1.1311058232533548 1.1405975532956361 1.1461398917874182 1.1556943618216673 1.165288490789091 1.1708904243184193 1.1736481776669303 1.1805472932778109
1.1902438211703776 1.1959053497372518 1.2056646176217862 1.2154635444394952 1.2211846680439153 1.2310463348535927 1.2409476605964445 1.2467283792384107
1.2566924449732304 1.2588190451025207 1.2666961696412249 1.2725364833207373 1.2826029479806995 1.2927090715738365 1.2986089802908949 1.308777843876
1.3189863663942798 1.3249458701488841 1.3352171326591316 1.3420201433256687 1.3455280541025543 1.3515471528947047 1.3619208143300949 1.3723341346986597
1.3779787325374859 1.3869562416926198 1.395962900134736 1.3990265931216801 1.4005299954757493 1.4020342051786712 1.4055428970498394 1.4161213563355148
1.4267394745543649 1.4329373584591536 1.4436182166699716 1.4543387338139648 1.4605962127562995 1.4713794698922604 1.482202385961396 1.4885194599412765
1.4994051160023798 1.4999999999999998 1.5103304309966579 1.5167071000140846 1.5276951550003306 1.5387228689197516 1.5451591329747245 1.556249586886113
1.5673796997306764 1.5738755588231952 1.5850684116597269 1.5963009234294327 1.6028563775594975 1.6141516293211715 1.6254865400160203 1.6321015891836315
1.6427876096865393 1.6434992398704478 1.6549365494904391 1.661611193695596 1.6731112433075555 1.6846509518526893 1.6913851910953923 1.7029876396324941
1.7146297471027707 1.7214235813830197 1.7331284288452642 1.7448729352406835 1.7517263645584786 1.7635336109458661 1.7660444431189777 1.775380516266428
1.782293540621769 1.7942031859342988 1.8061524901800032 1.8131251095728904 1.8251371538105625 1.8371888569814101 1.8442210714118432 1.8563355145746587
1.8660254037844388 1.8684896166706484 1.8755814261386277 1.8877982682265853 1.9000547692477174 1.9072061737532429 1.919525414766343 1.9318843147126183
1.9390953142556897 1.9396926207859082 1.9515169541939326 1.9639782530653502 1.9712488476459675 1.9837728865093531 1.9848077530122081 1.9963365843059133
2
values 698
0 5.0000000000000005e-17 1.5745966692414834e-16 2.0892562523917082e-16 2.4108374664553168e-16 2.7554286105176247e-16 3.4475274909938564e-16 3.9402971027315356e-16
4.2723942527457982e-16 4.9300070894591301e-16 5.6346737485889274e-16 6.1095767938109109e-16 7.0499713100505597e-16 8.0576533761952744e-16 8.7367706235171117e-16 1.008154645026866e-15
1.1522544308296501e-15 1.2493690398535639e-15 1.4416736516931398e-15 1.6477381333986851e-15 1.7866132293126922e-15 2.0616112103821579e-15 2.3562859760940903e-15 2.5548790864300999e-15
2.9481296115676344e-15 3.3695181828958168e-15 3.6535087948436335e-15 4.2158619252903658e-15 4.8184528109300058e-15 5.2245629098052311e-15 6.0287348640896912e-15 6.8904473075749393e-15
7.4711897880297148e-15 8.6211656609193279e-15 9.8534251473354098e-15 1.0683894100308652e-14 1.2328373867580454e-14 1.4090520223180142e-14 1.5278101130491052e-14 1.7629727602593508e-14
2.0149618756026079e-14 2.1847874189128156e-14 2.5210729223500238e-14 2.8814204840022902e-14 3.1242731181517609e-14 3.6051655607381529e-14 4.120467045137005e-14 4.4677493253155936e-14
5.1554314851857007e-14 5.8923190017991781e-14 6.3889369715750778e-14 7.3723309930327121e-14 8.4260892851793833e-14 9.1362591440547282e-14 1.0542524796811055e-13 1.2049412229741081e-13
1.306496393980629e-13 1.5075941272362078e-13 1.7230808999093469e-13 1.8683060545575118e-13 2.1558783083579759e-13 2.4640270670664928e-13 2.6717008401846472e-13 3.0829327313506099e-13
3.5235892798508471e-13 3.8205653522510934e-13 4.4086320592334377e-13 5.0387763913085001e-13 5.4634558597558607e-13 6.3043985475434103e-13 7.2055127613178071e-13 7.8128096706717216e-13
9.015368148726457e-13 1.0303972655557954e-12 1.1172414771347525e-12 1.2892088316456781e-12 1.4734808750386335e-12 1.5976691751700189e-12 1.8435846259123685e-12 2.1070959344340876e-12
2.2846867445654114e-12 2.636348890475615e-12 3.0131733313418472e-12 3.2671303933978828e-12 3.7700116255158971e-12 4.3088752516378299e-12 4.6720370015078903e-12 5.3911634032477758e-12
6.161745074887163e-12 6.6810708833562472e-12 7.7094305608516202e-12 8.811371912766486e-12 9.5540142627346984e-12 1.1024581361564287e-11 1.2600371167824067e-11 1.3662358943074667e-11
1.576528814137534e-11 1.8018687116917257e-11 1.9537342812798325e-11 2.2544557659768014e-11 2.5766946155239877e-11 2.7938642644013293e-11 3.223899718906535e-11 3.6847052721376152e-11
3.9952605646994728e-11 4.610216600573826e-11 5.2691742594252864e-11 5.7132721811963592e-11 6.5926669429455264e-11 7.5349845715294158e-11 8.1700501100827524e-11 9.427595531020583e-11
1.0775121432286606e-10 1.1683273032387857e-10 1.3481578588104581e-10 1.5408557347179294e-10 1.6707225403778933e-10 1.9278824662046598e-10 2.2034428197708851e-10 2.3891539632676596e-10
2.7568958480713857e-10 3.1509505728572691e-10 3.4165198123839803e-10 3.9423952706390815e-10 4.5058984165615699e-10 4.8856657242999972e-10 5.6376741547310509e-10 6.4434906454153641e-10
6.9865626076799825e-10 8.0619439942079091e-10 9.2142715745549168e-10 9.9908712190958874e-10 1.1528679945293082e-09 1.3176522683409235e-09 1.4287069811245102e-09 1.6486155371023688e-09
1.8842590933161709e-09 2.0430687105770026e-09 2.3575406742772901e-09 2.6945138835567612e-09 2.9216136067686809e-09 3.371312416866237e-09 3.8531882873402029e-09 4.1779437094140703e-09
4.8210185877707806e-09 5.5101070617226097e-09 5.9745113448927812e-09 6.8941164002937139e-09 7.8795214683379247e-09 8.5436253556557605e-09 9.858671995449804e-09 1.1267813469778249e-08
1.2217490268924079e-08 1.4098023281087257e-08 1.6113113074174708e-08 1.7471162680657786e-08 2.0160348221932097e-08 2.3041951629524935e-08 2.4983979417639442e-08 2.8829548109401031e-08
3.2950276737542255e-08 3.5727400571461585e-08 4.122661151696191e-08 4.7119304585702866e-08 5.1090626127095789e-08 5.8954566014035529e-08 6.7381190219583128e-08 7.3060229300412825e-08
8.4305760915453533e-08 9.6355938087958501e-08 1.0447703443974849e-07 1.2055828418517258e-07 1.3779018706190991e-07 1.49403455612515e-07 1.7239984228656241e-07 1.9704167721583108e-07
2.1364879534203654e-07 2.4653391362787056e-07 2.8177204333559171e-07 3.0552042831919506e-07 3.5254655551046114e-07 4.0293751823147608e-07 4.36898003430861e-07 5.0414594882024309e-07
5.7620565076845226e-07 6.247695659893787e-07 7.2093496231683186e-07 8.2398123022826475e-07 8.9342823158112105e-07 1.030945941561243e-06 1.1783033832851425e-06 1.2776134569265161e-06
1.4742654885344619e-06 1.6849884586285908e-06 1.8270030961871549e-06 2.1082179414687012e-06 2.409554403379395e-06 2.6126370972229348e-06 3.0147778153233447e-06 3.4456926948748862e-06
3.7361034669457658e-06 4.3111696836400017e-06 4.9273833082426305e-06 5.3426743157559581e-06 6.1650261411198578e-06 7.0462192703547723e-06 7.6400905640798625e-06 8.8160638781911091e-06
1.0076180986947918e-05 1.0925424305801606e-05 1.2607080736599746e-05 1.4409063837807425e-05 1.562349232128197e-05 1.8028281883519616e-05 2.0605140077470768e-05 2.2341787877614819e-05
2.5780666790534287e-05 2.9465605981852449e-05 3.194903388459431e-05 3.6866673400094444e-05 4.2136182166850423e-05 4.5687514882444946e-05 5.2719800408275806e-05 6.0255263329438683e-05
6.533371317810455e-05 7.5389968737491693e-05 8.6165774215689577e-05 9.342802051330148e-05 0.00010780859074245985 0.00012321812628378001 0.00012837666049145543 0.00013003707734822044
0.00013170816319115503 0.00013749942900261188 0.0001565180314767176 0.0001767681471939306 0.00019105427466329205 0.00022046161305365458 0.00025197311912613957 0.0002732099833930462
0.00031526284218107473 0.00036032468686330519 0.00039011017193689044 0.00044805226243616405 0.00051000468124037866 0.00052946507313226686 0.00053180279719477195 0.00053414567072102178
0.00055869679054686876 0.00064469217382827815 0.0007368407391457664 0.00079894334285934875 0.00092191780799287559 0.001053691399787422 0.0011043155563285208 0.0011412232397345001
0.0011787375789259838 0.0012293888104630676 0.0013704923548943646 0.0015192596702174389 0.0016219538671254654 0.0018291871116053037 0.0020488754833695591 0.0021286536844477952
0.0021754105698168127 0.0022226754101569513 0.00233633653196699 0.0026959486846414239 0.003081291974888105 0.0032101904927094786 0.0032513658779457014 0.0032928036503629462
0.0034376073844505778 0.0039135266631643286 0.004420289753671508 0.0045942729580826904 0.00466584923259937 0.0047379787654307755 0.0049395362085967818 0.0055852997554365798
0.0062707222354510747 0.0064846664382575353 0.0065088908507355677 0.0065331604258012412 0.0067443143854467192 0.0074695456022225654 0.0082318042750425813 0.0085588717787650637
0.0089010047132213228 0.0092498425166215453 0.00950077290459647 0.010018803182515043 0.010550583894164831 0.010977768741120487 0.011930729063388197 0.012923348318830607
0.013237035075345632 0.013296885156436514 0.013356870235926856 0.013658067103976096 0.014655755119882236 0.015192246987791938 0.015688609371390268 0.016325221535292877
0.017482979707845861 0.018680396813573544 0.019046330469556613 0.019080861781889554 0.019115424368798609 0.0194754161723346 0.020702124378018372 0.021966295401658554
0.022730245880790534 0.024092801903628797 0.025495016859641756 0.026070756380505027 0.026625231877418214 0.027185541814428529 0.027614527147053404 0.028534383590235447
0.029469310542266404 0.030192841777613461 0.031760195650737004 0.033367208457035231 0.034074173710931702 0.034320729057771913 0.035990481856038078 0.037699893587478939
0.038306306356173145 0.038656254451085621 0.03900779376516806 0.039521326653933604 0.040949882995203822 0.042403801624931028 0.04336968228158275 0.045244232930134187
0.047158442511860327 0.048290748225235131 0.050267697798929228 0.052284306305798001 0.053218016038404134 0.05439277192836086 0.055580352671162528 0.05619301723146515
0.057107337592271129 0.058029036529554913 0.058926058776033872 0.060307379214091607 0.061107806200013222 0.063329212557167294 0.064640303383180234 0.066924449732302216
0.0692482550145989 0.070618940878157885 0.073005486152422513 0.07543169035986183 0.076572438965270079 0.078049921431083039 0.079541522192999869 0.08027411679595492
0.081295122789556723 0.082322580900214368 0.083369394531607161 0.085960737656157069 0.088591739713881665 0.090141210690078771 0.092834952739771312 0.095568353722638569
0.097177419736381707 0.099973560711216894 0.10280936061922676 0.10447802167051595 0.10737656157049379 0.11031476040364629 0.11153476546101723 0.11276788004503058
0.11400777378701207 0.11488451212858773 0.11666195398497145 0.11845304038600855 0.1198724042022784 0.12297574195254149 0.12611873863597933 0.1279661847999066
0.13117192147531231 0.13397459621556132 0.13441731708389279 0.1363243582853661 0.13963249388591453 0.14298028841963759 0.14494692465865691 0.14835745918434792
0.15180765264321369 0.15383388391977906 0.15734681737061276 0.16089940975462116 0.16212165713007878 0.16274447870028058 0.16336849432249942 0.16441767425089437
0.16741587248916825 0.17044116074360102 0.17240098110551735 0.17611871240663626 0.17987610264092993 0.18208111903013344 0.18590124925639506 0.18976103841583131
0.19202564984258086 0.19594817899398512 0.19991036707856405 0.20223457354285965 0.20625950161940648 0.21032408862912808 0.21270789013096969 0.21683521713265921
0.22100220306752338 0.22344559960691104 0.22767532553374314 0.23194471039375 0.23327161405988653 0.23353661997897626 0.23380177634130528 0.23395555688102193
0.2350565796616356 0.23912599077658417 0.24323032601734107 0.24571419722228771 0.25014872099940516 0.25462290370969731 0.25724508536172308 0.26178200806398311
0.26635858969941789 0.26904036638898976 0.27367968801639248 0.27835866857696978 0.28110004030408769 0.28584176085663299 0.29062314034235304 0.29289321881345248
0.29342410710701694 0.29826822658470492 0.30315200499556755 0.3060125667977775 0.31095908520060817 0.31594526253661348 0.31886541937636947 0.32391433670434266
0.32900291296549067 0.33093608460652857 0.33246751885174464 0.3340024883415082 0.33550193724725613 0.33913012478876126 0.34277782495168274 0.34536430319704725
0.35061801837530571 0.35591139248673898 0.35721239031346069 0.35901033443913311 0.3643664485425343 0.36976222157911021 0.37292075856905033 0.37837927159759416
0.38387744355931264 0.3870955755867988 0.39265648754048521 0.39825705842734638 0.40153478549237864 0.40719809637120774 0.41290106618321143 0.41623838828578974
0.42200409808976141 0.42780946682690785 0.43120638396703215 0.43707449269614657 0.44298226035843563 0.44643877253610603 0.45240928019036303 0.45841944677779467
0.46193555399301106 0.46800846057241063 0.47412102608498502 0.47617290403087092 0.47708656552975098 0.47800110273724233 0.47979456177087254 0.48506122325630441
0.4903566330067603 0.49372229557031516 0.49999999999999989 0.5063173633628596 0.5100122556907144 0.51639235904554182 0.52281212133354382 0.52656660869894467
0.53304911097891483 0.53957127219205958 0.54338535459500636 0.54997025580011905 0.55659481593840654 0.56046849337889948 0.56715579350915479 0.5738827525725847
0.57781602505062368 0.58460572410602174 0.59143508209459439 0.59542794961017931 0.60232004759071989 0.60925180450443517 0.61330426705756613 0.62029876396324934
0.62733291980210748 0.63144497739278449 0.63854187322361056 0.6456784279876111 0.64985008061583416 0.65704937537180264 0.65797985667433112 0.66428832906094581
0.66836611270071467 0.6751368545690376 0.68194171860727404 0.68408354590909326 0.68461716208287782 0.68515098629793103 0.6874534657254272 0.69485755833168095
0.70230130987110939 0.70665174761197058 0.71415823914336729 0.72170438960793826 0.7261144223863456 0.73372331284288461 0.74118095489747926 0.74137186223259854
0.74584149004855183 0.75355277943023347 0.76130372774508981 0.76583295059858914 0.77364663890541374 0.78149998614541272 0.78608880403645809 0.79400489126842499
0.80196063743356683 0.80660905036215835 0.81462753651926789 0.82268568160955213 0.82635182233306947 0.82739368957568959 0.83551457465794199 0.84367511867336886
0.84844272167705248 0.85666600568444728 0.86492894862501679 0.86975614666624634 0.87808182959878378 0.88644717146449625 0.89133396454327185 0.89976204640095225
0.90822978719180703 0.91317617530812867 0.92170665609095137 0.93027679580694878 0.93528277896081646 0.94391565866878191 0.95258819730992217 0.95765377550133601
0.96638905413444398 0.97516399170072665 0.97775882731219177 0.97787542547384743 0.97799203058727913 0.980556646364383 0.98927824388064578 0.99803845713897188
0.99999999999999978 1.0031889472458686 1.0121290237292617 1.0211087591458301 1.0263531224498819 1.0353955978584179 1.0444777322001284 1.0497816905417263
1.0589265648754052 1.0681110981422584 1.0734746515214024 1.0827219247802236 1.0920088569722195 1.0974320053889095 1.1067816775728734 1.1161710086900121
1.1216537521442482 1.1311058232533548 1.1405975532956361 1.1461398917874182 1.1556943618216673 1.165288490789091 1.1708904243184193 1.1736481776669303
1.1805472932778109 1.1902438211703776 1.1959053497372518 1.2056646176217862 1.2154635444394952 1.2211846680439153 1.2310463348535927 1.2409476605964445
1.2467283792384107 1.2566924449732304 1.2588190451025207 1.2666961696412249 1.2725364833207373 1.2826029479806995 1.2927090715738365 1.2986089802908949
1.308777843876 1.3189863663942798 1.3249458701488841 1.3352171326591316 1.3420201433256687 1.3455280541025543 1.3515471528947047 1.3619208143300949
1.3723341346986597 1.3779787325374859 1.3869562416926198 1.395962900134736 1.3990265931216801 1.4005299954757493 1.4020342051786712 1.4055428970498394
1.4161213563355148 1.4267394745543649 1.4329373584591536 1.4436182166699716 1.4543387338139648 1.4605962127562995 1.4713794698922604 1.482202385961396
1.4885194599412765 1.4994051160023798 1.4999999999999998 1.5103304309966579 1.5167071000140846 1.5276951550003306 1.5387228689197516 1.5451591329747245
1.556249586886113 1.5673796997306764 1.5738755588231952 1.5850684116597269 1.5963009234294327 1.6028563775594975 1.6141516293211715 1.6254865400160203
1.6321015891836315 1.6427876096865393 1.6434992398704478 1.6549365494904391 1.661611193695596 1.6731112433075555 1.6846509518526893 1.6913851910953923
1.7029876396324941 1.7146297471027707 1.7214235813830197 1.7331284288452642 1.7448729352406835 1.7517263645584786 1.7635336109458661 1.7660444431189777
1.775380516266428 1.782293540621769 1.7942031859342988 1.8061524901800032 1.8131251095728904 1.8251371538105625 1.8371888569814101 1.8442210714118432
1.8563355145746587 1.8660254037844388 1.8684896166706484 1.8755814261386277 1.8877982682265853 1.9000547692477174 1.9072061737532429 1.919525414766343
1.9318843147126183 1.9390953142556897 1.9396926207859082 1.9515169541939326 1.9639782530653502 1.9712488476459675 1.9837728865093531 1.9848077530122081
1.9963365843059133 2
copy 698 745107
copy 698 745107
copy 698 745107
copy 698 745107
copy 698 745107
copy 698 745107
copy 698 745107
copy 698 745107
copy 698 745107
copy 698 745107
copy 698 745107
copy 698 745107
copy 698 745107
copy 698 745107
copy 698 745107
values 699
0 5.0000000000000005e-17 1.5745966692414834e-16 2.0892562523917082e-16 2.4108374664553168e-16 2.7554286105176247e-16 2.9876623646643129e-16 3.4475274909938564e-16
3.9402971027315356e-16 4.2723942527457982e-16 4.9300070894591301e-16 5.6346737485889274e-16 6.1095767938109109e-16 7.0499713100505597e-16 8.0576533761952744e-16 8.7367706235171117e-16
1.008154645026866e-15 1.1522544308296501e-15 1.2493690398535639e-15 1.4416736516931398e-15 1.6477381333986851e-15 1.7866132293126922e-15 2.0616112103821579e-15 2.3562859760940903e-15
2.5548790864300999e-15 2.9481296115676344e-15 3.3695181828958168e-15 3.6535087948436335e-15 4.2158619252903658e-15 4.8184528109300058e-15 5.2245629098052311e-15 6.0287348640896912e-15
6.8904473075749393e-15 7.4711897880297148e-15 8.6211656609193279e-15 9.8534251473354098e-15 1.0683894100308652e-14 1.2328373867580454e-14 1.4090520223180142e-14 1.5278101130491052e-14
1.7629727602593508e-14 2.0149618756026079e-14 2.1847874189128156e-14 2.5210729223500238e-14 2.8814204840022902e-14 3.1242731181517609e-14 3.6051655607381529e-14 4.120467045137005e-14
4.4677493253155936e-14 5.1554314851857007e-14 5.8923190017991781e-14 6.3889369715750778e-14 7.3723309930327121e-14 8.4260892851793833e-14 9.1362591440547282e-14 1.0542524796811055e-13
1.2049412229741081e-13 1.306496393980629e-13 1.5075941272362078e-13 1.7230808999093469e-13 1.8683060545575118e-13 2.1558783083579759e-13 2.4640270670664928e-13 2.6717008401846472e-13
3.0829327313506099e-13 3.5235892798508471e-13 3.8205653522510934e-13 4.4086320592334377e-13 5.0387763913085001e-13 5.4634558597558607e-13 6.3043985475434103e-13 7.2055127613178071e-13
7.8128096706717216e-13 9.015368148726457e-13 1.0303972655557954e-12 1.1172414771347525e-12 1.2892088316456781e-12 1.4734808750386335e-12 1.5976691751700189e-12 1.8435846259123685e-12
2.1070959344340876e-12 2.2846867445654114e-12 2.636348890475615e-12 3.0131733313418472e-12 3.2671303933978828e-12 3.7700116255158971e-12 4.3088752516378299e-12 4.6720370015078903e-12
5.3911634032477758e-12 6.161745074887163e-12 6.6810708833562472e-12 7.7094305608516202e-12 8.811371912766486e-12 9.5540142627346984e-12 1.1024581361564287e-11 1.2600371167824067e-11
1.3662358943074667e-11 1.576528814137534e-11 1.8018687116917257e-11 1.9537342812798325e-11 2.2544557659768014e-11 2.5766946155239877e-11 2.7938642644013293e-11 3.223899718906535e-11
3.6847052721376152e-11 3.9952605646994728e-11 4.610216600573826e-11 5.2691742594252864e-11 5.7132721811963592e-11 6.5926669429455264e-11 7.5349845715294158e-11 8.1700501100827524e-11
9.427595531020583e-11 1.0775121432286606e-10 1.1683273032387857e-10 1.3481578588104581e-10 1.5408557347179294e-10 1.6707225403778933e-10 1.9278824662046598e-10 2.2034428197708851e-10
2.3891539632676596e-10 2.7568958480713857e-10 3.1509505728572691e-10 3.4165198123839803e-10 3.9423952706390815e-10 4.5058984165615699e-10 4.8856657242999972e-10 5.6376741547310509e-10
6.4434906454153641e-10 6.9865626076799825e-10 8.0619439942079091e-10 9.2142715745549168e-10 9.9908712190958874e-10 1.1528679945293082e-09 1.3176522683409235e-09 1.4287069811245102e-09
1.6486155371023688e-09 1.8842590933161709e-09 2.0430687105770026e-09 2.3575406742772901e-09 2.6945138835567612e-09 2.9216136067686809e-09 3.371312416866237e-09 3.8531882873402029e-09
4.1779437094140703e-09 4.8210185877707806e-09 5.5101070617226097e-09 5.9745113448927812e-09 6.8941164002937139e-09 7.8795214683379247e-09 8.5436253556557605e-09 9.858671995449804e-09
1.1267813469778249e-08 1.2217490268924079e-08 1.4098023281087257e-08 1.6113113074174708e-08 1.7471162680657786e-08 2.0160348221932097e-08 2.3041951629524935e-08 2.4983979417639442e-08
2.8829548109401031e-08 3.2950276737542255e-08 3.5727400571461585e-08 4.122661151696191e-08 4.7119304585702866e-08 5.1090626127095789e-08 5.8954566014035529e-08 6.7381190219583128e-08
7.3060229300412825e-08 8.4305760915453533e-08 9.6355938087958501e-08 1.0447703443974849e-07 1.2055828418517258e-07 1.3779018706190991e-07 1.49403455612515e-07 1.7239984228656241e-07
1.9704167721583108e-07 2.1364879534203654e-07 2.4653391362787056e-07 2.8177204333559171e-07 3.0552042831919506e-07 3.5254655551046114e-07 4.0293751823147608e-07 4.36898003430861e-07
5.0414594882024309e-07 5.7620565076845226e-07 6.247695659893787e-07 7.2093496231683186e-07 8.2398123022826475e-07 8.9342823158112105e-07 1.030945941561243e-06 1.1783033832851425e-06
1.2776134569265161e-06 1.4742654885344619e-06 1.6849884586285908e-06 1.8270030961871549e-06 2.1082179414687012e-06 2.409554403379395e-06 2.6126370972229348e-06 3.0147778153233447e-06
3.4456926948748862e-06 3.7361034669457658e-06 4.3111696836400017e-06 4.9273833082426305e-06 5.3426743157559581e-06 6.1650261411198578e-06 7.0462192703547723e-06 7.6400905640798625e-06
8.8160638781911091e-06 1.0076180986947918e-05 1.0925424305801606e-05 1.2607080736599746e-05 1.4409063837807425e-05 1.562349232128197e-05 1.8028281883519616e-05 2.0605140077470768e-05
2.2341787877614819e-05 2.5780666790534287e-05 2.9465605981852449e-05 3.194903388459431e-05 3.6866673400094444e-05 4.2136182166850423e-05 4.5687514882444946e-05 5.2719800408275806e-05
6.0255263329438683e-05 6.533371317810455e-05 7.5389968737491693e-05 8.6165774215689577e-05 9.342802051330148e-05 0.00010780859074245985 0.00012321812628378001 0.00012837666049145543
0.00013003707734822044 0.00013170816319115503 0.00013749942900261188 0.0001565180314767176 0.0001767681471939306 0.00019105427466329205 0.00022046161305365458 0.00025197311912613957
0.0002732099833930462 0.00031526284218107473 0.00036032468686330519 0.00039011017193689044 0.00044805226243616405 0.00051000468124037866 0.00052946507313226686 0.00053180279719477195
0.00053414567072102178 0.00055869679054686876 0.00064469217382827815 0.0007368407391457664 0.00079894334285934875 0.00092191780799287559 0.001053691399787422 0.0011043155563285208
0.0011412232397345001 0.0011787375789259838 0.0012293888104630676 0.0013704923548943646 0.0015192596702174389 0.0016219538671254654 0.0018291871116053037 0.0020488754833695591
0.0021286536844477952 0.0021754105698168127 0.0022226754101569513 0.00233633653196699 0.0026959486846414239 0.003081291974888105 0.0032101904927094786 0.0032513658779457014
0.0032928036503629462 0.0034376073844505778 0.0039135266631643286 0.004420289753671508 0.0045942729580826904 0.00466584923259937 0.0047379787654307755 0.0049395362085967818
0.0055852997554365798 0.0062707222354510747 0.0064846664382575353 0.0065088908507355677 0.0065331604258012412 0.0067443143854467192 0.0074695456022225654 0.0082318042750425813
0.0085588717787650637 0.0089010047132213228 0.0092498425166215453 0.00950077290459647 0.010018803182515043 0.010550583894164831 0.010977768741120487 0.011930729063388197
0.012923348318830607 0.013237035075345632 0.013296885156436514 0.013356870235926856 0.013658067103976096 0.014655755119882236 0.015192246987791938 0.015688609371390268
0.016325221535292877 0.017482979707845861 0.018680396813573544 0.019046330469556613 0.019080861781889554 0.019115424368798609 0.0194754161723346 0.020702124378018372
0.021966295401658554 0.022730245880790534 0.024092801903628797 0.025495016859641756 0.026070756380505027 0.026625231877418214 0.027185541814428529 0.027614527147053404
0.028534383590235447 0.029469310542266404 0.030192841777613461 0.031760195650737004 0.033367208457035231 0.034074173710931702 0.034320729057771913 0.035990481856038078
0.037699893587478939 0.038306306356173145 0.038656254451085621 0.03900779376516806 0.039521326653933604 0.040949882995203822 0.042403801624931028 0.04336968228158275
0.045244232930134187 0.047158442511860327 0.048290748225235131 0.050267697798929228 0.052284306305798001 0.053218016038404134 0.05439277192836086 0.055580352671162528
0.05619301723146515 0.057107337592271129 0.058029036529554913 0.058926058776033872 0.060307379214091607 0.061107806200013222 0.063329212557167294 0.064640303383180234
0.066924449732302216 0.0692482550145989 0.070618940878157885 0.073005486152422513 0.07543169035986183 0.076572438965270079 0.078049921431083039 0.079541522192999869
0.08027411679595492 0.081295122789556723 0.082322580900214368 0.083369394531607161 0.085960737656157069 0.088591739713881665 0.090141210690078771 0.092834952739771312
0.095568353722638569 0.097177419736381707 0.099973560711216894 0.10280936061922676 0.10447802167051595 0.10737656157049379 0.11031476040364629 0.11153476546101723
0.11276788004503058 0.11400777378701207 0.11488451212858773 0.11666195398497145 0.11845304038600855 0.1198724042022784 0.12297574195254149 0.12611873863597933
0.1279661847999066 0.13117192147531231 0.13397459621556132 0.13441731708389279 0.1363243582853661 0.13963249388591453 0.14298028841963759 0.14494692465865691
0.14835745918434792 0.15180765264321369 0.15383388391977906 0.15734681737061276 0.16089940975462116 0.16212165713007878 0.16274447870028058 0.16336849432249942
0.16441767425089437 0.16741587248916825 0.17044116074360102 0.17240098110551735 0.17611871240663626 0.17987610264092993 0.18208111903013344 0.18590124925639506
0.18976103841583131 0.19202564984258086 0.19594817899398512 0.19991036707856405 0.20223457354285965 0.20625950161940648 0.21032408862912808 0.21270789013096969
0.21683521713265921 0.22100220306752338 0.22344559960691104 0.22767532553374314 0.23194471039375 0.23327161405988653 0.23353661997897626 0.23380177634130528
0.23395555688102193 0.2350565796616356 0.23912599077658417 0.24323032601734107 0.24571419722228771 0.25014872099940516 0.25462290370969731 0.25724508536172308
0.26178200806398311 0.26635858969941789 0.26904036638898976 0.27367968801639248 0.27835866857696978 0.28110004030408769 0.28584176085663299 0.29062314034235304
0.29289321881345248 0.29342410710701694 0.29826822658470492 0.30315200499556755 0.3060125667977775 0.31095908520060817 0.31594526253661348 0.31886541937636947
0.32391433670434266 0.32900291296549067 0.33093608460652857 0.33246751885174464 0.3340024883415082 0.33550193724725613 0.33913012478876126 0.34277782495168274
0.34536430319704725 0.35061801837530571 0.35591139248673898 0.35721239031346069 0.35901033443913311 0.3643664485425343 0.36976222157911021 0.37292075856905033
0.37837927159759416 0.38387744355931264 0.3870955755867988 0.39265648754048521 0.39825705842734638 0.40153478549237864 0.40719809637120774 0.41290106618321143
0.41623838828578974 0.42200409808976141 0.42780946682690785 0.43120638396703215 0.43707449269614657 0.44298226035843563 0.44643877253610603 0.45240928019036303
0.45841944677779467 0.46193555399301106 0.46800846057241063 0.47412102608498502 0.47617290403087092 0.47708656552975098 0.47800110273724233 0.47979456177087254
0.48506122325630441 0.4903566330067603 0.49372229557031516 0.49999999999999989 0.5063173633628596 0.5100122556907144 0.51639235904554182 0.52281212133354382
0.52656660869894467 0.53304911097891483 0.53957127219205958 0.54338535459500636 0.54997025580011905 0.55659481593840654 0.56046849337889948 0.56715579350915479
0.5738827525725847 0.57781602505062368 0.58460572410602174 0.59143508209459439 0.59542794961017931 0.60232004759071989 0.60925180450443517 0.61330426705756613
0.62029876396324934 0.62733291980210748 0.63144497739278449 0.63854187322361056 0.6456784279876111 0.64985008061583416 0.65704937537180264 0.65797985667433112
0.66428832906094581 0.66836611270071467 0.6751368545690376 0.68194171860727404 0.68408354590909326 0.68461716208287782 0.68515098629793103 0.6874534657254272
0.69485755833168095 0.70230130987110939 0.70665174761197058 0.71415823914336729 0.72170438960793826 0.7261144223863456 0.73372331284288461 0.74118095489747926
0.74137186223259854 0.74584149004855183 0.75355277943023347 0.76130372774508981 0.76583295059858914 0.77364663890541374 0.78149998614541272 0.78608880403645809
0.79400489126842499 0.80196063743356683 0.80660905036215835 0.81462753651926789 0.82268568160955213 0.82635182233306947 0.82739368957568959 0.83551457465794199
0.84367511867336886 0.84844272167705248 0.85666600568444728 0.86492894862501679 0.86975614666624634 0.87808182959878378 0.88644717146449625 0.89133396454327185
0.89976204640095225 0.90822978719180703 0.91317617530812867 0.92170665609095137 0.93027679580694878 0.93528277896081646 0.94391565866878191 0.95258819730992217
0.95765377550133601 0.96638905413444398 0.97516399170072665 0.97775882731219177 0.97787542547384743 0.97799203058727913 0.980556646364383 0.98927824388064578
0.99803845713897188 0.99999999999999978 1.0031889472458686 1.0121290237292617 1.0211087591458301 1.0263531224498819 1.0353955978584179 1.0444777322001284
1.0497816905417263 1.0589265648754052 1.0681110981422584 1.0734746515214024 1.0827219247802236 1.0920088569722195 1.0974320053889095 1.1067816775728734
1.1161710086900121 1.1216537521442482 1.1311058232533548 1.1405975532956361 1.1461398917874182 1.1556943618216673 1.165288490789091 1.1708904243184193
1.1736481776669303 1.1805472932778109 1.1902438211703776 1.1959053497372518 1.2056646176217862 1.2154635444394952 1.2211846680439153 1.2310463348535927
1.2409476605964445 1.2467283792384107 1.2566924449732304 1.2588190451025207 1.2666961696412249 1.2725364833207373 1.2826029479806995 1.2927090715738365
1.2986089802908949 1.308777843876 1.3189863663942798 1.3249458701488841 1.3352171326591316 1.3420201433256687 1.3455280541025543 1.3515471528947047
1.3619208143300949 1.3723341346986597 1.3779787325374859 1.3869562416926198 1.395962900134736 1.3990265931216801 1.4005299954757493 1.4020342051786712
1.4055428970498394 1.4161213563355148 1.4267394745543649 1.4329373584591536 1.4436182166699716 1.4543387338139648 1.4605962127562995 1.4713794698922604
1.482202385961396 1.4885194599412765 1.4994051160023798 1.4999999999999998 1.5103304309966579 1.5167071000140846 1.5276951550003306 1.5387228689197516
1.5451591329747245 1.556249586886113 1.5673796997306764 1.5738755588231952 1.5850684116597269 1.5963009234294327 1.6028563775594975 1.6141516293211715
1.6254865400160203 1.6321015891836315 1.6427876096865393 1.6434992398704478 1.6549365494904391 1.661611193695596 1.6731112433075555 1.6846509518526893
1.6913851910953923 1.7029876396324941 1.7146297471027707 1.7214235813830197 1.7331284288452642 1.7448729352406835 1.7517263645584786 1.7635336109458661
1.7660444431189777 1.775380516266428 1.782293540621769 1.7942031859342988 1.8061524901800032 1.8131251095728904 1.8251371538105625 1.8371888569814101
1.8442210714118432 1.8563355145746587 1.8660254037844388 1.8684896166706484 1.8755814261386277 1.8877982682265853 1.9000547692477174 1.9072061737532429
1.919525414766343 1.9318843147126183 1.9390953142556897 1.9396926207859082 1.9515169541939326 1.9639782530653502 1.9712488476459675 1.9837728865093531
1.9848077530122081 1.9963365843059133 2
copy 699 756275
copy 699 756275
copy 699 756275
copy 699 756275
copy 699 756275
copy 699 756275
copy 699 756275
copy 699 756275
copy 699 756275
copy 699 756275
copy 699 756275
copy 699 756275
copy 699 756275
copy 699 756275
copy 699 756275
copy 699 756275
copy 699 756275
copy 699 756275
copy 699 756275
copy 699 756275
copy 699 756275
copy 699 756275
copy 699 756275
copy 699 756275
copy 699 756275
copy 699 756275
copy 699 756275
copy 699 756275
copy 699 756275
copy 699 756275
copy 699 756275
copy 699 756275
copy 699 756275
copy 699 756275
copy 699 756275
copy 699 756275
copy 699 756275
copy 699 756275
copy 699 756275
copy 699 756275
copy 699 756275
copy 699 756275
copy 699 756275
copy 699 756275
copy 699 756275
copy 699 756275
copy 699 756275
copy 699 756275
copy 699 756275
copy 699 756275
copy 699 756275
copy 699 756275
copy 699 756275
copy 699 756275
copy 699 756275
copy 699 756275
copy 699 756275
copy 699 756275
copy 699 756275
copy 699 756275
copy 699 756275
copy 699 756275
copy 699 756275
copy 699 756275
copy 699 756275
copy 699 756275
copy 699 756275
copy 699 756275
copy 699 756275
copy 699 756275
copy 699 756275
copy 699 756275
copy 699 756275
copy 699 756275
copy 699 756275
copy 699 756275
copy 699 756275
copy 699 756275
copy 699 756275
copy 699 756275
copy 699 756275
copy 699 756275
copy 699 756275
copy 699 756275
copy 699 756275
copy 699 756275
copy 699 756275
copy 699 756275
copy 699 756275
copy 699 756275
copy 699 756275
copy 699 756275
copy 699 756275
copy 699 756275
copy 699 756275
copy 699 756275
copy 699 756275
copy 699 756275
copy 699 756275
copy 699 756275
copy 699 756275
copy 699 756275
copy 699 756275
copy 699 756275
copy 699 756275
copy 699 756275
copy 699 756275
copy 699 756275
copy 699 756275
copy 699 756275
copy 699 756275
copy 699 756275
copy 699 756275
copy 699 756275
copy 699 756275
copy 699 756275
copy 699 756275
copy 699 756275
copy 699 756275
copy 699 756275
copy 699 756275
copy 699 756275
copy 699 756275
copy 699 756275
copy 699 756275
copy 699 756275
copy 699 756275
copy 699 756275
copy 699 756275
copy 699 756275
copy 699 756275
copy 699 756275
copy 699 756275
copy 699 756275
copy 699 756275
copy 699 756275
copy 699 756275
copy 699 756275
copy 699 756275
copy 699 756275
copy 699 756275
copy 699 756275
copy 699 756275
copy 699 756275
copy 699 756275
copy 699 756275
copy 699 756275
copy 699 756275
copy 699 756275
copy 699 756275
copy 699 756275
copy 699 756275
copy 699 756275
copy 699 756275
copy 699 756275
copy 699 756275
copy 699 756275
copy 699 756275
copy 699 756275
copy 699 756275
copy 699 756275
copy 699 756275
copy 699 756275
copy 699 756275
copy 699 756275
copy 699 756275
copy 699 756275
copy 699 756275
copy 699 756275
copy 699 756275
copy 699 756275
copy 699 756275
copy 699 756275
copy 699 756275
copy 699 756275
copy 699 756275
copy 699 756275
copy 699 756275
copy 699 756275
copy 699 756275
copy 699 756275
copy 699 756275
copy 699 756275
copy 699 756275
copy 699 756275
copy 699 756275
copy 699 756275
copy 699 756275
copy 699 756275
copy 699 756275
copy 699 756275
copy 699 756275
copy 699 756275
copy 699 756275
copy 699 756275
copy 699 756275
copy 699 756275
copy 699 756275
copy 699 756275
copy 699 756275
copy 699 756275
copy 699 756275
copy 699 756275
copy 699 756275
copy 699 756275
copy 699 756275
copy 699 756275
copy 699 756275
copy 699 756275
copy 699 756275
copy 699 756275
copy 699 756275
copy 699 756275
copy 699 756275
copy 699 756275
copy 699 756275
copy 699 756275
copy 699 756275
copy 699 756275
copy 699 756275
copy 699 756275
copy 699 756275
copy 699 756275
copy 699 756275
copy 699 756275
copy 699 756275
copy 699 756275
copy 699 756275
copy 699 756275
copy 699 756275
copy 699 756275
copy 699 756275
copy 699 756275
copy 699 756275
copy 699 756275
copy 699 756275
copy 699 756275
copy 699 756275
copy 699 756275
copy 699 756275
copy 699 756275
copy 699 756275
copy 699 756275
copy 699 756275
copy 699 756275
copy 699 756275
values 700
0 2.5403330758516619e-18 5.0000000000000005e-17 1.5745966692414834e-16 2.0892562523917082e-16 2.4108374664553168e-16 2.7554286105176247e-16 2.9876623646643129e-16
3.4475274909938564e-16 3.9402971027315356e-16 4.2723942527457982e-16 4.9300070894591301e-16 5.6346737485889274e-16 6.1095767938109109e-16 7.0499713100505597e-16 8.0576533761952744e-16
8.7367706235171117e-16 1.008154645026866e-15 1.1522544308296501e-15 1.2493690398535639e-15 1.4416736516931398e-15 1.6477381333986851e-15 1.7866132293126922e-15 2.0616112103821579e-15
2.3562859760940903e-15 2.5548790864300999e-15 2.9481296115676344e-15 3.3695181828958168e-15 3.6535087948436335e-15 4.2158619252903658e-15 4.8184528109300058e-15 5.2245629098052311e-15
6.0287348640896912e-15 6.8904473075749393e-15 7.4711897880297148e-15 8.6211656609193279e-15 9.8534251473354098e-15 1.0683894100308652e-14 1.2328373867580454e-14 1.4090520223180142e-14
1.5278101130491052e-14 1.7629727602593508e-14 2.0149618756026079e-14 2.1847874189128156e-14 2.5210729223500238e-14 2.8814204840022902e-14 3.1242731181517609e-14 3.6051655607381529e-14
4.120467045137005e-14 4.4677493253155936e-14 5.1554314851857007e-14 5.8923190017991781e-14 6.3889369715750778e-14 7.3723309930327121e-14 8.4260892851793833e-14 9.1362591440547282e-14
1.0542524796811055e-13 1.2049412229741081e-13 1.306496393980629e-13 1.5075941272362078e-13 1.7230808999093469e-13 1.8683060545575118e-13 2.1558783083579759e-13 2.4640270670664928e-13
2.6717008401846472e-13 3.0829327313506099e-13 3.5235892798508471e-13 3.8205653522510934e-13 4.4086320592334377e-13 5.0387763913085001e-13 5.4634558597558607e-13 6.3043985475434103e-13
7.2055127613178071e-13 7.8128096706717216e-13 9.015368148726457e-13 1.0303972655557954e-12 1.1172414771347525e-12 1.2892088316456781e-12 1.4734808750386335e-12 1.5976691751700189e-12
1.8435846259123685e-12 2.1070959344340876e-12 2.2846867445654114e-12 2.636348890475615e-12 3.0131733313418472e-12 3.2671303933978828e-12 3.7700116255158971e-12 4.3088752516378299e-12
4.6720370015078903e-12 5.3911634032477758e-12 6.161745074887163e-12 6.6810708833562472e-12 7.7094305608516202e-12 8.811371912766486e-12 9.5540142627346984e-12 1.1024581361564287e-11
1.2600371167824067e-11 1.3662358943074667e-11 1.576528814137534e-11 1.8018687116917257e-11 1.9537342812798325e-11 2.2544557659768014e-11 2.5766946155239877e-11 2.7938642644013293e-11
3.223899718906535e-11 3.6847052721376152e-11 3.9952605646994728e-11 4.610216600573826e-11 5.2691742594252864e-11 5.7132721811963592e-11 6.5926669429455264e-11 7.5349845715294158e-11
8.1700501100827524e-11 9.427595531020583e-11 1.0775121432286606e-10 1.1683273032387857e-10 1.3481578588104581e-10 1.5408557347179294e-10 1.6707225403778933e-10 1.9278824662046598e-10
2.2034428197708851e-10 2.3891539632676596e-10 2.7568958480713857e-10 3.1509505728572691e-10 3.4165198123839803e-10 3.9423952706390815e-10 4.5058984165615699e-10 4.8856657242999972e-10
5.6376741547310509e-10 6.4434906454153641e-10 6.9865626076799825e-10 8.0619439942079091e-10 9.2142715745549168e-10 9.9908712190958874e-10 1.1528679945293082e-09 1.3176522683409235e-09
1.4287069811245102e-09 1.6486155371023688e-09 1.8842590933161709e-09 2.0430687105770026e-09 2.3575406742772901e-09 2.6945138835567612e-09 2.9216136067686809e-09 3.371312416866237e-09
3.8531882873402029e-09 4.1779437094140703e-09 4.8210185877707806e-09 5.5101070617226097e-09 5.9745113448927812e-09 6.8941164002937139e-09 7.8795214683379247e-09 8.5436253556557605e-09
9.858671995449804e-09 1.1267813469778249e-08 1.2217490268924079e-08 1.4098023281087257e-08 1.6113113074174708e-08 1.7471162680657786e-08 2.0160348221932097e-08 2.3041951629524935e-08
2.4983979417639442e-08 2.8829548109401031e-08 3.2950276737542255e-08 3.5727400571461585e-08 4.122661151696191e-08 4.7119304585702866e-08 5.1090626127095789e-08 5.8954566014035529e-08
6.7381190219583128e-08 7.3060229300412825e-08 8.4305760915453533e-08 9.6355938087958501e-08 1.0447703443974849e-07 1.2055828418517258e-07 1.3779018706190991e-07 1.49403455612515e-07
1.7239984228656241e-07 1.9704167721583108e-07 2.1364879534203654e-07 2.4653391362787056e-07 2.8177204333559171e-07 3.0552042831919506e-07 3.5254655551046114e-07 4.0293751823147608e-07
4.36898003430861e-07 5.0414594882024309e-07 5.7620565076845226e-07 6.247695659893787e-07 7.2093496231683186e-07 8.2398123022826475e-07 8.9342823158112105e-07 1.030945941561243e-06
1.1783033832851425e-06 1.2776134569265161e-06 1.4742654885344619e-06 1.6849884586285908e-06 1.8270030961871549e-06 2.1082179414687012e-06 2.409554403379395e-06 2.6126370972229348e-06
3.0147778153233447e-06 3.4456926948748862e-06 3.7361034669457658e-06 4.3111696836400017e-06 4.9273833082426305e-06 5.3426743157559581e-06 6.1650261411198578e-06 7.0462192703547723e-06
7.6400905640798625e-06 8.8160638781911091e-06 1.0076180986947918e-05 1.0925424305801606e-05 1.2607080736599746e-05 1.4409063837807425e-05 1.562349232128197e-05 1.8028281883519616e-05
2.0605140077470768e-05 2.2341787877614819e-05 2.5780666790534287e-05 2.9465605981852449e-05 3.194903388459431e-05 3.6866673400094444e-05 4.2136182166850423e-05 4.5687514882444946e-05
5.2719800408275806e-05 6.0255263329438683e-05 6.533371317810455e-05 7.5389968737491693e-05 8.6165774215689577e-05 9.342802051330148e-05 0.00010780859074245985 0.00012321812628378001
0.00012837666049145543 0.00013003707734822044 0.00013170816319115503 0.00013749942900261188 0.0001565180314767176 0.0001767681471939306 0.00019105427466329205 0.00022046161305365458
0.00025197311912613957 0.0002732099833930462 0.00031526284218107473 0.00036032468686330519 0.00039011017193689044 0.00044805226243616405 0.00051000468124037866 0.00052946507313226686
0.00053180279719477195 0.00053414567072102178 0.00055869679054686876 0.00064469217382827815 0.0007368407391457664 0.00079894334285934875 0.00092191780799287559 0.001053691399787422
0.0011043155563285208 0.0011412232397345001 0.0011787375789259838 0.0012293888104630676 0.0013704923548943646 0.0015192596702174389 0.0016219538671254654 0.0018291871116053037
0.0020488754833695591 0.0021286536844477952 0.0021754105698168127 0.0022226754101569513 0.00233633653196699 0.0026959486846414239 0.003081291974888105 0.0032101904927094786
0.0032513658779457014 0.0032928036503629462 0.0034376073844505778 0.0039135266631643286 0.004420289753671508 0.0045942729580826904 0.00466584923259937 0.0047379787654307755
0.0049395362085967818 0.0055852997554365798 0.0062707222354510747 0.0064846664382575353 0.0065088908507355677 0.0065331604258012412 0.0067443143854467192 0.0074695456022225654
0.0082318042750425813 0.0085588717787650637 0.0089010047132213228 0.0092498425166215453 0.00950077290459647 0.010018803182515043 0.010550583894164831 0.010977768741120487
0.011930729063388197 0.012923348318830607 0.013237035075345632 0.013296885156436514 0.013356870235926856 0.013658067103976096 0.014655755119882236 0.015192246987791938
0.015688609371390268 0.016325221535292877 0.017482979707845861 0.018680396813573544 0.019046330469556613 0.019080861781889554 0.019115424368798609 0.0194754161723346
0.020702124378018372 0.021966295401658554 0.022730245880790534 0.024092801903628797 0.025495016859641756 0.026070756380505027 0.026625231877418214 0.027185541814428529
0.027614527147053404 0.028534383590235447 0.029469310542266404 0.030192841777613461 0.031760195650737004 0.033367208457035231 0.034074173710931702 0.034320729057771913
0.035990481856038078 0.037699893587478939 0.038306306356173145 0.038656254451085621 0.03900779376516806 0.039521326653933604 0.040949882995203822 0.042403801624931028
0.04336968228158275 0.045244232930134187 0.047158442511860327 0.048290748225235131 0.050267697798929228 0.052284306305798001 0.053218016038404134 0.05439277192836086
0.055580352671162528 0.05619301723146515 0.057107337592271129 0.058029036529554913 0.058926058776033872 0.060307379214091607 0.061107806200013222 0.063329212557167294
0.064640303383180234 0.066924449732302216 0.0692482550145989 0.070618940878157885 0.073005486152422513 0.07543169035986183 0.076572438965270079 0.078049921431083039
0.079541522192999869 0.08027411679595492 0.081295122789556723 0.082322580900214368 0.083369394531607161 0.085960737656157069 0.088591739713881665 0.090141210690078771
0.092834952739771312 0.095568353722638569 0.097177419736381707 0.099973560711216894 0.10280936061922676 0.10447802167051595 0.10737656157049379 0.11031476040364629
0.11153476546101723 0.11276788004503058 0.11400777378701207 0.11488451212858773 0.11666195398497145 0.11845304038600855 0.1198724042022784 0.12297574195254149
0.12611873863597933 0.1279661847999066 0.13117192147531231 0.13397459621556132 0.13441731708389279 0.1363243582853661 0.13963249388591453 0.14298028841963759
0.14494692465865691 0.14835745918434792 0.15180765264321369 0.15383388391977906 0.15734681737061276 0.16089940975462116 0.16212165713007878 0.16274447870028058
0.16336849432249942 0.16441767425089437 0.16741587248916825 0.17044116074360102 0.17240098110551735 0.17611871240663626 0.17987610264092993 0.18208111903013344
0.18590124925639506 0.18976103841583131 0.19202564984258086 0.19594817899398512 0.19991036707856405 0.20223457354285965 0.20625950161940648 0.21032408862912808
0.21270789013096969 0.21683521713265921 0.22100220306752338 0.22344559960691104 0.22767532553374314 0.23194471039375 0.23327161405988653 0.23353661997897626
0.23380177634130528 0.23395555688102193 0.2350565796616356 0.23912599077658417 0.24323032601734107 0.24571419722228771 0.25014872099940516 0.25462290370969731
0.25724508536172308 0.26178200806398311 0.26635858969941789 0.26904036638898976 0.27367968801639248 0.27835866857696978 0.28110004030408769 0.28584176085663299
0.29062314034235304 0.29289321881345248 0.29342410710701694 0.29826822658470492 0.30315200499556755 0.3060125667977775 0.31095908520060817 0.31594526253661348
0.31886541937636947 0.32391433670434266 0.32900291296549067 0.33093608460652857 0.33246751885174464 0.3340024883415082 0.33550193724725613 0.33913012478876126
0.34277782495168274 0.34536430319704725 0.35061801837530571 0.35591139248673898 0.35721239031346069 0.35901033443913311 0.3643664485425343 0.36976222157911021
0.37292075856905033 0.37837927159759416 0.38387744355931264 0.3870955755867988 0.39265648754048521 0.39825705842734638 0.40153478549237864 0.40719809637120774
0.41290106618321143 0.41623838828578974 0.42200409808976141 0.42780946682690785 0.43120638396703215 0.43707449269614657 0.44298226035843563 0.44643877253610603
0.45240928019036303 0.45841944677779467 0.46193555399301106 0.46800846057241063 0.47412102608498502 0.47617290403087092 0.47708656552975098 0.47800110273724233
0.47979456177087254 0.48506122325630441 0.4903566330067603 0.49372229557031516 0.49999999999999989 0.5063173633628596 0.5100122556907144 0.51639235904554182
0.52281212133354382 0.52656660869894467 0.53304911097891483 0.53957127219205958 0.54338535459500636 0.54997025580011905 0.55659481593840654 0.56046849337889948
0.56715579350915479 0.5738827525725847 0.57781602505062368 0.58460572410602174 0.59143508209459439 0.59542794961017931 0.60232004759071989 0.60925180450443517
0.61330426705756613 0.62029876396324934 0.62733291980210748 0.63144497739278449 0.63854187322361056 0.6456784279876111 0.64985008061583416 0.65704937537180264
0.65797985667433112 0.66428832906094581 0.66836611270071467 0.6751368545690376 0.68194171860727404 0.68408354590909326 0.68461716208287782 0.68515098629793103
0.6874534657254272 0.69485755833168095 0.70230130987110939 0.70665174761197058 0.71415823914336729 0.72170438960793826 0.7261144223863456 0.73372331284288461
0.74118095489747926 0.74137186223259854 0.74584149004855183 0.75355277943023347 0.76130372774508981 0.76583295059858914 0.77364663890541374 0.78149998614541272
0.78608880403645809 0.79400489126842499 0.80196063743356683 0.80660905036215835 0.81462753651926789 0.82268568160955213 0.82635182233306947 0.82739368957568959
0.83551457465794199 0.84367511867336886 0.84844272167705248 0.85666600568444728 0.86492894862501679 0.86975614666624634 0.87808182959878378 0.88644717146449625
0.89133396454327185 0.89976204640095225 0.90822978719180703 0.91317617530812867 0.92170665609095137 0.93027679580694878 0.93528277896081646 0.94391565866878191
0.95258819730992217 0.95765377550133601 0.96638905413444398 0.97516399170072665 0.97775882731219177 0.97787542547384743 0.97799203058727913 0.980556646364383
0.98927824388064578 0.99803845713897188 0.99999999999999978 1.0031889472458686 1.0121290237292617 1.0211087591458301 1.0263531224498819 1.0353955978584179
1.0444777322001284 1.0497816905417263 1.0589265648754052 1.0681110981422584 1.0734746515214024 1.0827219247802236 1.0920088569722195 1.0974320053889095
1.1067816775728734 1.1161710086900121 1.1216537521442482 1.1311058232533548 1.1405975532956361 1.1461398917874182 1.1556943618216673 1.165288490789091
1.1708904243184193 1.1736481776669303 1.1805472932778109 1.1902438211703776 1.1959053497372518 1.2056646176217862 1.2154635444394952 1.2211846680439153
1.2310463348535927 1.2409476605964445 1.2467283792384107 1.2566924449732304 1.2588190451025207 1.2666961696412249 1.2725364833207373 1.2826029479806995
1.2927090715738365 1.2986089802908949 1.308777843876 1.3189863663942798 1.3249458701488841 1.3352171326591316 1.3420201433256687 1.3455280541025543
1.3515471528947047 1.3619208143300949 1.3723341346986597 1.3779787325374859 1.3869562416926198 1.395962900134736 1.3990265931216801 1.4005299954757493
1.4020342051786712 1.4055428970498394 1.4161213563355148 1.4267394745543649 1.4329373584591536 1.4436182166699716 1.4543387338139648 1.4605962127562995
1.4713794698922604 1.482202385961396 1.4885194599412765 1.4994051160023798 1.4999999999999998 1.5103304309966579 1.5167071000140846 1.5276951550003306
1.5387228689197516 1.5451591329747245 1.556249586886113 1.5673796997306764 1.5738755588231952 1.5850684116597269 1.5963009234294327 1.6028563775594975
1.6141516293211715 1.6254865400160203 1.6321015891836315 1.6427876096865393 1.6434992398704478 1.6549365494904391 1.661611193695596 1.6731112433075555
1.6846509518526893 1.6913851910953923 1.7029876396324941 1.7146297471027707 1.7214235813830197 1.7331284288452642 1.7448729352406835 1.7517263645584786
1.7635336109458661 1.7660444431189777 1.775380516266428 1.782293540621769 1.7942031859342988 1.8061524901800032 1.8131251095728904 1.8251371538105625
1.8371888569814101 1.8442210714118432 1.8563355145746587 1.8660254037844388 1.8684896166706484 1.8755814261386277 1.8877982682265853 1.9000547692477174
1.9072061737532429 1.919525414766343 1.9318843147126183 1.9390953142556897 1.9396926207859082 1.9515169541939326 1.9639782530653502 1.9712488476459675
1.9837728865093531 1.9848077530122081 1.9963365843059133 2
copy 700 928928
copy 700 928928
copy 700 928928
copy 700 928928
copy 700 928928
copy 700 928928
copy 700 928928
copy 700 928928
copy 700 928928
copy 700 928928
copy 700 928928
copy 700 928928
copy 700 928928
copy 700 928928
copy 700 928928
copy 700 928928
copy 700 928928
copy 700 928928
copy 700 928928
copy 700 928928
copy 700 928928
copy 700 928928
copy 700 928928
copy 700 928928
copy 700 928928
copy 700 928928
copy 700 928928
copy 700 928928
copy 700 928928
copy 700 928928
copy 700 928928
copy 700 928928
copy 700 928928
copy 700 928928
copy 700 928928
copy 700 928928
copy 700 928928
copy 700 928928
copy 700 928928
copy 700 928928
copy 700 928928
copy 700 928928
copy 700 928928
copy 700 928928
copy 700 928928
copy 700 928928
copy 700 928928
copy 700 928928
copy 700 928928
copy 700 928928
copy 700 928928
copy 700 928928
copy 700 928928
copy 700 928928
copy 700 928928
copy 700 928928
copy 700 928928
copy 700 928928
copy 700 928928
copy 700 928928
copy 700 928928
copy 700 928928
copy 700 928928
copy 700 928928
copy 700 928928
copy 700 928928
copy 700 928928
copy 700 928928
copy 700 928928
copy 700 928928
copy 700 928928
copy 700 928928
copy 700 928928
copy 700 928928
copy 700 928928
copy 700 928928
copy 700 928928
copy 700 928928
copy 700 928928
copy 700 928928
copy 700 928928
copy 700 928928
copy 700 928928
copy 700 928928
copy 700 928928
copy 700 928928
copy 700 928928
copy 700 928928
copy 700 928928
copy 700 928928
copy 700 928928
copy 700 928928
copy 700 928928
copy 700 928928
copy 700 928928
copy 700 928928
copy 700 928928
copy 700 928928
copy 700 928928
copy 700 928928
