# outcomes: f64, 5314 values. See README.md.
values 5314
0 0 0.0017828927734694197 0 0.0049920997657143754 0 0.0096276209767348665 0
0.015689456406530893 0 0.023177606055102457 0 0.032092069922449555 0 0.042432848008572187 0
0.054199940313470363 0 0.067393346837144069 0 0.082013067579593313 0 0.09805910254081808 0
0.1155314517208184 0 0.13443011511959424 0 0.15475509273714563 0 0.17650638457347256 0
0.199683990628575 0 0.22428791090245301 0 0.25031814539510655 0 0.2777746941065356 0
0.30665755703674019 0 0.33696673418572032 0 0.36870222555347598 0 0.40186403114000724 0
0.43645215094531398 0 0.47246658496939625 0 0.50990733321225401 0 0.54877439567388742 0
0.5890677723542963 0 0.63078746325348067 0 0.67393346837144064 0 0.71850578770817619 0
0.76450442126368723 0 0.81192936903797375 0 0.86078063103103586 0 0.91105820724287345 0
0.96276209767348664 0 1.0158923023228754 0 1.0704488211910397 0 1.1264316542779793 0
1.1838408015836948 0 1.2426762631081856 0 1.302938038851452 0 1.364626128813494 0
1.4277405329943114 0 1.4922812513939043 0 1.5582482840122729 0 1.625641630849417 0
1.6944612919053366 0 1.7647072671800317 0 1.8363795566735024 0 1.9094781603857485 0
1.9840030783167704 0 2.0599543104665674 0 2.1373318568351403 0 2.2161357174224889 0
2.2963658922286125 0 2.378022381253512 0 2.4611051844971872 0 2.5456143019596373 0
2.6315497336408638 0 2.7189114795408651 0 2.8076995396596423 0 2.8979139139971948 0
2.9895546025535231 0 3.0826216053286268 0 3.1771149223225059 0 3.2730345535351608 0
3.3703804989665911 0 3.4691527586167972 0 3.5693513324857782 0 3.6709762205735355 0
3.7740274228800677 0 3.8785049394053757 0 3.9844087701494595 0 4.0917389151123187 0
4.2004953742939533 0 4.3106781476943627 0 4.4222872353135489 0 4.5353226371515101 0
4.649784353208247 0 4.7656723834837589 0 4.8829867279780466 0 5.0017273866911101 0
-0.0017828927734694197 0.0017828927734694197 0.0032092069922449555 0.0017828927734694197 0.0078447282032654466 0.0017828927734694197 0.013906563633061473 0.0017828927734694197
0.021394713281633036 0.0017828927734694197 0.030309177148980137 0.0017828927734694197 0.040649955235102772 0.0017828927734694197 0.052417047540000941 0.0017828927734694197
0.065610454063674647 0.0017828927734694197 0.080230174806123891 0.0017828927734694197 0.096276209767348672 0.0017828927734694197 0.11374855894734898 0.0017828927734694197
0.13264722234612483 0.0017828927734694197 0.15297219996367623 0.0017828927734694197 0.17472349180000313 0.0017828927734694197 0.1979010978551056 0.0017828927734694197
0.22250501812898357 0.0017828927734694197 0.24853525262163711 0.0017828927734694197 0.27599180133306617 0.0017828927734694197 0.30487466426327076 0.0017828927734694197
0.33518384141225094 0.0017828927734694197 0.3669193327800066 0.0017828927734694197 0.4000811383665378 0.0017828927734694197 0.43466925817184454 0.0017828927734694197
0.47068369219592682 0.0017828927734694197 0.50812444043878469 0.0017828927734694197 0.54699150290041798 0.0017828927734694197 0.58728487958082687 0.0017828927734694197
0.62900457048001124 0.0017828927734694197 0.6721505755979712 0.0017828927734694197 0.71672289493470676 0.0017828927734694197 0.76272152849021779 0.0017828927734694197
0.81014647626450431 0.0017828927734694197 0.85899773825756642 0.0017828927734694197 0.90927531446940413 0.0017828927734694197 0.9609792049000172 0.0017828927734694197
1.0141094095494059 0.0017828927734694197 1.0686659284175701 0.0017828927734694197 1.12464876150451 0.0017828927734694197 1.1820579088102252 0.0017828927734694197
1.2408933703347163 0.0017828927734694197 1.3011551460779824 0.0017828927734694197 1.3628432360400244 0.0017828927734694197 1.4259576402208418 0.0017828927734694197
1.490498358620435 0.0017828927734694197 1.5564653912388033 0.0017828927734694197 1.6238587380759475 0.0017828927734694197 1.692678399131867 0.0017828927734694197
1.7629243744065624 0.0017828927734694197 1.8345966639000328 0.0017828927734694197 1.9076952676122791 0.0017828927734694197 1.9822201855433008 0.0017828927734694197
2.0581714176930981 0.0017828927734694197 2.1355489640616709 0.0017828927734694197 2.2143528246490192 0.0017828927734694197 2.2945829994551432 0.0017828927734694197
2.3762394884800426 0.0017828927734694197 2.4593222917237174 0.0017828927734694197 2.543831409186168 0.0017828927734694197 2.629766840867394 0.0017828927734694197
2.7171285867673958 0.0017828927734694197 2.8059166468861729 0.0017828927734694197 2.8961310212237255 0.0017828927734694197 2.9877717097800538 0.0017828927734694197
3.0808387125551575 0.0017828927734694197 3.1753320295490366 0.0017828927734694197 3.2712516607616915 0.0017828927734694197 3.3685976061931218 0.0017828927734694197
3.4673698658433274 0.0017828927734694197 3.5675684397123089 0.0017828927734694197 3.6691933278000657 0.0017828927734694197 3.7722445301065983 0.0017828927734694197
3.8767220466319063 0.0017828927734694197 3.9826258773759897 0.0017828927734694197 4.0899560223388489 0.0017828927734694197 4.1987124815204835 0.0017828927734694197
4.3088952549208939 0.0017828927734694197 4.4205043425400792 0.0017828927734694197 4.5335397443780403 0.0017828927734694197 4.6480014604347772 0.0017828927734694197
4.76388949071029 0.0017828927734694197 4.8812038352045777 0.0017828927734694197 4.9999444939176412 0.0017828927734694197 -0.0049920997657143754 0.0049920997657143754
-0.0032092069922449555 0.0049920997657143754 0.0046355212110204911 0.0049920997657143754 0.010697356640816518 0.0049920997657143754 0.01818550628938808 0.0049920997657143754
0.027099970156735181 0.0049920997657143754 0.037440748242857813 0.0049920997657143754 0.049207840547755982 0.0049920997657143754 0.062401247071429689 0.0049920997657143754
0.077020967813878932 0.0049920997657143754 0.093067002775103713 0.0049920997657143754 0.11053935195510403 0.0049920997657143754 0.12943801535387989 0.0049920997657143754
0.14976299297143125 0.0049920997657143754 0.17151428480775818 0.0049920997657143754 0.19469189086286065 0.0049920997657143754 0.21929581113673863 0.0049920997657143754
0.24532604562939217 0.0049920997657143754 0.27278259434082125 0.0049920997657143754 0.30166545727102584 0.0049920997657143754 0.33197463442000597 0.0049920997657143754
0.36371012578776163 0.0049920997657143754 0.39687193137429283 0.0049920997657143754 0.43146005117959957 0.0049920997657143754 0.46747448520368184 0.0049920997657143754
0.50491523344653966 0.0049920997657143754 0.54378229590817306 0.0049920997657143754 0.58407567258858195 0.0049920997657143754 0.62579536348776632 0.0049920997657143754
0.66894136860572628 0.0049920997657143754 0.71351368794246184 0.0049920997657143754 0.75951232149797276 0.0049920997657143754 0.80693726927225939 0.0049920997657143754
0.85578853126532151 0.0049920997657143754 0.9060661074771591 0.0049920997657143754 0.95776999790777229 0.0049920997657143754 1.010900202557161 0.0049920997657143754
1.0654567214253252 0.0049920997657143754 1.1214395545122651 0.0049920997657143754 1.1788487018179803 0.0049920997657143754 1.2376841633424711 0.0049920997657143754
1.2979459390857375 0.0049920997657143754 1.3596340290477795 0.0049920997657143754 1.4227484332285969 0.0049920997657143754 1.4872891516281899 0.0049920997657143754
1.5532561842465584 0.0049920997657143754 1.6206495310837026 0.0049920997657143754 1.6894691921396221 0.0049920997657143754 1.7597151674143172 0.0049920997657143754
1.8313874569077879 0.0049920997657143754 1.9044860606200342 0.0049920997657143754 1.9790109785510559 0.0049920997657143754 2.0549622107008534 0.0049920997657143754
2.1323397570694262 0.0049920997657143754 2.2111436176567745 0.0049920997657143754 2.2913737924628981 0.0049920997657143754 2.3730302814877975 0.0049920997657143754
2.4561130847314727 0.0049920997657143754 2.5406222021939233 0.0049920997657143754 2.6265576338751493 0.0049920997657143754 2.7139193797751506 0.0049920997657143754
2.8027074398939278 0.0049920997657143754 2.8929218142314803 0.0049920997657143754 2.9845625027878087 0.0049920997657143754 3.0776295055629124 0.0049920997657143754
3.1721228225567915 0.0049920997657143754 3.2680424537694464 0.0049920997657143754 3.3653883992008766 0.0049920997657143754 3.4641606588510827 0.0049920997657143754
3.5643592327200642 0.0049920997657143754 3.665984120807821 0.0049920997657143754 3.7690353231143532 0.0049920997657143754 3.8735128396396612 0.0049920997657143754
3.979416670383745 0.0049920997657143754 4.0867468153466042 0.0049920997657143754 4.1955032745282388 0.0049920997657143754 4.3056860479286483 0.0049920997657143754
4.4172951355478345 0.0049920997657143754 4.5303305373857956 0.0049920997657143754 4.6447922534425325 0.0049920997657143754 4.7606802837180444 0.0049920997657143754
4.8779946282123321 0.0049920997657143754 4.9967352869253956 0.0049920997657143754 -0.0096276209767348665 0.0096276209767348665 -0.0078447282032654466 0.0096276209767348665
-0.0046355212110204911 0.0096276209767348665 0.0060618354297960276 0.0096276209767348665 0.013549985078367591 0.0096276209767348665 0.022464448945714689 0.0096276209767348665
0.032805227031837324 0.0096276209767348665 0.044572319336735493 0.0096276209767348665 0.057765725860409199 0.0096276209767348665 0.072385446602858436 0.0096276209767348665
0.088431481564083217 0.0096276209767348665 0.10590383074408354 0.0096276209767348665 0.12480249414285938 0.0096276209767348665 0.14512747176041077 0.0096276209767348665
0.1668787635967377 0.0096276209767348665 0.19005636965184014 0.0096276209767348665 0.21466028992571815 0.0096276209767348665 0.24069052441837166 0.0096276209767348665
0.26814707312980074 0.0096276209767348665 0.29702993606000533 0.0096276209767348665 0.32733911320898545 0.0096276209767348665 0.35907460457674112 0.0096276209767348665
0.39223641016327232 0.0096276209767348665 0.42682452996857911 0.0096276209767348665 0.46283896399266139 0.0096276209767348665 0.50027971223551915 0.0096276209767348665
0.53914677469715255 0.0096276209767348665 0.57944015137756144 0.0096276209767348665 0.62115984227674581 0.0096276209767348665 0.66430584739470577 0.0096276209767348665
0.70887816673144133 0.0096276209767348665 0.75487680028695237 0.0096276209767348665 0.80230174806123888 0.0096276209767348665 0.851153010054301 0.0096276209767348665
0.90143058626613859 0.0096276209767348665 0.95313447669675178 0.0096276209767348665 1.0062646813461404 0.0096276209767348665 1.0608212002143047 0.0096276209767348665
1.1168040333012446 0.0096276209767348665 1.1742131806069598 0.0096276209767348665 1.2330486421314506 0.0096276209767348665 1.293310417874717 0.0096276209767348665
1.354998507836759 0.0096276209767348665 1.4181129120175764 0.0096276209767348665 1.4826536304171696 0.0096276209767348665 1.5486206630355379 0.0096276209767348665
1.6160140098726821 0.0096276209767348665 1.6848336709286016 0.0096276209767348665 1.7550796462032967 0.0096276209767348665 1.8267519356967674 0.0096276209767348665
1.8998505394090137 0.0096276209767348665 1.9743754573400354 0.0096276209767348665 2.0503266894898329 0.0096276209767348665 2.1277042358584057 0.0096276209767348665
2.206508096445754 0.0096276209767348665 2.2867382712518776 0.0096276209767348665 2.3683947602767774 0.0096276209767348665 2.4514775635204522 0.0096276209767348665
2.5359866809829028 0.0096276209767348665 2.6219221126641288 0.0096276209767348665 2.7092838585641301 0.0096276209767348665 2.7980719186829073 0.0096276209767348665
2.8882862930204598 0.0096276209767348665 2.9799269815767881 0.0096276209767348665 3.0729939843518919 0.0096276209767348665 3.1674873013457709 0.0096276209767348665
3.2634069325584258 0.0096276209767348665 3.3607528779898561 0.0096276209767348665 3.4595251376400622 0.0096276209767348665 3.5597237115090437 0.0096276209767348665
3.6613485995968005 0.0096276209767348665 3.7643998019033327 0.0096276209767348665 3.8688773184286407 0.0096276209767348665 3.9747811491727245 0.0096276209767348665
4.0821112941355837 0.0096276209767348665 4.1908677533172183 0.0096276209767348665 4.3010505267176287 0.0096276209767348665 4.412659614336814 0.0096276209767348665
4.5256950161747751 0.0096276209767348665 4.640156732231512 0.0096276209767348665 4.7560447625070239 0.0096276209767348665 4.8733591070013116 0.0096276209767348665
4.9920997657143751 0.0096276209767348665 -0.015689456406530893 0.015689456406530893 -0.013906563633061473 0.015689456406530893 -0.010697356640816518 0.015689456406530893
-0.0060618354297960276 0.015689456406530893 0.0074881496485715631 0.015689456406530893 0.016402613515918662 0.015689456406530893 0.026743391602041297 0.015689456406530893
0.038510483906939466 0.015689456406530893 0.051703890430613172 0.015689456406530893 0.066323611173062416 0.015689456406530893 0.082369646134287197 0.015689456406530893
0.099841995314287502 0.015689456406530893 0.11874065871306336 0.015689456406530893 0.13906563633061475 0.015689456406530893 0.16081692816694165 0.015689456406530893
0.18399453422204412 0.015689456406530893 0.20859845449592213 0.015689456406530893 0.23462868898857564 0.015689456406530893 0.26208523770000469 0.015689456406530893
0.29096810063020928 0.015689456406530893 0.32127727777918946 0.015689456406530893 0.35301276914694513 0.015689456406530893 0.38617457473347633 0.015689456406530893
0.42076269453878307 0.015689456406530893 0.45677712856286534 0.015689456406530893 0.49421787680572316 0.015689456406530893 0.53308493926735656 0.015689456406530893
0.57337831594776545 0.015689456406530893 0.61509800684694982 0.015689456406530893 0.65824401196490978 0.015689456406530893 0.70281633130164523 0.015689456406530893
0.74881496485715626 0.015689456406530893 0.79623991263144289 0.015689456406530893 0.845091174624505 0.015689456406530893 0.8953687508363426 0.015689456406530893
0.94707264126695578 0.015689456406530893 1.0002028459163446 0.015689456406530893 1.0547593647845088 0.015689456406530893 1.1107421978714485 0.015689456406530893
1.1681513451771639 0.015689456406530893 1.2269868067016547 0.015689456406530893 1.2872485824449211 0.015689456406530893 1.3489366724069629 0.015689456406530893
1.4120510765877805 0.015689456406530893 1.4765917949873735 0.015689456406530893 1.542558827605742 0.015689456406530893 1.609952174442886 0.015689456406530893
1.6787718354988057 0.015689456406530893 1.7490178107735008 0.015689456406530893 1.8206901002669715 0.015689456406530893 1.8937887039792176 0.015689456406530893
1.9683136219102395 0.015689456406530893 2.0442648540600366 0.015689456406530893 2.1216424004286094 0.015689456406530893 2.2004462610159581 0.015689456406530893
2.2806764358220817 0.015689456406530893 2.3623329248469811 0.015689456406530893 2.4454157280906563 0.015689456406530893 2.5299248455531065 0.015689456406530893
2.6158602772343325 0.015689456406530893 2.7032220231343342 0.015689456406530893 2.7920100832531114 0.015689456406530893 2.8822244575906639 0.015689456406530893
2.9738651461469923 0.015689456406530893 3.066932148922096 0.015689456406530893 3.1614254659159751 0.015689456406530893 3.25734509712863 0.015689456406530893
3.3546910425600602 0.015689456406530893 3.4534633022102659 0.015689456406530893 3.5536618760792473 0.015689456406530893 3.6552867641670046 0.015689456406530893
3.7583379664735368 0.015689456406530893 3.8628154829988448 0.015689456406530893 3.9687193137429282 0.015689456406530893 4.0760494587057874 0.015689456406530893
4.184805917887422 0.015689456406530893 4.2949886912878323 0.015689456406530893 4.4065977789070176 0.015689456406530893 4.5196331807449788 0.015689456406530893
4.6340948968017157 0.015689456406530893 4.7499829270772285 0.015689456406530893 4.8672972715715161 0.015689456406530893 4.9860379302845796 0.015689456406530893
-0.023177606055102457 0.023177606055102457 -0.021394713281633036 0.023177606055102457 -0.01818550628938808 0.023177606055102457 -0.013549985078367591 0.023177606055102457
-0.0074881496485715631 0.023177606055102457 0.0089144638673470996 0.023177606055102457 0.019255241953469733 0.023177606055102457 0.031022334258367902 0.023177606055102457
0.044215740782041608 0.023177606055102457 0.058835461524490852 0.023177606055102457 0.074881496485715626 0.023177606055102457 0.092353845665715945 0.023177606055102457
0.11125250906449179 0.023177606055102457 0.13157748668204317 0.023177606055102457 0.1533287785183701 0.023177606055102457 0.17650638457347256 0.023177606055102457
0.20111030484735054 0.023177606055102457 0.22714053934000408 0.023177606055102457 0.25459708805143316 0.023177606055102457 0.28347995098163775 0.023177606055102457
0.31378912813061788 0.023177606055102457 0.34552461949837354 0.023177606055102457 0.37868642508490474 0.023177606055102457 0.41327454489021148 0.023177606055102457
0.44928897891429376 0.023177606055102457 0.48672972715715157 0.023177606055102457 0.52559678961878498 0.023177606055102457 0.56589016629919386 0.023177606055102457
0.60760985719837823 0.023177606055102457 0.6507558623163382 0.023177606055102457 0.69532818165307375 0.023177606055102457 0.74132681520858479 0.023177606055102457
0.78875176298287131 0.023177606055102457 0.83760302497593342 0.023177606055102457 0.88788060118777101 0.023177606055102457 0.9395844916183842 0.023177606055102457
0.99271469626777287 0.023177606055102457 1.0472712151359371 0.023177606055102457 1.103254048222877 0.023177606055102457 1.1606631955285922 0.023177606055102457
1.219498657053083 0.023177606055102457 1.2797604327963494 0.023177606055102457 1.3414485227583914 0.023177606055102457 1.4045629269392088 0.023177606055102457
1.4691036453388018 0.023177606055102457 1.5350706779571703 0.023177606055102457 1.6024640247943145 0.023177606055102457 1.671283685850234 0.023177606055102457
1.7415296611249291 0.023177606055102457 1.8132019506183998 0.023177606055102457 1.8863005543306461 0.023177606055102457 1.9608254722616678 0.023177606055102457
2.0367767044114653 0.023177606055102457 2.1141542507800382 0.023177606055102457 2.1929581113673864 0.023177606055102457 2.27318828617351 0.023177606055102457
2.3548447751984094 0.023177606055102457 2.4379275784420846 0.023177606055102457 2.5224366959045352 0.023177606055102457 2.6083721275857612 0.023177606055102457
2.6957338734857625 0.023177606055102457 2.7845219336045397 0.023177606055102457 2.8747363079420922 0.023177606055102457 2.9663769964984206 0.023177606055102457
3.0594439992735243 0.023177606055102457 3.1539373162674034 0.023177606055102457 3.2498569474800583 0.023177606055102457 3.3472028929114885 0.023177606055102457
3.4459751525616946 0.023177606055102457 3.5461737264306761 0.023177606055102457 3.6477986145184329 0.023177606055102457 3.7508498168249651 0.023177606055102457
3.8553273333502731 0.023177606055102457 3.9612311640943569 0.023177606055102457 4.0685613090572161 0.023177606055102457 4.1773177682388507 0.023177606055102457
4.2875005416392602 0.023177606055102457 4.3991096292584464 0.023177606055102457 4.5121450310964075 0.023177606055102457 4.6266067471531445 0.023177606055102457
4.7424947774286563 0.023177606055102457 4.859809121922944 0.023177606055102457 4.9785497806360075 0.023177606055102457 -0.032092069922449555 0.032092069922449555
-0.030309177148980137 0.032092069922449555 -0.027099970156735181 0.032092069922449555 -0.022464448945714689 0.032092069922449555 -0.016402613515918662 0.032092069922449555
-0.0089144638673470996 0.032092069922449555 0.010340778086122635 0.032092069922449555 0.022107870391020804 0.032092069922449555 0.035301276914694514 0.032092069922449555
0.049920997657143751 0.032092069922449555 0.065967032618368532 0.032092069922449555 0.08343938179836885 0.032092069922449555 0.10233804519714469 0.032092069922449555
0.12266302281469608 0.032092069922449555 0.144414314651023 0.032092069922449555 0.16759192070612547 0.032092069922449555 0.19219584098000345 0.032092069922449555
0.21822607547265699 0.032092069922449555 0.24568262418408604 0.032092069922449555 0.27456548711429063 0.032092069922449555 0.30487466426327076 0.032092069922449555
0.33661015563102648 0.032092069922449555 0.36977196121755768 0.032092069922449555 0.40436008102286441 0.032092069922449555 0.44037451504694669 0.032092069922449555
0.4778152632898045 0.032092069922449555 0.5166823257514378 0.032092069922449555 0.55697570243184669 0.032092069922449555 0.59869539333103117 0.032092069922449555
0.64184139844899113 0.032092069922449555 0.68641371778572657 0.032092069922449555 0.73241235134123761 0.032092069922449555 0.77983729911552424 0.032092069922449555
0.82868856110858635 0.032092069922449555 0.87896613732042395 0.032092069922449555 0.93067002775103713 0.032092069922449555 0.9838002324004258 0.032092069922449555
1.0383567512685901 0.032092069922449555 1.0943395843555299 0.032092069922449555 1.1517487316612451 0.032092069922449555 1.210584193185736 0.032092069922449555
1.2708459689290024 0.032092069922449555 1.3325340588910444 0.032092069922449555 1.3956484630718617 0.032092069922449555 1.4601891814714547 0.032092069922449555
1.5261562140898233 0.032092069922449555 1.5935495609269674 0.032092069922449555 1.6623692219828869 0.032092069922449555 1.7326151972575821 0.032092069922449555
1.8042874867510528 0.032092069922449555 1.8773860904632991 0.032092069922449555 1.9519110083943207 0.032092069922449555 2.0278622405441182 0.032092069922449555
2.1052397869126906 0.032092069922449555 2.1840436475000393 0.032092069922449555 2.2642738223061629 0.032092069922449555 2.3459303113310623 0.032092069922449555
2.4290131145747376 0.032092069922449555 2.5135222320371882 0.032092069922449555 2.5994576637184141 0.032092069922449555 2.6868194096184155 0.032092069922449555
2.7756074697371926 0.032092069922449555 2.8658218440747452 0.032092069922449555 2.9574625326310735 0.032092069922449555 3.0505295354061772 0.032092069922449555
3.1450228524000563 0.032092069922449555 3.2409424836127112 0.032092069922449555 3.3382884290441415 0.032092069922449555 3.4370606886943476 0.032092069922449555
3.537259262563329 0.032092069922449555 3.6388841506510858 0.032092069922449555 3.741935352957618 0.032092069922449555 3.846412869482926 0.032092069922449555
3.9523167002270099 0.032092069922449555 4.0596468451898691 0.032092069922449555 4.1684033043715036 0.032092069922449555 4.2785860777719131 0.032092069922449555
4.3901951653910993 0.032092069922449555 4.5032305672290605 0.032092069922449555 4.6176922832857974 0.032092069922449555 4.7335803135613093 0.032092069922449555
4.8508946580555969 0.032092069922449555 4.9696353167686604 0.032092069922449555 -0.042432848008572187 0.042432848008572187 -0.040649955235102772 0.042432848008572187
-0.037440748242857813 0.042432848008572187 -0.032805227031837324 0.042432848008572187 -0.026743391602041297 0.042432848008572187 -0.019255241953469733 0.042432848008572187
-0.010340778086122635 0.042432848008572187 0.011767092304898171 0.042432848008572187 0.024960498828571875 0.042432848008572187 0.039580219571021119 0.042432848008572187
0.055626254532245893 0.042432848008572187 0.073098603712246205 0.042432848008572187 0.09199726711102206 0.042432848008572187 0.11232224472857344 0.042432848008572187
0.13407353656490037 0.042432848008572187 0.15725114262000281 0.042432848008572187 0.18185506289388081 0.042432848008572187 0.20788529738653436 0.042432848008572187
0.23534184609796341 0.042432848008572187 0.26422470902816803 0.042432848008572187 0.29453388617714815 0.042432848008572187 0.32626937754490382 0.042432848008572187
0.35943118313143502 0.042432848008572187 0.39401930293674176 0.042432848008572187 0.43003373696082403 0.042432848008572187 0.46747448520368184 0.042432848008572187
0.50634154766531525 0.042432848008572187 0.54663492434572414 0.042432848008572187 0.58835461524490851 0.042432848008572187 0.63150062036286847 0.042432848008572187
0.67607293969960403 0.042432848008572187 0.72207157325511495 0.042432848008572187 0.76949652102940158 0.042432848008572187 0.81834778302246369 0.042432848008572187
0.86862535923430129 0.042432848008572187 0.92032924966491447 0.042432848008572187 0.97345945431430314 0.042432848008572187 1.0280159731824674 0.042432848008572187
1.0839988062694073 0.042432848008572187 1.1414079535751225 0.042432848008572187 1.2002434150996133 0.042432848008572187 1.2605051908428797 0.042432848008572187
1.3221932808049217 0.042432848008572187 1.3853076849857391 0.042432848008572187 1.4498484033853321 0.042432848008572187 1.5158154360037006 0.042432848008572187
1.5832087828408448 0.042432848008572187 1.6520284438967643 0.042432848008572187 1.7222744191714594 0.042432848008572187 1.7939467086649301 0.042432848008572187
1.8670453123771764 0.042432848008572187 1.9415702303081981 0.042432848008572187 2.0175214624579954 0.042432848008572187 2.0948990088265682 0.042432848008572187
2.1737028694139164 0.042432848008572187 2.2539330442200405 0.042432848008572187 2.3355895332449399 0.042432848008572187 2.4186723364886147 0.042432848008572187
2.5031814539510653 0.042432848008572187 2.5891168856322913 0.042432848008572187 2.676478631532293 0.042432848008572187 2.7652666916510702 0.042432848008572187
2.8554810659886227 0.042432848008572187 2.9471217545449511 0.042432848008572187 3.0401887573200548 0.042432848008572187 3.1346820743139339 0.042432848008572187
3.2306017055265888 0.042432848008572187 3.327947650958019 0.042432848008572187 3.4267199106082247 0.042432848008572187 3.5269184844772061 0.042432848008572187
3.628543372564963 0.042432848008572187 3.7315945748714956 0.042432848008572187 3.8360720913968036 0.042432848008572187 3.941975922140887 0.042432848008572187
4.0493060671037462 0.042432848008572187 4.1580625262853808 0.042432848008572187 4.2682452996857911 0.042432848008572187 4.3798543873049764 0.042432848008572187
4.4928897891429376 0.042432848008572187 4.6073515051996745 0.042432848008572187 4.7232395354751864 0.042432848008572187 4.8405538799694749 0.042432848008572187
4.9592945386825376 0.042432848008572187 -0.054199940313470363 0.054199940313470363 -0.052417047540000941 0.054199940313470363 -0.049207840547755982 0.054199940313470363
-0.044572319336735493 0.054199940313470363 -0.038510483906939466 0.054199940313470363 -0.031022334258367902 0.054199940313470363 -0.022107870391020804 0.054199940313470363
-0.011767092304898171 0.054199940313470363 0.013193406523673706 0.054199940313470363 0.027813127266122947 0.054199940313470363 0.043859162227347724 0.054199940313470363
0.061331511407348042 0.054199940313470363 0.080230174806123891 0.054199940313470363 0.10055515242367527 0.054199940313470363 0.1223064442600022 0.054199940313470363
0.14548405031510464 0.054199940313470363 0.17008797058898265 0.054199940313470363 0.19611820508163616 0.054199940313470363 0.22357475379306524 0.054199940313470363
0.25245761672326983 0.054199940313470363 0.28276679387224996 0.054199940313470363 0.31450228524000562 0.054199940313470363 0.34766409082653688 0.054199940313470363
0.38225221063184361 0.054199940313470363 0.41826664465592589 0.054199940313470363 0.4557073928987837 0.054199940313470363 0.49457445536041705 0.054199940313470363
0.53486783204082589 0.054199940313470363 0.57658752294001037 0.054199940313470363 0.61973352805797033 0.054199940313470363 0.66430584739470577 0.054199940313470363
0.71030448095021681 0.054199940313470363 0.75772942872450344 0.054199940313470363 0.80658069071756555 0.054199940313470363 0.85685826692940315 0.054199940313470363
0.90856215736001633 0.054199940313470363 0.961692362009405 0.054199940313470363 1.0162488808775694 0.054199940313470363 1.072231713964509 0.054199940313470363
1.1296408612702245 0.054199940313470363 1.1884763227947153 0.054199940313470363 1.2487380985379817 0.054199940313470363 1.3104261885000235 0.054199940313470363
1.3735405926808411 0.054199940313470363 1.438081311080434 0.054199940313470363 1.5040483436988026 0.054199940313470363 1.5714416905359465 0.054199940313470363
1.6402613515918663 0.054199940313470363 1.7105073268665614 0.054199940313470363 1.7821796163600321 0.054199940313470363 1.8552782200722782 0.054199940313470363
1.9298031380033001 0.054199940313470363 2.0057543701530971 0.054199940313470363 2.08313191652167 0.054199940313470363 2.1619357771090182 0.054199940313470363
2.2421659519151422 0.054199940313470363 2.3238224409400416 0.054199940313470363 2.4069052441837169 0.054199940313470363 2.491414361646167 0.054199940313470363
2.577349793327393 0.054199940313470363 2.6647115392273948 0.054199940313470363 2.7534995993461719 0.054199940313470363 2.8437139736837245 0.054199940313470363
2.9353546622400528 0.054199940313470363 3.0284216650151565 0.054199940313470363 3.1229149820090356 0.054199940313470363 3.2188346132216905 0.054199940313470363
3.3161805586531208 0.054199940313470363 3.4149528183033264 0.054199940313470363 3.5151513921723079 0.054199940313470363 3.6167762802600647 0.054199940313470363
3.7198274825665973 0.054199940313470363 3.8243049990919054 0.054199940313470363 3.9302088298359887 0.054199940313470363 4.0375389747988484 0.054199940313470363
4.1462954339804829 0.054199940313470363 4.2564782073808924 0.054199940313470363 4.3680872950000786 0.054199940313470363 4.4811226968380398 0.054199940313470363
4.5955844128947767 0.054199940313470363 4.7114724431702886 0.054199940313470363 4.8287867876645763 0.054199940313470363 4.9475274463776397 0.054199940313470363
-0.067393346837144069 0.067393346837144069 -0.065610454063674647 0.067393346837144069 -0.062401247071429689 0.067393346837144069 -0.057765725860409199 0.067393346837144069
-0.051703890430613172 0.067393346837144069 -0.044215740782041608 0.067393346837144069 -0.035301276914694514 0.067393346837144069 -0.024960498828571875 0.067393346837144069
-0.013193406523673706 0.067393346837144069 0.014619720742449242 0.067393346837144069 0.030665755703674021 0.067393346837144069 0.048138104883674336 0.067393346837144069
0.067036768282450185 0.067393346837144069 0.087361745900001564 0.067393346837144069 0.10911303773632849 0.067393346837144069 0.13229064379143093 0.067393346837144069
0.15689456406530894 0.067393346837144069 0.18292479855796245 0.067393346837144069 0.21038134726939153 0.067393346837144069 0.23926421019959612 0.067393346837144069
0.26957338734857628 0.067393346837144069 0.30130887871633194 0.067393346837144069 0.33447068430286314 0.067393346837144069 0.36905880410816988 0.067393346837144069
0.40507323813225216 0.067393346837144069 0.44251398637510997 0.067393346837144069 0.48138104883674332 0.067393346837144069 0.52167442551715226 0.067393346837144069
0.56339411641633663 0.067393346837144069 0.60654012153429659 0.067393346837144069 0.65111244087103215 0.067393346837144069 0.69711107442654308 0.067393346837144069
0.74453602220082971 0.067393346837144069 0.79338728419389182 0.067393346837144069 0.84366486040572941 0.067393346837144069 0.8953687508363426 0.067393346837144069
0.94849895548573127 0.067393346837144069 1.0030554743538955 0.067393346837144069 1.0590383074408354 0.067393346837144069 1.1164474547465506 0.067393346837144069
1.1752829162710414 0.067393346837144069 1.2355446920143078 0.067393346837144069 1.2972327819763498 0.067393346837144069 1.3603471861571672 0.067393346837144069
1.4248879045567602 0.067393346837144069 1.4908549371751287 0.067393346837144069 1.5582482840122729 0.067393346837144069 1.6270679450681924 0.067393346837144069
1.6973139203428875 0.067393346837144069 1.7689862098363582 0.067393346837144069 1.8420848135486045 0.067393346837144069 1.9166097314796262 0.067393346837144069
1.9925609636294235 0.067393346837144069 2.0699385099979963 0.067393346837144069 2.1487423705853446 0.067393346837144069 2.2289725453914686 0.067393346837144069
2.310629034416368 0.067393346837144069 2.3937118376600428 0.067393346837144069 2.4782209551224934 0.067393346837144069 2.5641563868037194 0.067393346837144069
2.6515181327037212 0.067393346837144069 2.7403061928224983 0.067393346837144069 2.8305205671600508 0.067393346837144069 2.9221612557163792 0.067393346837144069
3.0152282584914829 0.067393346837144069 3.109721575485362 0.067393346837144069 3.2056412066980169 0.067393346837144069 3.3029871521294472 0.067393346837144069
3.4017594117796528 0.067393346837144069 3.5019579856486343 0.067393346837144069 3.6035828737363911 0.067393346837144069 3.7066340760429237 0.067393346837144069
3.8111115925682317 0.067393346837144069 3.9170154233123151 0.067393346837144069 4.0243455682751739 0.067393346837144069 4.1331020274568093 0.067393346837144069
4.2432848008572188 0.067393346837144069 4.354893888476405 0.067393346837144069 4.4679292903143661 0.067393346837144069 4.5823910063711031 0.067393346837144069
4.6982790366466149 0.067393346837144069 4.8155933811409026 0.067393346837144069 4.9343340398539661 0.067393346837144069 -0.082013067579593313 0.082013067579593313
-0.080230174806123891 0.082013067579593313 -0.077020967813878932 0.082013067579593313 -0.072385446602858436 0.082013067579593313 -0.066323611173062416 0.082013067579593313
-0.058835461524490852 0.082013067579593313 -0.049920997657143751 0.082013067579593313 -0.039580219571021119 0.082013067579593313 -0.027813127266122947 0.082013067579593313
-0.014619720742449242 0.082013067579593313 0.016046034961224778 0.082013067579593313 0.033518384141225092 0.082013067579593313 0.052417047540000941 0.082013067579593313
0.07274202515755232 0.082013067579593313 0.094493316993879251 0.082013067579593313 0.1176709230489817 0.082013067579593313 0.1422748433228597 0.082013067579593313
0.16830507781551324 0.082013067579593313 0.19576162652694229 0.082013067579593313 0.22464448945714688 0.082013067579593313 0.25495366660612701 0.082013067579593313
0.28668915797388272 0.082013067579593313 0.31985096356041393 0.082013067579593313 0.35443908336572066 0.082013067579593313 0.39045351738980294 0.082013067579593313
0.42789426563266075 0.082013067579593313 0.4667613280942941 0.082013067579593313 0.50705470477470294 0.082013067579593313 0.54877439567388742 0.082013067579593313
0.59192040079184738 0.082013067579593313 0.63649272012858282 0.082013067579593313 0.68249135368409386 0.082013067579593313 0.72991630145838049 0.082013067579593313
0.7787675634514426 0.082013067579593313 0.8290451396632802 0.082013067579593313 0.88074903009389338 0.082013067579593313 0.93387923474328205 0.082013067579593313
0.98843575361144631 0.082013067579593313 1.0444185866983862 0.082013067579593313 1.1018277340041014 0.082013067579593313 1.1606631955285922 0.082013067579593313
1.2209249712718586 0.082013067579593313 1.2826130612339006 0.082013067579593313 1.345727465414718 0.082013067579593313 1.410268183814311 0.082013067579593313
1.4762352164326795 0.082013067579593313 1.5436285632698237 0.082013067579593313 1.6124482243257432 0.082013067579593313 1.6826941996004383 0.082013067579593313
1.754366489093909 0.082013067579593313 1.8274650928061553 0.082013067579593313 1.901990010737177 0.082013067579593313 1.9779412428869743 0.082013067579593313
2.0553187892555469 0.082013067579593313 2.1341226498428956 0.082013067579593313 2.2143528246490192 0.082013067579593313 2.2960093136739186 0.082013067579593313
2.3790921169175938 0.082013067579593313 2.4636012343800444 0.082013067579593313 2.5495366660612704 0.082013067579593313 2.6368984119612717 0.082013067579593313
2.7256864720800489 0.082013067579593313 2.8159008464176014 0.082013067579593313 2.9075415349739298 0.082013067579593313 3.0006085377490335 0.082013067579593313
3.0951018547429126 0.082013067579593313 3.1910214859555674 0.082013067579593313 3.2883674313869977 0.082013067579593313 3.3871396910372038 0.082013067579593313
3.4873382649061853 0.082013067579593313 3.5889631529939421 0.082013067579593313 3.6920143553004743 0.082013067579593313 3.7964918718257823 0.082013067579593313
3.9023957025698661 0.082013067579593313 4.0097258475327253 0.082013067579593313 4.1184823067143599 0.082013067579593313 4.2286650801147694 0.082013067579593313
4.3402741677339556 0.082013067579593313 4.4533095695719167 0.082013067579593313 4.5677712856286536 0.082013067579593313 4.6836593159041655 0.082013067579593313
4.8009736603984532 0.082013067579593313 4.9197143191115167 0.082013067579593313 -0.09805910254081808 0.09805910254081808 -0.096276209767348672 0.09805910254081808
-0.093067002775103713 0.09805910254081808 -0.088431481564083217 0.09805910254081808 -0.082369646134287197 0.09805910254081808 -0.074881496485715626 0.09805910254081808
-0.065967032618368532 0.09805910254081808 -0.055626254532245893 0.09805910254081808 -0.043859162227347724 0.09805910254081808 -0.030665755703674021 0.09805910254081808
-0.016046034961224778 0.09805910254081808 0.017472349180000315 0.09805910254081808 0.03637101257877616 0.09805910254081808 0.056695990196327546 0.09805910254081808
0.07844728203265447 0.09805910254081808 0.10162488808775692 0.09805910254081808 0.12622880836163491 0.09805910254081808 0.15225904285428846 0.09805910254081808
0.17971559156571751 0.09805910254081808 0.20859845449592213 0.09805910254081808 0.23890763164490225 0.09805910254081808 0.27064312301265792 0.09805910254081808
0.30380492859918912 0.09805910254081808 0.33839304840449586 0.09805910254081808 0.37440748242857813 0.09805910254081808 0.41184823067143594 0.09805910254081808
0.45071529313306929 0.09805910254081808 0.49100866981347818 0.09805910254081808 0.53272836071266261 0.09805910254081808 0.57587436583062257 0.09805910254081808
0.62044668516735813 0.09805910254081808 0.66644531872286905 0.09805910254081808 0.71387026649715568 0.09805910254081808 0.76272152849021779 0.09805910254081808
0.81299910470205539 0.09805910254081808 0.86470299513266857 0.09805910254081808 0.91783319978205724 0.09805910254081808 0.9723897186502215 0.09805910254081808
1.0283725517371614 0.09805910254081808 1.0857816990428766 0.09805910254081808 1.1446171605673674 0.09805910254081808 1.2048789363106338 0.09805910254081808
1.2665670262726758 0.09805910254081808 1.3296814304534932 0.09805910254081808 1.3942221488530862 0.09805910254081808 1.4601891814714547 0.09805910254081808
1.5275825283085989 0.09805910254081808 1.5964021893645184 0.09805910254081808 1.6666481646392135 0.09805910254081808 1.7383204541326842 0.09805910254081808
1.8114190578449305 0.09805910254081808 1.8859439757759522 0.09805910254081808 1.9618952079257495 0.09805910254081808 2.0392727542943225 0.09805910254081808
2.1180766148816708 0.09805910254081808 2.1983067896877944 0.09805910254081808 2.2799632787126938 0.09805910254081808 2.363046081956369 0.09805910254081808
2.4475551994188196 0.09805910254081808 2.5334906311000456 0.09805910254081808 2.6208523770000469 0.09805910254081808 2.7096404371188241 0.09805910254081808
2.7998548114563766 0.09805910254081808 2.8914955000127049 0.09805910254081808 2.9845625027878087 0.09805910254081808 3.0790558197816877 0.09805910254081808
3.1749754509943426 0.09805910254081808 3.2723213964257729 0.09805910254081808 3.371093656075979 0.09805910254081808 3.4712922299449605 0.09805910254081808
3.5729171180327173 0.09805910254081808 3.6759683203392495 0.09805910254081808 3.7804458368645575 0.09805910254081808 3.8863496676086413 0.09805910254081808
3.9936798125715001 0.09805910254081808 4.1024362717531346 0.09805910254081808 4.212619045153545 0.09805910254081808 4.3242281327727303 0.09805910254081808
4.4372635346106915 0.09805910254081808 4.5517252506674284 0.09805910254081808 4.6676132809429411 0.09805910254081808 4.7849276254372288 0.09805910254081808
4.9036682841502923 0.09805910254081808 -0.1155314517208184 0.1155314517208184 -0.11374855894734898 0.1155314517208184 -0.11053935195510403 0.1155314517208184
-0.10590383074408354 0.1155314517208184 -0.099841995314287502 0.1155314517208184 -0.092353845665715945 0.1155314517208184 -0.08343938179836885 0.1155314517208184
-0.073098603712246205 0.1155314517208184 -0.061331511407348042 0.1155314517208184 -0.048138104883674336 0.1155314517208184 -0.033518384141225092 0.1155314517208184
-0.017472349180000315 0.1155314517208184 0.018898663398775849 0.1155314517208184 0.039223641016327235 0.1155314517208184 0.060974932852654158 0.1155314517208184
0.084152538907756619 0.1155314517208184 0.10875645918163461 0.1155314517208184 0.13478669367428814 0.1155314517208184 0.16224324238571719 0.1155314517208184
0.19112610531592181 0.1155314517208184 0.22143528246490193 0.1155314517208184 0.25317077383265763 0.1155314517208184 0.28633257941918883 0.1155314517208184
0.32092069922449556 0.1155314517208184 0.35693513324857784 0.1155314517208184 0.39437588149143565 0.1155314517208184 0.433242943953069 0.1155314517208184
0.47353632063347789 0.1155314517208184 0.51525601153266232 0.1155314517208184 0.55840201665062228 0.1155314517208184 0.60297433598735772 0.1155314517208184
0.64897296954286876 0.1155314517208184 0.69639791731715539 0.1155314517208184 0.7452491793102175 0.1155314517208184 0.7955267555220551 0.1155314517208184
0.84723064595266828 0.1155314517208184 0.90036085060205695 0.1155314517208184 0.95491736947022121 0.1155314517208184 1.010900202557161 0.1155314517208184
1.0683093498628764 0.1155314517208184 1.1271448113873672 0.1155314517208184 1.1874065871306336 0.1155314517208184 1.2490946770926754 0.1155314517208184
1.312209081273493 0.1155314517208184 1.376749799673086 0.1155314517208184 1.4427168322914545 0.1155314517208184 1.5101101791285985 0.1155314517208184
1.5789298401845182 0.1155314517208184 1.6491758154592133 0.1155314517208184 1.720848104952684 0.1155314517208184 1.7939467086649301 0.1155314517208184
1.868471626595952 0.1155314517208184 1.9444228587457493 0.1155314517208184 2.0218004051143219 0.1155314517208184 2.1006042657016701 0.1155314517208184
2.1808344405077942 0.1155314517208184 2.2624909295326936 0.1155314517208184 2.3455737327763688 0.1155314517208184 2.430082850238819 0.1155314517208184
2.516018281920045 0.1155314517208184 2.6033800278200467 0.1155314517208184 2.6921680879388239 0.1155314517208184 2.7823824622763764 0.1155314517208184
2.8740231508327048 0.1155314517208184 2.9670901536078085 0.1155314517208184 3.0615834706016876 0.1155314517208184 3.1575031018143425 0.1155314517208184
3.2548490472457727 0.1155314517208184 3.3536213068959784 0.1155314517208184 3.4538198807649598 0.1155314517208184 3.5554447688527171 0.1155314517208184
3.6584959711592493 0.1155314517208184 3.7629734876845573 0.1155314517208184 3.8688773184286407 0.1155314517208184 3.9762074633914999 0.1155314517208184
4.0849639225731345 0.1155314517208184 4.1951466959735448 0.1155314517208184 4.3067557835927301 0.1155314517208184 4.4197911854306913 0.1155314517208184
4.5342529014874282 0.1155314517208184 4.650140931762941 0.1155314517208184 4.7674552762572286 0.1155314517208184 4.8861959349702921 0.1155314517208184
-0.13443011511959424 0.13443011511959424 -0.13264722234612483 0.13443011511959424 -0.12943801535387989 0.13443011511959424 -0.12480249414285938 0.13443011511959424
-0.11874065871306336 0.13443011511959424 -0.11125250906449179 0.13443011511959424 -0.10233804519714469 0.13443011511959424 -0.09199726711102206 0.13443011511959424
-0.080230174806123891 0.13443011511959424 -0.067036768282450185 0.13443011511959424 -0.052417047540000941 0.13443011511959424 -0.03637101257877616 0.13443011511959424
-0.018898663398775849 0.13443011511959424 0.020324977617551386 0.13443011511959424 0.042076269453878309 0.13443011511959424 0.065253875508980763 0.13443011511959424
0.089857795782858754 0.13443011511959424 0.11588803027551228 0.13443011511959424 0.14334457898694136 0.13443011511959424 0.17222744191714595 0.13443011511959424
0.20253661906612608 0.13443011511959424 0.23427211043388177 0.13443011511959424 0.26743391602041294 0.13443011511959424 0.30202203582571968 0.13443011511959424
0.33803646984980201 0.13443011511959424 0.37547721809265983 0.13443011511959424 0.41434428055429318 0.13443011511959424 0.45463765723470206 0.13443011511959424
0.49635734813388643 0.13443011511959424 0.5395033532518464 0.13443011511959424 0.58407567258858195 0.13443011511959424 0.63007430614409299 0.13443011511959424
0.67749925391837951 0.13443011511959424 0.72635051591144162 0.13443011511959424 0.77662809212327921 0.13443011511959424 0.8283319825538924 0.13443011511959424
0.88146218720328118 0.13443011511959424 0.93601870607144533 0.13443011511959424 0.99200153915838518 0.13443011511959424 1.0494106864641004 0.13443011511959424
1.1082461479885912 0.13443011511959424 1.1685079237318576 0.13443011511959424 1.2301960136938996 0.13443011511959424 1.293310417874717 0.13443011511959424
1.35785113627431 0.13443011511959424 1.4238181688926785 0.13443011511959424 1.4912115157298227 0.13443011511959424 1.5600311767857422 0.13443011511959424
1.6302771520604373 0.13443011511959424 1.701949441553908 0.13443011511959424 1.7750480452661543 0.13443011511959424 1.849572963197176 0.13443011511959424
1.9255241953469733 0.13443011511959424 2.0029017417155464 0.13443011511959424 2.0817056023028946 0.13443011511959424 2.1619357771090182 0.13443011511959424
2.2435922661339176 0.13443011511959424 2.3266750693775928 0.13443011511959424 2.4111841868400434 0.13443011511959424 2.4971196185212694 0.13443011511959424
2.5844813644212707 0.13443011511959424 2.6732694245400479 0.13443011511959424 2.7634837988776004 0.13443011511959424 2.8551244874339288 0.13443011511959424
2.9481914902090325 0.13443011511959424 3.0426848072029116 0.13443011511959424 3.1386044384155665 0.13443011511959424 3.2359503838469967 0.13443011511959424
3.3347226434972028 0.13443011511959424 3.4349212173661843 0.13443011511959424 3.5365461054539411 0.13443011511959424 3.6395973077604733 0.13443011511959424
3.7440748242857813 0.13443011511959424 3.8499786550298651 0.13443011511959424 3.9573087999927239 0.13443011511959424 4.0660652591743585 0.13443011511959424
4.1762480325747688 0.13443011511959424 4.2878571201939542 0.13443011511959424 4.4008925220319162 0.13443011511959424 4.5153542380886522 0.13443011511959424
4.631242268364165 0.13443011511959424 4.7485566128584527 0.13443011511959424 4.8672972715715161 0.13443011511959424 -0.15475509273714563 0.15475509273714563
-0.15297219996367623 0.15475509273714563 -0.14976299297143125 0.15475509273714563 -0.14512747176041077 0.15475509273714563 -0.13906563633061475 0.15475509273714563
-0.13157748668204317 0.15475509273714563 -0.12266302281469608 0.15475509273714563 -0.11232224472857344 0.15475509273714563 -0.10055515242367527 0.15475509273714563
-0.087361745900001564 0.15475509273714563 -0.07274202515755232 0.15475509273714563 -0.056695990196327546 0.15475509273714563 -0.039223641016327235 0.15475509273714563
-0.020324977617551386 0.15475509273714563 0.02175129183632692 0.15475509273714563 0.044928897891429377 0.15475509273714563 0.069532818165307375 0.15475509273714563
0.095563052657960904 0.15475509273714563 0.12301960136938997 0.15475509273714563 0.15190246429959456 0.15475509273714563 0.18221164144857471 0.15475509273714563
0.21394713281633038 0.15475509273714563 0.24710893840286158 0.15475509273714563 0.28169705820816832 0.15475509273714563 0.31771149223225059 0.15475509273714563
0.3551522404751084 0.15475509273714563 0.39401930293674176 0.15475509273714563 0.43431267961715064 0.15475509273714563 0.47603237051633507 0.15475509273714563
0.51917837563429503 0.15475509273714563 0.56375069497103047 0.15475509273714563 0.60974932852654151 0.15475509273714563 0.65717427630082814 0.15475509273714563
0.70602553829389025 0.15475509273714563 0.75630311450572785 0.15475509273714563 0.80800700493634103 0.15475509273714563 0.8611372095857297 0.15475509273714563
0.91569372845389396 0.15475509273714563 0.97167656154083382 0.15475509273714563 1.029085708846549 0.15475509273714563 1.0879211703710399 0.15475509273714563
1.1481829461143063 0.15475509273714563 1.2098710360763483 0.15475509273714563 1.2729854402571656 0.15475509273714563 1.3375261586567586 0.15475509273714563
1.4034931912751272 0.15475509273714563 1.4708865381122713 0.15475509273714563 1.5397061991681908 0.15475509273714563 1.609952174442886 0.15475509273714563
1.6816244639363567 0.15475509273714563 1.754723067648603 0.15475509273714563 1.8292479855796246 0.15475509273714563 1.9051992177294219 0.15475509273714563
1.9825767640979948 0.15475509273714563 2.0613806246853432 0.15475509273714563 2.1416107994914668 0.15475509273714563 2.2232672885163662 0.15475509273714563
2.3063500917600415 0.15475509273714563 2.3908592092224921 0.15475509273714563 2.476794640903718 0.15475509273714563 2.5641563868037194 0.15475509273714563
2.6529444469224965 0.15475509273714563 2.7431588212600491 0.15475509273714563 2.8347995098163774 0.15475509273714563 2.9278665125914811 0.15475509273714563
3.0223598295853602 0.15475509273714563 3.1182794607980151 0.15475509273714563 3.2156254062294454 0.15475509273714563 3.3143976658796515 0.15475509273714563
3.4145962397486329 0.15475509273714563 3.5162211278363897 0.15475509273714563 3.6192723301429219 0.15475509273714563 3.7237498466682299 0.15475509273714563
3.8296536774123138 0.15475509273714563 3.9369838223751725 0.15475509273714563 4.0457402815568075 0.15475509273714563 4.155923054957217 0.15475509273714563
4.2675321425764032 0.15475509273714563 4.3805675444143644 0.15475509273714563 4.4950292604711013 0.15475509273714563 4.6109172907466132 0.15475509273714563
4.7282316352409008 0.15475509273714563 4.8469722939539643 0.15475509273714563 -0.17650638457347256 0.17650638457347256 -0.17472349180000313 0.17650638457347256
-0.17151428480775818 0.17650638457347256 -0.1668787635967377 0.17650638457347256 -0.16081692816694165 0.17650638457347256 -0.1533287785183701 0.17650638457347256
-0.144414314651023 0.17650638457347256 -0.13407353656490037 0.17650638457347256 -0.1223064442600022 0.17650638457347256 -0.10911303773632849 0.17650638457347256
-0.094493316993879251 0.17650638457347256 -0.07844728203265447 0.17650638457347256 -0.060974932852654158 0.17650638457347256 -0.042076269453878309 0.17650638457347256
-0.02175129183632692 0.17650638457347256 0.023177606055102457 0.17650638457347256 0.047781526328980452 0.17650638457347256 0.073811760821633973 0.17650638457347256
0.10126830953306304 0.17650638457347256 0.13015117246326766 0.17650638457347256 0.16046034961224778 0.17650638457347256 0.19219584098000345 0.17650638457347256
0.22535764656653465 0.17650638457347256 0.25994576637184141 0.17650638457347256 0.29596020039592369 0.17650638457347256 0.3334009486387815 0.17650638457347256
0.37226801110041485 0.17650638457347256 0.41256138778082374 0.17650638457347256 0.45428107868000817 0.17650638457347256 0.49742708379796813 0.17650638457347256
0.54199940313470363 0.17650638457347256 0.58799803669021466 0.17650638457347256 0.63542298446450118 0.17650638457347256 0.6842742464575633 0.17650638457347256
0.73455182266940089 0.17650638457347256 0.78625571310001408 0.17650638457347256 0.83938591774940285 0.17650638457347256 0.89394243661756712 0.17650638457347256
0.94992526970450686 0.17650638457347256 1.0073344170102221 0.17650638457347256 1.0661698785347131 0.17650638457347256 1.1264316542779793 0.17650638457347256
1.1881197442400213 0.17650638457347256 1.2512341484208387 0.17650638457347256 1.3157748668204319 0.17650638457347256 1.3817418994388002 0.17650638457347256
1.4491352462759444 0.17650638457347256 1.5179549073318639 0.17650638457347256 1.5882008826065592 0.17650638457347256 1.6598731721000297 0.17650638457347256
1.732971775812276 0.17650638457347256 1.8074966937432977 0.17650638457347256 1.883447925893095 0.17650638457347256 1.9608254722616678 0.17650638457347256
2.039629332849016 0.17650638457347256 2.1198595076551401 0.17650638457347256 2.2015159966800395 0.17650638457347256 2.2845987999237143 0.17650638457347256
2.3691079173861649 0.17650638457347256 2.4550433490673909 0.17650638457347256 2.5424050949673926 0.17650638457347256 2.6311931550861698 0.17650638457347256
2.7214075294237223 0.17650638457347256 2.8130482179800507 0.17650638457347256 2.9061152207551544 0.17650638457347256 3.0006085377490335 0.17650638457347256
3.0965281689616884 0.17650638457347256 3.1938741143931186 0.17650638457347256 3.2926463740433243 0.17650638457347256 3.3928449479123057 0.17650638457347256
3.4944698360000626 0.17650638457347256 3.5975210383065952 0.17650638457347256 3.7019985548319032 0.17650638457347256 3.8079023855759866 0.17650638457347256
3.9152325305388458 0.17650638457347256 4.0239889897204808 0.17650638457347256 4.1341717631208903 0.17650638457347256 4.2457808507400765 0.17650638457347256
4.3588162525780376 0.17650638457347256 4.4732779686347746 0.17650638457347256 4.5891659989102864 0.17650638457347256 4.7064803434045741 0.17650638457347256
4.8252210021176376 0.17650638457347256 -0.199683990628575 0.199683990628575 -0.1979010978551056 0.199683990628575 -0.19469189086286065 0.199683990628575
-0.19005636965184014 0.199683990628575 -0.18399453422204412 0.199683990628575 -0.17650638457347256 0.199683990628575 -0.16759192070612547 0.199683990628575
-0.15725114262000281 0.199683990628575 -0.14548405031510464 0.199683990628575 -0.13229064379143093 0.199683990628575 -0.1176709230489817 0.199683990628575
-0.10162488808775692 0.199683990628575 -0.084152538907756619 0.199683990628575 -0.065253875508980763 0.199683990628575 -0.044928897891429377 0.199683990628575
-0.023177606055102457 0.199683990628575 0.024603920273877991 0.199683990628575 0.050634154766531519 0.199683990628575 0.078090703477960585 0.199683990628575
0.10697356640816519 0.199683990628575 0.13728274355714531 0.199683990628575 0.16901823492490101 0.199683990628575 0.20218004051143221 0.199683990628575
0.23676816031673895 0.199683990628575 0.27278259434082125 0.199683990628575 0.31022334258367906 0.199683990628575 0.34909040504531241 0.199683990628575
0.3893837817257213 0.199683990628575 0.43110347262490567 0.199683990628575 0.47424947774286563 0.199683990628575 0.51882179707960119 0.199683990628575
0.56482043063511223 0.199683990628575 0.61224537840939874 0.199683990628575 0.66109664040246086 0.199683990628575 0.71137421661429845 0.199683990628575
0.76307810704491164 0.199683990628575 0.81620831169430041 0.199683990628575 0.87076483056246456 0.199683990628575 0.92674766364940442 0.199683990628575
0.98415681095511975 0.199683990628575 1.0429922724796106 0.199683990628575 1.103254048222877 0.199683990628575 1.1649421381849188 0.199683990628575
1.2280565423657364 0.199683990628575 1.2925972607653293 0.199683990628575 1.3585642933836979 0.199683990628575 1.4259576402208418 0.199683990628575
1.4947773012767616 0.199683990628575 1.5650232765514567 0.199683990628575 1.6366955660449274 0.199683990628575 1.7097941697571735 0.199683990628575
1.7843190876881954 0.199683990628575 1.8602703198379926 0.199683990628575 1.9376478662065655 0.199683990628575 2.0164517267939139 0.199683990628575
2.0966819016000375 0.199683990628575 2.1783383906249369 0.199683990628575 2.2614211938686122 0.199683990628575 2.3459303113310623 0.199683990628575
2.4318657430122887 0.199683990628575 2.5192274889122901 0.199683990628575 2.6080155490310672 0.199683990628575 2.6982299233686198 0.199683990628575
2.7898706119249481 0.199683990628575 2.8829376147000518 0.199683990628575 2.9774309316939309 0.199683990628575 3.0733505629065858 0.199683990628575
3.1706965083380161 0.199683990628575 3.2694687679882222 0.199683990628575 3.3696673418572032 0.199683990628575 3.4712922299449605 0.199683990628575
3.5743434322514926 0.199683990628575 3.6788209487768007 0.199683990628575 3.784724779520884 0.199683990628575 3.8920549244837432 0.199683990628575
4.0008113836653783 0.199683990628575 4.1109941570657877 0.199683990628575 4.2226032446849739 0.199683990628575 4.3356386465229351 0.199683990628575
4.450100362579672 0.199683990628575 4.5659883928551839 0.199683990628575 4.6833027373494716 0.199683990628575 4.8020433960625351 0.199683990628575
-0.22428791090245301 0.22428791090245301 -0.22250501812898357 0.22428791090245301 -0.21929581113673863 0.22428791090245301 -0.21466028992571815 0.22428791090245301
-0.20859845449592213 0.22428791090245301 -0.20111030484735054 0.22428791090245301 -0.19219584098000345 0.22428791090245301 -0.18185506289388081 0.22428791090245301
-0.17008797058898265 0.22428791090245301 -0.15689456406530894 0.22428791090245301 -0.1422748433228597 0.22428791090245301 -0.12622880836163491 0.22428791090245301
-0.10875645918163461 0.22428791090245301 -0.089857795782858754 0.22428791090245301 -0.069532818165307375 0.22428791090245301 -0.047781526328980452 0.22428791090245301
-0.024603920273877991 0.22428791090245301 0.026030234492653528 0.22428791090245301 0.053486783204082594 0.22428791090245301 0.082369646134287197 0.22428791090245301
0.11267882328326732 0.22428791090245301 0.144414314651023 0.22428791090245301 0.1775761202375542 0.22428791090245301 0.21216424004286094 0.22428791090245301
0.24817867406694322 0.22428791090245301 0.28561942230980103 0.22428791090245301 0.32448648477143438 0.22428791090245301 0.36477986145184327 0.22428791090245301
0.40649955235102769 0.22428791090245301 0.44964555746898766 0.22428791090245301 0.49421787680572316 0.22428791090245301 0.54021651036123419 0.22428791090245301
0.58764145813552071 0.22428791090245301 0.63649272012858282 0.22428791090245301 0.68677029634042053 0.22428791090245301 0.73847418677103371 0.22428791090245301
0.79160439142042238 0.22428791090245301 0.84616091028858664 0.22428791090245301 0.90214374337552639 0.22428791090245301 0.95955289068124172 0.22428791090245301
1.0183883522057326 0.22428791090245301 1.0786501279489991 0.22428791090245301 1.1403382179110408 0.22428791090245301 1.2034526220918584 0.22428791090245301
1.2679933404914514 0.22428791090245301 1.33396037310982 0.22428791090245301 1.4013537199469639 0.22428791090245301 1.4701733810028836 0.22428791090245301
1.5404193562775788 0.22428791090245301 1.6120916457710492 0.22428791090245301 1.6851902494832955 0.22428791090245301 1.7597151674143172 0.22428791090245301
1.8356663995641145 0.22428791090245301 1.9130439459326873 0.22428791090245301 1.9918478065200358 0.22428791090245301 2.0720779813261596 0.22428791090245301
2.153734470351059 0.22428791090245301 2.2368172735947338 0.22428791090245301 2.3213263910571844 0.22428791090245301 2.4072618227384104 0.22428791090245301
2.4946235686384122 0.22428791090245301 2.5834116287571893 0.22428791090245301 2.6736260030947419 0.22428791090245301 2.7652666916510702 0.22428791090245301
2.8583336944261739 0.22428791090245301 2.952827011420053 0.22428791090245301 3.0487466426327079 0.22428791090245301 3.1460925880641382 0.22428791090245301
3.2448648477143438 0.22428791090245301 3.3450634215833253 0.22428791090245301 3.4466883096710821 0.22428791090245301 3.5497395119776147 0.22428791090245301
3.6542170285029227 0.22428791090245301 3.7601208592470061 0.22428791090245301 3.8674510042098653 0.22428791090245301 3.9762074633914999 0.22428791090245301
4.0863902367919103 0.22428791090245301 4.1979993244110956 0.22428791090245301 4.3110347262490567 0.22428791090245301 4.4254964423057936 0.22428791090245301
4.5413844725813064 0.22428791090245301 4.6586988170755941 0.22428791090245301 4.7774394757886576 0.22428791090245301 -0.25031814539510655 0.25031814539510655
-0.24853525262163711 0.25031814539510655 -0.24532604562939217 0.25031814539510655 -0.24069052441837166 0.25031814539510655 -0.23462868898857564 0.25031814539510655
-0.22714053934000408 0.25031814539510655 -0.21822607547265699 0.25031814539510655 -0.20788529738653436 0.25031814539510655 -0.19611820508163616 0.25031814539510655
-0.18292479855796245 0.25031814539510655 -0.16830507781551324 0.25031814539510655 -0.15225904285428846 0.25031814539510655 -0.13478669367428814 0.25031814539510655
-0.11588803027551228 0.25031814539510655 -0.095563052657960904 0.25031814539510655 -0.073811760821633973 0.25031814539510655 -0.050634154766531519 0.25031814539510655
-0.026030234492653528 0.25031814539510655 0.027456548711429066 0.25031814539510655 0.056339411641633662 0.25031814539510655 0.086648588790613795 0.25031814539510655
0.11838408015836947 0.25031814539510655 0.15154588574490069 0.25031814539510655 0.18613400555020743 0.25031814539510655 0.2221484395742897 0.25031814539510655
0.25958918781714752 0.25031814539510655 0.29845625027878087 0.25031814539510655 0.33874962695918975 0.25031814539510655 0.38046931785837418 0.25031814539510655
0.42361532297633414 0.25031814539510655 0.46818764231306964 0.25031814539510655 0.51418627586858068 0.25031814539510655 0.5616112236428672 0.25031814539510655
0.61046248563592931 0.25031814539510655 0.66074006184776701 0.25031814539510655 0.71244395227838009 0.25031814539510655 0.76557415692776887 0.25031814539510655
0.82013067579593313 0.25031814539510655 0.87611350888287287 0.25031814539510655 0.93352265618858821 0.25031814539510655 0.99235811771307902 0.25031814539510655
1.0526198934563453 0.25031814539510655 1.1143079834183873 0.25031814539510655 1.1774223875992047 0.25031814539510655 1.2419631059987979 0.25031814539510655
1.3079301386171662 0.25031814539510655 1.3753234854543104 0.25031814539510655 1.4441431465102299 0.25031814539510655 1.5143891217849252 0.25031814539510655
1.5860614112783957 0.25031814539510655 1.659160014990642 0.25031814539510655 1.7336849329216637 0.25031814539510655 1.809636165071461 0.25031814539510655
1.8870137114400338 0.25031814539510655 1.9658175720273823 0.25031814539510655 2.0460477468335063 0.25031814539510655 2.1277042358584057 0.25031814539510655
2.2107870391020805 0.25031814539510655 2.2952961565645311 0.25031814539510655 2.3812315882457571 0.25031814539510655 2.4685933341457584 0.25031814539510655
2.5573813942645356 0.25031814539510655 2.6475957686020881 0.25031814539510655 2.7392364571584165 0.25031814539510655 2.8323034599335202 0.25031814539510655
2.9267967769273993 0.25031814539510655 3.0227164081400542 0.25031814539510655 3.1200623535714844 0.25031814539510655 3.2188346132216905 0.25031814539510655
3.319033187090672 0.25031814539510655 3.4206580751784288 0.25031814539510655 3.523709277484961 0.25031814539510655 3.628186794010269 0.25031814539510655
3.7340906247543528 0.25031814539510655 3.841420769717212 0.25031814539510655 3.9501772288988466 0.25031814539510655 4.060360002299257 0.25031814539510655
4.1719690899184423 0.25031814539510655 4.2850044917564034 0.25031814539510655 4.3994662078131404 0.25031814539510655 4.5153542380886522 0.25031814539510655
4.6326685825829399 0.25031814539510655 4.7514092412960034 0.25031814539510655 -0.2777746941065356 0.2777746941065356 -0.27599180133306617 0.2777746941065356
-0.27278259434082125 0.2777746941065356 -0.26814707312980074 0.2777746941065356 -0.26208523770000469 0.2777746941065356 -0.25459708805143316 0.2777746941065356
-0.24568262418408604 0.2777746941065356 -0.23534184609796341 0.2777746941065356 -0.22357475379306524 0.2777746941065356 -0.21038134726939153 0.2777746941065356
-0.19576162652694229 0.2777746941065356 -0.17971559156571751 0.2777746941065356 -0.16224324238571719 0.2777746941065356 -0.14334457898694136 0.2777746941065356
-0.12301960136938997 0.2777746941065356 -0.10126830953306304 0.2777746941065356 -0.078090703477960585 0.2777746941065356 -0.053486783204082594 0.2777746941065356
-0.027456548711429066 0.2777746941065356 0.0288828629302046 0.2777746941065356 0.059192040079184736 0.2777746941065356 0.090927531446940407 0.2777746941065356
0.12408933703347161 0.2777746941065356 0.15867745683877835 0.2777746941065356 0.19469189086286065 0.2777746941065356 0.23213263910571846 0.2777746941065356
0.27099970156735181 0.2777746941065356 0.3112930782477607 0.2777746941065356 0.35301276914694513 0.2777746941065356 0.39615877426490509 0.2777746941065356
0.44073109360164059 0.2777746941065356 0.48672972715715157 0.2777746941065356 0.5341546749314382 0.2777746941065356 0.58300593692450031 0.2777746941065356
0.63328351313633791 0.2777746941065356 0.68498740356695109 0.2777746941065356 0.73811760821633976 0.2777746941065356 0.79267412708450402 0.2777746941065356
0.84865696017144376 0.2777746941065356 0.9060661074771591 0.2777746941065356 0.96490156900165003 0.2777746941065356 1.0251633447449164 0.2777746941065356
1.0868514347069582 0.2777746941065356 1.1499658388877758 0.2777746941065356 1.2145065572873688 0.2777746941065356 1.2804735899057373 0.2777746941065356
1.3478669367428813 0.2777746941065356 1.416686597798801 0.2777746941065356 1.4869325730734961 0.2777746941065356 1.5586048625669668 0.2777746941065356
1.6317034662792129 0.2777746941065356 1.7062283842102348 0.2777746941065356 1.7821796163600321 0.2777746941065356 1.8595571627286047 0.2777746941065356
1.9383610233159532 0.2777746941065356 2.0185911981220772 0.2777746941065356 2.1002476871469766 0.2777746941065356 2.1833304903906514 0.2777746941065356
2.267839607853102 0.2777746941065356 2.353775039534328 0.2777746941065356 2.4411367854343293 0.2777746941065356 2.5299248455531065 0.2777746941065356
2.6201392198906595 0.2777746941065356 2.7117799084469874 0.2777746941065356 2.8048469112220911 0.2777746941065356 2.8993402282159706 0.2777746941065356
2.995259859428625 0.2777746941065356 3.0926058048600553 0.2777746941065356 3.1913780645102614 0.2777746941065356 3.2915766383792429 0.2777746941065356
3.3932015264669997 0.2777746941065356 3.4962527287735323 0.2777746941065356 3.6007302452988403 0.2777746941065356 3.7066340760429237 0.2777746941065356
3.8139642210057829 0.2777746941065356 3.9227206801874175 0.2777746941065356 4.0329034535878279 0.2777746941065356 4.1445125412070132 0.2777746941065356
4.2575479430449743 0.2777746941065356 4.3720096591017112 0.2777746941065356 4.4878976893772231 0.2777746941065356 4.6052120338715108 0.2777746941065356
4.7239526925845743 0.2777746941065356 -0.30665755703674019 0.30665755703674019 -0.30487466426327076 0.30665755703674019 -0.30166545727102584 0.30665755703674019
-0.29702993606000533 0.30665755703674019 -0.29096810063020928 0.30665755703674019 -0.28347995098163775 0.30665755703674019 -0.27456548711429063 0.30665755703674019
-0.26422470902816803 0.30665755703674019 -0.25245761672326983 0.30665755703674019 -0.23926421019959612 0.30665755703674019 -0.22464448945714688 0.30665755703674019
-0.20859845449592213 0.30665755703674019 -0.19112610531592181 0.30665755703674019 -0.17222744191714595 0.30665755703674019 -0.15190246429959456 0.30665755703674019
-0.13015117246326766 0.30665755703674019 -0.10697356640816519 0.30665755703674019 -0.082369646134287197 0.30665755703674019 -0.056339411641633662 0.30665755703674019
-0.0288828629302046 0.30665755703674019 0.030309177148980137 0.30665755703674019 0.062044668516735804 0.30665755703674019 0.095206474103267019 0.30665755703674019
0.12979459390857376 0.30665755703674019 0.16580902793265603 0.30665755703674019 0.20324977617551385 0.30665755703674019 0.2421168386371472 0.30665755703674019
0.28241021531755611 0.30665755703674019 0.32412990621674054 0.30665755703674019 0.36727591133470044 0.30665755703674019 0.41184823067143594 0.30665755703674019
0.45784686422694698 0.30665755703674019 0.50527181200123361 0.30665755703674019 0.55412307399429561 0.30665755703674019 0.60440065020613332 0.30665755703674019
0.6561045406367465 0.30665755703674019 0.70923474528613517 0.30665755703674019 0.76379126415429943 0.30665755703674019 0.81977409724123917 0.30665755703674019
0.87718324454695451 0.30665755703674019 0.93601870607144533 0.30665755703674019 0.99628048181471174 0.30665755703674019 1.0579685717767537 0.30665755703674019
1.1210829759575711 0.30665755703674019 1.1856236943571641 0.30665755703674019 1.2515907269755326 0.30665755703674019 1.3189840738126768 0.30665755703674019
1.3878037348685963 0.30665755703674019 1.4580497101432914 0.30665755703674019 1.5297219996367621 0.30665755703674019 1.6028206033490084 0.30665755703674019
1.6773455212800301 0.30665755703674019 1.7532967534298274 0.30665755703674019 1.8306742997984002 0.30665755703674019 1.9094781603857485 0.30665755703674019
1.9897083351918725 0.30665755703674019 2.0713648242167717 0.30665755703674019 2.1544476274604469 0.30665755703674019 2.2389567449228975 0.30665755703674019
2.3248921766041235 0.30665755703674019 2.4122539225041248 0.30665755703674019 2.501041982622902 0.30665755703674019 2.5912563569604545 0.30665755703674019
2.6828970455167829 0.30665755703674019 2.7759640482918866 0.30665755703674019 2.8704573652857657 0.30665755703674019 2.9663769964984206 0.30665755703674019
3.0637229419298508 0.30665755703674019 3.1624952015800569 0.30665755703674019 3.2626937754490379 0.30665755703674019 3.3643186635367952 0.30665755703674019
3.4673698658433274 0.30665755703674019 3.5718473823686354 0.30665755703674019 3.6777512131127192 0.30665755703674019 3.785081358075578 0.30665755703674019
3.8938378172572126 0.30665755703674019 4.0040205906576229 0.30665755703674019 4.1156296782768083 0.30665755703674019 4.2286650801147694 0.30665755703674019
4.3431267961715063 0.30665755703674019 4.4590148264470191 0.30665755703674019 4.5763291709413068 0.30665755703674019 4.6950698296543703 0.30665755703674019
-0.33696673418572032 0.33696673418572032 -0.33518384141225094 0.33696673418572032 -0.33197463442000597 0.33696673418572032 -0.32733911320898545 0.33696673418572032
-0.32127727777918946 0.33696673418572032 -0.31378912813061788 0.33696673418572032 -0.30487466426327076 0.33696673418572032 -0.29453388617714815 0.33696673418572032
-0.28276679387224996 0.33696673418572032 -0.26957338734857628 0.33696673418572032 -0.25495366660612701 0.33696673418572032 -0.23890763164490225 0.33696673418572032
-0.22143528246490193 0.33696673418572032 -0.20253661906612608 0.33696673418572032 -0.18221164144857471 0.33696673418572032 -0.16046034961224778 0.33696673418572032
-0.13728274355714531 0.33696673418572032 -0.11267882328326732 0.33696673418572032 -0.086648588790613795 0.33696673418572032 -0.059192040079184736 0.33696673418572032
-0.030309177148980137 0.33696673418572032 0.031735491367755671 0.33696673418572032 0.064897296954286879 0.33696673418572032 0.099485416759593617 0.33696673418572032
0.13549985078367591 0.33696673418572032 0.17294059902653372 0.33696673418572032 0.21180766148816707 0.33696673418572032 0.25210103816857593 0.33696673418572032
0.29382072906776036 0.33696673418572032 0.33696673418572032 0.33696673418572032 0.38153905352245582 0.33696673418572032 0.42753768707796685 0.33696673418572032
0.47496263485225343 0.33696673418572032 0.52381389684531554 0.33696673418572032 0.57409147305715313 0.33696673418572032 0.62579536348776632 0.33696673418572032
0.67892556813715499 0.33696673418572032 0.73348208700531925 0.33696673418572032 0.7894649200922591 0.33696673418572032 0.84687406739797444 0.33696673418572032
0.90570952892246526 0.33696673418572032 0.96597130466573167 0.33696673418572032 1.0276593946277734 0.33696673418572032 1.090773798808591 0.33696673418572032
1.155314517208184 0.33696673418572032 1.2212815498265526 0.33696673418572032 1.2886748966636965 0.33696673418572032 1.3574945577196162 0.33696673418572032
1.4277405329943114 0.33696673418572032 1.4994128224877821 0.33696673418572032 1.5725114262000282 0.33696673418572032 1.64703634413105 0.33696673418572032
1.7229875762808473 0.33696673418572032 1.8003651226494202 0.33696673418572032 1.8791689832367684 0.33696673418572032 1.9593991580428922 0.33696673418572032
2.0410556470677919 0.33696673418572032 2.1241384503114666 0.33696673418572032 2.2086475677739172 0.33696673418572032 2.2945829994551432 0.33696673418572032
2.381944745355145 0.33696673418572032 2.4707328054739217 0.33696673418572032 2.5609471798114747 0.33696673418572032 2.6525878683678026 0.33696673418572032
2.7456548711429063 0.33696673418572032 2.8401481881367858 0.33696673418572032 2.9360678193494403 0.33696673418572032 3.033413764780871 0.33696673418572032
3.1321860244310766 0.33696673418572032 3.2323845983000581 0.33696673418572032 3.3340094863878149 0.33696673418572032 3.4370606886943476 0.33696673418572032
3.5415382052196556 0.33696673418572032 3.6474420359637389 0.33696673418572032 3.7547721809265981 0.33696673418572032 3.8635286401082327 0.33696673418572032
3.9737114135086427 0.33696673418572032 4.0853205011278284 0.33696673418572032 4.1983559029657895 0.33696673418572032 4.3128176190225265 0.33696673418572032
4.4287056492980383 0.33696673418572032 4.5460199937923269 0.33696673418572032 4.6647606525053895 0.33696673418572032 -0.36870222555347598 0.36870222555347598
-0.3669193327800066 0.36870222555347598 -0.36371012578776163 0.36870222555347598 -0.35907460457674112 0.36870222555347598 -0.35301276914694513 0.36870222555347598
-0.34552461949837354 0.36870222555347598 -0.33661015563102648 0.36870222555347598 -0.32626937754490382 0.36870222555347598 -0.31450228524000562 0.36870222555347598
-0.30130887871633194 0.36870222555347598 -0.28668915797388272 0.36870222555347598 -0.27064312301265792 0.36870222555347598 -0.25317077383265763 0.36870222555347598
-0.23427211043388177 0.36870222555347598 -0.21394713281633038 0.36870222555347598 -0.19219584098000345 0.36870222555347598 -0.16901823492490101 0.36870222555347598
-0.144414314651023 0.36870222555347598 -0.11838408015836947 0.36870222555347598 -0.090927531446940407 0.36870222555347598 -0.062044668516735804 0.36870222555347598
-0.031735491367755671 0.36870222555347598 0.033161805586531208 0.36870222555347598 0.067749925391837953 0.36870222555347598 0.10376435941592023 0.36870222555347598
0.14120510765877806 0.36870222555347598 0.18007217012041141 0.36870222555347598 0.22036554680082029 0.36870222555347598 0.26208523770000469 0.36870222555347598
0.30523124281796465 0.36870222555347598 0.34980356215470015 0.36870222555347598 0.39580219571021119 0.36870222555347598 0.44322714348449777 0.36870222555347598
0.49207840547755988 0.36870222555347598 0.54235598168939747 0.36870222555347598 0.59405987212001066 0.36870222555347598 0.64719007676939933 0.36870222555347598
0.70174659563756359 0.36870222555347598 0.75772942872450344 0.36870222555347598 0.81513857603021866 0.36870222555347598 0.87397403755470959 0.36870222555347598
0.934235813297976 0.36870222555347598 0.9959239032600179 0.36870222555347598 1.0590383074408354 0.36870222555347598 1.1235790258404283 0.36870222555347598
1.1895460584587969 0.36870222555347598 1.2569394052959408 0.36870222555347598 1.3257590663518606 0.36870222555347598 1.3960050416265557 0.36870222555347598
1.4676773311200264 0.36870222555347598 1.5407759348322725 0.36870222555347598 1.6153008527632944 0.36870222555347598 1.6912520849130916 0.36870222555347598
1.7686296312816645 0.36870222555347598 1.8474334918690127 0.36870222555347598 1.9276636666751366 0.36870222555347598 2.0093201557000362 0.36870222555347598
2.092402958943711 0.36870222555347598 2.1769120764061616 0.36870222555347598 2.2628475080873875 0.36870222555347598 2.3502092539873893 0.36870222555347598
2.438997314106166 0.36870222555347598 2.529211688443719 0.36870222555347598 2.6208523770000469 0.36870222555347598 2.7139193797751506 0.36870222555347598
2.8084126967690302 0.36870222555347598 2.9043323279816846 0.36870222555347598 3.0016782734131149 0.36870222555347598 3.100450533063321 0.36870222555347598
3.2006491069323024 0.36870222555347598 3.3022739950200592 0.36870222555347598 3.4053251973265919 0.36870222555347598 3.5098027138518999 0.36870222555347598
3.6157065445959833 0.36870222555347598 3.7230366895588425 0.36870222555347598 3.8317931487404771 0.36870222555347598 3.941975922140887 0.36870222555347598
4.0535850097600727 0.36870222555347598 4.1666204115980339 0.36870222555347598 4.2810821276547708 0.36870222555347598 4.3969701579302827 0.36870222555347598
4.5142845024245712 0.36870222555347598 4.6330251611376339 0.36870222555347598 -0.40186403114000724 0.40186403114000724 -0.4000811383665378 0.40186403114000724
-0.39687193137429283 0.40186403114000724 -0.39223641016327232 0.40186403114000724 -0.38617457473347633 0.40186403114000724 -0.37868642508490474 0.40186403114000724
-0.36977196121755768 0.40186403114000724 -0.35943118313143502 0.40186403114000724 -0.34766409082653688 0.40186403114000724 -0.33447068430286314 0.40186403114000724
-0.31985096356041393 0.40186403114000724 -0.30380492859918912 0.40186403114000724 -0.28633257941918883 0.40186403114000724 -0.26743391602041294 0.40186403114000724
-0.24710893840286158 0.40186403114000724 -0.22535764656653465 0.40186403114000724 -0.20218004051143221 0.40186403114000724 -0.1775761202375542 0.40186403114000724
-0.15154588574490069 0.40186403114000724 -0.12408933703347161 0.40186403114000724 -0.095206474103267019 0.40186403114000724 -0.064897296954286879 0.40186403114000724
-0.033161805586531208 0.40186403114000724 0.034588119805306745 0.40186403114000724 0.070602553829389028 0.40186403114000724 0.10804330207224684 0.40186403114000724
0.14691036453388018 0.40186403114000724 0.18720374121428907 0.40186403114000724 0.22892343211347349 0.40186403114000724 0.27206943723143345 0.40186403114000724
0.31664175656816895 0.40186403114000724 0.36264039012367999 0.40186403114000724 0.41006533789796656 0.40186403114000724 0.45891659989102862 0.40186403114000724
0.50919417610286632 0.40186403114000724 0.5608980665334794 0.40186403114000724 0.61402827118286818 0.40186403114000724 0.66858479005103244 0.40186403114000724
0.72456762313797218 0.40186403114000724 0.78197677044368752 0.40186403114000724 0.84081223196817834 0.40186403114000724 0.90107400771144475 0.40186403114000724
0.96276209767348664 0.40186403114000724 1.0258765018543041 0.40186403114000724 1.0904172202538971 0.40186403114000724 1.1563842528722656 0.40186403114000724
1.2237775997094098 0.40186403114000724 1.2925972607653293 0.40186403114000724 1.3628432360400244 0.40186403114000724 1.4345155255334952 0.40186403114000724
1.5076141292457415 0.40186403114000724 1.5821390471767631 0.40186403114000724 1.6580902793265604 0.40186403114000724 1.7354678256951332 0.40186403114000724
1.8142716862824815 0.40186403114000724 1.8945018610886055 0.40186403114000724 1.9761583501135049 0.40186403114000724 2.0592411533571799 0.40186403114000724
2.1437502708196301 0.40186403114000724 2.2296857025008565 0.40186403114000724 2.3170474484008579 0.40186403114000724 2.405835508519635 0.40186403114000724
2.4960498828571875 0.40186403114000724 2.5876905714135159 0.40186403114000724 2.6807575741886196 0.40186403114000724 2.7752508911824987 0.40186403114000724
2.8711705223951536 0.40186403114000724 2.9685164678265838 0.40186403114000724 3.0672887274767899 0.40186403114000724 3.1674873013457709 0.40186403114000724
3.2691121894335282 0.40186403114000724 3.3721633917400604 0.40186403114000724 3.4766409082653684 0.40186403114000724 3.5825447390094523 0.40186403114000724
3.689874883972311 0.40186403114000724 3.7986313431539456 0.40186403114000724 3.908814116554356 0.40186403114000724 4.0204232041735413 0.40186403114000724
4.1334586060115024 0.40186403114000724 4.2479203220682393 0.40186403114000724 4.3638083523437521 0.40186403114000724 4.4811226968380398 0.40186403114000724
4.5998633555511033 0.40186403114000724 -0.43645215094531398 0.43645215094531398 -0.43466925817184454 0.43645215094531398 -0.43146005117959957 0.43645215094531398
-0.42682452996857911 0.43645215094531398 -0.42076269453878307 0.43645215094531398 -0.41327454489021148 0.43645215094531398 -0.40436008102286441 0.43645215094531398
-0.39401930293674176 0.43645215094531398 -0.38225221063184361 0.43645215094531398 -0.36905880410816988 0.43645215094531398 -0.35443908336572066 0.43645215094531398
-0.33839304840449586 0.43645215094531398 -0.32092069922449556 0.43645215094531398 -0.30202203582571968 0.43645215094531398 -0.28169705820816832 0.43645215094531398
-0.25994576637184141 0.43645215094531398 -0.23676816031673895 0.43645215094531398 -0.21216424004286094 0.43645215094531398 -0.18613400555020743 0.43645215094531398
-0.15867745683877835 0.43645215094531398 -0.12979459390857376 0.43645215094531398 -0.099485416759593617 0.43645215094531398 -0.067749925391837953 0.43645215094531398
-0.034588119805306745 0.43645215094531398 0.036014434024082276 0.43645215094531398 0.073455182266940089 0.43645215094531398 0.11232224472857344 0.43645215094531398
0.15261562140898233 0.43645215094531398 0.19433531230816675 0.43645215094531398 0.23748131742612671 0.43645215094531398 0.28205363676286221 0.43645215094531398
0.32805227031837325 0.43645215094531398 0.37547721809265983 0.43645215094531398 0.42432848008572188 0.43645215094531398 0.47460605629755953 0.43645215094531398
0.52630994672817266 0.43645215094531398 0.57944015137756144 0.43645215094531398 0.6339966702457257 0.43645215094531398 0.68997950333266544 0.43645215094531398
0.74738865063838078 0.43645215094531398 0.8062241121628716 0.43645215094531398 0.86648588790613801 0.43645215094531398 0.9281739778681799 0.43645215094531398
0.99128838204899739 0.43645215094531398 1.0558291004485905 0.43645215094531398 1.1217961330669588 0.43645215094531398 1.189189479904103 0.43645215094531398
1.2580091409600225 0.43645215094531398 1.3282551162347178 0.43645215094531398 1.3999274057281883 0.43645215094531398 1.4730260094404346 0.43645215094531398
1.5475509273714563 0.43645215094531398 1.6235021595212535 0.43645215094531398 1.7008797058898264 0.43645215094531398 1.7796835664771748 0.43645215094531398
1.8599137412832987 0.43645215094531398 1.9415702303081981 0.43645215094531398 2.0246530335518731 0.43645215094531398 2.1091621510143237 0.43645215094531398
2.1950975826955497 0.43645215094531398 2.282459328595551 0.43645215094531398 2.3712473887143282 0.43645215094531398 2.4614617630518811 0.43645215094531398
2.553102451608209 0.43645215094531398 2.6461694543833127 0.43645215094531398 2.7406627713771918 0.43645215094531398 2.8365824025898467 0.43645215094531398
2.933928348021277 0.43645215094531398 3.0327006076714831 0.43645215094531398 3.1328991815404645 0.43645215094531398 3.2345240696282214 0.43645215094531398
3.337575271934754 0.43645215094531398 3.4420527884600616 0.43645215094531398 3.5479566192041454 0.43645215094531398 3.6552867641670046 0.43645215094531398
3.7640432233486392 0.43645215094531398 3.8742259967490491 0.43645215094531398 3.9858350843682349 0.43645215094531398 4.098870486206196 0.43645215094531398
4.2133322022629329 0.43645215094531398 4.3292202325384448 0.43645215094531398 4.4465345770327325 0.43645215094531398 4.565275235745796 0.43645215094531398
-0.47246658496939625 0.47246658496939625 -0.47068369219592682 0.47246658496939625 -0.46747448520368184 0.47246658496939625 -0.46283896399266139 0.47246658496939625
-0.45677712856286534 0.47246658496939625 -0.44928897891429376 0.47246658496939625 -0.44037451504694669 0.47246658496939625 -0.43003373696082403 0.47246658496939625
-0.41826664465592589 0.47246658496939625 -0.40507323813225216 0.47246658496939625 -0.39045351738980294 0.47246658496939625 -0.37440748242857813 0.47246658496939625
-0.35693513324857784 0.47246658496939625 -0.33803646984980201 0.47246658496939625 -0.31771149223225059 0.47246658496939625 -0.29596020039592369 0.47246658496939625
-0.27278259434082125 0.47246658496939625 -0.24817867406694322 0.47246658496939625 -0.2221484395742897 0.47246658496939625 -0.19469189086286065 0.47246658496939625
-0.16580902793265603 0.47246658496939625 -0.13549985078367591 0.47246658496939625 -0.10376435941592023 0.47246658496939625 -0.070602553829389028 0.47246658496939625
-0.036014434024082276 0.47246658496939625 0.037440748242857813 0.47246658496939625 0.076307810704491164 0.47246658496939625 0.11660118738490005 0.47246658496939625
0.15832087828408448 0.47246658496939625 0.20146688340204444 0.47246658496939625 0.24603920273877994 0.47246658496939625 0.29203783629429098 0.47246658496939625
0.33946278406857749 0.47246658496939625 0.38831404606163961 0.47246658496939625 0.43859162227347726 0.47246658496939625 0.49029551270409044 0.47246658496939625
0.54342571735347911 0.47246658496939625 0.59798223622164337 0.47246658496939625 0.65396506930858311 0.47246658496939625 0.71137421661429845 0.47246658496939625
0.77020967813878938 0.47246658496939625 0.83047145388205568 0.47246658496939625 0.89215954384409768 0.47246658496939625 0.95527394802491505 0.47246658496939625
1.019814666424508 0.47246658496939625 1.0857816990428766 0.47246658496939625 1.1531750458800207 0.47246658496939625 1.2219947069359403 0.47246658496939625
1.2922406822106354 0.47246658496939625 1.3639129717041061 0.47246658496939625 1.4370115754163524 0.47246658496939625 1.5115364933473741 0.47246658496939625
1.5874877254971713 0.47246658496939625 1.6648652718657442 0.47246658496939625 1.7436691324530926 0.47246658496939625 1.8238993072592165 0.47246658496939625
1.9055557962841159 0.47246658496939625 1.9886385995277909 0.47246658496939625 2.0731477169902415 0.47246658496939625 2.1590831486714674 0.47246658496939625
2.2464448945714688 0.47246658496939625 2.3352329546902459 0.47246658496939625 2.4254473290277985 0.47246658496939625 2.5170880175841268 0.47246658496939625
2.6101550203592305 0.47246658496939625 2.7046483373531096 0.47246658496939625 2.8005679685657645 0.47246658496939625 2.8979139139971948 0.47246658496939625
2.9966861736474009 0.47246658496939625 3.0968847475163823 0.47246658496939625 3.1985096356041391 0.47246658496939625 3.3015608379106713 0.47246658496939625
3.4060383544359794 0.47246658496939625 3.5119421851800632 0.47246658496939625 3.6192723301429219 0.47246658496939625 3.7280287893245565 0.47246658496939625
3.8382115627249669 0.47246658496939625 3.9498206503441526 0.47246658496939625 4.0628560521821138 0.47246658496939625 4.1773177682388507 0.47246658496939625
4.2932057985143626 0.47246658496939625 4.4105201430086503 0.47246658496939625 4.5292608017217137 0.47246658496939625 -0.50990733321225401 0.50990733321225401
-0.50812444043878469 0.50990733321225401 -0.50491523344653966 0.50990733321225401 -0.50027971223551915 0.50990733321225401 -0.49421787680572316 0.50990733321225401
-0.48672972715715157 0.50990733321225401 -0.4778152632898045 0.50990733321225401 -0.46747448520368184 0.50990733321225401 -0.4557073928987837 0.50990733321225401
-0.44251398637510997 0.50990733321225401 -0.42789426563266075 0.50990733321225401 -0.41184823067143594 0.50990733321225401 -0.39437588149143565 0.50990733321225401
-0.37547721809265983 0.50990733321225401 -0.3551522404751084 0.50990733321225401 -0.3334009486387815 0.50990733321225401 -0.31022334258367906 0.50990733321225401
-0.28561942230980103 0.50990733321225401 -0.25958918781714752 0.50990733321225401 -0.23213263910571846 0.50990733321225401 -0.20324977617551385 0.50990733321225401
-0.17294059902653372 0.50990733321225401 -0.14120510765877806 0.50990733321225401 -0.10804330207224684 0.50990733321225401 -0.073455182266940089 0.50990733321225401
-0.037440748242857813 0.50990733321225401 0.03886706246163335 0.50990733321225401 0.079160439142042238 0.50990733321225401 0.12088013004122666 0.50990733321225401
0.16402613515918663 0.50990733321225401 0.20859845449592213 0.50990733321225401 0.25459708805143316 0.50990733321225401 0.30202203582571968 0.50990733321225401
0.35087329781878179 0.50990733321225401 0.40115087403061944 0.50990733321225401 0.45285476446123263 0.50990733321225401 0.5059849691106213 0.50990733321225401
0.56054148797878556 0.50990733321225401 0.6165243210657253 0.50990733321225401 0.67393346837144064 0.50990733321225401 0.73276892989593156 0.50990733321225401
0.79303070563919786 0.50990733321225401 0.85471879560123987 0.50990733321225401 0.91783319978205724 0.50990733321225401 0.98237391818165032 0.50990733321225401
1.0483409508000188 0.50990733321225401 1.1157342976371629 0.50990733321225401 1.1845539586930824 0.50990733321225401 1.2547999339677776 0.50990733321225401
1.3264722234612483 0.50990733321225401 1.3995708271734946 0.50990733321225401 1.4740957451045162 0.50990733321225401 1.5500469772543135 0.50990733321225401
1.6274245236228864 0.50990733321225401 1.7062283842102348 0.50990733321225401 1.7864585590163586 0.50990733321225401 1.8681150480412581 0.50990733321225401
1.9511978512849331 0.50990733321225401 2.0357069687473834 0.50990733321225401 2.1216424004286094 0.50990733321225401 2.2090041463286112 0.50990733321225401
2.2977922064473884 0.50990733321225401 2.3880065807849409 0.50990733321225401 2.4796472693412688 0.50990733321225401 2.5727142721163725 0.50990733321225401
2.667207589110252 0.50990733321225401 2.7631272203229069 0.50990733321225401 2.8604731657543372 0.50990733321225401 2.9592454254045428 0.50990733321225401
3.0594439992735243 0.50990733321225401 3.1610688873612811 0.50990733321225401 3.2641200896678138 0.50990733321225401 3.3685976061931218 0.50990733321225401
3.4745014369372051 0.50990733321225401 3.5818315819000643 0.50990733321225401 3.6905880410816989 0.50990733321225401 3.8007708144821089 0.50990733321225401
3.9123799021012946 0.50990733321225401 4.0254153039392557 0.50990733321225401 4.1398770199959927 0.50990733321225401 4.2557650502715045 0.50990733321225401
4.3730793947657931 0.50990733321225401 4.4918200534788557 0.50990733321225401 -0.54877439567388742 0.54877439567388742 -0.54699150290041798 0.54877439567388742
-0.54378229590817306 0.54877439567388742 -0.53914677469715255 0.54877439567388742 -0.53308493926735656 0.54877439567388742 -0.52559678961878498 0.54877439567388742
-0.5166823257514378 0.54877439567388742 -0.50634154766531525 0.54877439567388742 -0.49457445536041705 0.54877439567388742 -0.48138104883674332 0.54877439567388742
-0.4667613280942941 0.54877439567388742 -0.45071529313306929 0.54877439567388742 -0.433242943953069 0.54877439567388742 -0.41434428055429318 0.54877439567388742
-0.39401930293674176 0.54877439567388742 -0.37226801110041485 0.54877439567388742 -0.34909040504531241 0.54877439567388742 -0.32448648477143438 0.54877439567388742
-0.29845625027878087 0.54877439567388742 -0.27099970156735181 0.54877439567388742 -0.2421168386371472 0.54877439567388742 -0.21180766148816707 0.54877439567388742
-0.18007217012041141 0.54877439567388742 -0.14691036453388018 0.54877439567388742 -0.11232224472857344 0.54877439567388742 -0.076307810704491164 0.54877439567388742
-0.03886706246163335 0.54877439567388742 0.040293376680408888 0.54877439567388742 0.082013067579593313 0.54877439567388742 0.12515907269755328 0.54877439567388742
0.16973139203428875 0.54877439567388742 0.21573002558979978 0.54877439567388742 0.26315497336408633 0.54877439567388742 0.31200623535714844 0.54877439567388742
0.36228381156898609 0.54877439567388742 0.41398770199959928 0.54877439567388742 0.467117906648988 0.54877439567388742 0.52167442551715226 0.54877439567388742
0.57765725860409201 0.54877439567388742 0.63506640590980734 0.54877439567388742 0.69390186743429816 0.54877439567388742 0.75416364317756457 0.54877439567388742
0.81585173313960646 0.54877439567388742 0.87896613732042395 0.54877439567388742 0.94350685572001691 0.54877439567388742 1.0094738883383854 0.54877439567388742
1.0768672351755295 0.54877439567388742 1.145686896231449 0.54877439567388742 1.2159328715061444 0.54877439567388742 1.2876051609996149 0.54877439567388742
1.3607037647118612 0.54877439567388742 1.4352286826428828 0.54877439567388742 1.5111799147926801 0.54877439567388742 1.588557461161253 0.54877439567388742
1.6673613217486014 0.54877439567388742 1.7475914965547252 0.54877439567388742 1.8292479855796246 0.54877439567388742 1.9123307888232997 0.54877439567388742
1.99683990628575 0.54877439567388742 2.082775337966976 0.54877439567388742 2.1701370838669778 0.54877439567388742 2.2589251439857549 0.54877439567388742
2.3491395183233075 0.54877439567388742 2.4407802068796358 0.54877439567388742 2.5338472096547395 0.54877439567388742 2.6283405266486186 0.54877439567388742
2.7242601578612735 0.54877439567388742 2.8216061032927038 0.54877439567388742 2.9203783629429094 0.54877439567388742 3.0205769368118909 0.54877439567388742
3.1222018248996477 0.54877439567388742 3.2252530272061803 0.54877439567388742 3.3297305437314884 0.54877439567388742 3.4356343744755717 0.54877439567388742
3.5429645194384309 0.54877439567388742 3.6517209786200655 0.54877439567388742 3.7619037520204759 0.54877439567388742 3.8735128396396612 0.54877439567388742
3.9865482414776228 0.54877439567388742 4.1010099575343597 0.54877439567388742 4.2168979878098716 0.54877439567388742 4.3342123323041593 0.54877439567388742
4.4529529910172228 0.54877439567388742 -0.5890677723542963 0.5890677723542963 -0.58728487958082687 0.5890677723542963 -0.58407567258858195 0.5890677723542963
-0.57944015137756144 0.5890677723542963 -0.57337831594776545 0.5890677723542963 -0.56589016629919386 0.5890677723542963 -0.55697570243184669 0.5890677723542963
-0.54663492434572414 0.5890677723542963 -0.53486783204082589 0.5890677723542963 -0.52167442551715226 0.5890677723542963 -0.50705470477470294 0.5890677723542963
-0.49100866981347818 0.5890677723542963 -0.47353632063347789 0.5890677723542963 -0.45463765723470206 0.5890677723542963 -0.43431267961715064 0.5890677723542963
-0.41256138778082374 0.5890677723542963 -0.3893837817257213 0.5890677723542963 -0.36477986145184327 0.5890677723542963 -0.33874962695918975 0.5890677723542963
-0.3112930782477607 0.5890677723542963 -0.28241021531755611 0.5890677723542963 -0.25210103816857593 0.5890677723542963 -0.22036554680082029 0.5890677723542963
-0.18720374121428907 0.5890677723542963 -0.15261562140898233 0.5890677723542963 -0.11660118738490005 0.5890677723542963 -0.079160439142042238 0.5890677723542963
-0.040293376680408888 0.5890677723542963 0.041719690899184425 0.5890677723542963 0.084865696017144374 0.5890677723542963 0.12943801535387989 0.5890677723542963
0.1754366489093909 0.5890677723542963 0.22286159668367747 0.5890677723542963 0.27171285867673955 0.5890677723542963 0.3219904348885772 0.5890677723542963
0.37369432531919039 0.5890677723542963 0.42682452996857911 0.5890677723542963 0.48138104883674332 0.5890677723542963 0.53736388192368312 0.5890677723542963
0.59477302922939845 0.5890677723542963 0.65360849075388927 0.5890677723542963 0.71387026649715568 0.5890677723542963 0.77555835645919757 0.5890677723542963
0.83867276064001506 0.5890677723542963 0.90321347903960802 0.5890677723542963 0.96918051165797658 0.5890677723542963 1.0365738584951207 0.5890677723542963
1.1053935195510403 0.5890677723542963 1.1756394948257354 0.5890677723542963 1.2473117843192061 0.5890677723542963 1.3204103880314522 0.5890677723542963
1.3949353059624741 0.5890677723542963 1.4708865381122713 0.5890677723542963 1.5482640844808442 0.5890677723542963 1.6270679450681924 0.5890677723542963
1.7072981198743165 0.5890677723542963 1.7889546088992159 0.5890677723542963 1.8720374121428907 0.5890677723542963 1.9565465296053413 0.5890677723542963
2.0424819612865672 0.5890677723542963 2.129843707186569 0.5890677723542963 2.2186317673053457 0.5890677723542963 2.3088461416428987 0.5890677723542963
2.4004868301992266 0.5890677723542963 2.4935538329743303 0.5890677723542963 2.5880471499682098 0.5890677723542963 2.6839667811808643 0.5890677723542963
2.781312726612295 0.5890677723542963 2.8800849862625006 0.5890677723542963 2.9802835601314821 0.5890677723542963 3.0819084482192389 0.5890677723542963
3.1849596505257716 0.5890677723542963 3.2894371670510796 0.5890677723542963 3.395340997795163 0.5890677723542963 3.5026711427580222 0.5890677723542963
3.6114276019396567 0.5890677723542963 3.7216103753400667 0.5890677723542963 3.8332194629592524 0.5890677723542963 3.9462548647972135 0.5890677723542963
4.06071658085395 0.5890677723542963 4.1766046111294628 0.5890677723542963 4.2939189556237505 0.5890677723542963 4.412659614336814 0.5890677723542963
-0.63078746325348067 0.63078746325348067 -0.62900457048001124 0.63078746325348067 -0.62579536348776632 0.63078746325348067 -0.62115984227674581 0.63078746325348067
-0.61509800684694982 0.63078746325348067 -0.60760985719837823 0.63078746325348067 -0.59869539333103117 0.63078746325348067 -0.58835461524490851 0.63078746325348067
-0.57658752294001037 0.63078746325348067 -0.56339411641633663 0.63078746325348067 -0.54877439567388742 0.63078746325348067 -0.53272836071266261 0.63078746325348067
-0.51525601153266232 0.63078746325348067 -0.49635734813388643 0.63078746325348067 -0.47603237051633507 0.63078746325348067 -0.45428107868000817 0.63078746325348067
-0.43110347262490567 0.63078746325348067 -0.40649955235102769 0.63078746325348067 -0.38046931785837418 0.63078746325348067 -0.35301276914694513 0.63078746325348067
-0.32412990621674054 0.63078746325348067 -0.29382072906776036 0.63078746325348067 -0.26208523770000469 0.63078746325348067 -0.22892343211347349 0.63078746325348067
-0.19433531230816675 0.63078746325348067 -0.15832087828408448 0.63078746325348067 -0.12088013004122666 0.63078746325348067 -0.082013067579593313 0.63078746325348067
-0.041719690899184425 0.63078746325348067 0.043146005117959955 0.63078746325348067 0.087718324454695448 0.63078746325348067 0.13371695801020647 0.63078746325348067
0.18114190578449305 0.63078746325348067 0.22999316777755516 0.63078746325348067 0.28027074398939278 0.63078746325348067 0.33197463442000597 0.63078746325348067
0.38510483906939469 0.63078746325348067 0.43966135793755889 0.63078746325348067 0.49564419102449869 0.63078746325348067 0.55305333833021397 0.63078746325348067
0.6118887998547049 0.63078746325348067 0.6721505755979712 0.63078746325348067 0.7338386655600132 0.63078746325348067 0.79695306974083058 0.63078746325348067
0.86149378814042366 0.63078746325348067 0.9274608207587921 0.63078746325348067 0.99485416759593626 0.63078746325348067 1.0636738286518559 0.63078746325348067
1.133919803926551 0.63078746325348067 1.2055920934200217 0.63078746325348067 1.2786906971322678 0.63078746325348067 1.3532156150632897 0.63078746325348067
1.429166847213087 0.63078746325348067 1.5065443935816596 0.63078746325348067 1.585348254169008 0.63078746325348067 1.6655784289751319 0.63078746325348067
1.7472349180000313 0.63078746325348067 1.8303177212437063 0.63078746325348067 1.9148268387061569 0.63078746325348067 2.0007622703873826 0.63078746325348067
2.0881240162873844 0.63078746325348067 2.1769120764061616 0.63078746325348067 2.2671264507437141 0.63078746325348067 2.3587671393000424 0.63078746325348067
2.4518341420751462 0.63078746325348067 2.5463274590690252 0.63078746325348067 2.6422470902816801 0.63078746325348067 2.7395930357131104 0.63078746325348067
2.8383652953633161 0.63078746325348067 2.9385638692322975 0.63078746325348067 3.0401887573200548 0.63078746325348067 3.143239959626587 0.63078746325348067
3.247717476151895 0.63078746325348067 3.3536213068959784 0.63078746325348067 3.4609514518588376 0.63078746325348067 3.5697079110404721 0.63078746325348067
3.6798906844408825 0.63078746325348067 3.7914997720600683 0.63078746325348067 3.9045351738980294 0.63078746325348067 4.0189968899547663 0.63078746325348067
4.1348849202302782 0.63078746325348067 4.2521992647245659 0.63078746325348067 4.3709399234376294 0.63078746325348067 -0.67393346837144064 0.67393346837144064
-0.6721505755979712 0.67393346837144064 -0.66894136860572628 0.67393346837144064 -0.66430584739470577 0.67393346837144064 -0.65824401196490978 0.67393346837144064
-0.6507558623163382 0.67393346837144064 -0.64184139844899113 0.67393346837144064 -0.63150062036286847 0.67393346837144064 -0.61973352805797033 0.67393346837144064
-0.60654012153429659 0.67393346837144064 -0.59192040079184738 0.67393346837144064 -0.57587436583062257 0.67393346837144064 -0.55840201665062228 0.67393346837144064
-0.5395033532518464 0.67393346837144064 -0.51917837563429503 0.67393346837144064 -0.49742708379796813 0.67393346837144064 -0.47424947774286563 0.67393346837144064
-0.44964555746898766 0.67393346837144064 -0.42361532297633414 0.67393346837144064 -0.39615877426490509 0.67393346837144064 -0.36727591133470044 0.67393346837144064
-0.33696673418572032 0.67393346837144064 -0.30523124281796465 0.67393346837144064 -0.27206943723143345 0.67393346837144064 -0.23748131742612671 0.67393346837144064
-0.20146688340204444 0.67393346837144064 -0.16402613515918663 0.67393346837144064 -0.12515907269755328 0.67393346837144064 -0.084865696017144374 0.67393346837144064
-0.043146005117959955 0.67393346837144064 0.044572319336735493 0.67393346837144064 0.090570952892246523 0.67393346837144064 0.13799590066653308 0.67393346837144064
0.1868471626595952 0.67393346837144064 0.23712473887143282 0.67393346837144064 0.288828629302046 0.67393346837144064 0.34195883395143473 0.67393346837144064
0.39651535281959893 0.67393346837144064 0.45249818590653873 0.67393346837144064 0.50990733321225401 0.67393346837144064 0.56874279473674494 0.67393346837144064
0.62900457048001124 0.67393346837144064 0.69069266044205324 0.67393346837144064 0.75380706462287073 0.67393346837144064 0.81834778302246369 0.67393346837144064
0.88431481564083225 0.67393346837144064 0.95170816247797629 0.67393346837144064 1.0205278235338959 0.67393346837144064 1.090773798808591 0.67393346837144064
1.1624460883020618 0.67393346837144064 1.2355446920143078 0.67393346837144064 1.3100696099453297 0.67393346837144064 1.386020842095127 0.67393346837144064
1.4633983884636996 0.67393346837144064 1.5422022490510481 0.67393346837144064 1.6224324238571719 0.67393346837144064 1.7040889128820713 0.67393346837144064
1.7871717161257463 0.67393346837144064 1.8716808335881969 0.67393346837144064 1.9576162652694229 0.67393346837144064 2.0449780111694245 0.67393346837144064
2.1337660712882016 0.67393346837144064 2.2239804456257541 0.67393346837144064 2.3156211341820825 0.67393346837144064 2.4086881369571862 0.67393346837144064
2.5031814539510653 0.67393346837144064 2.5991010851637202 0.67393346837144064 2.6964470305951505 0.67393346837144064 2.7952192902453561 0.67393346837144064
2.8954178641143375 0.67393346837144064 2.9970427522020948 0.67393346837144064 3.100093954508627 0.67393346837144064 3.204571471033935 0.67393346837144064
3.3104753017780184 0.67393346837144064 3.4178054467408776 0.67393346837144064 3.5265619059225122 0.67393346837144064 3.6367446793229226 0.67393346837144064
3.7483537669421083 0.67393346837144064 3.8613891687800694 0.67393346837144064 3.9758508848368059 0.67393346837144064 4.0917389151123187 0.67393346837144064
4.2090532596066064 0.67393346837144064 4.3277939183196699 0.67393346837144064 -0.71850578770817619 0.71850578770817619 -0.71672289493470676 0.71850578770817619
-0.71351368794246184 0.71850578770817619 -0.70887816673144133 0.71850578770817619 -0.70281633130164523 0.71850578770817619 -0.69532818165307375 0.71850578770817619
-0.68641371778572657 0.71850578770817619 -0.67607293969960403 0.71850578770817619 -0.66430584739470577 0.71850578770817619 -0.65111244087103215 0.71850578770817619
-0.63649272012858282 0.71850578770817619 -0.62044668516735813 0.71850578770817619 -0.60297433598735772 0.71850578770817619 -0.58407567258858195 0.71850578770817619
-0.56375069497103047 0.71850578770817619 -0.54199940313470363 0.71850578770817619 -0.51882179707960119 0.71850578770817619 -0.49421787680572316 0.71850578770817619
-0.46818764231306964 0.71850578770817619 -0.44073109360164059 0.71850578770817619 -0.41184823067143594 0.71850578770817619 -0.38153905352245582 0.71850578770817619
-0.34980356215470015 0.71850578770817619 -0.31664175656816895 0.71850578770817619 -0.28205363676286221 0.71850578770817619 -0.24603920273877994 0.71850578770817619
-0.20859845449592213 0.71850578770817619 -0.16973139203428875 0.71850578770817619 -0.12943801535387989 0.71850578770817619 -0.087718324454695448 0.71850578770817619
-0.044572319336735493 0.71850578770817619 0.04599863355551103 0.71850578770817619 0.093423581329797598 0.71850578770817619 0.1422748433228597 0.71850578770817619
0.19255241953469734 0.71850578770817619 0.2442563099653105 0.71850578770817619 0.29738651461469923 0.71850578770817619 0.35194303348286349 0.71850578770817619
0.40792586656980323 0.71850578770817619 0.46533501387551857 0.71850578770817619 0.52417047540000938 0.71850578770817619 0.58443225114327579 0.71850578770817619
0.64612034110531769 0.71850578770817619 0.70923474528613517 0.71850578770817619 0.77377546368572814 0.71850578770817619 0.8397424963040967 0.71850578770817619
0.90713584314124074 0.71850578770817619 0.97595550419716037 0.71850578770817619 1.0462014794718555 0.71850578770817619 1.1178737689653262 0.71850578770817619
1.1909723726775725 0.71850578770817619 1.2654972906085942 0.71850578770817619 1.3414485227583914 0.71850578770817619 1.4188260691269643 0.71850578770817619
1.4976299297143125 0.71850578770817619 1.5778601045204366 0.71850578770817619 1.659516593545336 0.71850578770817619 1.7425993967890108 0.71850578770817619
1.8271085142514614 0.71850578770817619 1.9130439459326873 0.71850578770817619 2.0004056918326891 0.71850578770817619 2.0891937519514663 0.71850578770817619
2.1794081262890188 0.71850578770817619 2.2710488148453467 0.71850578770817619 2.3641158176204504 0.71850578770817619 2.4586091346143299 0.71850578770817619
2.5545287658269848 0.71850578770817619 2.6518747112584151 0.71850578770817619 2.7506469709086208 0.71850578770817619 2.8508455447776022 0.71850578770817619
2.952470432865359 0.71850578770817619 3.0555216351718917 0.71850578770817619 3.1599991516971997 0.71850578770817619 3.2659029824412831 0.71850578770817619
3.3732331274041423 0.71850578770817619 3.4819895865857768 0.71850578770817619 3.5921723599861868 0.71850578770817619 3.7037814476053725 0.71850578770817619
3.8168168494433337 0.71850578770817619 3.9312785655000706 0.71850578770817619 4.0471665957755825 0.71850578770817619 4.164480940269871 0.71850578770817619
4.2832215989829336 0.71850578770817619
