# outcomes: f64, 11174 values. See README.md.
values 11174
0 0 0.0014863225708172047 0 0.0049544085693906817 0 0.010404257995720432 0
0.017835870849806455 0 0.027249247131648752 0 0.038644386841247318 0 0.052021289978602163 0
0.067379956543713274 0 0.084720386536580664 0 0.10404257995720433 0 0.12534653680558425 0
0.14863225708172045 0 0.17389974078561293 0 0.20114898791726168 0 0.23037999847666671 0
0.261592772463828 0 0.29478730987874557 0 0.32996361072141944 0 0.36712167499184956 0
0.40626150269003591 0 0.44738309381597857 0 0.49048644836967753 0 0.53557156635113268 0
0.58263844776034424 0 0.63168709259731193 0 0.68271750086203598 0 0.73572967255451627 0
0.7907236076747528 0 0.8476993062227457 0 0.90665676819849483 0 0.96759599360200022 0
1.0305169824332618 0 1.0954197346922798 0 1.1623042503790539 0 1.2311705294935844 0
1.3020185720358712 0 1.3748483780059142 0 1.4496599474037135 0 1.5264532802292692 0
1.605228376482581 0 1.6859852361636491 0 1.7687238592724734 0 1.8534442458090541 0
1.9401463957733911 0 2.0288303091654845 0 2.119495985985334 0 2.2121434262329394 0
2.3067726299083016 0 2.4033835970114197 0 2.5019763275422946 0 2.6025508215009254 0
2.7051070788873122 0 2.8096450997014557 0 2.9161648839433556 0 3.0246664316130114 0
3.1351497427104236 0 3.2476148172355921 0 3.362061655188517 0 3.4784902565691977 0
3.5969006213776349 0 3.7172927496138288 0 3.8396666412777787 0 3.9640222963694844 0
4.0903597148889475 0 4.2186788968361659 0 4.3489798422111408 0 4.4812625510138719 0
4.6155270232443595 0 4.7517732589026034 0 4.8900012579886027 0 5.0302110205023594 0
5.1724025464438723 0 5.3165758358131407 0 5.4627308886101655 0 5.6108677048349476 0
5.7609862844874851 0 5.9130866275677789 0 6.0671687340758291 0 6.2232326040116357 0
6.3812782373751986 0 6.541305634166517 0 6.7033147943855926 0 6.8673057180324246 0
7.0332784051070121 0 7.2012328556093559 0 7.3711690695394569 0 7.5430870468973135 0
7.7169867876829263 0 7.8928682918962956 0 8.0707315595374212 0 8.2505765906063022 0
8.4324033851029405 0 8.6162119430273343 0 8.8020022643794853 0 8.9897743491593918 0
9.1795281973670555 0 9.3712638090024747 0 9.5649811840656511 0 0.0024772042846953409 0.00049544085693906819
0.0069361719971469549 0.00049544085693906819 0.013376903137354842 0.00049544085693906819 0.021799397705318999 0.00049544085693906819 0.032203655701039433 0.00049544085693906819
0.044589677124516135 0.00049544085693906819 0.058957461975749116 0.00049544085693906819 0.075307010254738363 0.00049544085693906819 0.093638321961483889 0.00049544085693906819
0.11395139709598569 0.00049544085693906819 0.13624623565824376 0.00049544085693906819 0.16052283764825809 0.00049544085693906819 0.18678120306602872 0.00049544085693906819
0.21502133191155559 0.00049544085693906819 0.24524322418483877 0.00049544085693906819 0.27744687988587818 0.00049544085693906819 0.31163229901467387 0.00049544085693906819
0.34779948157122587 0.00049544085693906819 0.3859484275555341 0.00049544085693906819 0.42607913696759864 0.00049544085693906819 0.46819160980741942 0.00049544085693906819
0.5122858460749965 0.00049544085693906819 0.55836184577032988 0.00049544085693906819 0.6064196088934195 0.00049544085693906819 0.65645913544426537 0.00049544085693906819
0.70848042542286749 0.00049544085693906819 0.76248347882922596 0.00049544085693906819 0.81846829566334067 0.00049544085693906819 0.87643487592521163 0.00049544085693906819
0.93638321961483884 0.00049544085693906819 0.99831332673222239 0.00049544085693906819 1.0622251972773622 0.00049544085693906819 1.1281188312502584 0.00049544085693906819
1.1959942286509107 0.00049544085693906819 1.2658513894793193 0.00049544085693906819 1.3376903137354841 0.00049544085693906819 1.4115110014194052 0.00049544085693906819
1.4873134525310827 0.00049544085693906819 1.5650976670705163 0.00049544085693906819 1.6448636450377063 0.00049544085693906819 1.7266113864326527 0.00049544085693906819
1.8103408912553551 0.00049544085693906819 1.896052159505814 0.00049544085693906819 1.9837451911840291 0.00049544085693906819 2.0734199862900002 0.00049544085693906819
2.1650765448237279 0.00049544085693906819 2.2587148667852119 0.00049544085693906819 2.3543349521744519 0.00049544085693906819 2.4519368009914486 0.00049544085693906819
2.5515204132362013 0.00049544085693906819 2.6530857889087103 0.00049544085693906819 2.7566329280089756 0.00049544085693906819 2.8621618305369969 0.00049544085693906819
2.9696724964927745 0.00049544085693906819 3.079164925876309 0.00049544085693906819 3.1906391186875993 0.00049544085693906819 3.304095074926646 0.00049544085693906819
3.4195327945934486 0.00049544085693906819 3.536952277688008 0.00049544085693906819 3.6563535242103233 0.00049544085693906819 3.777736534160395 0.00049544085693906819
3.901101307538223 0.00049544085693906819 4.0264478443438074 0.00049544085693906819 4.1537761445771482 0.00049544085693906819 4.2830862082382444 0.00049544085693906819
4.4143780353270978 0.00049544085693906819 4.5476516258437067 0.00049544085693906819 4.6829069797880729 0.00049544085693906819 4.8201440971601945 0.00049544085693906819
4.9593629779600725 0.00049544085693906819 5.1005636221877069 0.00049544085693906819 5.2437460298430976 0.00049544085693906819 5.3889102009262446 0.00049544085693906819
5.536056135437148 0.00049544085693906819 5.6851838333758078 0.00049544085693906819 5.836293294742223 0.00049544085693906819 5.9893845195363955 0.00049544085693906819
6.1444575077583234 0.00049544085693906819 6.3015122594080086 0.00049544085693906819 6.4605487744854493 0.00049544085693906819 6.6215670529906463 0.00049544085693906819
6.7845670949235997 0.00049544085693906819 6.9495489002843094 0.00049544085693906819 7.1165124690727755 0.00049544085693906819 7.2854578012889979 0.00049544085693906819
7.4563848969329767 0.00049544085693906819 7.6292937560047109 0.00049544085693906819 7.8041843785042024 0.00049544085693906819 7.9810567644314494 0.00049544085693906819
8.1599109137864527 0.00049544085693906819 8.3407468265692124 0.00049544085693906819 8.5235645027797293 0.00049544085693906819 8.7083639424180017 0.00049544085693906819
8.8951451454840296 0.00049544085693906819 9.0839081119778147 0.00049544085693906819 9.274652841899357 0.00049544085693906819 9.4673793352486548 0.00049544085693906819
9.6620875920257081 0.00049544085693906819 -0.0014863225708172047 0.0014863225708172047 0.0034680859985734775 0.0014863225708172047 0.0089179354249032273 0.0014863225708172047
0.01634954827898925 0.0014863225708172047 0.025762924560831547 0.0014863225708172047 0.037158064270430113 0.0014863225708172047 0.050534967407784959 0.0014863225708172047
0.065893633972896076 0.0014863225708172047 0.083234063965763452 0.0014863225708172047 0.10255625738638711 0.0014863225708172047 0.12386021423476705 0.0014863225708172047
0.14714593451090324 0.0014863225708172047 0.17241341821479572 0.0014863225708172047 0.19966266534644447 0.0014863225708172047 0.2288936759058495 0.0014863225708172047
0.26010644989301079 0.0014863225708172047 0.29330098730792836 0.0014863225708172047 0.32847728815060223 0.0014863225708172047 0.36563535242103234 0.0014863225708172047
0.4047751801192187 0.0014863225708172047 0.44589677124516136 0.0014863225708172047 0.48900012579886032 0.0014863225708172047 0.53408524378031552 0.0014863225708172047
0.58115212518952697 0.0014863225708172047 0.63020077002649477 0.0014863225708172047 0.68123117829121882 0.0014863225708172047 0.73424334998369911 0.0014863225708172047
0.78923728510393565 0.0014863225708172047 0.84621298365192843 0.0014863225708172047 0.90517044562767757 0.0014863225708172047 0.96610967103118295 0.0014863225708172047
1.0290306598624446 0.0014863225708172047 1.0939334121214626 0.0014863225708172047 1.1608179278082367 0.0014863225708172047 1.2296842069227674 0.0014863225708172047
1.300532249465054 0.0014863225708172047 1.3733620554350969 0.0014863225708172047 1.4481736248328962 0.0014863225708172047 1.5249669576584519 0.0014863225708172047
1.6037420539117637 0.0014863225708172047 1.6844989135928319 0.0014863225708172047 1.7672375367016562 0.0014863225708172047 1.8519579232382368 0.0014863225708172047
1.9386600732025738 0.0014863225708172047 2.027343986594667 0.0014863225708172047 2.1180096634145165 0.0014863225708172047 2.2106571036621223 0.0014863225708172047
2.3052863073374845 0.0014863225708172047 2.4018972744406026 0.0014863225708172047 2.5004900049714771 0.0014863225708172047 2.6010644989301079 0.0014863225708172047
2.7036207563164951 0.0014863225708172047 2.8081587771306387 0.0014863225708172047 2.9146785613725381 0.0014863225708172047 3.0231801090421939 0.0014863225708172047
3.1336634201396065 0.0014863225708172047 3.2461284946647746 0.0014863225708172047 3.3605753326176995 0.0014863225708172047 3.4770039339983807 0.0014863225708172047
3.5954142988068178 0.0014863225708172047 3.7158064270430113 0.0014863225708172047 3.8381803187069612 0.0014863225708172047 3.9625359737986674 0.0014863225708172047
4.0888733923181295 0.0014863225708172047 4.2171925742653489 0.0014863225708172047 4.3474935196403237 0.0014863225708172047 4.4797762284430549 0.0014863225708172047
4.6140407006735424 0.0014863225708172047 4.7502869363317854 0.0014863225708172047 4.8885149354177857 0.0014863225708172047 5.0287246979315423 0.0014863225708172047
5.1709162238730544 0.0014863225708172047 5.3150895132423237 0.0014863225708172047 5.4612445660393485 0.0014863225708172047 5.6093813822641305 0.0014863225708172047
5.759499961916668 0.0014863225708172047 5.9116003049969619 0.0014863225708172047 6.0656824115050121 0.0014863225708172047 6.2217462814408186 0.0014863225708172047
6.3797919148043816 0.0014863225708172047 6.5398193115957 0.0014863225708172047 6.7018284718147756 0.0014863225708172047 6.8658193954616067 0.0014863225708172047
7.031792082536195 0.0014863225708172047 7.1997465330385388 0.0014863225708172047 7.369682746968639 0.0014863225708172047 7.5416007243264964 0.0014863225708172047
7.7155004651121093 0.0014863225708172047 7.8913819693254785 0.0014863225708172047 8.0692452369666032 0.0014863225708172047 8.2490902680354861 0.0014863225708172047
8.4309170625321226 0.0014863225708172047 8.6147256204565181 0.0014863225708172047 8.8005159418086691 0.0014863225708172047 8.9882880265885756 0.0014863225708172047
9.1780418747962376 0.0014863225708172047 9.3697774864316585 0.0014863225708172047 9.5634948614948332 0.0014863225708172047 -0.0024772042846953409 0.0029726451416344094
0.0044589677124516136 0.0029726451416344094 0.0108996988526595 0.0029726451416344094 0.019322193420623659 0.0029726451416344094 0.029726451416344092 0.0029726451416344094
0.042112472839820794 0.0029726451416344094 0.056480257691053776 0.0029726451416344094 0.072829805970043029 0.0029726451416344094 0.091161117676788542 0.0029726451416344094
0.11147419281129034 0.0029726451416344094 0.13376903137354842 0.0029726451416344094 0.15804563336356275 0.0029726451416344094 0.18430399878133336 0.0029726451416344094
0.21254412762686026 0.0029726451416344094 0.2427660199001434 0.0029726451416344094 0.27496967560118285 0.0029726451416344094 0.30915509472997854 0.0029726451416344094
0.34532227728653053 0.0029726451416344094 0.38347122327083877 0.0029726451416344094 0.4236019326829033 0.0029726451416344094 0.46571440552272408 0.0029726451416344094
0.50980864179030116 0.0029726451416344094 0.55588464148563455 0.0029726451416344094 0.60394240460872417 0.0029726451416344094 0.65398193115957004 0.0029726451416344094
0.70600322113817215 0.0029726451416344094 0.76000627454453062 0.0029726451416344094 0.81599109137864534 0.0029726451416344094 0.8739576716405163 0.0029726451416344094
0.9339060153301435 0.0029726451416344094 0.99583612244752706 0.0029726451416344094 1.059747992992667 0.0029726451416344094 1.1256416269655629 0.0029726451416344094
1.1935170243662152 0.0029726451416344094 1.2633741851946239 0.0029726451416344094 1.3352131094507889 0.0029726451416344094 1.40903379713471 0.0029726451416344094
1.4848362482463873 0.0029726451416344094 1.5626204627858211 0.0029726451416344094 1.6423864407530111 0.0029726451416344094 1.7241341821479572 0.0029726451416344094
1.8078636869706599 0.0029726451416344094 1.8935749552211187 0.0029726451416344094 1.9812679868993337 0.0029726451416344094 2.070942782005305 0.0029726451416344094
2.1625993405390327 0.0029726451416344094 2.2562376625005167 0.0029726451416344094 2.3518577478897567 0.0029726451416344094 2.449459596706753 0.0029726451416344094
2.549043208951506 0.0029726451416344094 2.6506085846240151 0.0029726451416344094 2.75415572372428 0.0029726451416344094 2.8596846262523017 0.0029726451416344094
2.9671952922080793 0.0029726451416344094 3.0766877215916133 0.0029726451416344094 3.1881619144029036 0.0029726451416344094 3.3016178706419503 0.0029726451416344094
3.4170555903087534 0.0029726451416344094 3.5344750734033124 0.0029726451416344094 3.6538763199256281 0.0029726451416344094 3.7752593298756998 0.0029726451416344094
3.8986241032535278 0.0029726451416344094 4.0239706400591118 0.0029726451416344094 4.1512989402924525 0.0029726451416344094 4.2806090039535496 0.0029726451416344094
4.4119008310424022 0.0029726451416344094 4.545174421559012 0.0029726451416344094 4.6804297755033772 0.0029726451416344094 4.8176668928754989 0.0029726451416344094
4.9568857736753769 0.0029726451416344094 5.0980864179030121 0.0029726451416344094 5.2412688255584028 0.0029726451416344094 5.3864329966415498 0.0029726451416344094
5.5335789311524524 0.0029726451416344094 5.6827066290911121 0.0029726451416344094 5.8338160904575282 0.0029726451416344094 5.9869073152516998 0.0029726451416344094
6.1419803034736287 0.0029726451416344094 6.299035055123313 0.0029726451416344094 6.4580715702007536 0.0029726451416344094 6.6190898487059515 0.0029726451416344094
6.7820898906389049 0.0029726451416344094 6.9470716959996146 0.0029726451416344094 7.1140352647880798 0.0029726451416344094 7.2829805970043022 0.0029726451416344094
7.453907692648281 0.0029726451416344094 7.6268165517200162 0.0029726451416344094 7.8017071742195068 0.0029726451416344094 7.9785795601467546 0.0029726451416344094
8.1574337095017579 0.0029726451416344094 8.3382696222845176 0.0029726451416344094 8.5210872984950345 0.0029726451416344094 8.7058867381333069 0.0029726451416344094
8.8926679411993348 0.0029726451416344094 9.0814309076931199 0.0029726451416344094 9.2721756376146605 0.0029726451416344094 9.4649021309639583 0.0029726451416344094
9.6596103877410133 0.0029726451416344094 -0.0049544085693906817 0.0049544085693906817 -0.0034680859985734775 0.0049544085693906817 0.0054498494263297498 0.0049544085693906817
0.012881462280415774 0.0049544085693906817 0.022294838562258067 0.0049544085693906817 0.033689978271856637 0.0049544085693906817 0.047066881409211475 0.0049544085693906817
0.062425547974322593 0.0049544085693906817 0.079765977967189983 0.0049544085693906817 0.099088171387813645 0.0049544085693906817 0.12039212823619357 0.0049544085693906817
0.14367784851232979 0.0049544085693906817 0.16894533221622227 0.0049544085693906817 0.19619457934787102 0.0049544085693906817 0.22542558990727604 0.0049544085693906817
0.25663836389443734 0.0049544085693906817 0.28983290130935491 0.0049544085693906817 0.32500920215202872 0.0049544085693906817 0.36216726642245883 0.0049544085693906817
0.40130709412064525 0.0049544085693906817 0.4424286852465879 0.0049544085693906817 0.48553203980028681 0.0049544085693906817 0.53061715778174201 0.0049544085693906817
0.57768403919095357 0.0049544085693906817 0.62673268402792126 0.0049544085693906817 0.67776309229264531 0.0049544085693906817 0.7307752639851256 0.0049544085693906817
0.78576919910536214 0.0049544085693906817 0.84274489765335503 0.0049544085693906817 0.90170235962910417 0.0049544085693906817 0.96264158503260955 0.0049544085693906817
1.0255625738638712 0.0049544085693906817 1.0904653261228892 0.0049544085693906817 1.1573498418096633 0.0049544085693906817 1.2262161209241937 0.0049544085693906817
1.2970641634664806 0.0049544085693906817 1.3698939694365235 0.0049544085693906817 1.4447055388343228 0.0049544085693906817 1.5214988716598785 0.0049544085693906817
1.6002739679131903 0.0049544085693906817 1.6810308275942585 0.0049544085693906817 1.7637694507030828 0.0049544085693906817 1.8484898372396634 0.0049544085693906817
1.9351919872040004 0.0049544085693906817 2.0238759005960936 0.0049544085693906817 2.1145415774159431 0.0049544085693906817 2.2071890176635489 0.0049544085693906817
2.3018182213389107 0.0049544085693906817 2.3984291884420292 0.0049544085693906817 2.4970219189729037 0.0049544085693906817 2.5975964129315345 0.0049544085693906817
2.7001526703179217 0.0049544085693906817 2.8046906911320653 0.0049544085693906817 2.9112104753739647 0.0049544085693906817 3.0197120230436205 0.0049544085693906817
3.1301953341410327 0.0049544085693906817 3.2426604086662012 0.0049544085693906817 3.3571072466191261 0.0049544085693906817 3.4735358479998073 0.0049544085693906817
3.5919462128082444 0.0049544085693906817 3.7123383410444379 0.0049544085693906817 3.8347122327083878 0.0049544085693906817 3.959067887800094 0.0049544085693906817
4.0854053063195561 0.0049544085693906817 4.2137244882667746 0.0049544085693906817 4.3440254336417503 0.0049544085693906817 4.4763081424444815 0.0049544085693906817
4.610572614674969 0.0049544085693906817 4.746818850333212 0.0049544085693906817 4.8850468494192123 0.0049544085693906817 5.0252566119329689 0.0049544085693906817
5.167448137874481 0.0049544085693906817 5.3116214272437503 0.0049544085693906817 5.4577764800407751 0.0049544085693906817 5.6059132962655562 0.0049544085693906817
5.7560318759180946 0.0049544085693906817 5.9081322189983885 0.0049544085693906817 6.0622143255064387 0.0049544085693906817 6.2182781954422452 0.0049544085693906817
6.3763238288058073 0.0049544085693906817 6.5363512255971266 0.0049544085693906817 6.6983603858162022 0.0049544085693906817 6.8623513094630333 0.0049544085693906817
7.0283239965376216 0.0049544085693906817 7.1962784470399654 0.0049544085693906817 7.3662146609700656 0.0049544085693906817 7.538132638327923 0.0049544085693906817
7.7120323791135359 0.0049544085693906817 7.8879138833269051 0.0049544085693906817 8.0657771509680298 0.0049544085693906817 8.2456221820369127 0.0049544085693906817
8.4274489765335492 0.0049544085693906817 8.6112575344579447 0.0049544085693906817 8.7970478558100957 0.0049544085693906817 8.9848199405900022 0.0049544085693906817
9.1745737887976642 0.0049544085693906817 9.3663094004330834 0.0049544085693906817 9.5600267754962598 0.0049544085693906817 -0.0069361719971469549 0.007431612854086023
-0.0044589677124516136 0.007431612854086023 0.0064407311402078869 0.007431612854086023 0.014863225708172046 0.007431612854086023 0.025267483703892479 0.007431612854086023
0.037653505127369181 0.007431612854086023 0.052021289978602163 0.007431612854086023 0.06837083825759141 0.007431612854086023 0.086702149964336936 0.007431612854086023
0.10701522509883873 0.007431612854086023 0.12931006366109679 0.007431612854086023 0.15358666565111115 0.007431612854086023 0.17984503106888175 0.007431612854086023
0.20808515991440865 0.007431612854086023 0.2383070521876918 0.007431612854086023 0.27051070788873122 0.007431612854086023 0.30469612701752696 0.007431612854086023
0.3408633095740789 0.007431612854086023 0.37901225555838719 0.007431612854086023 0.41914296497045167 0.007431612854086023 0.46125543781027251 0.007431612854086023
0.50534967407784959 0.007431612854086023 0.55142567377318286 0.007431612854086023 0.59948343689627248 0.007431612854086023 0.64952296344711835 0.007431612854086023
0.70154425342572058 0.007431612854086023 0.75554730683207905 0.007431612854086023 0.81153212366619365 0.007431612854086023 0.86949870392806472 0.007431612854086023
0.92944704761769192 0.007431612854086023 0.99137715473507548 0.007431612854086023 1.0552890252802152 0.007431612854086023 1.1211826592531113 0.007431612854086023
1.1890580566537636 0.007431612854086023 1.2589152174821723 0.007431612854086023 1.3307541417383371 0.007431612854086023 1.4045748294222584 0.007431612854086023
1.4803772805339357 0.007431612854086023 1.5581614950733695 0.007431612854086023 1.6379274730405595 0.007431612854086023 1.7196752144355056 0.007431612854086023
1.8034047192582083 0.007431612854086023 1.8891159875086669 0.007431612854086023 1.9768090191868821 0.007431612854086023 2.0664838142928534 0.007431612854086023
2.1581403728265811 0.007431612854086023 2.2517786947880651 0.007431612854086023 2.3473987801773051 0.007431612854086023 2.4450006289943014 0.007431612854086023
2.5445842412390545 0.007431612854086023 2.646149616911563 0.007431612854086023 2.7496967560118284 0.007431612854086023 2.8552256585398501 0.007431612854086023
2.9627363244956277 0.007431612854086023 3.0722287538791617 0.007431612854086023 3.1837029466904521 0.007431612854086023 3.2971589029294988 0.007431612854086023
3.4125966225963018 0.007431612854086023 3.5300161056908608 0.007431612854086023 3.6494173522131765 0.007431612854086023 3.7708003621632482 0.007431612854086023
3.8941651355410758 0.007431612854086023 4.0195116723466606 0.007431612854086023 4.1468399725800005 0.007431612854086023 4.2761500362410976 0.007431612854086023
4.407441863329951 0.007431612854086023 4.5407154538465599 0.007431612854086023 4.6759708077909252 0.007431612854086023 4.8132079251630477 0.007431612854086023
4.9524268059629257 0.007431612854086023 5.0936274501905601 0.007431612854086023 5.2368098578459508 0.007431612854086023 5.3819740289290978 0.007431612854086023
5.5291199634400012 0.007431612854086023 5.678247661378661 0.007431612854086023 5.8293571227450762 0.007431612854086023 5.9824483475392487 0.007431612854086023
6.1375213357611766 0.007431612854086023 6.2945760874108618 0.007431612854086023 6.4536126024883025 0.007431612854086023 6.6146308809934995 0.007431612854086023
6.7776309229264529 0.007431612854086023 6.9426127282871626 0.007431612854086023 7.1095762970756287 0.007431612854086023 7.2785216292918511 0.007431612854086023
7.449448724935829 0.007431612854086023 7.6223575840075641 0.007431612854086023 7.7972482065070556 0.007431612854086023 7.9741205924343026 0.007431612854086023
8.1529747417893059 0.007431612854086023 8.3338106545720656 0.007431612854086023 8.5166283307825825 0.007431612854086023 8.7014277704208549 0.007431612854086023
8.8882089734868828 0.007431612854086023 9.0769719399806679 0.007431612854086023 9.2677166699022102 0.007431612854086023 9.460443163251508 0.007431612854086023
9.6551514200285613 0.007431612854086023 -0.010404257995720432 0.010404257995720433 -0.0089179354249032273 0.010404257995720433 -0.0054498494263297498 0.010404257995720433
0.007431612854086023 0.010404257995720433 0.016844989135928318 0.010404257995720433 0.028240128845526888 0.010404257995720433 0.041617031982881726 0.010404257995720433
0.056975698547992844 0.010404257995720433 0.074316128540860227 0.010404257995720433 0.093638321961483889 0.010404257995720433 0.11494227880986382 0.010404257995720433
0.13822799908600003 0.010404257995720433 0.16349548278989251 0.010404257995720433 0.19074472992154126 0.010404257995720433 0.21997574048094629 0.010404257995720433
0.25118851446810758 0.010404257995720433 0.28438305188302515 0.010404257995720433 0.31955935272569896 0.010404257995720433 0.35671741699612908 0.010404257995720433
0.39585724469431549 0.010404257995720433 0.43697883582025815 0.010404257995720433 0.48008219037395711 0.010404257995720433 0.52516730835541225 0.010404257995720433
0.57223418976462381 0.010404257995720433 0.6212828346015915 0.010404257995720433 0.67231324286631555 0.010404257995720433 0.72532541455879584 0.010404257995720433
0.78031934967903238 0.010404257995720433 0.83729504822702527 0.010404257995720433 0.89625251020277441 0.010404257995720433 0.95719173560627979 0.010404257995720433
1.0201127244375414 0.010404257995720433 1.0850154766965594 0.010404257995720433 1.1518999923833335 0.010404257995720433 1.220766271497864 0.010404257995720433
1.2916143140401508 0.010404257995720433 1.3644441200101938 0.010404257995720433 1.4392556894079931 0.010404257995720433 1.5160490222335488 0.010404257995720433
1.5948241184868606 0.010404257995720433 1.6755809781679287 0.010404257995720433 1.758319601276753 0.010404257995720433 1.8430399878133337 0.010404257995720433
1.9297421377776707 0.010404257995720433 2.0184260511697638 0.010404257995720433 2.1090917279896133 0.010404257995720433 2.2017391682372192 0.010404257995720433
2.2963683719125809 0.010404257995720433 2.3929793390156995 0.010404257995720433 2.491572069546574 0.010404257995720433 2.5921465635052048 0.010404257995720433
2.694702820891592 0.010404257995720433 2.7992408417057355 0.010404257995720433 2.905760625947635 0.010404257995720433 3.0142621736172908 0.010404257995720433
3.1247454847147029 0.010404257995720433 3.2372105592398714 0.010404257995720433 3.3516573971927963 0.010404257995720433 3.4680859985734775 0.010404257995720433
3.5864963633819147 0.010404257995720433 3.7068884916181082 0.010404257995720433 3.829262383282058 0.010404257995720433 3.9536180383737642 0.010404257995720433
4.0799554568932264 0.010404257995720433 4.2082746388404448 0.010404257995720433 4.3385755842154206 0.010404257995720433 4.4708582930181517 0.010404257995720433
4.6051227652486393 0.010404257995720433 4.7413690009068823 0.010404257995720433 4.8795969999928825 0.010404257995720433 5.0198067625066392 0.010404257995720433
5.1619982884481512 0.010404257995720433 5.3061715778174205 0.010404257995720433 5.4523266306144453 0.010404257995720433 5.6004634468392265 0.010404257995720433
5.7505820264917649 0.010404257995720433 5.9026823695720587 0.010404257995720433 6.0567644760801089 0.010404257995720433 6.2128283460159155 0.010404257995720433
6.3708739793794775 0.010404257995720433 6.5309013761707968 0.010404257995720433 6.6929105363898724 0.010404257995720433 6.8569014600367035 0.010404257995720433
7.0228741471112919 0.010404257995720433 7.1908285976136357 0.010404257995720433 7.3607648115437359 0.010404257995720433 7.5326827889015933 0.010404257995720433
7.7065825296872061 0.010404257995720433 7.8824640339005754 0.010404257995720433 8.060327301541701 0.010404257995720433 8.240172332610582 0.010404257995720433
8.4219991271072203 0.010404257995720433 8.6058076850316141 0.010404257995720433 8.7915980063837651 0.010404257995720433 8.9793700911636716 0.010404257995720433
9.1691239393713353 0.010404257995720433 9.3608595510067545 0.010404257995720433 9.5545769260699309 0.010404257995720433 -0.013376903137354842 0.01387234399429391
-0.0108996988526595 0.01387234399429391 -0.0064407311402078869 0.01387234399429391 0.0084224945679641592 0.01387234399429391 0.018826752563684591 0.01387234399429391
0.031212773987161296 0.01387234399429391 0.045580558838394271 0.01387234399429391 0.061930107117383525 0.01387234399429391 0.080261418824129044 0.01387234399429391
0.10057449395863084 0.01387234399429391 0.12286933252088891 0.01387234399429391 0.14714593451090324 0.01387234399429391 0.17340429992867387 0.01387234399429391
0.20164442877420075 0.01387234399429391 0.23186632104748392 0.01387234399429391 0.26406997674852334 0.01387234399429391 0.29825539587731903 0.01387234399429391
0.33442257843387102 0.01387234399429391 0.37257152441817926 0.01387234399429391 0.41270223383024379 0.01387234399429391 0.45481470667006463 0.01387234399429391
0.49890894293764165 0.01387234399429391 0.54498494263297503 0.01387234399429391 0.59304270575606466 0.01387234399429391 0.64308223230691053 0.01387234399429391
0.69510352228551264 0.01387234399429391 0.74910657569187111 0.01387234399429391 0.80509139252598583 0.01387234399429391 0.86305797278785679 0.01387234399429391
0.9230063164774841 0.01387234399429391 0.98493642359486755 0.01387234399429391 1.0488482941400075 0.01387234399429391 1.1147419281129034 0.01387234399429391
1.1826173255135557 0.01387234399429391 1.2524744863419643 0.01387234399429391 1.3243134105981293 0.01387234399429391 1.3981340982820505 0.01387234399429391
1.473936549393728 0.01387234399429391 1.5517207639331616 0.01387234399429391 1.6314867419003516 0.01387234399429391 1.7132344832952979 0.01387234399429391
1.7969639881180004 0.01387234399429391 1.8826752563684592 0.01387234399429391 1.9703682880466742 0.01387234399429391 2.0600430831526455 0.01387234399429391
2.1516996416863732 0.01387234399429391 2.2453379636478572 0.01387234399429391 2.3409580490370971 0.01387234399429391 2.4385598978540934 0.01387234399429391
2.5381435100988465 0.01387234399429391 2.6397088857713555 0.01387234399429391 2.7432560248716205 0.01387234399429391 2.8487849273996422 0.01387234399429391
2.9562955933554198 0.01387234399429391 3.0657880227389538 0.01387234399429391 3.1772622155502441 0.01387234399429391 3.2907181717892908 0.01387234399429391
3.4061558914560939 0.01387234399429391 3.5235753745506528 0.01387234399429391 3.6429766210729686 0.01387234399429391 3.7643596310230403 0.01387234399429391
3.8877244044008683 0.01387234399429391 4.0130709412064522 0.01387234399429391 4.140399241439793 0.01387234399429391 4.2697093051008901 0.01387234399429391
4.4010011321897426 0.01387234399429391 4.5342747227063525 0.01387234399429391 4.6695300766507177 0.01387234399429391 4.8067671940228394 0.01387234399429391
4.9459860748227173 0.01387234399429391 5.0871867190503526 0.01387234399429391 5.2303691267057433 0.01387234399429391 5.3755332977888903 0.01387234399429391
5.5226792322997929 0.01387234399429391 5.6718069302384526 0.01387234399429391 5.8229163916048687 0.01387234399429391 5.9760076163990403 0.01387234399429391
6.1310806046209692 0.01387234399429391 6.2881353562706535 0.01387234399429391 6.4471718713480941 0.01387234399429391 6.608190149853292 0.01387234399429391
6.7711901917862454 0.01387234399429391 6.9361719971469551 0.01387234399429391 7.1031355659354203 0.01387234399429391 7.2720808981516427 0.01387234399429391
7.4430079937956215 0.01387234399429391 7.6159168528673566 0.01387234399429391 7.7908074753668473 0.01387234399429391 7.9676798612940951 0.01387234399429391
8.1465340106490984 0.01387234399429391 8.3273699234318581 0.01387234399429391 8.510187599642375 0.01387234399429391 8.6949870392806474 0.01387234399429391
8.8817682423466753 0.01387234399429391 9.0705312088404604 0.01387234399429391 9.2612759387620009 0.01387234399429391 9.4540024321112988 0.01387234399429391
9.6487106888883538 0.01387234399429391 -0.017835870849806455 0.017835870849806455 -0.01634954827898925 0.017835870849806455 -0.012881462280415774 0.017835870849806455
-0.007431612854086023 0.017835870849806455 0.0094133762818422954 0.017835870849806455 0.020808515991440863 0.017835870849806455 0.034185419128795705 0.017835870849806455
0.049544085693906822 0.017835870849806455 0.066884515686774212 0.017835870849806455 0.086206709107397861 0.017835870849806455 0.1075106659557778 0.017835870849806455
0.130796386231914 0.017835870849806455 0.15606386993580648 0.017835870849806455 0.18331311706745523 0.017835870849806455 0.21254412762686026 0.017835870849806455
0.24375690161402155 0.017835870849806455 0.27695143902893909 0.017835870849806455 0.31212773987161296 0.017835870849806455 0.34928580414204308 0.017835870849806455
0.38842563184022949 0.017835870849806455 0.42954722296617215 0.017835870849806455 0.47265057751987105 0.017835870849806455 0.51773569550132625 0.017835870849806455
0.5648025769105377 0.017835870849806455 0.6138512217475055 0.017835870849806455 0.66488163001222955 0.017835870849806455 0.71789380170470984 0.017835870849806455
0.77288773682494638 0.017835870849806455 0.82986343537293927 0.017835870849806455 0.8888208973486883 0.017835870849806455 0.94976012275219368 0.017835870849806455
1.0126811115834553 0.017835870849806455 1.0775838638424733 0.017835870849806455 1.1444683795292476 0.017835870849806455 1.2133346586437781 0.017835870849806455
1.2841827011860647 0.017835870849806455 1.3570125071561079 0.017835870849806455 1.431824076553907 0.017835870849806455 1.5086174093794626 0.017835870849806455
1.5873925056327745 0.017835870849806455 1.6681493653138426 0.017835870849806455 1.7508879884226669 0.017835870849806455 1.8356083749592476 0.017835870849806455
1.9223105249235846 0.017835870849806455 2.0109944383156777 0.017835870849806455 2.1016601151355272 0.017835870849806455 2.194307555383133 0.017835870849806455
2.2889367590584953 0.017835870849806455 2.3855477261616134 0.017835870849806455 2.4841404566924878 0.017835870849806455 2.5847149506511187 0.017835870849806455
2.6872712080375059 0.017835870849806455 2.7918092288516494 0.017835870849806455 2.8983290130935488 0.017835870849806455 3.0068305607632047 0.017835870849806455
3.1173138718606173 0.017835870849806455 3.2297789463857858 0.017835870849806455 3.3442257843387102 0.017835870849806455 3.4606543857193914 0.017835870849806455
3.5790647505278286 0.017835870849806455 3.6994568787640221 0.017835870849806455 3.8218307704279719 0.017835870849806455 3.9461864255196781 0.017835870849806455
4.0725238440391403 0.017835870849806455 4.2008430259863596 0.017835870849806455 4.3311439713613344 0.017835870849806455 4.4634266801640656 0.017835870849806455
4.5976911523945532 0.017835870849806455 4.7339373880527962 0.017835870849806455 4.8721653871387964 0.017835870849806455 5.012375149652553 0.017835870849806455
5.1545666755940651 0.017835870849806455 5.2987399649633344 0.017835870849806455 5.4448950177603592 0.017835870849806455 5.5930318339851413 0.017835870849806455
5.7431504136376788 0.017835870849806455 5.8952507567179726 0.017835870849806455 6.0493328632260228 0.017835870849806455 6.2053967331618294 0.017835870849806455
6.3634423665253923 0.017835870849806455 6.5234697633167107 0.017835870849806455 6.6854789235357863 0.017835870849806455 6.8494698471826174 0.017835870849806455
7.0154425342572058 0.017835870849806455 7.1833969847595496 0.017835870849806455 7.3533331986896497 0.017835870849806455 7.5252511760475072 0.017835870849806455
7.69915091683312 0.017835870849806455 7.8750324210464893 0.017835870849806455 8.0528956886876149 0.017835870849806455 8.2327407197564959 0.017835870849806455
8.4145675142531342 0.017835870849806455 8.598376072177528 0.017835870849806455 8.784166393529679 0.017835870849806455 8.9719384783095855 0.017835870849806455
9.1616923265172492 0.017835870849806455 9.3534279381526684 0.017835870849806455 9.5471453132158448 0.017835870849806455 -0.021799397705318999 0.022294838562258067
-0.019322193420623659 0.022294838562258067 -0.014863225708172046 0.022294838562258067 -0.0084224945679641592 0.022294838562258067 0.010404257995720432 0.022294838562258067
0.022790279419197135 0.022294838562258067 0.037158064270430113 0.022294838562258067 0.053507612549419367 0.022294838562258067 0.071838924256164893 0.022294838562258067
0.092151999390666678 0.022294838562258067 0.11444683795292475 0.022294838562258067 0.13872343994293909 0.022294838562258067 0.16498180536070972 0.022294838562258067
0.1932219342062366 0.022294838562258067 0.22344382647951977 0.022294838562258067 0.25564748218055922 0.022294838562258067 0.28983290130935491 0.022294838562258067
0.3260000838659069 0.022294838562258067 0.36414902985021513 0.022294838562258067 0.40427973926227967 0.022294838562258067 0.44639221210210045 0.022294838562258067
0.49048644836967753 0.022294838562258067 0.53656244806501086 0.022294838562258067 0.58462021118810048 0.022294838562258067 0.63465973773894635 0.022294838562258067
0.68668102771754846 0.022294838562258067 0.74068408112390693 0.022294838562258067 0.79666889795802165 0.022294838562258067 0.85463547821989261 0.022294838562258067
0.91458382190951992 0.022294838562258067 0.97651392902690337 0.022294838562258067 1.0404257995720432 0.022294838562258067 1.1063194335449393 0.022294838562258067
1.1741948309455916 0.022294838562258067 1.2440519917740003 0.022294838562258067 1.3158909160301651 0.022294838562258067 1.3897116037140862 0.022294838562258067
1.4655140548257637 0.022294838562258067 1.5432982693651973 0.022294838562258067 1.6230642473323873 0.022294838562258067 1.7048119887273336 0.022294838562258067
1.7885414935500361 0.022294838562258067 1.8742527618004949 0.022294838562258067 1.9619457934787101 0.022294838562258067 2.0516205885846812 0.022294838562258067
2.1432771471184089 0.022294838562258067 2.2369154690798929 0.022294838562258067 2.3325355544691329 0.022294838562258067 2.4301374032861296 0.022294838562258067
2.5297210155308822 0.022294838562258067 2.6312863912033913 0.022294838562258067 2.7348335303036566 0.022294838562258067 2.8403624328316779 0.022294838562258067
2.947873098787456 0.022294838562258067 3.0573655281709899 0.022294838562258067 3.1688397209822803 0.022294838562258067 3.282295677221327 0.022294838562258067
3.3977333968881296 0.022294838562258067 3.515152879982689 0.022294838562258067 3.6345541265050043 0.022294838562258067 3.755937136455076 0.022294838562258067
3.879301909832904 0.022294838562258067 4.0046484466384884 0.022294838562258067 4.1319767468718291 0.022294838562258067 4.2612868105329254 0.022294838562258067
4.3925786376217788 0.022294838562258067 4.5258522281383877 0.022294838562258067 4.6611075820827539 0.022294838562258067 4.7983446994548755 0.022294838562258067
4.9375635802547535 0.022294838562258067 5.0787642244823878 0.022294838562258067 5.2219466321377785 0.022294838562258067 5.3671108032209256 0.022294838562258067
5.514256737731829 0.022294838562258067 5.6633844356704888 0.022294838562258067 5.814493897036904 0.022294838562258067 5.9675851218310765 0.022294838562258067
6.1226581100530044 0.022294838562258067 6.2797128617026896 0.022294838562258067 6.4387493767801303 0.022294838562258067 6.5997676552853273 0.022294838562258067
6.7627676972182806 0.022294838562258067 6.9277495025789904 0.022294838562258067 7.0947130713674564 0.022294838562258067 7.2636584035836789 0.022294838562258067
7.4345854992276577 0.022294838562258067 7.6074943582993919 0.022294838562258067 7.7823849807988834 0.022294838562258067 7.9592573667261304 0.022294838562258067
8.1381115160811337 0.022294838562258067 8.3189474288638934 0.022294838562258067 8.5017651050744103 0.022294838562258067 8.6865645447126827 0.022294838562258067
8.8733457477787105 0.022294838562258067 9.0621087142724956 0.022294838562258067 9.252853444194038 0.022294838562258067 9.4455799375433358 0.022294838562258067
9.6402881943203891 0.022294838562258067 -0.027249247131648752 0.027249247131648748 -0.025762924560831547 0.027249247131648748 -0.022294838562258067 0.027249247131648748
-0.016844989135928318 0.027249247131648748 -0.0094133762818422954 0.027249247131648748 0.011395139709598568 0.027249247131648748 0.024772042846953411 0.027249247131648748
0.040130709412064522 0.027249247131648748 0.057471139404931912 0.027249247131648748 0.076793332825555574 0.027249247131648748 0.098097289673935509 0.027249247131648748
0.1213830099500717 0.027249247131648748 0.14665049365396418 0.027249247131648748 0.17389974078561293 0.027249247131648748 0.20313075134501796 0.027249247131648748
0.23434352533217925 0.027249247131648748 0.26753806274709685 0.027249247131648748 0.30271436358977066 0.027249247131648748 0.33987242786020078 0.027249247131648748
0.37901225555838719 0.027249247131648748 0.42013384668432985 0.027249247131648748 0.46323720123802875 0.027249247131648748 0.50832231921948401 0.027249247131648748
0.55538920062869546 0.027249247131648748 0.60443784546566315 0.027249247131648748 0.6554682537303872 0.027249247131648748 0.70848042542286749 0.027249247131648748
0.76347436054310414 0.027249247131648748 0.82045005909109692 0.027249247131648748 0.87940752106684605 0.027249247131648748 0.94034674647035144 0.027249247131648748
1.0032677353016131 0.027249247131648748 1.068170487560631 0.027249247131648748 1.1350550032474052 0.027249247131648748 1.2039212823619356 0.027249247131648748
1.2747693249042225 0.027249247131648748 1.3475991308742654 0.027249247131648748 1.4224107002720647 0.027249247131648748 1.4992040330976204 0.027249247131648748
1.5779791293509322 0.027249247131648748 1.6587359890320004 0.027249247131648748 1.7414746121408247 0.027249247131648748 1.8261949986774053 0.027249247131648748
1.9128971486417423 0.027249247131648748 2.0015810620338357 0.027249247131648748 2.0922467388536852 0.027249247131648748 2.1848941791012906 0.027249247131648748
2.2795233827766528 0.027249247131648748 2.3761343498797709 0.027249247131648748 2.4747270804106458 0.027249247131648748 2.5753015743692766 0.027249247131648748
2.6778578317556634 0.027249247131648748 2.7823958525698069 0.027249247131648748 2.8889156368117068 0.027249247131648748 2.9974171844813626 0.027249247131648748
3.1079004955787748 0.027249247131648748 3.2203655701039433 0.027249247131648748 3.3348124080568682 0.027249247131648748 3.451241009437549 0.027249247131648748
3.5696513742459866 0.027249247131648748 3.69004350248218 0.027249247131648748 3.8124173941461299 0.027249247131648748 3.9367730492378357 0.027249247131648748
4.0631104677572987 0.027249247131648748 4.1914296497045171 0.027249247131648748 4.321730595079492 0.027249247131648748 4.4540133038822232 0.027249247131648748
4.5882777761127107 0.027249247131648748 4.7245240117709546 0.027249247131648748 4.862752010856954 0.027249247131648748 5.0029617733707106 0.027249247131648748
5.1451532993122235 0.027249247131648748 5.289326588681492 0.027249247131648748 5.4354816414785168 0.027249247131648748 5.5836184577032988 0.027249247131648748
5.7337370373558363 0.027249247131648748 5.8858373804361301 0.027249247131648748 6.0399194869441803 0.027249247131648748 6.1959833568799869 0.027249247131648748
6.3540289902435498 0.027249247131648748 6.5140563870348682 0.027249247131648748 6.6760655472539439 0.027249247131648748 6.8400564709007758 0.027249247131648748
7.0060291579753633 0.027249247131648748 7.1739836084777071 0.027249247131648748 7.3439198224078082 0.027249247131648748 7.5158377997656647 0.027249247131648748
7.6897375405512776 0.027249247131648748 7.8656190447646468 0.027249247131648748 8.0434823124057715 0.027249247131648748 8.2233273434746543 0.027249247131648748
8.4051541379712926 0.027249247131648748 8.5889626958956864 0.027249247131648748 8.7747530172478374 0.027249247131648748 8.9625251020277439 0.027249247131648748
9.1522789502354076 0.027249247131648748 9.3440145618708268 0.027249247131648748 9.5377319369340015 0.027249247131648748 -0.032203655701039433 0.032699096557978501
-0.029726451416344092 0.032699096557978501 -0.025267483703892479 0.032699096557978501 -0.018826752563684591 0.032699096557978501 -0.010404257995720432 0.032699096557978501
0.012386021423476706 0.032699096557978501 0.026753806274709684 0.032699096557978501 0.04310335455369893 0.032699096557978501 0.061434666260444457 0.032699096557978501
0.081747741394946255 0.032699096557978501 0.10404257995720433 0.032699096557978501 0.12831918194721867 0.032699096557978501 0.15457754736498927 0.032699096557978501
0.18281767621051617 0.032699096557978501 0.21303956848379932 0.032699096557978501 0.24524322418483877 0.032699096557978501 0.27942864331363448 0.032699096557978501
0.31559582587018642 0.032699096557978501 0.35374477185449471 0.032699096557978501 0.39387548126655919 0.032699096557978501 0.43598795410638003 0.032699096557978501
0.48008219037395711 0.032699096557978501 0.52615819006929043 0.032699096557978501 0.57421595319238006 0.032699096557978501 0.62425547974322593 0.032699096557978501
0.67627676972182804 0.032699096557978501 0.73027982312818651 0.032699096557978501 0.78626463996230123 0.032699096557978501 0.84423122022417219 0.032699096557978501
0.9041795639137995 0.032699096557978501 0.96610967103118295 0.032699096557978501 1.0300215415763228 0.032699096557978501 1.0959151755492189 0.032699096557978501
1.1637905729498712 0.032699096557978501 1.2336477337782799 0.032699096557978501 1.3054866580344446 0.032699096557978501 1.3793073457183658 0.032699096557978501
1.4551097968300433 0.032699096557978501 1.5328940113694769 0.032699096557978501 1.6126599893366669 0.032699096557978501 1.6944077307316132 0.032699096557978501
1.7781372355543157 0.032699096557978501 1.8638485038047745 0.032699096557978501 1.9515415354829897 0.032699096557978501 2.041216330588961 0.032699096557978501
2.1328728891226887 0.032699096557978501 2.2265112110841723 0.032699096557978501 2.3221312964734127 0.032699096557978501 2.4197331452904089 0.032699096557978501
2.5193167575351616 0.032699096557978501 2.6208821332076706 0.032699096557978501 2.724429272307936 0.032699096557978501 2.8299581748359577 0.032699096557978501
2.9374688407917353 0.032699096557978501 3.0469612701752693 0.032699096557978501 3.1584354629865596 0.032699096557978501 3.2718914192256063 0.032699096557978501
3.3873291388924094 0.032699096557978501 3.5047486219869683 0.032699096557978501 3.6241498685092837 0.032699096557978501 3.7455328784593553 0.032699096557978501
3.8688976518371834 0.032699096557978501 3.9942441886427678 0.032699096557978501 4.1215724888761081 0.032699096557978501 4.2508825525372052 0.032699096557978501
4.3821743796260586 0.032699096557978501 4.5154479701426675 0.032699096557978501 4.6507033240870328 0.032699096557978501 4.7879404414591553 0.032699096557978501
4.9271593222590333 0.032699096557978501 5.0683599664866676 0.032699096557978501 5.2115423741420583 0.032699096557978501 5.3567065452252054 0.032699096557978501
5.5038524797361088 0.032699096557978501 5.6529801776747677 0.032699096557978501 5.8040896390411838 0.032699096557978501 5.9571808638353563 0.032699096557978501
6.1122538520572842 0.032699096557978501 6.2693086037069685 0.032699096557978501 6.4283451187844101 0.032699096557978501 6.5893633972896071 0.032699096557978501
6.7523634392225604 0.032699096557978501 6.9173452445832702 0.032699096557978501 7.0843088133717362 0.032699096557978501 7.2532541455879587 0.032699096557978501
7.4241812412319366 0.032699096557978501 7.5970901003036717 0.032699096557978501 7.7719807228031632 0.032699096557978501 7.9488531087304102 0.032699096557978501
8.1277072580854135 0.032699096557978501 8.3085431708681732 0.032699096557978501 8.4913608470786901 0.032699096557978501 8.6761602867169625 0.032699096557978501
8.8629414897829903 0.032699096557978501 9.0517044562767754 0.032699096557978501 9.2424491861983178 0.032699096557978501 9.4351756795476138 0.032699096557978501
9.6298839363246689 0.032699096557978501 -0.038644386841247318 0.038644386841247325 -0.037158064270430113 0.038644386841247325 -0.033689978271856637 0.038644386841247325
-0.028240128845526888 0.038644386841247325 -0.020808515991440863 0.038644386841247325 -0.011395139709598568 0.038644386841247325 0.013376903137354842 0.038644386841247325
0.028735569702465956 0.038644386841247325 0.046075999695333339 0.038644386841247325 0.065398193115957001 0.038644386841247325 0.086702149964336936 0.038644386841247325
0.10998787024047314 0.038644386841247325 0.13525535394436561 0.038644386841247325 0.16250460107601436 0.038644386841247325 0.19173561163541938 0.038644386841247325
0.22294838562258068 0.038644386841247325 0.25614292303749825 0.038644386841247325 0.29131922388017212 0.038644386841247325 0.32847728815060223 0.038644386841247325
0.36761711584878859 0.038644386841247325 0.40873870697473125 0.038644386841247325 0.45184206152843021 0.038644386841247325 0.49692717950988541 0.038644386841247325
0.54399406091909686 0.038644386841247325 0.59304270575606466 0.038644386841247325 0.64407311402078871 0.038644386841247325 0.697085285713269 0.038644386841247325
0.75207922083350554 0.038644386841247325 0.80905491938149832 0.038644386841247325 0.86801238135724745 0.038644386841247325 0.92895160676075283 0.038644386841247325
0.99187259559201457 0.038644386841247325 1.0567753478510324 0.038644386841247325 1.1236598635378066 0.038644386841247325 1.1925261426523373 0.038644386841247325
1.2633741851946239 0.038644386841247325 1.3362039911646668 0.038644386841247325 1.4110155605624661 0.038644386841247325 1.4878088933880218 0.038644386841247325
1.5665839896413336 0.038644386841247325 1.6473408493224018 0.038644386841247325 1.7300794724312261 0.038644386841247325 1.8147998589678067 0.038644386841247325
1.9015020089321437 0.038644386841247325 1.9901859223242369 0.038644386841247325 2.0808515991440864 0.038644386841247325 2.1734990393916922 0.038644386841247325
2.2681282430670544 0.038644386841247325 2.3647392101701725 0.038644386841247325 2.463331940701047 0.038644386841247325 2.5639064346596778 0.038644386841247325
2.666462692046065 0.038644386841247325 2.7710007128602085 0.038644386841247325 2.877520497102108 0.038644386841247325 2.9860220447717638 0.038644386841247325
3.0965053558691764 0.038644386841247325 3.2089704303943445 0.038644386841247325 3.3234172683472694 0.038644386841247325 3.4398458697279506 0.038644386841247325
3.5582562345363877 0.038644386841247325 3.6786483627725812 0.038644386841247325 3.8010222544365311 0.038644386841247325 3.9253779095282373 0.038644386841247325
4.0517153280476998 0.038644386841247325 4.1800345099949183 0.038644386841247325 4.3103354553698932 0.038644386841247325 4.4426181641726243 0.038644386841247325
4.5768826364031119 0.038644386841247325 4.7131288720613558 0.038644386841247325 4.851356871147356 0.038644386841247325 4.9915666336611118 0.038644386841247325
5.1337581596026247 0.038644386841247325 5.2779314489718931 0.038644386841247325 5.4240865017689188 0.038644386841247325 5.5722233179937 0.038644386841247325
5.7223418976462375 0.038644386841247325 5.8744422407265313 0.038644386841247325 6.0285243472345815 0.038644386841247325 6.1845882171703881 0.038644386841247325
6.342633850533951 0.038644386841247325 6.5026612473252703 0.038644386841247325 6.664670407544345 0.038644386841247325 6.828661331191177 0.038644386841247325
6.9946340182657645 0.038644386841247325 7.1625884687681092 0.038644386841247325 7.3325246826982093 0.038644386841247325 7.5044426600560659 0.038644386841247325
7.6783424008416787 0.038644386841247325 7.854223905055048 0.038644386841247325 8.0320871726961744 0.038644386841247325 8.2119322037650555 0.038644386841247325
8.3937589982616938 0.038644386841247325 8.5775675561860876 0.038644386841247325 8.7633578775382386 0.038644386841247325 8.9511299623181451 0.038644386841247325
9.1408838105258088 0.038644386841247325 9.332619422161228 0.038644386841247325 9.5263367972244026 0.038644386841247325 -0.044589677124516135 0.04508511798145521
-0.042112472839820794 0.04508511798145521 -0.037653505127369181 0.04508511798145521 -0.031212773987161296 0.04508511798145521 -0.022790279419197135 0.04508511798145521
-0.012386021423476706 0.04508511798145521 0.014367784851232978 0.04508511798145521 0.030717333130222228 0.04508511798145521 0.049048644836967754 0.04508511798145521
0.069361719971469546 0.04508511798145521 0.091656558533727617 0.04508511798145521 0.11593316052374196 0.04508511798145521 0.14219152594151258 0.04508511798145521
0.17043165478703945 0.04508511798145521 0.20065354706032262 0.04508511798145521 0.23285720276136204 0.04508511798145521 0.26704262189015776 0.04508511798145521
0.30320980444670975 0.04508511798145521 0.34135875043101799 0.04508511798145521 0.38148945984308252 0.04508511798145521 0.4236019326829033 0.04508511798145521
0.46769616895048038 0.04508511798145521 0.51377216864581376 0.04508511798145521 0.56182993176890328 0.04508511798145521 0.61186945831974926 0.04508511798145521
0.66389074829835137 0.04508511798145521 0.71789380170470984 0.04508511798145521 0.77387861853882456 0.04508511798145521 0.83184519880069552 0.04508511798145521
0.89179354249032272 0.04508511798145521 0.95372364960770628 0.04508511798145521 1.017635520152846 0.04508511798145521 1.0835291541257421 0.04508511798145521
1.1514045515263944 0.04508511798145521 1.2212617123548031 0.04508511798145521 1.2931006366109681 0.04508511798145521 1.3669213242948892 0.04508511798145521
1.4427237754065665 0.04508511798145521 1.5205079899460003 0.04508511798145521 1.6002739679131903 0.04508511798145521 1.6820217093081364 0.04508511798145521
1.7657512141308391 0.04508511798145521 1.8514624823812977 0.04508511798145521 1.9391555140595129 0.04508511798145521 2.0288303091654845 0.04508511798145521
2.1204868676992117 0.04508511798145521 2.2141251896606957 0.04508511798145521 2.3097452750499361 0.04508511798145521 2.4073471238669324 0.04508511798145521
2.506930736111685 0.04508511798145521 2.608496111784194 0.04508511798145521 2.7120432508844594 0.04508511798145521 2.8175721534124807 0.04508511798145521
2.9250828193682588 0.04508511798145521 3.0345752487517927 0.04508511798145521 3.1460494415630831 0.04508511798145521 3.2595053978021298 0.04508511798145521
3.3749431174689324 0.04508511798145521 3.4923626005634918 0.04508511798145521 3.6117638470858071 0.04508511798145521 3.7331468570358788 0.04508511798145521
3.8565116304137068 0.04508511798145521 3.9818581672192912 0.04508511798145521 4.1091864674526315 0.04508511798145521 4.2384965311137286 0.04508511798145521
4.3697883582025812 0.04508511798145521 4.503061948719191 0.04508511798145521 4.6383173026635562 0.04508511798145521 4.7755544200356788 0.04508511798145521
4.9147733008355567 0.04508511798145521 5.0559739450631911 0.04508511798145521 5.1991563527185818 0.04508511798145521 5.3443205238017288 0.04508511798145521
5.4914664583126322 0.04508511798145521 5.6405941562512911 0.04508511798145521 5.7917036176177072 0.04508511798145521 5.9447948424118788 0.04508511798145521
6.0998678306338077 0.04508511798145521 6.256922582283492 0.04508511798145521 6.4159590973609335 0.04508511798145521 6.5769773758661305 0.04508511798145521
6.7399774177990839 0.04508511798145521 6.9049592231597936 0.04508511798145521 7.0719227919482597 0.04508511798145521 7.2408681241644812 0.04508511798145521
7.41179521980846 0.04508511798145521 7.5847040788801952 0.04508511798145521 7.7595947013796858 0.04508511798145521 7.9364670873069336 0.04508511798145521
8.1153212366619378 0.04508511798145521 8.2961571494446975 0.04508511798145521 8.4789748256552127 0.04508511798145521 8.663774265293485 0.04508511798145521
8.8505554683595147 0.04508511798145521 9.0393184348532998 0.04508511798145521 9.2300631647748403 0.04508511798145521 9.4227896581241382 0.04508511798145521
9.6174979149011914 0.04508511798145521 -0.052021289978602163 0.052021289978602163 -0.050534967407784959 0.052021289978602163 -0.047066881409211475 0.052021289978602163
-0.041617031982881726 0.052021289978602163 -0.034185419128795705 0.052021289978602163 -0.024772042846953411 0.052021289978602163 -0.013376903137354842 0.052021289978602163
0.015358666565111114 0.052021289978602163 0.032699096557978501 0.052021289978602163 0.052021289978602163 0.052021289978602163 0.073325246826982091 0.052021289978602163
0.096610967103118298 0.052021289978602163 0.12187845080701078 0.052021289978602163 0.14912769793865951 0.052021289978602163 0.17835870849806454 0.052021289978602163
0.20957148248522584 0.052021289978602163 0.2427660199001434 0.052021289978602163 0.27794232074281727 0.052021289978602163 0.31510038501324739 0.052021289978602163
0.35424021271143374 0.052021289978602163 0.3953618038373764 0.052021289978602163 0.43846515839107536 0.052021289978602163 0.48355027637253056 0.052021289978602163
0.53061715778174201 0.052021289978602163 0.57966580261870981 0.052021289978602163 0.63069621088343386 0.052021289978602163 0.68370838257591415 0.052021289978602163
0.73870231769615069 0.052021289978602163 0.79567801624414347 0.052021289978602163 0.85463547821989261 0.052021289978602163 0.91557470362339799 0.052021289978602163
0.97849569245465973 0.052021289978602163 1.0433984447136777 0.052021289978602163 1.1102829604004518 0.052021289978602163 1.1791492395149823 0.052021289978602163
1.2499972820572691 0.052021289978602163 1.3228270880273121 0.052021289978602163 1.3976386574251114 0.052021289978602163 1.4744319902506668 0.052021289978602163
1.5532070865039789 0.052021289978602163 1.6339639461850468 0.052021289978602163 1.7167025692938713 0.052021289978602163 1.801422955830452 0.052021289978602163
1.888125105794789 0.052021289978602163 1.9768090191868821 0.052021289978602163 2.0674746960067316 0.052021289978602163 2.1601221362543375 0.052021289978602163
2.2547513399296992 0.052021289978602163 2.3513623070328178 0.052021289978602163 2.4499550375636923 0.052021289978602163 2.5505295315223231 0.052021289978602163
2.6530857889087103 0.052021289978602163 2.7576238097228534 0.052021289978602163 2.8641435939647533 0.052021289978602163 2.9726451416344091 0.052021289978602163
3.0831284527318212 0.052021289978602163 3.1955935272569898 0.052021289978602163 3.3100403652099146 0.052021289978602163 3.4264689665905959 0.052021289978602163
3.544879331399033 0.052021289978602163 3.6652714596352265 0.052021289978602163 3.7876453512991763 0.052021289978602163 3.9120010063908826 0.052021289978602163
4.0383384249103447 0.052021289978602163 4.1666576068575631 0.052021289978602163 4.2969585522325389 0.052021289978602163 4.42924126103527 0.052021289978602163
4.5635057332657567 0.052021289978602163 4.6997519689240006 0.052021289978602163 4.8379799680100009 0.052021289978602163 4.9781897305237575 0.052021289978602163
5.1203812564652695 0.052021289978602163 5.2645545458345389 0.052021289978602163 5.4107095986315636 0.052021289978602163 5.5588464148563448 0.052021289978602163
5.7089649945088832 0.052021289978602163 5.861065337589177 0.052021289978602163 6.0151474440972272 0.052021289978602163 6.1712113140330338 0.052021289978602163
6.3292569473965958 0.052021289978602163 6.4892843441879151 0.052021289978602163 6.6512935044069907 0.052021289978602163 6.8152844280538218 0.052021289978602163
6.9812571151284102 0.052021289978602163 7.149211565630754 0.052021289978602163 7.3191477795608542 0.052021289978602163 7.4910657569187107 0.052021289978602163
7.6649654977043244 0.052021289978602163 7.8408470019176937 0.052021289978602163 8.0187102695588184 0.052021289978602163 8.1985553006277012 0.052021289978602163
8.3803820951243377 0.052021289978602163 8.5641906530487333 0.052021289978602163 8.7499809744008825 0.052021289978602163 8.9377530591807908 0.052021289978602163
9.1275069073884527 0.052021289978602163 9.3192425190238719 0.052021289978602163 9.5129598940870483 0.052021289978602163 -0.058957461975749116 0.059452902832688184
-0.056480257691053776 0.059452902832688184 -0.052021289978602163 0.059452902832688184 -0.045580558838394271 0.059452902832688184 -0.037158064270430113 0.059452902832688184
-0.026753806274709684 0.059452902832688184 -0.014367784851232978 0.059452902832688184 0.01634954827898925 0.059452902832688184 0.034680859985734773 0.059452902832688184
0.054993935120236571 0.059452902832688184 0.077288773682494635 0.059452902832688184 0.10156537567250898 0.059452902832688184 0.12782374109027961 0.059452902832688184
0.15606386993580648 0.059452902832688184 0.18628576220908963 0.059452902832688184 0.21848941791012907 0.059452902832688184 0.25267483703892479 0.059452902832688184
0.28884201959547678 0.059452902832688184 0.32699096557978502 0.059452902832688184 0.36712167499184956 0.059452902832688184 0.40923414783167034 0.059452902832688184
0.45332838409924742 0.059452902832688184 0.49940438379458074 0.059452902832688184 0.54746214691767037 0.059452902832688184 0.59750167346851624 0.059452902832688184
0.64952296344711835 0.059452902832688184 0.70352601685347682 0.059452902832688184 0.75951083368759154 0.059452902832688184 0.81747741394946249 0.059452902832688184
0.87742575763908981 0.059452902832688184 0.93935586475647326 0.059452902832688184 1.0032677353016131 0.059452902832688184 1.0691613692745092 0.059452902832688184
1.1370367666751615 0.059452902832688184 1.2068939275035702 0.059452902832688184 1.2787328517597349 0.059452902832688184 1.3525535394436561 0.059452902832688184
1.4283559905553336 0.059452902832688184 1.5061402050947672 0.059452902832688184 1.5859061830619572 0.059452902832688184 1.6676539244569035 0.059452902832688184
1.751383429279606 0.059452902832688184 1.8370946975300648 0.059452902832688184 1.92478772920828 0.059452902832688184 2.0144625243142511 0.059452902832688184
2.1061190828479788 0.059452902832688184 2.1997574048094628 0.059452902832688184 2.2953774901987027 0.059452902832688184 2.3929793390156995 0.059452902832688184
2.4925629512604521 0.059452902832688184 2.5941283269329611 0.059452902832688184 2.6976754660332265 0.059452902832688184 2.8032043685612478 0.059452902832688184
2.9107150345170258 0.059452902832688184 3.0202074639005598 0.059452902832688184 3.1316816567118502 0.059452902832688184 3.2451376129508969 0.059452902832688184
3.3605753326176995 0.059452902832688184 3.4779948157122589 0.059452902832688184 3.5973960622345742 0.059452902832688184 3.7187790721846459 0.059452902832688184
3.8421438455624739 0.059452902832688184 3.9674903823680583 0.059452902832688184 4.0948186826013986 0.059452902832688184 4.2241287462624957 0.059452902832688184
4.3554205733513482 0.059452902832688184 4.4886941638679581 0.059452902832688184 4.6239495178123233 0.059452902832688184 4.761186635184445 0.059452902832688184
4.9004055159843238 0.059452902832688184 5.0416061602119582 0.059452902832688184 5.1847885678673489 0.059452902832688184 5.3299527389504959 0.059452902832688184
5.4770986734613984 0.059452902832688184 5.6262263714000582 0.059452902832688184 5.7773358327664743 0.059452902832688184 5.9304270575606459 0.059452902832688184
6.0855000457825748 0.059452902832688184 6.2425547974322591 0.059452902832688184 6.4015913125096997 0.059452902832688184 6.5626095910148976 0.059452902832688184
6.725609632947851 0.059452902832688184 6.8905914383085607 0.059452902832688184 7.0575550070970268 0.059452902832688184 7.2265003393132483 0.059452902832688184
7.3974274349572271 0.059452902832688184 7.5703362940289622 0.059452902832688184 7.7452269165284529 0.059452902832688184 7.9220993024557007 0.059452902832688184
8.1009534518107049 0.059452902832688184 8.2817893645934646 0.059452902832688184 8.4646070408039797 0.059452902832688184 8.6494064804422521 0.059452902832688184
8.8361876835082818 0.059452902832688184 9.0249506500020669 0.059452902832688184 9.2156953799236074 0.059452902832688184 9.4084218732729052 0.059452902832688184
9.6031301300499585 0.059452902832688184 -0.067379956543713274 0.067379956543713274 -0.065893633972896076 0.067379956543713274 -0.062425547974322593 0.067379956543713274
-0.056975698547992844 0.067379956543713274 -0.049544085693906822 0.067379956543713274 -0.040130709412064522 0.067379956543713274 -0.028735569702465956 0.067379956543713274
-0.015358666565111114 0.067379956543713274 0.017340429992867386 0.067379956543713274 0.036662623413491045 0.067379956543713274 0.05796658026187098 0.067379956543713274
0.08125230053800718 0.067379956543713274 0.10651978424189966 0.067379956543713274 0.13376903137354842 0.067379956543713274 0.16300004193295345 0.067379956543713274
0.19421281592011475 0.067379956543713274 0.22740735333503231 0.067379956543713274 0.26258365417770613 0.067379956543713274 0.29974171844813624 0.067379956543713274
0.33888154614632265 0.067379956543713274 0.38000313727226531 0.067379956543713274 0.42310649182596421 0.067379956543713274 0.46819160980741942 0.067379956543713274
0.51525849121663092 0.067379956543713274 0.56430713605359872 0.067379956543713274 0.61533754431832266 0.067379956543713274 0.66834971601080295 0.067379956543713274
0.7233436511310396 0.067379956543713274 0.78031934967903238 0.067379956543713274 0.83927681165478152 0.067379956543713274 0.9002160370582869 0.067379956543713274
0.96313702588954853 0.067379956543713274 1.0280397781485664 0.067379956543713274 1.0949242938353407 0.067379956543713274 1.1637905729498712 0.067379956543713274
1.234638615492158 0.067379956543713274 1.307468421462201 0.067379956543713274 1.3822799908600003 0.067379956543713274 1.4590733236855558 0.067379956543713274
1.5378484199388678 0.067379956543713274 1.6186052796199357 0.067379956543713274 1.7013439027287602 0.067379956543713274 1.7860642892653409 0.067379956543713274
1.8727664392296777 0.067379956543713274 1.961450352621771 0.067379956543713274 2.0521160294416205 0.067379956543713274 2.1447634696892264 0.067379956543713274
2.2393926733645881 0.067379956543713274 2.3360036404677067 0.067379956543713274 2.4345963709985812 0.067379956543713274 2.535170864957212 0.067379956543713274
2.6377271223435992 0.067379956543713274 2.7422651431577423 0.067379956543713274 2.8487849273996422 0.067379956543713274 2.957286475069298 0.067379956543713274
3.0677697861667101 0.067379956543713274 3.1802348606918787 0.067379956543713274 3.2946816986448035 0.067379956543713274 3.4111103000254843 0.067379956543713274
3.5295206648339219 0.067379956543713274 3.6499127930701154 0.067379956543713274 3.7722866847340653 0.067379956543713274 3.8966423398257715 0.067379956543713274
4.022979758345234 0.067379956543713274 4.1512989402924525 0.067379956543713274 4.2815998856674273 0.067379956543713274 4.4138825944701585 0.067379956543713274
4.5481470667006461 0.067379956543713274 4.68439330235889 0.067379956543713274 4.8226213014448902 0.067379956543713274 4.9628310639586459 0.067379956543713274
5.1050225899001589 0.067379956543713274 5.2491958792694273 0.067379956543713274 5.395350932066453 0.067379956543713274 5.5434877482912341 0.067379956543713274
5.6936063279437716 0.067379956543713274 5.8457066710240655 0.067379956543713274 5.9997887775321157 0.067379956543713274 6.1558526474679223 0.067379956543713274
6.3138982808314852 0.067379956543713274 6.4739256776228045 0.067379956543713274 6.6359348378418792 0.067379956543713274 6.7999257614887112 0.067379956543713274
6.9658984485632987 0.067379956543713274 7.1338528990656433 0.067379956543713274 7.3037891129957435 0.067379956543713274 7.4757070903536 0.067379956543713274
7.6496068311392129 0.067379956543713274 7.8254883353525821 0.067379956543713274 8.0033516029937068 0.067379956543713274 8.1831966340625897 0.067379956543713274
8.365023428559228 0.067379956543713274 8.5488319864836217 0.067379956543713274 8.7346223078357728 0.067379956543713274 8.9223943926156792 0.067379956543713274
9.112148240823343 0.067379956543713274 9.3038838524587621 0.067379956543713274 9.4976012275219368 0.067379956543713274 -0.075307010254738363 0.075802451111677438
-0.072829805970043029 0.075802451111677438 -0.06837083825759141 0.075802451111677438 -0.061930107117383525 0.075802451111677438 -0.053507612549419367 0.075802451111677438
-0.04310335455369893 0.075802451111677438 -0.030717333130222228 0.075802451111677438 -0.01634954827898925 0.075802451111677438 0.018331311706745523 0.075802451111677438
0.038644386841247318 0.075802451111677438 0.060939225403505388 0.075802451111677438 0.085215827393519725 0.075802451111677438 0.11147419281129034 0.075802451111677438
0.13971432165681724 0.075802451111677438 0.16993621393010039 0.075802451111677438 0.20213986963113983 0.075802451111677438 0.23632528875993553 0.075802451111677438
0.27249247131648752 0.075802451111677438 0.31064141730079575 0.075802451111677438 0.35077212671286029 0.075802451111677438 0.39288459955268107 0.075802451111677438
0.43697883582025815 0.075802451111677438 0.48305483551559147 0.075802451111677438 0.5311125986386811 0.075802451111677438 0.58115212518952697 0.075802451111677438
0.63317341516812919 0.075802451111677438 0.68717646857448755 0.075802451111677438 0.74316128540860227 0.075802451111677438 0.80112786567047323 0.075802451111677438
0.86107620936010054 0.075802451111677438 0.9230063164774841 0.075802451111677438 0.98691818702262379 0.075802451111677438 1.05281182099552 0.075802451111677438
1.1206872183961722 0.075802451111677438 1.1905443792245809 0.075802451111677438 1.2623833034807457 0.075802451111677438 1.3362039911646668 0.075802451111677438
1.4120064422763443 0.075802451111677438 1.4897906568157782 0.075802451111677438 1.5695566347829681 0.075802451111677438 1.6513043761779143 0.075802451111677438
1.7350338810006167 0.075802451111677438 1.8207451492510756 0.075802451111677438 1.9084381809292907 0.075802451111677438 1.9981129760352621 0.075802451111677438
2.0897695345689895 0.075802451111677438 2.1834078565304735 0.075802451111677438 2.2790279419197135 0.075802451111677438 2.3766297907367102 0.075802451111677438
2.4762134029814629 0.075802451111677438 2.5777787786539719 0.075802451111677438 2.6813259177542372 0.075802451111677438 2.7868548202822585 0.075802451111677438
2.8943654862380366 0.075802451111677438 3.0038579156215706 0.075802451111677438 3.1153321084328609 0.075802451111677438 3.2287880646719076 0.075802451111677438
3.3442257843387102 0.075802451111677438 3.4616452674332696 0.075802451111677438 3.5810465139555849 0.075802451111677438 3.7024295239056566 0.075802451111677438
3.8257942972834846 0.075802451111677438 3.951140834089069 0.075802451111677438 4.0784691343224093 0.075802451111677438 4.2077791979835064 0.075802451111677438
4.339071025072359 0.075802451111677438 4.4723446155889688 0.075802451111677438 4.6075999695333341 0.075802451111677438 4.7448370869054557 0.075802451111677438
4.8840559677053346 0.075802451111677438 5.0252566119329689 0.075802451111677438 5.1684390195883596 0.075802451111677438 5.3136031906715067 0.075802451111677438
5.4607491251824101 0.075802451111677438 5.6098768231210689 0.075802451111677438 5.7609862844874851 0.075802451111677438 5.9140775092816567 0.075802451111677438
6.0691504975035855 0.075802451111677438 6.2262052491532698 0.075802451111677438 6.3852417642307113 0.075802451111677438 6.5462600427359083 0.075802451111677438
6.7092600846688617 0.075802451111677438 6.8742418900295714 0.075802451111677438 7.0412054588180375 0.075802451111677438 7.210150791034259 0.075802451111677438
7.3810778866782378 0.075802451111677438 7.553986745749973 0.075802451111677438 7.7288773682494636 0.075802451111677438 7.9057497541767114 0.075802451111677438
8.0846039035317148 0.075802451111677438 8.2654398163144744 0.075802451111677438 8.4482574925249914 0.075802451111677438 8.6330569321632638 0.075802451111677438
8.8198381352292916 0.075802451111677438 9.0086011017230767 0.075802451111677438 9.1993458316446191 0.075802451111677438 9.3920723249939151 0.075802451111677438
9.5867805817709701 0.075802451111677438 -0.084720386536580664 0.084720386536580664 -0.083234063965763452 0.084720386536580664 -0.079765977967189983 0.084720386536580664
-0.074316128540860227 0.084720386536580664 -0.066884515686774212 0.084720386536580664 -0.057471139404931912 0.084720386536580664 -0.046075999695333339 0.084720386536580664
-0.032699096557978501 0.084720386536580664 -0.017340429992867386 0.084720386536580664 0.019322193420623659 0.084720386536580664 0.04062615026900359 0.084720386536580664
0.063911870545139804 0.084720386536580664 0.089179354249032269 0.084720386536580664 0.11642860138068102 0.084720386536580664 0.14565961194008606 0.084720386536580664
0.17687238592724736 0.084720386536580664 0.21006692334216492 0.084720386536580664 0.24524322418483877 0.084720386536580664 0.28240128845526885 0.084720386536580664
0.32154111615345526 0.084720386536580664 0.36266270727939792 0.084720386536580664 0.40576606183309682 0.084720386536580664 0.45085117981455208 0.084720386536580664
0.49791806122376353 0.084720386536580664 0.54696670606073128 0.084720386536580664 0.59799711432545533 0.084720386536580664 0.65100928601793562 0.084720386536580664
0.70600322113817215 0.084720386536580664 0.76297891968616505 0.084720386536580664 0.82193638166191418 0.084720386536580664 0.88287560706541957 0.084720386536580664
0.94579659589668119 0.084720386536580664 1.0106993481556992 0.084720386536580664 1.0775838638424733 0.084720386536580664 1.1464501429570038 0.084720386536580664
1.2172981854992906 0.084720386536580664 1.2901279914693335 0.084720386536580664 1.3649395608671329 0.084720386536580664 1.4417328936926885 0.084720386536580664
1.5205079899460003 0.084720386536580664 1.6012648496270685 0.084720386536580664 1.6840034727358928 0.084720386536580664 1.7687238592724734 0.084720386536580664
1.8554260092368104 0.084720386536580664 1.9441099226289036 0.084720386536580664 2.0347755994487531 0.084720386536580664 2.1274230396963589 0.084720386536580664
2.2220522433717207 0.084720386536580664 2.3186632104748393 0.084720386536580664 2.4172559410057137 0.084720386536580664 2.5178304349643446 0.084720386536580664
2.6203866923507317 0.084720386536580664 2.7249247131648753 0.084720386536580664 2.8314444974067747 0.084720386536580664 2.9399460450764305 0.084720386536580664
3.0504293561738427 0.084720386536580664 3.1628944306990112 0.084720386536580664 3.2773412686519361 0.084720386536580664 3.3937698700326173 0.084720386536580664
3.5121802348410545 0.084720386536580664 3.632572363077248 0.084720386536580664 3.7549462547411978 0.084720386536580664 3.879301909832904 0.084720386536580664
4.0056393283523661 0.084720386536580664 4.1339585102995846 0.084720386536580664 4.2642594556745603 0.084720386536580664 4.3965421644772915 0.084720386536580664
4.5308066367077791 0.084720386536580664 4.6670528723660221 0.084720386536580664 4.8052808714520223 0.084720386536580664 4.9454906339657789 0.084720386536580664
5.087682159907291 0.084720386536580664 5.2318554492765603 0.084720386536580664 5.3780105020735851 0.084720386536580664 5.5261473182983663 0.084720386536580664
5.6762658979509046 0.084720386536580664 5.8283662410311985 0.084720386536580664 5.9824483475392487 0.084720386536580664 6.1385122174750553 0.084720386536580664
6.2965578508386173 0.084720386536580664 6.4565852476299366 0.084720386536580664 6.6185944078490122 0.084720386536580664 6.7825853314958433 0.084720386536580664
6.9485580185704316 0.084720386536580664 7.1165124690727755 0.084720386536580664 7.2864486830028756 0.084720386536580664 7.458366660360733 0.084720386536580664
7.6322664011463459 0.084720386536580664 7.8081479053597151 0.084720386536580664 7.9860111730008398 0.084720386536580664 8.1658562040697227 0.084720386536580664
8.3476829985663592 0.084720386536580664 8.5314915564907547 0.084720386536580664 8.7172818778429058 0.084720386536580664 8.9050539626228122 0.084720386536580664
9.0948078108304742 0.084720386536580664 9.2865434224658934 0.084720386536580664 9.4802607975290698 0.084720386536580664 -0.093638321961483889 0.09413376281842295
-0.091161117676788542 0.09413376281842295 -0.086702149964336936 0.09413376281842295 -0.080261418824129044 0.09413376281842295 -0.071838924256164893 0.09413376281842295
-0.061434666260444457 0.09413376281842295 -0.049048644836967754 0.09413376281842295 -0.034680859985734773 0.09413376281842295 -0.018331311706745523 0.09413376281842295
0.020313075134501795 0.09413376281842295 0.042607913696759862 0.09413376281842295 0.066884515686774212 0.09413376281842295 0.093142881104544814 0.09413376281842295
0.1213830099500717 0.09413376281842295 0.15160490222335488 0.09413376281842295 0.18380855792439429 0.09413376281842295 0.21799397705319001 0.09413376281842295
0.254161159609742 0.09413376281842295 0.29231010559405024 0.09413376281842295 0.33244081500611478 0.09413376281842295 0.37455328784593556 0.09413376281842295
0.41864752411351264 0.09413376281842295 0.46472352380884596 0.09413376281842295 0.51278128693193559 0.09413376281842295 0.56282081348278146 0.09413376281842295
0.61484210346138368 0.09413376281842295 0.66884515686774204 0.09413376281842295 0.72482997370185676 0.09413376281842295 0.78279655396372771 0.09413376281842295
0.84274489765335503 0.09413376281842295 0.90467500477073848 0.09413376281842295 0.96858687531587828 0.09413376281842295 1.0344805092887743 0.09413376281842295
1.1023559066894266 0.09413376281842295 1.1722130675178353 0.09413376281842295 1.2440519917740003 0.09413376281842295 1.3178726794579214 0.09413376281842295
1.3936751305695989 0.09413376281842295 1.4714593451090325 0.09413376281842295 1.5512253230762225 0.09413376281842295 1.6329730644711689 0.09413376281842295
1.7167025692938713 0.09413376281842295 1.8024138375443302 0.09413376281842295 1.8901068692225451 0.09413376281842295 1.9797816643285164 0.09413376281842295
2.0714382228622443 0.09413376281842295 2.1650765448237279 0.09413376281842295 2.2606966302129683 0.09413376281842295 2.3582984790299646 0.09413376281842295
2.4578820912747172 0.09413376281842295 2.5594474669472262 0.09413376281842295 2.6629946060474916 0.09413376281842295 2.7685235085755129 0.09413376281842295
2.876034174531291 0.09413376281842295 2.9855266039148249 0.09413376281842295 3.0970007967261153 0.09413376281842295 3.210456752965162 0.09413376281842295
3.3258944726319646 0.09413376281842295 3.443313955726524 0.09413376281842295 3.5627152022488393 0.09413376281842295 3.684098212198911 0.09413376281842295
3.807462985576739 0.09413376281842295 3.9328095223823234 0.09413376281842295 4.0601378226156637 0.09413376281842295 4.1894478862767608 0.09413376281842295
4.3207397133656134 0.09413376281842295 4.4540133038822232 0.09413376281842295 4.5892686578265884 0.09413376281842295 4.726505775198711 0.09413376281842295
4.8657246559985889 0.09413376281842295 5.0069253002262233 0.09413376281842295 5.150107707881614 0.09413376281842295 5.295271878964761 0.09413376281842295
5.4424178134756644 0.09413376281842295 5.5915455114143233 0.09413376281842295 5.7426549727807394 0.09413376281842295 5.8957461975749119 0.09413376281842295
6.0508191857968399 0.09413376281842295 6.2078739374465242 0.09413376281842295 6.3669104525239657 0.09413376281842295 6.5279287310291627 0.09413376281842295
6.6909287729621161 0.09413376281842295 6.8559105783228258 0.09413376281842295 7.0228741471112919 0.09413376281842295 7.1918194793275143 0.09413376281842295
7.3627465749714922 0.09413376281842295 7.5356554340432274 0.09413376281842295 7.710546056542718 0.09413376281842295 7.8874184424699658 0.09413376281842295
8.0662725918249691 0.09413376281842295 8.2471085046077288 0.09413376281842295 8.4299261808182457 0.09413376281842295 8.6147256204565181 0.09413376281842295
8.801506823522546 0.09413376281842295 8.9902697900163311 0.09413376281842295 9.1810145199378734 0.09413376281842295 9.3737410132871695 0.09413376281842295
9.5684492700642245 0.09413376281842295 -0.10404257995720433 0.10404257995720431 -0.10255625738638711 0.10404257995720431 -0.099088171387813645 0.10404257995720431
-0.093638321961483889 0.10404257995720431 -0.086206709107397861 0.10404257995720431 -0.076793332825555574 0.10404257995720431 -0.065398193115957001 0.10404257995720431
-0.052021289978602163 0.10404257995720431 -0.036662623413491045 0.10404257995720431 -0.019322193420623659 0.10404257995720431 0.021303956848379931 0.10404257995720431
0.044589677124516135 0.10404257995720431 0.069857160828408621 0.10404257995720431 0.097106407960057373 0.10404257995720431 0.1263374185194624 0.10404257995720431
0.15755019250662369 0.10404257995720431 0.19074472992154126 0.10404257995720431 0.2259210307642151 0.10404257995720431 0.26307909503464522 0.10404257995720431
0.30221892273283157 0.10404257995720431 0.34334051385877423 0.10404257995720431 0.38644386841247319 0.10404257995720431 0.43152898639392839 0.10404257995720431
0.4785958678031399 0.10404257995720431 0.52764451264010759 0.10404257995720431 0.57867492090483164 0.10404257995720431 0.63168709259731193 0.10404257995720431
0.68668102771754846 0.10404257995720431 0.74365672626554136 0.10404257995720431 0.80261418824129049 0.10404257995720431 0.86355341364479588 0.10404257995720431
0.9264744024760575 0.10404257995720431 0.99137715473507548 0.10404257995720431 1.0582616704218497 0.10404257995720431 1.1271279495363802 0.10404257995720431
1.1979759920786668 0.10404257995720431 1.27080579804871 0.10404257995720431 1.3456173674465093 0.10404257995720431 1.4224107002720647 0.10404257995720431
1.5011857965253765 0.10404257995720431 1.5819426562064447 0.10404257995720431 1.6646812793152692 0.10404257995720431 1.7494016658518499 0.10404257995720431
1.8361038158161866 0.10404257995720431 1.92478772920828 0.10404257995720431 2.0154534060281293 0.10404257995720431 2.1081008462757351 0.10404257995720431
2.2027300499510973 0.10404257995720431 2.2993410170542155 0.10404257995720431 2.3979337475850899 0.10404257995720431 2.4985082415437208 0.10404257995720431
2.6010644989301079 0.10404257995720431 2.7056025197442515 0.10404257995720431 2.8121223039861509 0.10404257995720431 2.9206238516558072 0.10404257995720431
3.0311071627532193 0.10404257995720431 3.1435722372783879 0.10404257995720431 3.2580190752313123 0.10404257995720431 3.3744476766119935 0.10404257995720431
3.4928580414204307 0.10404257995720431 3.6132501696566242 0.10404257995720431 3.735624061320574 0.10404257995720431 3.8599797164122802 0.10404257995720431
3.9863171349317428 0.10404257995720431 4.1146363168789613 0.10404257995720431 4.2449372622539361 0.10404257995720431 4.3772199710566673 0.10404257995720431
4.5114844432871548 0.10404257995720431 4.6477306789453987 0.10404257995720431 4.785958678031399 0.10404257995720431 4.9261684405451547 0.10404257995720431
5.0683599664866676 0.10404257995720431 5.2125332558559361 0.10404257995720431 5.3586883086529618 0.10404257995720431 5.5068251248777429 0.10404257995720431
5.6569437045302804 0.10404257995720431 5.8090440476105742 0.10404257995720431 5.9631261541186245 0.10404257995720431 6.119190024054431 0.10404257995720431
6.2772356574179939 0.10404257995720431 6.4372630542093132 0.10404257995720431 6.599272214428388 0.10404257995720431 6.7632631380752199 0.10404257995720431
6.9292358251498074 0.10404257995720431 7.0971902756521521 0.10404257995720431 7.2671264895822523 0.10404257995720431 7.4390444669401088 0.10404257995720431
7.6129442077257217 0.10404257995720431 7.7888257119390909 0.10404257995720431 7.9666889795802165 0.10404257995720431 8.1465340106490984 0.10404257995720431
8.3283608051457367 0.10404257995720431 8.5121693630701305 0.10404257995720431 8.6979596844222815 0.10404257995720431 8.885731769202188 0.10404257995720431
9.0754856174098517 0.10404257995720431 9.2672212290452709 0.10404257995720431 9.4609386041084456 0.10404257995720431 -0.11395139709598569 0.11444683795292475
-0.11147419281129034 0.11444683795292475 -0.10701522509883873 0.11444683795292475 -0.10057449395863084 0.11444683795292475 -0.092151999390666678 0.11444683795292475
-0.081747741394946255 0.11444683795292475 -0.069361719971469546 0.11444683795292475 -0.054993935120236571 0.11444683795292475 -0.038644386841247318 0.11444683795292475
-0.020313075134501795 0.11444683795292475 0.022294838562258067 0.11444683795292475 0.046571440552272407 0.11444683795292475 0.072829805970043029 0.11444683795292475
0.10106993481556992 0.11444683795292475 0.13129182708885306 0.11444683795292475 0.16349548278989251 0.11444683795292475 0.1976809019186882 0.11444683795292475
0.23384808447524019 0.11444683795292475 0.27199703045954843 0.11444683795292475 0.31212773987161296 0.11444683795292475 0.35424021271143374 0.11444683795292475
0.39833444897901082 0.11444683795292475 0.44441044867434415 0.11444683795292475 0.49246821179743377 0.11444683795292475 0.5425077383482797 0.11444683795292475
0.59452902832688181 0.11444683795292475 0.64853208173324028 0.11444683795292475 0.704516898567355 0.11444683795292475 0.76248347882922596 0.11444683795292475
0.82243182251885316 0.11444683795292475 0.88436192963623672 0.11444683795292475 0.94827380018137652 0.11444683795292475 1.0141674341542726 0.11444683795292475
1.0820428315549249 0.11444683795292475 1.1518999923833335 0.11444683795292475 1.2237389166394985 0.11444683795292475 1.2975596043234197 0.11444683795292475
1.3733620554350969 0.11444683795292475 1.4511462699745308 0.11444683795292475 1.5309122479417208 0.11444683795292475 1.6126599893366669 0.11444683795292475
1.6963894941593696 0.11444683795292475 1.7821007624098284 0.11444683795292475 1.8697937940880434 0.11444683795292475 1.9594685891940147 0.11444683795292475
2.0511251477277423 0.11444683795292475 2.1447634696892264 0.11444683795292475 2.2403835550784663 0.11444683795292475 2.3379854038954626 0.11444683795292475
2.4375690161402157 0.11444683795292475 2.5391343918127247 0.11444683795292475 2.6426815309129896 0.11444683795292475 2.7482104334410113 0.11444683795292475
2.855721099396789 0.11444683795292475 2.965213528780323 0.11444683795292475 3.0766877215916133 0.11444683795292475 3.19014367783066 0.11444683795292475
3.305581397497463 0.11444683795292475 3.423000880592022 0.11444683795292475 3.5424021271143378 0.11444683795292475 3.6637851370644094 0.11444683795292475
3.7871499104422375 0.11444683795292475 3.9124964472478214 0.11444683795292475 4.0398247474811617 0.11444683795292475 4.1691348111422588 0.11444683795292475
4.3004266382311123 0.11444683795292475 4.4337002287477212 0.11444683795292475 4.5689555826920865 0.11444683795292475 4.706192700064209 0.11444683795292475
4.845411580864087 0.11444683795292475 4.9866122250917213 0.11444683795292475 5.129794632747112 0.11444683795292475 5.2749588038302591 0.11444683795292475
5.4221047383411625 0.11444683795292475 5.5712324362798222 0.11444683795292475 5.7223418976462375 0.11444683795292475 5.8754331224404099 0.11444683795292475
6.0305061106623379 0.11444683795292475 6.1875608623120231 0.11444683795292475 6.3465973773894637 0.11444683795292475 6.5076156558946607 0.11444683795292475
6.6706156978276141 0.11444683795292475 6.8355975031883238 0.11444683795292475 7.0025610719767899 0.11444683795292475 7.1715064041930123 0.11444683795292475
7.3424334998369902 0.11444683795292475 7.5153423589087254 0.11444683795292475 7.6902329814082169 0.11444683795292475 7.8671053673354638 0.11444683795292475
8.045959516690468 0.11444683795292475 8.2267954294732277 0.11444683795292475 8.4096131056837429 0.11444683795292475 8.5944125453220153 0.11444683795292475
8.7811937483880449 0.11444683795292475 8.96995671488183 0.11444683795292475 9.1607014448033706 0.11444683795292475 9.3534279381526684 0.11444683795292475
9.5481361949297217 0.11444683795292475 -0.12534653680558425 0.12534653680558425 -0.12386021423476705 0.12534653680558425 -0.12039212823619357 0.12534653680558425
-0.11494227880986382 0.12534653680558425 -0.1075106659557778 0.12534653680558425 -0.098097289673935509 0.12534653680558425 -0.086702149964336936 0.12534653680558425
-0.073325246826982091 0.12534653680558425 -0.05796658026187098 0.12534653680558425 -0.04062615026900359 0.12534653680558425 -0.021303956848379931 0.12534653680558425
0.023285720276136204 0.12534653680558425 0.048553203980028686 0.12534653680558425 0.075802451111677438 0.12534653680558425 0.10503346167108246 0.12534653680558425
0.13624623565824376 0.12534653680558425 0.16944077307316133 0.12534653680558425 0.20461707391583517 0.12534653680558425 0.24177513818626528 0.12534653680558425
0.28091496588445164 0.12534653680558425 0.32203655701039435 0.12534653680558425 0.36513991156409326 0.12534653680558425 0.41022502954554846 0.12534653680558425
0.45729191095475996 0.12534653680558425 0.50634055579172765 0.12534653680558425 0.5573709640564517 0.12534653680558425 0.61038313574893199 0.12534653680558425
0.66537707086916853 0.12534653680558425 0.72235276941716142 0.12534653680558425 0.78131023139291056 0.12534653680558425 0.84224945679641594 0.12534653680558425
0.90517044562767757 0.12534653680558425 0.97007319788669555 0.12534653680558425 1.0369577135734698 0.12534653680558425 1.1058239926880002 0.12534653680558425
1.1766720352302871 0.12534653680558425 1.24950184120033 0.12534653680558425 1.3243134105981293 0.12534653680558425 1.4011067434236848 0.12534653680558425
1.4798818396769966 0.12534653680558425 1.5606386993580648 0.12534653680558425 1.6433773224668893 0.12534653680558425 1.7280977090034699 0.12534653680558425
1.8147998589678067 0.12534653680558425 1.9034837723599001 0.12534653680558425 1.9941494491797496 0.12534653680558425 2.0867968894273554 0.12534653680558425
2.1814260931027172 0.12534653680558425 2.2780370602058357 0.12534653680558425 2.3766297907367102 0.12534653680558425 2.477204284695341 0.12534653680558425
2.5797605420817282 0.12534653680558425 2.6842985628958713 0.12534653680558425 2.7908183471377712 0.12534653680558425 2.899319894807427 0.12534653680558425
3.0098032059048392 0.12534653680558425 3.1222682804300077 0.12534653680558425 3.2367151183829326 0.12534653680558425 3.3531437197636134 0.12534653680558425
3.4715540845720509 0.12534653680558425 3.5919462128082444 0.12534653680558425 3.7143201044721943 0.12534653680558425 3.8386757595639005 0.12534653680558425
3.9650131780833626 0.12534653680558425 4.0933323600305815 0.12534653680558425 4.2236333054055564 0.12534653680558425 4.3559160142082876 0.12534653680558425
4.4901804864387751 0.12534653680558425 4.626426722097019 0.12534653680558425 4.7646547211830192 0.12534653680558425 4.904864483696775 0.12534653680558425
5.0470560096382879 0.12534653680558425 5.1912292990075564 0.12534653680558425 5.337384351804582 0.12534653680558425 5.4855211680293632 0.12534653680558425
5.6356397476819007 0.12534653680558425 5.7877400907621945 0.12534653680558425 5.9418221972702447 0.12534653680558425 6.0978860672060513 0.12534653680558425
6.2559317005696142 0.12534653680558425 6.4159590973609335 0.12534653680558425 6.5779682575800082 0.12534653680558425 6.7419591812268402 0.12534653680558425
6.9079318683014277 0.12534653680558425 7.0758863188037724 0.12534653680558425 7.2458225327338726 0.12534653680558425 7.4177405100917291 0.12534653680558425
7.591640250877342 0.12534653680558425 7.7675217550907112 0.12534653680558425 7.9453850227318368 0.12534653680558425 8.1252300538007187 0.12534653680558425
8.307056848297357 0.12534653680558425 8.4908654062217508 0.12534653680558425 8.6766557275739018 0.12534653680558425 8.8644278123538083 0.12534653680558425
9.054181660561472 0.12534653680558425 9.2459172721968912 0.12534653680558425 9.4396346472600658 0.12534653680558425 -0.13624623565824376 0.13674167651518282
-0.13376903137354842 0.13674167651518282 -0.12931006366109679 0.13674167651518282 -0.12286933252088891 0.13674167651518282 -0.11444683795292475 0.13674167651518282
-0.10404257995720433 0.13674167651518282 -0.091656558533727617 0.13674167651518282 -0.077288773682494635 0.13674167651518282 -0.060939225403505388 0.13674167651518282
-0.042607913696759862 0.13674167651518282 -0.022294838562258067 0.13674167651518282 0.024276601990014343 0.13674167651518282 0.050534967407784959 0.13674167651518282
0.078775096253311847 0.13674167651518282 0.10899698852659501 0.13674167651518282 0.14120064422763443 0.13674167651518282 0.17538606335643014 0.13674167651518282
0.21155324591298211 0.13674167651518282 0.24970219189729037 0.13674167651518282 0.28983290130935491 0.13674167651518282 0.33194537414917569 0.13674167651518282
0.37603961041675277 0.13674167651518282 0.42211561011208609 0.13674167651518282 0.47017337323517572 0.13674167651518282 0.52021289978602159 0.13674167651518282
0.57223418976462381 0.13674167651518282 0.62623724317098217 0.13674167651518282 0.68222206000509689 0.13674167651518282 0.74018864026696785 0.13674167651518282
0.80013698395659516 0.13674167651518282 0.86206709107397861 0.13674167651518282 0.92597896161911841 0.13674167651518282 0.99187259559201457 0.13674167651518282
1.059747992992667 0.13674167651518282 1.1296051538210754 0.13674167651518282 1.2014440780772404 0.13674167651518282 1.2752647657611615 0.13674167651518282
1.351067216872839 0.13674167651518282 1.4288514314122727 0.13674167651518282 1.5086174093794626 0.13674167651518282 1.590365150774409 0.13674167651518282
1.6740946555971115 0.13674167651518282 1.7598059238475703 0.13674167651518282 1.8474989555257852 0.13674167651518282 1.9371737506317566 0.13674167651518282
2.0288303091654845 0.13674167651518282 2.122468631126968 0.13674167651518282 2.2180887165162084 0.13674167651518282 2.3156905653332047 0.13674167651518282
2.4152741775779574 0.13674167651518282 2.5168395532504664 0.13674167651518282 2.6203866923507317 0.13674167651518282 2.725915594878753 0.13674167651518282
2.8334262608345311 0.13674167651518282 2.9429186902180651 0.13674167651518282 3.0543928830293554 0.13674167651518282 3.1678488392684021 0.13674167651518282
3.2832865589352047 0.13674167651518282 3.4007060420297641 0.13674167651518282 3.5201072885520794 0.13674167651518282 3.6414902985021511 0.13674167651518282
3.7648550718799791 0.13674167651518282 3.8902016086855635 0.13674167651518282 4.0175299089189043 0.13674167651518282 4.1468399725800005 0.13674167651518282
4.2781317996688539 0.13674167651518282 4.4114053901854628 0.13674167651518282 4.546660744129829 0.13674167651518282 4.6838978615019506 0.13674167651518282
4.8231167423018286 0.13674167651518282 4.964317386529463 0.13674167651518282 5.1074997941848537 0.13674167651518282 5.2526639652680007 0.13674167651518282
5.3998098997789041 0.13674167651518282 5.5489375977175639 0.13674167651518282 5.70004705908398 0.13674167651518282 5.8531382838781516 0.13674167651518282
6.0082112721000804 0.13674167651518282 6.1652660237497647 0.13674167651518282 6.3243025388272054 0.13674167651518282 6.4853208173324024 0.13674167651518282
6.6483208592653558 0.13674167651518282 6.8133026646260655 0.13674167651518282 6.9802662334145316 0.13674167651518282 7.149211565630754 0.13674167651518282
7.3201386612747328 0.13674167651518282 7.493047520346467 0.13674167651518282 7.6679381428459585 0.13674167651518282 7.8448105287732055 0.13674167651518282
8.0236646781282097 0.13674167651518282 8.2045005909109694 0.13674167651518282 8.3873182671214863 0.13674167651518282 8.5721177067597587 0.13674167651518282
8.7588989098257866 0.13674167651518282 8.9476618763195717 0.13674167651518282 9.1384066062411122 0.13674167651518282 9.33113309959041 0.13674167651518282
9.5258413563674633 0.13674167651518282 -0.14863225708172045 0.14863225708172048 -0.14714593451090324 0.14863225708172048 -0.14367784851232979 0.14863225708172048
-0.13822799908600003 0.14863225708172048 -0.130796386231914 0.14863225708172048 -0.1213830099500717 0.14863225708172048 -0.10998787024047314 0.14863225708172048
-0.096610967103118298 0.14863225708172048 -0.08125230053800718 0.14863225708172048 -0.063911870545139804 0.14863225708172048 -0.044589677124516135 0.14863225708172048
-0.023285720276136204 0.14863225708172048 0.025267483703892479 0.14863225708172048 0.052516730835541231 0.14863225708172048 0.081747741394946255 0.14863225708172048
0.11296051538210755 0.14863225708172048 0.14615505279702512 0.14863225708172048 0.18133135363969896 0.14863225708172048 0.21848941791012907 0.14863225708172048
0.25762924560831546 0.14863225708172048 0.29875083673425812 0.14863225708172048 0.34185419128795708 0.14863225708172048 0.38693930926941228 0.14863225708172048
0.43400619067862373 0.14863225708172048 0.48305483551559147 0.14863225708172048 0.53408524378031552 0.14863225708172048 0.58709741547279581 0.14863225708172048
0.64209135059303235 0.14863225708172048 0.69906704914102524 0.14863225708172048 0.75802451111677438 0.14863225708172048 0.81896373652027976 0.14863225708172048
0.88188472535154139 0.14863225708172048 0.94678747761055937 0.14863225708172048 1.0136719932973335 0.14863225708172048 1.082538272411864 0.14863225708172048
1.1533863149541508 0.14863225708172048 1.2262161209241937 0.14863225708172048 1.3010276903219931 0.14863225708172048 1.3778210231475487 0.14863225708172048
1.4565961194008605 0.14863225708172048 1.5373529790819287 0.14863225708172048 1.620091602190753 0.14863225708172048 1.7048119887273336 0.14863225708172048
1.7915141386916706 0.14863225708172048 1.8801980520837638 0.14863225708172048 1.9708637289036133 0.14863225708172048 2.0635111691512189 0.14863225708172048
2.1581403728265811 0.14863225708172048 2.2547513399296992 0.14863225708172048 2.3533440704605741 0.14863225708172048 2.453918564419205 0.14863225708172048
2.5564748218055917 0.14863225708172048 2.6610128426197353 0.14863225708172048 2.7675326268616351 0.14863225708172048 2.876034174531291 0.14863225708172048
2.9865174856287031 0.14863225708172048 3.0989825601538716 0.14863225708172048 3.2134293981067965 0.14863225708172048 3.3298579994874773 0.14863225708172048
3.4482683642959144 0.14863225708172048 3.5686604925321084 0.14863225708172048 3.6910343841960582 0.14863225708172048 3.815390039287764 0.14863225708172048
3.9417274578072266 0.14863225708172048 4.0700466397544455 0.14863225708172048 4.2003475851294203 0.14863225708172048 4.3326302939321515 0.14863225708172048
4.466894766162639 0.14863225708172048 4.6031410018208829 0.14863225708172048 4.7413690009068823 0.14863225708172048 4.8815787634206389 0.14863225708172048
5.0237702893621519 0.14863225708172048 5.1679435787314203 0.14863225708172048 5.3140986315284451 0.14863225708172048 5.4622354477532271 0.14863225708172048
5.6123540274057646 0.14863225708172048 5.7644543704860585 0.14863225708172048 5.9185364769941087 0.14863225708172048 6.0746003469299152 0.14863225708172048
6.2326459802934782 0.14863225708172048 6.3926733770847965 0.14863225708172048 6.5546825373038722 0.14863225708172048 6.7186734609507042 0.14863225708172048
6.8846461480252916 0.14863225708172048 7.0526005985276354 0.14863225708172048 7.2225368124577365 0.14863225708172048 7.394454789815593 0.14863225708172048
7.5683545306012059 0.14863225708172048 7.7442360348145751 0.14863225708172048 7.9220993024557007 0.14863225708172048 8.1019443335245818 0.14863225708172048
8.2837711280212201 0.14863225708172048 8.4675796859456138 0.14863225708172048 8.6533700072977648 0.14863225708172048 8.8411420920776713 0.14863225708172048
9.030895940285335 0.14863225708172048 9.2226315519207542 0.14863225708172048 9.4163489269839307 0.14863225708172048 -0.16052283764825809 0.16101827850519718
-0.15804563336356275 0.16101827850519718 -0.15358666565111115 0.16101827850519718 -0.14714593451090324 0.16101827850519718 -0.13872343994293909 0.16101827850519718
-0.12831918194721867 0.16101827850519718 -0.11593316052374196 0.16101827850519718 -0.10156537567250898 0.16101827850519718 -0.085215827393519725 0.16101827850519718
-0.066884515686774212 0.16101827850519718 -0.046571440552272407 0.16101827850519718 -0.024276601990014343 0.16101827850519718 0.026258365417770616 0.16101827850519718
0.054498494263297503 0.16101827850519718 0.084720386536580664 0.16101827850519718 0.1169240422376201 0.16101827850519718 0.15110946136641579 0.16101827850519718
0.18727664392296778 0.16101827850519718 0.22542558990727604 0.16101827850519718 0.26555629931934055 0.16101827850519718 0.30766877215916133 0.16101827850519718
0.35176300842673841 0.16101827850519718 0.39783900812207174 0.16101827850519718 0.44589677124516136 0.16101827850519718 0.49593629779600729 0.16101827850519718
0.54795758777460946 0.16101827850519718 0.60196064118096781 0.16101827850519718 0.65794545801508253 0.16101827850519718 0.71591203827695349 0.16101827850519718
0.7758603819665808 0.16101827850519718 0.83779048908396436 0.16101827850519718 0.90170235962910417 0.16101827850519718 0.96759599360200022 0.16101827850519718
1.0354713910026525 0.16101827850519718 1.1053285518310612 0.16101827850519718 1.1771674760872259 0.16101827850519718 1.2509881637711473 0.16101827850519718
1.3267906148828246 0.16101827850519718 1.4045748294222584 0.16101827850519718 1.4843408073894484 0.16101827850519718 1.5660885487843945 0.16101827850519718
1.649818053607097 0.16101827850519718 1.7355293218575558 0.16101827850519718 1.823222353535771 0.16101827850519718 1.9128971486417423 0.16101827850519718
2.0045537071754698 0.16101827850519718 2.0981920291369538 0.16101827850519718 2.1938121145261942 0.16101827850519718 2.2914139633431905 0.16101827850519718
2.3909975755879431 0.16101827850519718 2.4925629512604521 0.16101827850519718 2.5961100903607175 0.16101827850519718 2.7016389928887388 0.16101827850519718
2.8091496588445168 0.16101827850519718 2.9186420882280508 0.16101827850519718 3.0301162810393412 0.16101827850519718 3.1435722372783879 0.16101827850519718
3.2590099569451905 0.16101827850519718 3.3764294400397499 0.16101827850519718 3.4958306865620652 0.16101827850519718 3.6172136965121369 0.16101827850519718
3.7405784698899649 0.16101827850519718 3.8659250066955493 0.16101827850519718 3.9932533069288896 0.16101827850519718 4.1225633705899867 0.16101827850519718
4.2538551976788392 0.16101827850519718 4.387128788195449 0.16101827850519718 4.5223841421398143 0.16101827850519718 4.659621259511936 0.16101827850519718
4.7988401403118148 0.16101827850519718 4.9400407845394492 0.16101827850519718 5.0832231921948399 0.16101827850519718 5.2283873632779869 0.16101827850519718
5.3755332977888903 0.16101827850519718 5.5246609957275492 0.16101827850519718 5.6757704570939653 0.16101827850519718 5.8288616818881369 0.16101827850519718
5.9839346701100657 0.16101827850519718 6.14098942175975 0.16101827850519718 6.3000259368371916 0.16101827850519718 6.4610442153423886 0.16101827850519718
6.624044257275342 0.16101827850519718 6.7890260626360517 0.16101827850519718 6.9559896314245178 0.16101827850519718 7.1249349636407393 0.16101827850519718
7.2958620592847181 0.16101827850519718 7.4687709183564532 0.16101827850519718 7.6436615408559438 0.16101827850519718 7.8205339267831917 0.16101827850519718
7.999388076138195 0.16101827850519718 8.1802239889209556 0.16101827850519718 8.3630416651314707 0.16101827850519718 8.5478411047697431 0.16101827850519718
8.7346223078357728 0.16101827850519718 8.9233852743295579 0.16101827850519718 9.1141300042510984 0.16101827850519718 9.3068564976003962 0.16101827850519718
9.5015647543774495 0.16101827850519718 -0.17389974078561293 0.17389974078561293 -0.17241341821479572 0.17389974078561293 -0.16894533221622227 0.17389974078561293
-0.16349548278989251 0.17389974078561293 -0.15606386993580648 0.17389974078561293 -0.14665049365396418 0.17389974078561293 -0.13525535394436561 0.17389974078561293
-0.12187845080701078 0.17389974078561293 -0.10651978424189966 0.17389974078561293 -0.089179354249032269 0.17389974078561293 -0.069857160828408621 0.17389974078561293
-0.048553203980028686 0.17389974078561293 -0.025267483703892479 0.17389974078561293 0.027249247131648752 0.17389974078561293 0.056480257691053776 0.17389974078561293
0.087693031678215072 0.17389974078561293 0.12088756909313264 0.17389974078561293 0.15606386993580648 0.17389974078561293 0.1932219342062366 0.17389974078561293
0.23236176190442298 0.17389974078561293 0.27348335303036564 0.17389974078561293 0.3165867075840646 0.17389974078561293 0.3616718255655198 0.17389974078561293
0.40873870697473125 0.17389974078561293 0.45778735181169899 0.17389974078561293 0.50881776007642299 0.17389974078561293 0.56182993176890328 0.17389974078561293
0.61682386688913993 0.17389974078561293 0.67379956543713271 0.17389974078561293 0.73275702741288185 0.17389974078561293 0.79369625281638723 0.17389974078561293
0.85661724164764896 0.17389974078561293 0.92151999390666683 0.17389974078561293 0.98840450959344106 0.17389974078561293 1.0572707887079715 0.17389974078561293
1.1281188312502584 0.17389974078561293 1.2009486372203013 0.17389974078561293 1.2757602066181006 0.17389974078561293 1.3525535394436561 0.17389974078561293
1.4313286356969681 0.17389974078561293 1.512085495378036 0.17389974078561293 1.5948241184868606 0.17389974078561293 1.6795445050234412 0.17389974078561293
1.7662466549877782 0.17389974078561293 1.8549305683798714 0.17389974078561293 1.9455962451997209 0.17389974078561293 2.0382436854473265 0.17389974078561293
2.1328728891226887 0.17389974078561293 2.2294838562258068 0.17389974078561293 2.3280765867566813 0.17389974078561293 2.4286510807153121 0.17389974078561293
2.5312073381016993 0.17389974078561293 2.6357453589158428 0.17389974078561293 2.7422651431577423 0.17389974078561293 2.8507666908273985 0.17389974078561293
2.9612500019248107 0.17389974078561293 3.0737150764499792 0.17389974078561293 3.1881619144029036 0.17389974078561293 3.3045905157835849 0.17389974078561293
3.423000880592022 0.17389974078561293 3.5433930088282155 0.17389974078561293 3.6657669004921654 0.17389974078561293 3.7901225555838716 0.17389974078561293
3.9164599741033341 0.17389974078561293 4.044779156050553 0.17389974078561293 4.1750801014255279 0.17389974078561293 4.3073628102282591 0.17389974078561293
4.4416272824587466 0.17389974078561293 4.5778735181169905 0.17389974078561293 4.7161015172029899 0.17389974078561293 4.8563112797167465 0.17389974078561293
4.9985028056582594 0.17389974078561293 5.1426760950275279 0.17389974078561293 5.2888311478245527 0.17389974078561293 5.4369679640493347 0.17389974078561293
5.5870865437018722 0.17389974078561293 5.739186886782166 0.17389974078561293 5.8932689932902163 0.17389974078561293 6.0493328632260228 0.17389974078561293
6.2073784965895857 0.17389974078561293 6.3674058933809041 0.17389974078561293 6.5294150535999798 0.17389974078561293 6.6934059772468117 0.17389974078561293
6.8593786643213992 0.17389974078561293 7.027333114823743 0.17389974078561293 7.1972693287538441 0.17389974078561293 7.3691873061117006 0.17389974078561293
7.5430870468973135 0.17389974078561293 7.7189685511106827 0.17389974078561293 7.8968318187518083 0.17389974078561293 8.0766768498206893 0.17389974078561293
8.2585036443173276 0.17389974078561293 8.4423122022417214 0.17389974078561293 8.6281025235938724 0.17389974078561293 8.8158746083737789 0.17389974078561293
9.0056284565814426 0.17389974078561293 9.1973640682168618 0.17389974078561293 9.3910814432800382 0.17389974078561293 -0.18678120306602872 0.18727664392296778
-0.18430399878133336 0.18727664392296778 -0.17984503106888175 0.18727664392296778 -0.17340429992867387 0.18727664392296778 -0.16498180536070972 0.18727664392296778
-0.15457754736498927 0.18727664392296778 -0.14219152594151258 0.18727664392296778 -0.12782374109027961 0.18727664392296778 -0.11147419281129034 0.18727664392296778
-0.093142881104544814 0.18727664392296778 -0.072829805970043029 0.18727664392296778 -0.050534967407784959 0.18727664392296778 -0.026258365417770616 0.18727664392296778
0.028240128845526888 0.18727664392296778 0.058462021118810048 0.18727664392296778 0.090665676819849481 0.18727664392296778 0.12485109594864519 0.18727664392296778
0.16101827850519718 0.18727664392296778 0.19916722448950541 0.18727664392296778 0.23929793390156995 0.18727664392296778 0.28141040674139073 0.18727664392296778
0.32550464300896781 0.18727664392296778 0.37158064270430113 0.18727664392296778 0.41963840582739076 0.18727664392296778 0.46967793237823663 0.18727664392296778
0.52169922235683885 0.18727664392296778 0.57570227576319721 0.18727664392296778 0.63168709259731193 0.18727664392296778 0.68965367285918289 0.18727664392296778
0.7496020165488102 0.18727664392296778 0.81153212366619365 0.18727664392296778 0.87544399421133345 0.18727664392296778 0.94133762818422961 0.18727664392296778
1.0092130255848819 0.18727664392296778 1.0790701864132906 0.18727664392296778 1.1509091106694553 0.18727664392296778 1.2247297983533765 0.18727664392296778
1.300532249465054 0.18727664392296778 1.3783164640044878 0.18727664392296778 1.4580824419716778 0.18727664392296778 1.5398301833666239 0.18727664392296778
1.6235596881893264 0.18727664392296778 1.7092709564397852 0.18727664392296778 1.7969639881180004 0.18727664392296778 1.8866387832239717 0.18727664392296778
1.9782953417576994 0.18727664392296778 2.0719336637191832 0.18727664392296778 2.1675537491084231 0.18727664392296778 2.2651555979254199 0.18727664392296778
2.3647392101701725 0.18727664392296778 2.4663045858426815 0.18727664392296778 2.5698517249429469 0.18727664392296778 2.6753806274709682 0.18727664392296778
2.7828912934267462 0.18727664392296778 2.8923837228102802 0.18727664392296778 3.0038579156215706 0.18727664392296778 3.1173138718606173 0.18727664392296778
3.2327515915274199 0.18727664392296778 3.3501710746219793 0.18727664392296778 3.4695723211442946 0.18727664392296778 3.5909553310943663 0.18727664392296778
3.7143201044721943 0.18727664392296778 3.8396666412777787 0.18727664392296778 3.966994941511119 0.18727664392296778 4.0963050051722156 0.18727664392296778
4.2275968322610691 0.18727664392296778 4.360870422777678 0.18727664392296778 4.4961257767220442 0.18727664392296778 4.6333628940941658 0.18727664392296778
4.7725817748940438 0.18727664392296778 4.9137824191216781 0.18727664392296778 5.0569648267770688 0.18727664392296778 5.2021289978602159 0.18727664392296778
5.3492749323711193 0.18727664392296778 5.498402630309779 0.18727664392296778 5.6495120916761943 0.18727664392296778 5.8026033164703668 0.18727664392296778
5.9576763046922947 0.18727664392296778 6.1147310563419799 0.18727664392296778 6.2737675714194205 0.18727664392296778 6.4347858499246176 0.18727664392296778
6.5977858918575709 0.18727664392296778 6.7627676972182806 0.18727664392296778 6.9297312660067467 0.18727664392296778 7.0986765982229691 0.18727664392296778
7.2696036938669479 0.18727664392296778 7.4425125529386822 0.18727664392296778 7.6174031754381737 0.18727664392296778 7.7942755613654207 0.18727664392296778
7.9731297107204249 0.18727664392296778 8.1539656235031845 0.18727664392296778 8.3367832997136997 0.18727664392296778 8.5215827393519721 0.18727664392296778
8.7083639424180017 0.18727664392296778 8.8971269089117868 0.18727664392296778 9.0878716388333274 0.18727664392296778 9.2805981321826252 0.18727664392296778
9.4753063889596785 0.18727664392296778 -0.20114898791726168 0.20114898791726168 -0.19966266534644447 0.20114898791726168 -0.19619457934787102 0.20114898791726168
-0.19074472992154126 0.20114898791726168 -0.18331311706745523 0.20114898791726168 -0.17389974078561293 0.20114898791726168 -0.16250460107601436 0.20114898791726168
-0.14912769793865951 0.20114898791726168 -0.13376903137354842 0.20114898791726168 -0.11642860138068102 0.20114898791726168 -0.097106407960057373 0.20114898791726168
-0.075802451111677438 0.20114898791726168 -0.052516730835541231 0.20114898791726168 -0.027249247131648752 0.20114898791726168 0.029231010559405024 0.20114898791726168
0.06044378454656632 0.20114898791726168 0.093638321961483889 0.20114898791726168 0.12881462280415773 0.20114898791726168 0.16597268707458784 0.20114898791726168
0.20511251477277423 0.20114898791726168 0.24623410589871689 0.20114898791726168 0.28933746045241582 0.20114898791726168 0.33442257843387102 0.20114898791726168
0.38148945984308252 0.20114898791726168 0.43053810468005027 0.20114898791726168 0.48156851294477426 0.20114898791726168 0.53458068463725461 0.20114898791726168
0.58957461975749115 0.20114898791726168 0.64655031830548404 0.20114898791726168 0.70550778028123307 0.20114898791726168 0.76644700568473845 0.20114898791726168
0.82936799451600018 0.20114898791726168 0.89427074677501805 0.20114898791726168 0.96115526246179228 0.20114898791726168 1.0300215415763228 0.20114898791726168
1.1008695841186096 0.20114898791726168 1.1736993900886525 0.20114898791726168 1.2485109594864519 0.20114898791726168 1.3253042923120075 0.20114898791726168
1.4040793885653193 0.20114898791726168 1.4848362482463873 0.20114898791726168 1.5675748713552118 0.20114898791726168 1.6522952578917924 0.20114898791726168
1.7389974078561294 0.20114898791726168 1.8276813212482226 0.20114898791726168 1.9183469980680721 0.20114898791726168 2.0109944383156777 0.20114898791726168
2.1056236419910399 0.20114898791726168 2.202234609094158 0.20114898791726168 2.3008273396250325 0.20114898791726168 2.4014018335836633 0.20114898791726168
2.5039580909700505 0.20114898791726168 2.608496111784194 0.20114898791726168 2.7150158960260935 0.20114898791726168 2.8235174436957498 0.20114898791726168
2.9340007547931619 0.20114898791726168 3.0464658293183304 0.20114898791726168 3.1609126672712549 0.20114898791726168 3.2773412686519361 0.20114898791726168
3.3957516334603732 0.20114898791726168 3.5161437616965672 0.20114898791726168 3.638517653360517 0.20114898791726168 3.7628733084522228 0.20114898791726168
3.8892107269716854 0.20114898791726168 4.0175299089189043 0.20114898791726168 4.1478308542938791 0.20114898791726168 4.2801135630966103 0.20114898791726168
4.4143780353270978 0.20114898791726168 4.5506242709853417 0.20114898791726168 4.6888522700713411 0.20114898791726168 4.8290620325850977 0.20114898791726168
4.9712535585266107 0.20114898791726168 5.1154268478958791 0.20114898791726168 5.2615819006929039 0.20114898791726168 5.4097187169176859 0.20114898791726168
5.5598372965702234 0.20114898791726168 5.7119376396505173 0.20114898791726168 5.8660197461585675 0.20114898791726168 6.022083616094374 0.20114898791726168
6.180129249457937 0.20114898791726168 6.3401566462492553 0.20114898791726168 6.502165806468331 0.20114898791726168 6.666156730115163 0.20114898791726168
6.8321294171897504 0.20114898791726168 7.0000838676920942 0.20114898791726168 7.1700200816221953 0.20114898791726168 7.3419380589800518 0.20114898791726168
7.5158377997656647 0.20114898791726168 7.6917193039790339 0.20114898791726168 7.8695825716201595 0.20114898791726168 8.0494276026890414 0.20114898791726168
8.2312543971856797 0.20114898791726168 8.4150629551100735 0.20114898791726168 8.6008532764622245 0.20114898791726168 8.788625361242131 0.20114898791726168
8.978379209449793 0.20114898791726168 9.1701148210852139 0.20114898791726168 9.3638321961483886 0.20114898791726168 -0.21502133191155559 0.21551677276849468
-0.21254412762686026 0.21551677276849468 -0.20808515991440865 0.21551677276849468 -0.20164442877420075 0.21551677276849468 -0.1932219342062366 0.21551677276849468
-0.18281767621051617 0.21551677276849468 -0.17043165478703945 0.21551677276849468 -0.15606386993580648 0.21551677276849468 -0.13971432165681724 0.21551677276849468
-0.1213830099500717 0.21551677276849468 -0.10106993481556992 0.21551677276849468 -0.078775096253311847 0.21551677276849468 -0.054498494263297503 0.21551677276849468
-0.028240128845526888 0.21551677276849468 0.03022189227328316 0.21551677276849468 0.062425547974322593 0.21551677276849468 0.096610967103118298 0.21551677276849468
0.13277814965967027 0.21551677276849468 0.17092709564397854 0.21551677276849468 0.21105780505604305 0.21551677276849468 0.25317027789586383 0.21551677276849468
0.29726451416344091 0.21551677276849468 0.34334051385877423 0.21551677276849468 0.39139827698186386 0.21551677276849468 0.44143780353270978 0.21551677276849468
0.4934590935113119 0.21551677276849468 0.54746214691767037 0.21551677276849468 0.60344696375178508 0.21551677276849468 0.66141354401365604 0.21551677276849468
0.72136188770328324 0.21551677276849468 0.7832919948206668 0.21551677276849468 0.84720386536580661 0.21551677276849468 0.91309749933870266 0.21551677276849468
0.98097289673935506 0.21551677276849468 1.0508300575677636 0.21551677276849468 1.1226689818239286 0.21551677276849468 1.1964896695078497 0.21551677276849468
1.2722921206195272 0.21551677276849468 1.3500763351589609 0.21551677276849468 1.4298423131261508 0.21551677276849468 1.511590054521097 0.21551677276849468
1.5953195593437997 0.21551677276849468 1.6810308275942585 0.21551677276849468 1.7687238592724734 0.21551677276849468 1.8583986543784448 0.21551677276849468
1.9500552129121724 0.21551677276849468 2.0436935348736562 0.21551677276849468 2.1393136202628966 0.21551677276849468 2.2369154690798929 0.21551677276849468
2.3364990813246456 0.21551677276849468 2.4380644569971546 0.21551677276849468 2.5416115960974199 0.21551677276849468 2.6471404986254412 0.21551677276849468
2.7546511645812193 0.21551677276849468 2.8641435939647533 0.21551677276849468 2.9756177867760436 0.21551677276849468 3.0890737430150903 0.21551677276849468
3.2045114626818929 0.21551677276849468 3.3219309457764523 0.21551677276849468 3.4413321922987676 0.21551677276849468 3.5627152022488393 0.21551677276849468
3.6860799756266673 0.21551677276849468 3.8114265124322517 0.21551677276849468 3.938754812665592 0.21551677276849468 4.0680648763266891 0.21551677276849468
4.1993567034155417 0.21551677276849468 4.3326302939321515 0.21551677276849468 4.4678856478765168 0.21551677276849468 4.6051227652486393 0.21551677276849468
4.7443416460485173 0.21551677276849468 4.8855422902761516 0.21551677276849468 5.0287246979315423 0.21551677276849468 5.1738888690146894 0.21551677276849468
5.3210348035255928 0.21551677276849468 5.4701625014642516 0.21551677276849468 5.6212719628306678 0.21551677276849468 5.7743631876248402 0.21551677276849468
5.9294361758467682 0.21551677276849468 6.0864909274964525 0.21551677276849468 6.245527442573894 0.21551677276849468 6.406545721079091 0.21551677276849468
6.5695457630120444 0.21551677276849468 6.7345275683727541 0.21551677276849468 6.9014911371612202 0.21551677276849468 7.0704364693774426 0.21551677276849468
7.2413635650214205 0.21551677276849468 7.4142724240931557 0.21551677276849468 7.5891630465926463 0.21551677276849468 7.7660354325198941 0.21551677276849468
7.9448895818748975 0.21551677276849468 8.125725494657658 0.21551677276849468 8.3085431708681732 0.21551677276849468 8.4933426105064456 0.21551677276849468
8.6801238135724752 0.21551677276849468 8.8688867800662603 0.21551677276849468 9.0596315099878009 0.21551677276849468 9.2523580033370987 0.21551677276849468
9.447066260114152 0.21551677276849468 -0.23037999847666671 0.23037999847666671 -0.2288936759058495 0.23037999847666671 -0.22542558990727604 0.23037999847666671
-0.21997574048094629 0.23037999847666671 -0.21254412762686026 0.23037999847666671 -0.20313075134501796 0.23037999847666671 -0.19173561163541938 0.23037999847666671
-0.17835870849806454 0.23037999847666671 -0.16300004193295345 0.23037999847666671 -0.14565961194008606 0.23037999847666671 -0.1263374185194624 0.23037999847666671
-0.10503346167108246 0.23037999847666671 -0.081747741394946255 0.23037999847666671 -0.056480257691053776 0.23037999847666671 -0.029231010559405024 0.23037999847666671
0.031212773987161296 0.23037999847666671 0.064407311402078865 0.23037999847666671 0.099583612244752706 0.23037999847666671 0.13674167651518282 0.23037999847666671
0.17588150421336921 0.23037999847666671 0.21700309533931186 0.23037999847666671 0.26010644989301079 0.23037999847666671 0.305191567874466 0.23037999847666671
0.3522584492836775 0.23037999847666671 0.40130709412064525 0.23037999847666671 0.45233750238536924 0.23037999847666671 0.50534967407784959 0.23037999847666671
0.56034360919808612 0.23037999847666671 0.61731930774607902 0.23037999847666671 0.67627676972182804 0.23037999847666671 0.73721599512533342 0.23037999847666671
0.80013698395659516 0.23037999847666671 0.86503973621561303 0.23037999847666671 0.93192425190238726 0.23037999847666671 1.0007905310169178 0.23037999847666671
1.0716385735592044 0.23037999847666671 1.1444683795292476 0.23037999847666671 1.2192799489270467 0.23037999847666671 1.2960732817526024 0.23037999847666671
1.3748483780059142 0.23037999847666671 1.4556052376869824 0.23037999847666671 1.5383438607958067 0.23037999847666671 1.6230642473323873 0.23037999847666671
1.7097663972967243 0.23037999847666671 1.7984503106888174 0.23037999847666671 1.8891159875086669 0.23037999847666671 1.9817634277562728 0.23037999847666671
2.0763926314316348 0.23037999847666671 2.1730035985347529 0.23037999847666671 2.2715963290656278 0.23037999847666671 2.3721708230242586 0.23037999847666671
2.4747270804106458 0.23037999847666671 2.5792651012247889 0.23037999847666671 2.6857848854666888 0.23037999847666671 2.7942864331363446 0.23037999847666671
2.9047697442337568 0.23037999847666671 3.0172348187589253 0.23037999847666671 3.1316816567118502 0.23037999847666671 3.248110258092531 0.23037999847666671
3.3665206229009685 0.23037999847666671 3.486912751137162 0.23037999847666671 3.6092866428011119 0.23037999847666671 3.7336422978928181 0.23037999847666671
3.8599797164122802 0.23037999847666671 3.9882988983594991 0.23037999847666671 4.118599843734474 0.23037999847666671 4.2508825525372052 0.23037999847666671
4.3851470247676927 0.23037999847666671 4.5213932604259366 0.23037999847666671 4.659621259511936 0.23037999847666671 4.7998310220256926 0.23037999847666671
4.9420225479672055 0.23037999847666671 5.086195837336474 0.23037999847666671 5.2323508901334996 0.23037999847666671 5.3804877063582808 0.23037999847666671
5.5306062860108183 0.23037999847666671 5.6827066290911121 0.23037999847666671 5.8367887355991623 0.23037999847666671 5.9928526055349689 0.23037999847666671
6.1508982388985318 0.23037999847666671 6.3109256356898511 0.23037999847666671 6.4729347959089258 0.23037999847666671 6.6369257195557578 0.23037999847666671
6.8028984066303453 0.23037999847666671 6.9708528571326891 0.23037999847666671 7.1407890710627901 0.23037999847666671 7.3127070484206467 0.23037999847666671
7.4866067892062595 0.23037999847666671 7.6624882934196288 0.23037999847666671 7.8403515610607544 0.23037999847666671 8.0201965921296363 0.23037999847666671
8.2020233866262746 0.23037999847666671 8.3858319445506684 0.23037999847666671 8.5716222659028194 0.23037999847666671 8.7593943506827259 0.23037999847666671
8.9491481988903896 0.23037999847666671 9.1408838105258088 0.23037999847666671 9.3346011855889834 0.23037999847666671 -0.24524322418483877 0.24573866504177783
-0.2427660199001434 0.24573866504177783 -0.2383070521876918 0.24573866504177783 -0.23186632104748392 0.24573866504177783 -0.22344382647951977 0.24573866504177783
-0.21303956848379932 0.24573866504177783 -0.20065354706032262 0.24573866504177783 -0.18628576220908963 0.24573866504177783 -0.16993621393010039 0.24573866504177783
-0.15160490222335488 0.24573866504177783 -0.13129182708885306 0.24573866504177783 -0.10899698852659501 0.24573866504177783 -0.084720386536580664 0.24573866504177783
-0.058462021118810048 0.24573866504177783 -0.03022189227328316 0.24573866504177783 0.032203655701039433 0.24573866504177783 0.066389074829835137 0.24573866504177783
0.10255625738638711 0.24573866504177783 0.14070520337069536 0.24573866504177783 0.1808359127827599 0.24573866504177783 0.22294838562258068 0.24573866504177783
0.26704262189015776 0.24573866504177783 0.31311862158549109 0.24573866504177783 0.36117638470858071 0.24573866504177783 0.41121591125942658 0.24573866504177783
0.46323720123802875 0.24573866504177783 0.51724025464438717 0.24573866504177783 0.57322507147850188 0.24573866504177783 0.63119165174037284 0.24573866504177783
0.69113999543000015 0.24573866504177783 0.7530701025473836 0.24573866504177783 0.81698197309252341 0.24573866504177783 0.88287560706541957 0.24573866504177783
0.95075100446607186 0.24573866504177783 1.0206081652944805 0.24573866504177783 1.0924470895506453 0.24573866504177783 1.1662677772345664 0.24573866504177783
1.2420702283462439 0.24573866504177783 1.3198544428856778 0.24573866504177783 1.3996204208528678 0.24573866504177783 1.4813681622478139 0.24573866504177783
1.5650976670705163 0.24573866504177783 1.6508089353209752 0.24573866504177783 1.7385019669991904 0.24573866504177783 1.8281767621051617 0.24573866504177783
1.9198333206388893 0.24573866504177783 2.0134716426003729 0.24573866504177783 2.1090917279896133 0.24573866504177783 2.2066935768066096 0.24573866504177783
2.3062771890513623 0.24573866504177783 2.4078425647238713 0.24573866504177783 2.5113897038241366 0.24573866504177783 2.6169186063521583 0.24573866504177783
2.724429272307936 0.24573866504177783 2.83392170169147 0.24573866504177783 2.9453958945027603 0.24573866504177783 3.058851850741807 0.24573866504177783
3.17428957040861 0.24573866504177783 3.291709053503169 0.24573866504177783 3.4111103000254843 0.24573866504177783 3.5324933099755564 0.24573866504177783
3.655858083353384 0.24573866504177783 3.7812046201589684 0.24573866504177783 3.9085329203923092 0.24573866504177783 4.0378429840534054 0.24573866504177783
4.1691348111422588 0.24573866504177783 4.3024084016588686 0.24573866504177783 4.4376637556032339 0.24573866504177783 4.5749008729753555 0.24573866504177783
4.7141197537752335 0.24573866504177783 4.8553203980028687 0.24573866504177783 4.9985028056582594 0.24573866504177783 5.1436669767414056 0.24573866504177783
5.290812911252309 0.24573866504177783 5.4399406091909688 0.24573866504177783 5.5910500705573849 0.24573866504177783 5.7441412953515565 0.24573866504177783
5.8992142835734853 0.24573866504177783 6.0562690352231696 0.24573866504177783 6.2153055503006103 0.24573866504177783 6.3763238288058073 0.24573866504177783
6.5393238707387615 0.24573866504177783 6.7043056760994704 0.24573866504177783 6.8712692448879364 0.24573866504177783 7.0402145771041589 0.24573866504177783
7.2111416727481377 0.24573866504177783 7.3840505318198728 0.24573866504177783 7.5589411543193634 0.24573866504177783 7.7358135402466104 0.24573866504177783
7.9146676896016146 0.24573866504177783 8.0955036023843743 0.24573866504177783 8.2783212785948912 0.24573866504177783 8.4631207182331636 0.24573866504177783
8.6499019212991914 0.24573866504177783 8.8386648877929765 0.24573866504177783 9.0294096177145171 0.24573866504177783 9.2221361110638149 0.24573866504177783
9.41684436784087 0.24573866504177783 -0.261592772463828 0.261592772463828 -0.26010644989301079 0.261592772463828 -0.25663836389443734 0.261592772463828
-0.25118851446810758 0.261592772463828 -0.24375690161402155 0.261592772463828 -0.23434352533217925 0.261592772463828 -0.22294838562258068 0.261592772463828
-0.20957148248522584 0.261592772463828 -0.19421281592011475 0.261592772463828 -0.17687238592724736 0.261592772463828 -0.15755019250662369 0.261592772463828
-0.13624623565824376 0.261592772463828 -0.11296051538210755 0.261592772463828 -0.087693031678215072 0.261592772463828 -0.06044378454656632 0.261592772463828
-0.031212773987161296 0.261592772463828 0.033194537414917569 0.261592772463828 0.06837083825759141 0.261592772463828 0.10552890252802152 0.261592772463828
0.14466873022620791 0.261592772463828 0.18579032135215057 0.261592772463828 0.2288936759058495 0.261592772463828 0.27397879388730473 0.261592772463828
0.32104567529651618 0.261592772463828 0.37009432013348392 0.261592772463828 0.42112472839820797 0.261592772463828 0.47413690009068826 0.261592772463828
0.52913083521092485 0.261592772463828 0.58610653375891764 0.261592772463828 0.64506399573466677 0.261592772463828 0.70600322113817215 0.261592772463828
0.76892420996943389 0.261592772463828 0.83382696222845176 0.261592772463828 0.90071147791522599 0.261592772463828 0.96957775702975646 0.261592772463828
1.0404257995720432 0.261592772463828 1.1132556055420861 0.261592772463828 1.1880671749398855 0.261592772463828 1.2648605077654411 0.261592772463828
1.3436356040187529 0.261592772463828 1.4243924636998211 0.261592772463828 1.5071310868086454 0.261592772463828 1.591851473345226 0.261592772463828
1.678553623309563 0.261592772463828 1.7672375367016562 0.261592772463828 1.8579032135215057 0.261592772463828 1.9505506537691115 0.261592772463828
2.0451798574444737 0.261592772463828 2.1417908245475918 0.261592772463828 2.2403835550784663 0.261592772463828 2.3409580490370971 0.261592772463828
2.4435143064234843 0.261592772463828 2.5480523272376279 0.261592772463828 2.6545721114795273 0.261592772463828 2.7630736591491831 0.261592772463828
2.8735569702465957 0.261592772463828 2.9860220447717638 0.261592772463828 3.1004688827246887 0.261592772463828 3.2168974841053699 0.261592772463828
3.335307848913807 0.261592772463828 3.4556999771500005 0.261592772463828 3.5780738688139504 0.261592772463828 3.7024295239056566 0.261592772463828
3.8287669424251192 0.261592772463828 3.9570861243723376 0.261592772463828 4.0873870697473125 0.261592772463828 4.2196697785500437 0.261592772463828
4.3539342507805312 0.261592772463828 4.4901804864387751 0.261592772463828 4.6284084855247754 0.261592772463828 4.7686182480385311 0.261592772463828
4.910809773980044 0.261592772463828 5.0549830633493125 0.261592772463828 5.2011381161463381 0.261592772463828 5.3492749323711193 0.261592772463828
5.4993935120236568 0.261592772463828 5.6514938551039506 0.261592772463828 5.8055759616120008 0.261592772463828 5.9616398315478074 0.261592772463828
6.1196854649113703 0.261592772463828 6.2797128617026896 0.261592772463828 6.4417220219217644 0.261592772463828 6.6057129455685963 0.261592772463828
6.7716856326431838 0.261592772463828 6.9396400831455285 0.261592772463828 7.1095762970756287 0.261592772463828 7.2814942744334852 0.261592772463828
7.4553940152190981 0.261592772463828 7.6312755194324673 0.261592772463828 7.8091387870735929 0.261592772463828 7.9889838181424748 0.261592772463828
8.1708106126391122 0.261592772463828 8.3546191705635078 0.261592772463828 8.540409491915657 0.261592772463828 8.7281815766955653 0.261592772463828
8.9179354249032272 0.261592772463828 9.1096710365386464 0.261592772463828 9.3033884116018228 0.261592772463828 -0.27744687988587818 0.27794232074281727
-0.27496967560118285 0.27794232074281727 -0.27051070788873122 0.27794232074281727 -0.26406997674852334 0.27794232074281727 -0.25564748218055922 0.27794232074281727
-0.24524322418483877 0.27794232074281727 -0.23285720276136204 0.27794232074281727 -0.21848941791012907 0.27794232074281727 -0.20213986963113983 0.27794232074281727
-0.18380855792439429 0.27794232074281727 -0.16349548278989251 0.27794232074281727 -0.14120064422763443 0.27794232074281727 -0.1169240422376201 0.27794232074281727
-0.090665676819849481 0.27794232074281727 -0.062425547974322593 0.27794232074281727 -0.032203655701039433 0.27794232074281727 0.034185419128795705 0.27794232074281727
0.070352601685347682 0.27794232074281727 0.10850154766965593 0.27794232074281727 0.14863225708172045 0.27794232074281727 0.19074472992154126 0.27794232074281727
0.23483896618911831 0.27794232074281727 0.28091496588445164 0.27794232074281727 0.32897272900754126 0.27794232074281727 0.37901225555838719 0.27794232074281727
0.4310335455369893 0.27794232074281727 0.48503659894334777 0.27794232074281727 0.54102141577746243 0.27794232074281727 0.59898799603933339 0.27794232074281727
0.65893633972896071 0.27794232074281727 0.72086644684634427 0.27794232074281727 0.78477831739148407 0.27794232074281727 0.85067195136438012 0.27794232074281727
0.91854734876503241 0.27794232074281727 0.98840450959344106 0.27794232074281727 1.0602434338496058 0.27794232074281727 1.1340641215335272 0.27794232074281727
1.2098665726452045 0.27794232074281727 1.2876507871846383 0.27794232074281727 1.3674167651518283 0.27794232074281727 1.4491645065467744 0.27794232074281727
1.5328940113694769 0.27794232074281727 1.6186052796199357 0.27794232074281727 1.7062983112981509 0.27794232074281727 1.7959731064041222 0.27794232074281727
1.8876296649378499 0.27794232074281727 1.9812679868993337 0.27794232074281727 2.0768880722885741 0.27794232074281727 2.1744899211055704 0.27794232074281727
2.274073533350323 0.27794232074281727 2.375638909022832 0.27794232074281727 2.4791860481230974 0.27794232074281727 2.5847149506511187 0.27794232074281727
2.6922256166068967 0.27794232074281727 2.8017180459904307 0.27794232074281727 2.9131922388017211 0.27794232074281727 3.0266481950407678 0.27794232074281727
3.1420859147075704 0.27794232074281727 3.2595053978021298 0.27794232074281727 3.3789066443244451 0.27794232074281727 3.5002896542745168 0.27794232074281727
3.6236544276523448 0.27794232074281727 3.7490009644579292 0.27794232074281727 3.8763292646912695 0.27794232074281727 4.0056393283523661 0.27794232074281727
4.1369311554412196 0.27794232074281727 4.2702047459578285 0.27794232074281727 4.4054600999021947 0.27794232074281727 4.5426972172743163 0.27794232074281727
4.6819160980741943 0.27794232074281727 4.8231167423018286 0.27794232074281727 4.9662991499572193 0.27794232074281727 5.1114633210403664 0.27794232074281727
5.2586092555512698 0.27794232074281727 5.4077369534899296 0.27794232074281727 5.5588464148563448 0.27794232074281727 5.7119376396505173 0.27794232074281727
5.8670106278724452 0.27794232074281727 6.0240653795221304 0.27794232074281727 6.183101894599571 0.27794232074281727 6.3441201731047681 0.27794232074281727
6.5071202150377214 0.27794232074281727 6.6721020203984311 0.27794232074281727 6.8390655891868972 0.27794232074281727 7.0080109214031197 0.27794232074281727
7.1789380170470984 0.27794232074281727 7.3518468761188327 0.27794232074281727 7.5267374986183242 0.27794232074281727 7.7036098845455712 0.27794232074281727
7.8824640339005754 0.27794232074281727 8.0632999466833351 0.27794232074281727 8.2461176228938502 0.27794232074281727 8.4309170625321226 0.27794232074281727
8.6176982655981522 0.27794232074281727 8.8064612320919373 0.27794232074281727 8.9972059620134779 0.27794232074281727 9.1899324553627757 0.27794232074281727
9.384640712139829 0.27794232074281727 -0.29478730987874557 0.29478730987874557 -0.29330098730792836 0.29478730987874557 -0.28983290130935491 0.29478730987874557
-0.28438305188302515 0.29478730987874557 -0.27695143902893909 0.29478730987874557 -0.26753806274709685 0.29478730987874557 -0.25614292303749825 0.29478730987874557
-0.2427660199001434 0.29478730987874557 -0.22740735333503231 0.29478730987874557 -0.21006692334216492 0.29478730987874557 -0.19074472992154126 0.29478730987874557
-0.16944077307316133 0.29478730987874557 -0.14615505279702512 0.29478730987874557 -0.12088756909313264 0.29478730987874557 -0.093638321961483889 0.29478730987874557
-0.064407311402078865 0.29478730987874557 -0.033194537414917569 0.29478730987874557 0.035176300842673841 0.29478730987874557 0.072334365113103954 0.29478730987874557
0.11147419281129034 0.29478730987874557 0.152595783937233 0.29478730987874557 0.19569913849093193 0.29478730987874557 0.24078425647238713 0.29478730987874557
0.28785113788159861 0.29478730987874557 0.33689978271856635 0.29478730987874557 0.3879301909832904 0.29478730987874557 0.44094236267577069 0.29478730987874557
0.49593629779600729 0.29478730987874557 0.55291199634400012 0.29478730987874557 0.61186945831974926 0.29478730987874557 0.67280868372325464 0.29478730987874557
0.73572967255451627 0.29478730987874557 0.80063242481353425 0.29478730987874557 0.86751694050030836 0.29478730987874557 0.93638321961483884 0.29478730987874557
1.0072312621571256 0.29478730987874557 1.0800610681271687 0.29478730987874557 1.154872637524968 0.29478730987874557 1.2316659703505235 0.29478730987874557
1.3104410666038353 0.29478730987874557 1.3911979262849035 0.29478730987874557 1.473936549393728 0.29478730987874557 1.5586569359303086 0.29478730987874557
1.6453590858946454 0.29478730987874557 1.7340429992867388 0.29478730987874557 1.8247086761065883 0.29478730987874557 1.9173561163541939 0.29478730987874557
2.0119853200295559 0.29478730987874557 2.1085962871326744 0.29478730987874557 2.2071890176635489 0.29478730987874557 2.3077635116221797 0.29478730987874557
2.4103197690085669 0.29478730987874557 2.51485778982271 0.29478730987874557 2.6213775740646099 0.29478730987874557 2.7298791217342657 0.29478730987874557
2.8403624328316779 0.29478730987874557 2.9528275073568464 0.29478730987874557 3.0672743453097713 0.29478730987874557 3.1837029466904521 0.29478730987874557
3.3021133114988896 0.29478730987874557 3.4225054397350831 0.29478730987874557 3.544879331399033 0.29478730987874557 3.6692349864907392 0.29478730987874557
3.7955724050102013 0.29478730987874557 3.9238915869574202 0.29478730987874557 4.0541925323323946 0.29478730987874557 4.1864752411351258 0.29478730987874557
4.3207397133656134 0.29478730987874557 4.4569859490238573 0.29478730987874557 4.5952139481098575 0.29478730987874557 4.7354237106236141 0.29478730987874557
4.8776152365651262 0.29478730987874557 5.0217885259343955 0.29478730987874557 5.1679435787314203 0.29478730987874557 5.3160803949562014 0.29478730987874557
5.4661989746087398 0.29478730987874557 5.6182993176890337 0.29478730987874557 5.7723814241970839 0.29478730987874557 5.9284452941328905 0.29478730987874557
6.0864909274964525 0.29478730987874557 6.2465183242877718 0.29478730987874557 6.4085274845068474 0.29478730987874557 6.5725184081536785 0.29478730987874557
6.7384910952282668 0.29478730987874557 6.9064455457306106 0.29478730987874557 7.0763817596607108 0.29478730987874557 7.2482997370185673 0.29478730987874557
7.4221994778041802 0.29478730987874557 7.5980809820175494 0.29478730987874557 7.775944249658675 0.29478730987874557 7.955789280727557 0.29478730987874557
8.1376160752241944 0.29478730987874557 8.3214246331485899 0.29478730987874557 8.5072149545007392 0.29478730987874557 8.6949870392806474 0.29478730987874557
8.8847408874883094 0.29478730987874557 9.0764764991237286 0.29478730987874557 9.270193874186905 0.29478730987874557 -0.31163229901467387 0.31212773987161296
-0.30915509472997854 0.31212773987161296 -0.30469612701752696 0.31212773987161296 -0.29825539587731903 0.31212773987161296 -0.28983290130935491 0.31212773987161296
-0.27942864331363448 0.31212773987161296 -0.26704262189015776 0.31212773987161296 -0.25267483703892479 0.31212773987161296 -0.23632528875993553 0.31212773987161296
-0.21799397705319001 0.31212773987161296 -0.1976809019186882 0.31212773987161296 -0.17538606335643014 0.31212773987161296 -0.15110946136641579 0.31212773987161296
-0.12485109594864519 0.31212773987161296 -0.096610967103118298 0.31212773987161296 -0.066389074829835137 0.31212773987161296 -0.034185419128795705 0.31212773987161296
0.036167182556551977 0.31212773987161296 0.074316128540860227 0.31212773987161296 0.11444683795292475 0.31212773987161296 0.15655931079274554 0.31212773987161296
0.20065354706032262 0.31212773987161296 0.24672954675565595 0.31212773987161296 0.29478730987874557 0.31212773987161296 0.34482683642959144 0.31212773987161296
0.39684812640819361 0.31212773987161296 0.45085117981455208 0.31212773987161296 0.50683599664866674 0.31212773987161296 0.5648025769105377 0.31212773987161296
0.62475092060016502 0.31212773987161296 0.68668102771754846 0.31212773987161296 0.75059289826268827 0.31212773987161296 0.81648653223558443 0.31212773987161296
0.88436192963623672 0.31212773987161296 0.95421909046464537 0.31212773987161296 1.0260580147208103 0.31212773987161296 1.0998787024047314 0.31212773987161296
1.1756811535164089 0.31212773987161296 1.2534653680558425 0.31212773987161296 1.3332313460230325 0.31212773987161296 1.4149790874179788 0.31212773987161296
1.4987085922406813 0.31212773987161296 1.5844198604911401 0.31212773987161296 1.6721128921693551 0.31212773987161296 1.7617876872753264 0.31212773987161296
1.8534442458090541 0.31212773987161296 1.9470825677705379 0.31212773987161296 2.0427026531597781 0.31212773987161296 2.1403045019767748 0.31212773987161296
2.2398881142215274 0.31212773987161296 2.3414534898940365 0.31212773987161296 2.4450006289943014 0.31212773987161296 2.5505295315223231 0.31212773987161296
2.6580401974781007 0.31212773987161296 2.7675326268616351 0.31212773987161296 2.8790068196729255 0.31212773987161296 2.9924627759119717 0.31212773987161296
3.1079004955787748 0.31212773987161296 3.2253199786733338 0.31212773987161296 3.3447212251956495 0.31212773987161296 3.4661042351457212 0.31212773987161296
3.5894690085235492 0.31212773987161296 3.7148155453291332 0.31212773987161296 3.8421438455624739 0.31212773987161296 3.9714539092235706 0.31212773987161296
4.102745736312424 0.31212773987161296 4.2360193268290329 0.31212773987161296 4.3712746807733991 0.31212773987161296 4.5085117981455207 0.31212773987161296
4.6477306789453987 0.31212773987161296 4.7889313231730331 0.31212773987161296 4.9321137308284237 0.31212773987161296 5.0772779019115708 0.31212773987161296
5.2244238364224742 0.31212773987161296 5.373551534361134 0.31212773987161296 5.5246609957275492 0.31212773987161296 5.6777522205217217 0.31212773987161296
5.8328252087436496 0.31212773987161296 5.9898799603933348 0.31212773987161296 6.1489164754707755 0.31212773987161296 6.3099347539759725 0.31212773987161296
6.4729347959089258 0.31212773987161296 6.6379166012696356 0.31212773987161296 6.8048801700581016 0.31212773987161296 6.9738255022743241 0.31212773987161296
7.1447525979183029 0.31212773987161296 7.3176614569900371 0.31212773987161296 7.4925520794895286 0.31212773987161296 7.6694244654167756 0.31212773987161296
7.8482786147717789 0.31212773987161296 8.0291145275545386 0.31212773987161296 8.2119322037650555 0.31212773987161296 8.3967316434033279 0.31212773987161296
8.5835128464693558 0.31212773987161296 8.7722758129631409 0.31212773987161296 8.9630205428846832 0.31212773987161296 9.155747036233981 0.31212773987161296
9.3504552930110343 0.31212773987161296 -0.32996361072141944 0.32996361072141939 -0.32847728815060223 0.32996361072141939 -0.32500920215202872 0.32996361072141939
-0.31955935272569896 0.32996361072141939 -0.31212773987161296 0.32996361072141939 -0.30271436358977066 0.32996361072141939 -0.29131922388017212 0.32996361072141939
-0.27794232074281727 0.32996361072141939 -0.26258365417770613 0.32996361072141939 -0.24524322418483877 0.32996361072141939 -0.2259210307642151 0.32996361072141939
-0.20461707391583517 0.32996361072141939 -0.18133135363969896 0.32996361072141939 -0.15606386993580648 0.32996361072141939 -0.12881462280415773 0.32996361072141939
-0.099583612244752706 0.32996361072141939 -0.06837083825759141 0.32996361072141939 -0.035176300842673841 0.32996361072141939 0.037158064270430113 0.32996361072141939
0.076297891968616499 0.32996361072141939 0.11741948309455916 0.32996361072141939 0.16052283764825809 0.32996361072141939 0.20560795562971329 0.32996361072141939
0.25267483703892479 0.32996361072141939 0.30172348187589254 0.32996361072141939 0.35275389014061653 0.32996361072141939 0.40576606183309682 0.32996361072141939
0.46075999695333342 0.32996361072141939 0.51773569550132625 0.32996361072141939 0.57669315747707539 0.32996361072141939 0.63763238288058077 0.32996361072141939
0.7005533717118424 0.32996361072141939 0.76545612397086038 0.32996361072141939 0.83234063965763461 0.32996361072141939 0.90120691877216508 0.32996361072141939
0.97205496131445179 0.32996361072141939 1.0448847672844948 0.32996361072141939 1.1196963366822941 0.32996361072141939 1.1964896695078497 0.32996361072141939
1.2752647657611615 0.32996361072141939 1.3560216254422297 0.32996361072141939 1.438760248551054 0.32996361072141939 1.5234806350876346 0.32996361072141939
1.6101827850519717 0.32996361072141939 1.6988666984440648 0.32996361072141939 1.7895323752639143 0.32996361072141939 1.8821798155115201 0.32996361072141939
1.9768090191868821 0.32996361072141939 2.0734199862900002 0.32996361072141939 2.1720127168208752 0.32996361072141939 2.272587210779506 0.32996361072141939
2.3751434681658927 0.32996361072141939 2.4796814889800363 0.32996361072141939 2.5862012732219362 0.32996361072141939 2.694702820891592 0.32996361072141939
2.8051861319890041 0.32996361072141939 2.9176512065141726 0.32996361072141939 3.0320980444670975 0.32996361072141939 3.1485266458477783 0.32996361072141939
3.2669370106562159 0.32996361072141939 3.3873291388924094 0.32996361072141939 3.5097030305563592 0.32996361072141939 3.634058685648065 0.32996361072141939
3.7603961041675276 0.32996361072141939 3.888715286114746 0.32996361072141939 4.0190162314897213 0.32996361072141939 4.1512989402924525 0.32996361072141939
4.28556341252294 0.32996361072141939 4.4218096481811839 0.32996361072141939 4.5600376472671833 0.32996361072141939 4.7002474097809399 0.32996361072141939
4.8424389357224529 0.32996361072141939 4.9866122250917213 0.32996361072141939 5.1327672778887461 0.32996361072141939 5.2809040941135281 0.32996361072141939
5.4310226737660656 0.32996361072141939 5.5831230168463595 0.32996361072141939 5.7372051233544097 0.32996361072141939 5.8932689932902163 0.32996361072141939
6.0513146266537792 0.32996361072141939 6.2113420234450976 0.32996361072141939 6.3733511836641732 0.32996361072141939 6.5373421073110052 0.32996361072141939
6.7033147943855926 0.32996361072141939 6.8712692448879364 0.32996361072141939 7.0412054588180375 0.32996361072141939 7.213123436175894 0.32996361072141939
7.3870231769615069 0.32996361072141939 7.5629046811748761 0.32996361072141939 7.7407679488160017 0.32996361072141939 7.9206129798848837 0.32996361072141939
8.1024397743815211 0.32996361072141939 8.2862483323059148 0.32996361072141939 8.4720386536580659 0.32996361072141939 8.6598107384379723 0.32996361072141939
8.8495645866456361 0.32996361072141939 9.0413001982810552 0.32996361072141939 9.2350175733442317 0.32996361072141939 -0.34779948157122587 0.34829492242816495
-0.34532227728653053 0.34829492242816495 -0.3408633095740789 0.34829492242816495 -0.33442257843387102 0.34829492242816495 -0.3260000838659069 0.34829492242816495
-0.31559582587018642 0.34829492242816495 -0.30320980444670975 0.34829492242816495 -0.28884201959547678 0.34829492242816495 -0.27249247131648752 0.34829492242816495
-0.254161159609742 0.34829492242816495 -0.23384808447524019 0.34829492242816495 -0.21155324591298211 0.34829492242816495 -0.18727664392296778 0.34829492242816495
-0.16101827850519718 0.34829492242816495 -0.13277814965967027 0.34829492242816495 -0.10255625738638711 0.34829492242816495 -0.070352601685347682 0.34829492242816495
-0.036167182556551977 0.34829492242816495 0.03814894598430825 0.34829492242816495 0.078279655396372771 0.34829492242816495 0.12039212823619357 0.34829492242816495
0.16448636450377063 0.34829492242816495 0.21056236419910399 0.34829492242816495 0.25862012732219358 0.34829492242816495 0.30865965387303951 0.34829492242816495
0.36068094385164162 0.34829492242816495 0.41468399725800009 0.34829492242816495 0.47066881409211481 0.34829492242816495 0.52863539435398577 0.34829492242816495
0.58858373804361297 0.34829492242816495 0.65051384516099653 0.34829492242816495 0.71442571570613633 0.34829492242816495 0.78031934967903238 0.34829492242816495
0.84819474707968479 0.34829492242816495 0.91805190790809332 0.34829492242816495 0.98989083216425822 0.34829492242816495 1.0637115198481795 0.34829492242816495
1.1395139709598567 0.34829492242816495 1.2172981854992906 0.34829492242816495 1.2970641634664806 0.34829492242816495 1.3788119048614267 0.34829492242816495
1.4625414096841294 0.34829492242816495 1.5482526779345882 0.34829492242816495 1.6359457096128032 0.34829492242816495 1.7256205047187745 0.34829492242816495
1.8172770632525022 0.34829492242816495 1.910915385213986 0.34829492242816495 2.0065354706032261 0.34829492242816495 2.1041373194202224 0.34829492242816495
2.2037209316649755 0.34829492242816495 2.3052863073374845 0.34829492242816495 2.4088334464377494 0.34829492242816495 2.5143623489657712 0.34829492242816495
2.6218730149215488 0.34829492242816495 2.7313654443050828 0.34829492242816495 2.8428396371163731 0.34829492242816495 2.9562955933554198 0.34829492242816495
3.0717333130222229 0.34829492242816495 3.1891527961167818 0.34829492242816495 3.3085540426390976 0.34829492242816495 3.4299370525891693 0.34829492242816495
3.5533018259669973 0.34829492242816495 3.6786483627725812 0.34829492242816495 3.805976663005922 0.34829492242816495 3.9352867266670186 0.34829492242816495
4.0665785537558721 0.34829492242816495 4.199852144272481 0.34829492242816495 4.3351074982168463 0.34829492242816495 4.4723446155889688 0.34829492242816495
4.6115634963888468 0.34829492242816495 4.7527641406164811 0.34829492242816495 4.8959465482718718 0.34829492242816495 5.0411107193550189 0.34829492242816495
5.1882566538659223 0.34829492242816495 5.337384351804582 0.34829492242816495 5.4884938131709973 0.34829492242816495 5.6415850379651697 0.34829492242816495
5.7966580261870977 0.34829492242816495 5.9537127778367829 0.34829492242816495 6.1127492929142235 0.34829492242816495 6.2737675714194205 0.34829492242816495
6.4367676133523739 0.34829492242816495 6.6017494187130836 0.34829492242816495 6.7687129875015497 0.34829492242816495 6.9376583197177721 0.34829492242816495
7.10858541536175 0.34829492242816495 7.2814942744334852 0.34829492242816495 7.4563848969329767 0.34829492242816495 7.6332572828602236 0.34829492242816495
7.812111432215227 0.34829492242816495 7.9929473449979875 0.34829492242816495 8.1757650212085036 0.34829492242816495 8.360564460846776 0.34829492242816495
8.5473456639128038 0.34829492242816495 8.7361086304065889 0.34829492242816495 8.9268533603281313 0.34829492242816495 9.1195798536774291 0.34829492242816495
9.3142881104544824 0.34829492242816495 -0.36712167499184956 0.3671216749918495 -0.36563535242103234 0.3671216749918495 -0.36216726642245883 0.3671216749918495
-0.35671741699612908 0.3671216749918495 -0.34928580414204308 0.3671216749918495 -0.33987242786020078 0.3671216749918495 -0.32847728815060223 0.3671216749918495
-0.31510038501324739 0.3671216749918495 -0.29974171844813624 0.3671216749918495 -0.28240128845526885 0.3671216749918495 -0.26307909503464522 0.3671216749918495
-0.24177513818626528 0.3671216749918495 -0.21848941791012907 0.3671216749918495 -0.1932219342062366 0.3671216749918495 -0.16597268707458784 0.3671216749918495
-0.13674167651518282 0.3671216749918495 -0.10552890252802152 0.3671216749918495 -0.072334365113103954 0.3671216749918495 -0.037158064270430113 0.3671216749918495
0.039139827698186386 0.3671216749918495 0.080261418824129044 0.3671216749918495 0.12336477337782797 0.3671216749918495 0.16844989135928318 0.3671216749918495
0.21551677276849465 0.3671216749918495 0.26456541760546243 0.3671216749918495 0.31559582587018642 0.3671216749918495 0.36860799756266671 0.3671216749918495
0.4236019326829033 0.3671216749918495 0.48057763123089614 0.3671216749918495 0.53953509320664528 0.3671216749918495 0.60047431861015066 0.3671216749918495
0.66339530744141229 0.3671216749918495 0.72829805970043027 0.3671216749918495 0.79518257538720449 0.3671216749918495 0.86404885450173496 0.3671216749918495
0.93489689704402168 0.3671216749918495 1.0077267030140646 0.3671216749918495 1.082538272411864 0.3671216749918495 1.1593316052374196 0.3671216749918495
1.2381067014907314 0.3671216749918495 1.3188635611717996 0.3671216749918495 1.4016021842806239 0.3671216749918495 1.4863225708172045 0.3671216749918495
1.5730247207815415 0.3671216749918495 1.6617086341736347 0.3671216749918495 1.7523743109934842 0.3671216749918495 1.84502175124109 0.3671216749918495
1.939650954916452 0.3671216749918495 2.0362619220195701 0.3671216749918495 2.134854652550445 0.3671216749918495 2.2354291465090759 0.3671216749918495
2.3379854038954626 0.3671216749918495 2.4425234247096062 0.3671216749918495 2.549043208951506 0.3671216749918495 2.6575447566211619 0.3671216749918495
2.768028067718574 0.3671216749918495 2.8804931422437425 0.3671216749918495 2.9949399801966674 0.3671216749918495 3.1113685815773482 0.3671216749918495
3.2297789463857858 0.3671216749918495 3.3501710746219793 0.3671216749918495 3.4725449662859291 0.3671216749918495 3.5969006213776349 0.3671216749918495
3.7232380398970975 0.3671216749918495 3.8515572218443159 0.3671216749918495 3.9818581672192912 0.3671216749918495 4.1141408760220219 0.3671216749918495
4.2484053482525095 0.3671216749918495 4.3846515839107534 0.3671216749918495 4.5228795829967536 0.3671216749918495 4.6630893455105102 0.3671216749918495
4.8052808714520223 0.3671216749918495 4.9494541608212916 0.3671216749918495 5.0956092136183164 0.3671216749918495 5.2437460298430976 0.3671216749918495
5.3938646094956351 0.3671216749918495 5.5459649525759298 0.3671216749918495 5.70004705908398 0.3671216749918495 5.8561109290197857 0.3671216749918495
6.0141565623833486 0.3671216749918495 6.1741839591746679 0.3671216749918495 6.3361931193937435 0.3671216749918495 6.5001840430405746 0.3671216749918495
6.666156730115163 0.3671216749918495 6.8341111806175068 0.3671216749918495 7.0040473945476069 0.3671216749918495 7.1759653719054635 0.3671216749918495
7.3498651126910763 0.3671216749918495 7.5257466169044456 0.3671216749918495 7.7036098845455712 0.3671216749918495 7.8834549156144531 0.3671216749918495
8.0652817101110905 0.3671216749918495 8.2490902680354861 0.3671216749918495 8.4348805893876353 0.3671216749918495 8.6226526741675436 0.3671216749918495
8.8124065223752055 0.3671216749918495 9.0041421340106247 0.3671216749918495 9.1978595090738011 0.3671216749918495 -0.3859484275555341 0.38644386841247319
-0.38347122327083877 0.38644386841247319 -0.37901225555838719 0.38644386841247319 -0.37257152441817926 0.38644386841247319 -0.36414902985021513 0.38644386841247319
-0.35374477185449471 0.38644386841247319 -0.34135875043101799 0.38644386841247319 -0.32699096557978502 0.38644386841247319 -0.31064141730079575 0.38644386841247319
-0.29231010559405024 0.38644386841247319 -0.27199703045954843 0.38644386841247319 -0.24970219189729037 0.38644386841247319 -0.22542558990727604 0.38644386841247319
-0.19916722448950541 0.38644386841247319 -0.17092709564397854 0.38644386841247319 -0.14070520337069536 0.38644386841247319 -0.10850154766965593 0.38644386841247319
-0.074316128540860227 0.38644386841247319 -0.03814894598430825 0.38644386841247319 0.040130709412064522 0.38644386841247319 0.082243182251885316 0.38644386841247319
0.1263374185194624 0.38644386841247319 0.17241341821479572 0.38644386841247319 0.22047118133788535 0.38644386841247319 0.27051070788873122 0.38644386841247319
0.32253199786733339 0.38644386841247319 0.3765350512736918 0.38644386841247319 0.43251986810780652 0.38644386841247319 0.49048644836967753 0.38644386841247319
0.55043479205930479 0.38644386841247319 0.61236489917668824 0.38644386841247319 0.67627676972182804 0.38644386841247319 0.7421704036947242 0.38644386841247319
0.81004580109537649 0.38644386841247319 0.87990296192378514 0.38644386841247319 0.95174188617995004 0.38644386841247319 1.0255625738638712 0.38644386841247319
1.1013650249755487 0.38644386841247319 1.1791492395149823 0.38644386841247319 1.2589152174821723 0.38644386841247319 1.3406629588771186 0.38644386841247319
1.4243924636998211 0.38644386841247319 1.5101037319502799 0.38644386841247319 1.5977967636284949 0.38644386841247319 1.6874715587344662 0.38644386841247319
1.7791281172681939 0.38644386841247319 1.8727664392296777 0.38644386841247319 1.9683865246189178 0.38644386841247319 2.0659883734359146 0.38644386841247319
2.1655719856806672 0.38644386841247319 2.2671373613531762 0.38644386841247319 2.3706845004534411 0.38644386841247319 2.4762134029814629 0.38644386841247319
2.5837240689372405 0.38644386841247319 2.6932164983207749 0.38644386841247319 2.8046906911320653 0.38644386841247319 2.9181466473711115 0.38644386841247319
3.0335843670379146 0.38644386841247319 3.1510038501324735 0.38644386841247319 3.2704050966547893 0.38644386841247319 3.391788106604861 0.38644386841247319
3.515152879982689 0.38644386841247319 3.6404994167882729 0.38644386841247319 3.7678277170216137 0.38644386841247319 3.8971377806827103 0.38644386841247319
4.0284296077715638 0.38644386841247319 4.1617031982881727 0.38644386841247319 4.2969585522325389 0.38644386841247319 4.4341956696046605 0.38644386841247319
4.5734145504045385 0.38644386841247319 4.7146151946321728 0.38644386841247319 4.8577976022875635 0.38644386841247319 5.0029617733707106 0.38644386841247319
5.150107707881614 0.38644386841247319 5.2992354058202737 0.38644386841247319 5.450344867186689 0.38644386841247319 5.6034360919808615 0.38644386841247319
5.7585090802027894 0.38644386841247319 5.9155638318524746 0.38644386841247319 6.0746003469299152 0.38644386841247319 6.2356186254351122 0.38644386841247319
6.3986186673680656 0.38644386841247319 6.5636004727287753 0.38644386841247319 6.7305640415172414 0.38644386841247319 6.8995093737334638 0.38644386841247319
7.0704364693774426 0.38644386841247319 7.2433453284491769 0.38644386841247319 7.4182359509486684 0.38644386841247319 7.5951083368759154 0.38644386841247319
7.7739624862309187 0.38644386841247319 7.9547983990136792 0.38644386841247319 8.1376160752241944 0.38644386841247319 8.3224155148624668 0.38644386841247319
8.5091967179284964 0.38644386841247319 8.6979596844222815 0.38644386841247319 8.8887044143438221 0.38644386841247319 9.0814309076931199 0.38644386841247319
9.2761391644701732 0.38644386841247319 -0.40626150269003591 0.40626150269003591 -0.4047751801192187 0.40626150269003591 -0.40130709412064525 0.40626150269003591
-0.39585724469431549 0.40626150269003591 -0.38842563184022949 0.40626150269003591 -0.37901225555838719 0.40626150269003591 -0.36761711584878859 0.40626150269003591
-0.35424021271143374 0.40626150269003591 -0.33888154614632265 0.40626150269003591 -0.32154111615345526 0.40626150269003591 -0.30221892273283157 0.40626150269003591
-0.28091496588445164 0.40626150269003591 -0.25762924560831546 0.40626150269003591 -0.23236176190442298 0.40626150269003591 -0.20511251477277423 0.40626150269003591
-0.17588150421336921 0.40626150269003591 -0.14466873022620791 0.40626150269003591 -0.11147419281129034 0.40626150269003591 -0.076297891968616499 0.40626150269003591
-0.039139827698186386 0.40626150269003591 0.041121591125942658 0.40626150269003591 0.084224945679641589 0.40626150269003591 0.12931006366109679 0.40626150269003591
0.17637694507030827 0.40626150269003591 0.22542558990727604 0.40626150269003591 0.27645599817200006 0.40626150269003591 0.32946816986448035 0.40626150269003591
0.38446210498471695 0.40626150269003591 0.44143780353270978 0.40626150269003591 0.50039526550845892 0.40626150269003591 0.5613344909119643 0.40626150269003591
0.62425547974322593 0.40626150269003591 0.68915823200224391 0.40626150269003591 0.75604274768901802 0.40626150269003591 0.8249090268035485 0.40626150269003591
0.89575706934583532 0.40626150269003591 0.96858687531587828 0.40626150269003591 1.0433984447136777 0.40626150269003591 1.1201917775392332 0.40626150269003591
1.198966873792545 0.40626150269003591 1.2797237334736131 0.40626150269003591 1.3624623565824376 0.40626150269003591 1.4471827431190183 0.40626150269003591
1.5338848930833551 0.40626150269003591 1.6225688064754484 0.40626150269003591 1.7132344832952979 0.40626150269003591 1.8058819235429036 0.40626150269003591
1.9005111272182655 0.40626150269003591 1.9971220943213839 0.40626150269003591 2.0957148248522586 0.40626150269003591 2.1962893188108894 0.40626150269003591
2.2988455761972766 0.40626150269003591 2.4033835970114197 0.40626150269003591 2.5099033812533196 0.40626150269003591 2.6184049289229754 0.40626150269003591
2.7288882400203875 0.40626150269003591 2.8413533145455561 0.40626150269003591 2.9558001524984809 0.40626150269003591 3.0722287538791617 0.40626150269003591
3.1906391186875993 0.40626150269003591 3.3110312469237928 0.40626150269003591 3.4334051385877427 0.40626150269003591 3.5577607936794489 0.40626150269003591
3.684098212198911 0.40626150269003591 3.8124173941461299 0.40626150269003591 3.9427183395211047 0.40626150269003591 4.0750010483238359 0.40626150269003591
4.2092655205543235 0.40626150269003591 4.3455117562125674 0.40626150269003591 4.4837397552985667 0.40626150269003591 4.6239495178123233 0.40626150269003591
4.7661410437538363 0.40626150269003591 4.9103143331231047 0.40626150269003591 5.0564693859201304 0.40626150269003591 5.2046062021449115 0.40626150269003591
5.354724781797449 0.40626150269003591 5.5068251248777429 0.40626150269003591 5.6609072313857931 0.40626150269003591 5.8169711013215997 0.40626150269003591
5.9750167346851626 0.40626150269003591 6.1350441314764819 0.40626150269003591 6.2970532916955566 0.40626150269003591 6.4610442153423886 0.40626150269003591
6.6270169024169761 0.40626150269003591 6.7949713529193199 0.40626150269003591 6.9649075668494209 0.40626150269003591 7.1368255442072774 0.40626150269003591
7.3107252849928903 0.40626150269003591 7.4866067892062595 0.40626150269003591 7.6644700568473851 0.40626150269003591 7.8443150879162671 0.40626150269003591
8.0261418824129045 0.40626150269003591 8.2099504403372983 0.40626150269003591 8.3957407616894493 0.40626150269003591 8.5835128464693558 0.40626150269003591
8.7732666946770195 0.40626150269003591 8.9650023063124387 0.40626150269003591 9.1587196813756151 0.40626150269003591 -0.42607913696759864 0.42657457782453767
-0.4236019326829033 0.42657457782453767 -0.41914296497045167 0.42657457782453767 -0.41270223383024379 0.42657457782453767 -0.40427973926227967 0.42657457782453767
-0.39387548126655919 0.42657457782453767 -0.38148945984308252 0.42657457782453767 -0.36712167499184956 0.42657457782453767 -0.35077212671286029 0.42657457782453767
-0.33244081500611478 0.42657457782453767 -0.31212773987161296 0.42657457782453767 -0.28983290130935491 0.42657457782453767 -0.26555629931934055 0.42657457782453767
-0.23929793390156995 0.42657457782453767 -0.21105780505604305 0.42657457782453767 -0.1808359127827599 0.42657457782453767 -0.14863225708172045 0.42657457782453767
-0.11444683795292475 0.42657457782453767 -0.078279655396372771 0.42657457782453767 -0.040130709412064522 0.42657457782453767 0.042112472839820794 0.42657457782453767
0.086206709107397861 0.42657457782453767 0.13228270880273121 0.42657457782453767 0.18034047192582081 0.42657457782453767 0.23037999847666671 0.42657457782453767
0.28240128845526885 0.42657457782453767 0.33640434186162732 0.42657457782453767 0.39238915869574204 0.42657457782453767 0.45035573895761299 0.42657457782453767
0.51030408264724025 0.42657457782453767 0.57223418976462381 0.42657457782453767 0.63614606030976362 0.42657457782453767 0.70203969428265967 0.42657457782453767
0.76991509168331196 0.42657457782453767 0.83977225251172061 0.42657457782453767 0.9116111767678855 0.42657457782453767 0.98543186445180664 0.42657457782453767
1.061234315563484 0.42657457782453767 1.1390185301029179 0.42657457782453767 1.2187845080701079 0.42657457782453767 1.300532249465054 0.42657457782453767
1.3842617542877564 0.42657457782453767 1.4699730225382153 0.42657457782453767 1.5576660542164305 0.42657457782453767 1.6473408493224018 0.42657457782453767
1.7389974078561294 0.42657457782453767 1.8326357298176132 0.42657457782453767 1.9282558152068534 0.42657457782453767 2.0258576640238499 0.42657457782453767
2.1254412762686026 0.42657457782453767 2.2270066519411116 0.42657457782453767 2.3305537910413769 0.42657457782453767 2.4360826935693982 0.42657457782453767
2.5435933595251763 0.42657457782453767 2.6530857889087103 0.42657457782453767 2.7645599817200006 0.42657457782453767 2.8780159379590473 0.42657457782453767
2.9934536576258499 0.42657457782453767 3.1108731407204093 0.42657457782453767 3.2302743872427246 0.42657457782453767 3.3516573971927963 0.42657457782453767
3.4750221705706243 0.42657457782453767 3.6003687073762087 0.42657457782453767 3.727697007609549 0.42657457782453767 3.8570070712706457 0.42657457782453767
3.9882988983594991 0.42657457782453767 4.1215724888761081 0.42657457782453767 4.2568278428204742 0.42657457782453767 4.3940649601925958 0.42657457782453767
4.5332838409924738 0.42657457782453767 4.6744844852201082 0.42657457782453767 4.8176668928754989 0.42657457782453767 4.9628310639586459 0.42657457782453767
5.1099769984695493 0.42657457782453767 5.2591046964082091 0.42657457782453767 5.4102141577746243 0.42657457782453767 5.5633053825687968 0.42657457782453767
5.7183783707907248 0.42657457782453767 5.8754331224404099 0.42657457782453767 6.0344696375178506 0.42657457782453767 6.1954879160230476 0.42657457782453767
6.358487957956001 0.42657457782453767 6.5234697633167107 0.42657457782453767 6.6904333321051768 0.42657457782453767 6.8593786643213992 0.42657457782453767
7.030305759965378 0.42657457782453767 7.2032146190371122 0.42657457782453767 7.3781052415366037 0.42657457782453767 7.5549776274638507 0.42657457782453767
7.7338317768188549 0.42657457782453767 7.9146676896016146 0.42657457782453767 8.0974853658121297 0.42657457782453767 8.2822848054504021 0.42657457782453767
8.4690660085164318 0.42657457782453767 8.6578289750102169 0.42657457782453767 8.8485737049317574 0.42657457782453767 9.0413001982810552 0.42657457782453767
9.2360084550581085 0.42657457782453767 -0.44738309381597857 0.44738309381597857 -0.44589677124516136 0.44738309381597857 -0.4424286852465879 0.44738309381597857
-0.43697883582025815 0.44738309381597857 -0.42954722296617215 0.44738309381597857 -0.42013384668432985 0.44738309381597857 -0.40873870697473125 0.44738309381597857
-0.3953618038373764 0.44738309381597857 -0.38000313727226531 0.44738309381597857 -0.36266270727939792 0.44738309381597857 -0.34334051385877423 0.44738309381597857
-0.32203655701039435 0.44738309381597857 -0.29875083673425812 0.44738309381597857 -0.27348335303036564 0.44738309381597857 -0.24623410589871689 0.44738309381597857
-0.21700309533931186 0.44738309381597857 -0.18579032135215057 0.44738309381597857 -0.152595783937233 0.44738309381597857 -0.11741948309455916 0.44738309381597857
-0.080261418824129044 0.44738309381597857 -0.041121591125942658 0.44738309381597857 0.04310335455369893 0.44738309381597857 0.088188472535154133 0.44738309381597857
0.13525535394436561 0.44738309381597857 0.18430399878133336 0.44738309381597857 0.2353344070460574 0.44738309381597857 0.2883465787385377 0.44738309381597857
0.34334051385877423 0.44738309381597857 0.40031621240676712 0.44738309381597857 0.45927367438251621 0.44738309381597857 0.52021289978602159 0.44738309381597857
0.58313388861728321 0.44738309381597857 0.6480366408763012 0.44738309381597857 0.71492115656307542 0.44738309381597857 0.78378743567760589 0.44738309381597857
0.85463547821989261 0.44738309381597857 0.92746528418993568 0.44738309381597857 1.0022768535877349 0.44738309381597857 1.0790701864132906 0.44738309381597857
1.1578452826666024 0.44738309381597857 1.2386021423476705 0.44738309381597857 1.3213407654564948 0.44738309381597857 1.4060611519930755 0.44738309381597857
1.4927633019574125 0.44738309381597857 1.5814472153495056 0.44738309381597857 1.6721128921693551 0.44738309381597857 1.764760332416961 0.44738309381597857
1.8593895360923229 0.44738309381597857 1.9560005031954413 0.44738309381597857 2.0545932337263157 0.44738309381597857 2.1551677276849466 0.44738309381597857
2.2577239850713338 0.44738309381597857 2.3622620058854773 0.44738309381597857 2.4687817901273768 0.44738309381597857 2.5772833377970326 0.44738309381597857
2.6877666488944452 0.44738309381597857 2.8002317234196132 0.44738309381597857 2.9146785613725381 0.44738309381597857 3.0311071627532193 0.44738309381597857
3.1495175275616565 0.44738309381597857 3.26990965579785 0.44738309381597857 3.3922835474617998 0.44738309381597857 3.516639202553506 0.44738309381597857
3.6429766210729686 0.44738309381597857 3.7712958030201871 0.44738309381597857 3.9015967483951619 0.44738309381597857 4.0338794571978935 0.44738309381597857
4.1681439294283811 0.44738309381597857 4.3043901650866241 0.44738309381597857 4.4426181641726243 0.44738309381597857 4.5828279266863809 0.44738309381597857
4.725019452627893 0.44738309381597857 4.8691927419971623 0.44738309381597857 5.0153477947941871 0.44738309381597857 5.1634846110189692 0.44738309381597857
5.3136031906715067 0.44738309381597857 5.4657035337518005 0.44738309381597857 5.6197856402598507 0.44738309381597857 5.7758495101956573 0.44738309381597857
5.9338951435592202 0.44738309381597857 6.0939225403505386 0.44738309381597857 6.2559317005696142 0.44738309381597857 6.4199226242164453 0.44738309381597857
6.5858953112910337 0.44738309381597857 6.7538497617933775 0.44738309381597857 6.9237859757234776 0.44738309381597857 7.0957039530813351 0.44738309381597857
7.2696036938669479 0.44738309381597857 7.4454851980803172 0.44738309381597857 7.6233484657214419 0.44738309381597857 7.8031934967903238 0.44738309381597857
7.9850202912869621 0.44738309381597857 8.1688288492113568 0.44738309381597857 8.3546191705635078 0.44738309381597857 8.5423912553434143 0.44738309381597857
8.7321451035510762 0.44738309381597857 8.9238807151864972 0.44738309381597857 9.1175980902496718 0.44738309381597857 -0.46819160980741942 0.46868705066435851
-0.46571440552272408 0.46868705066435851 -0.46125543781027251 0.46868705066435851 -0.45481470667006463 0.46868705066435851 -0.44639221210210045 0.46868705066435851
-0.43598795410638003 0.46868705066435851 -0.4236019326829033 0.46868705066435851 -0.40923414783167034 0.46868705066435851 -0.39288459955268107 0.46868705066435851
-0.37455328784593556 0.46868705066435851 -0.35424021271143374 0.46868705066435851 -0.33194537414917569 0.46868705066435851 -0.30766877215916133 0.46868705066435851
-0.28141040674139073 0.46868705066435851 -0.25317027789586383 0.46868705066435851 -0.22294838562258068 0.46868705066435851 -0.19074472992154126 0.46868705066435851
-0.15655931079274554 0.46868705066435851 -0.12039212823619357 0.46868705066435851 -0.082243182251885316 0.46868705066435851 -0.042112472839820794 0.46868705066435851
0.044094236267577067 0.46868705066435851 0.090170235962910406 0.46868705066435851 0.13822799908600003 0.46868705066435851 0.1882675256368459 0.46868705066435851
0.24028881561544807 0.46868705066435851 0.29429186902180648 0.46868705066435851 0.3502766858559212 0.46868705066435851 0.40824326611779221 0.46868705066435851
0.46819160980741942 0.46868705066435851 0.53012171692480292 0.46868705066435851 0.59403358746994273 0.46868705066435851 0.65992722144283888 0.46868705066435851
0.72780261884349118 0.46868705066435851 0.79765977967189983 0.46868705066435851 0.86949870392806472 0.46868705066435851 0.94331939161198586 0.46868705066435851
1.0191218427236632 0.46868705066435851 1.0969060572630971 0.46868705066435851 1.1766720352302871 0.46868705066435851 1.2584197766252332 0.46868705066435851
1.3421492814479357 0.46868705066435851 1.4278605496983945 0.46868705066435851 1.5155535813766097 0.46868705066435851 1.605228376482581 0.46868705066435851
1.6968849350163087 0.46868705066435851 1.7905232569777925 0.46868705066435851 1.8861433423670326 0.46868705066435851 1.9837451911840291 0.46868705066435851
2.0833288034287816 0.46868705066435851 2.1848941791012906 0.46868705066435851 2.2884413182015559 0.46868705066435851 2.3939702207295777 0.46868705066435851
2.5014808866853553 0.46868705066435851 2.6109733160688893 0.46868705066435851 2.7224475088801796 0.46868705066435851 2.8359034651192263 0.46868705066435851
2.9513411847860294 0.46868705066435851 3.0687606678805883 0.46868705066435851 3.1881619144029036 0.46868705066435851 3.3095449243529758 0.46868705066435851
3.4329096977308033 0.46868705066435851 3.5582562345363877 0.46868705066435851 3.6855845347697285 0.46868705066435851 3.8148945984308251 0.46868705066435851
3.9461864255196781 0.46868705066435851 4.0794600160362879 0.46868705066435851 4.2147153699806532 0.46868705066435851 4.3519524873527748 0.46868705066435851
4.4911713681526528 0.46868705066435851 4.6323720123802881 0.46868705066435851 4.7755544200356788 0.46868705066435851 4.9207185911188249 0.46868705066435851
5.0678645256297283 0.46868705066435851 5.2169922235683881 0.46868705066435851 5.3681016849348042 0.46868705066435851 5.5211929097289758 0.46868705066435851
5.6762658979509046 0.46868705066435851 5.8333206496005889 0.46868705066435851 5.9923571646780296 0.46868705066435851 6.1533754431832266 0.46868705066435851
6.3163754851161809 0.46868705066435851 6.4813572904768897 0.46868705066435851 6.6483208592653558 0.46868705066435851 6.8172661914815782 0.46868705066435851
6.988193287125557 0.46868705066435851 7.1611021461972912 0.46868705066435851 7.3359927686967827 0.46868705066435851 7.5128651546240297 0.46868705066435851
7.6917193039790339 0.46868705066435851 7.8725552167617936 0.46868705066435851 8.0553728929723096 0.46868705066435851 8.240172332610582 0.46868705066435851
8.4269535356766117 0.46868705066435851 8.6157165021703968 0.46868705066435851 8.8064612320919373 0.46868705066435851 8.9991877254412351 0.46868705066435851
9.1938959822182884 0.46868705066435851 -0.49048644836967753 0.49048644836967747 -0.48900012579886032 0.49048644836967747 -0.48553203980028681 0.49048644836967747
-0.48008219037395711 0.49048644836967747 -0.47265057751987105 0.49048644836967747 -0.46323720123802875 0.49048644836967747 -0.45184206152843021 0.49048644836967747
-0.43846515839107536 0.49048644836967747 -0.42310649182596421 0.49048644836967747 -0.40576606183309682 0.49048644836967747 -0.38644386841247319 0.49048644836967747
-0.36513991156409326 0.49048644836967747 -0.34185419128795708 0.49048644836967747 -0.3165867075840646 0.49048644836967747 -0.28933746045241582 0.49048644836967747
-0.26010644989301079 0.49048644836967747 -0.2288936759058495 0.49048644836967747 -0.19569913849093193 0.49048644836967747 -0.16052283764825809 0.49048644836967747
-0.12336477337782797 0.49048644836967747 -0.084224945679641589 0.49048644836967747 -0.04310335455369893 0.49048644836967747 0.045085117981455203 0.49048644836967747
0.092151999390666678 0.49048644836967747 0.14120064422763443 0.49048644836967747 0.19223105249235847 0.49048644836967747 0.24524322418483877 0.49048644836967747
0.30023715930507533 0.49048644836967747 0.35721285785306817 0.49048644836967747 0.4161703198288173 0.49048644836967747 0.47710954523232268 0.49048644836967747
0.54003053406358437 0.49048644836967747 0.60493328632260224 0.49048644836967747 0.67181780200937646 0.49048644836967747 0.74068408112390693 0.49048644836967747
0.81153212366619365 0.49048644836967747 0.88436192963623672 0.49048644836967747 0.95917349903403604 0.49048644836967747 1.0359668318595916 0.49048644836967747
1.1147419281129034 0.49048644836967747 1.1954987877939716 0.49048644836967747 1.2782374109027959 0.49048644836967747 1.3629577974393765 0.49048644836967747
1.4496599474037135 0.49048644836967747 1.5383438607958067 0.49048644836967747 1.6290095376156561 0.49048644836967747 1.721656977863262 0.49048644836967747
1.816286181538624 0.49048644836967747 1.9128971486417423 0.49048644836967747 2.011489879172617 0.49048644836967747 2.1120643731312478 0.49048644836967747
2.214620630517635 0.49048644836967747 2.3191586513317781 0.49048644836967747 2.425678435573678 0.49048644836967747 2.5341799832433338 0.49048644836967747
2.644663294340746 0.49048644836967747 2.7571283688659145 0.49048644836967747 2.8715752068188394 0.49048644836967747 2.9880038081995202 0.49048644836967747
3.1064141730079577 0.49048644836967747 3.2268063012441512 0.49048644836967747 3.3491801929081011 0.49048644836967747 3.4735358479998073 0.49048644836967747
3.5998732665192694 0.49048644836967747 3.7281924484664883 0.49048644836967747 3.8584933938414632 0.49048644836967747 3.9907761026441944 0.49048644836967747
4.1250405748746815 0.49048644836967747 4.2612868105329254 0.49048644836967747 4.3995148096189256 0.49048644836967747 4.5397245721326822 0.49048644836967747
4.6819160980741943 0.49048644836967747 4.8260893874434636 0.49048644836967747 4.9722444402404884 0.49048644836967747 5.1203812564652695 0.49048644836967747
5.270499836117807 0.49048644836967747 5.4226001791981018 0.49048644836967747 5.576682285706152 0.49048644836967747 5.7327461556419577 0.49048644836967747
5.8907917890055206 0.49048644836967747 6.0508191857968399 0.49048644836967747 6.2128283460159155 0.49048644836967747 6.3768192696627466 0.49048644836967747
6.5427919567373349 0.49048644836967747 6.7107464072396787 0.49048644836967747 6.8806826211697789 0.49048644836967747 7.0526005985276354 0.49048644836967747
7.2265003393132483 0.49048644836967747 7.4023818435266175 0.49048644836967747 7.5802451111677431 0.49048644836967747 7.7600901422366251 0.49048644836967747
7.9419169367332634 0.49048644836967747 8.125725494657658 0.49048644836967747 8.3115158160098073 0.49048644836967747 8.4992879007897155 0.49048644836967747
8.6890417489973775 0.49048644836967747 8.8807773606327967 0.49048644836967747 9.0744947356959731 0.49048644836967747 -0.5122858460749965 0.51278128693193559
-0.50980864179030116 0.51278128693193559 -0.50534967407784959 0.51278128693193559 -0.49890894293764165 0.51278128693193559 -0.49048644836967753 0.51278128693193559
-0.48008219037395711 0.51278128693193559 -0.46769616895048038 0.51278128693193559 -0.45332838409924742 0.51278128693193559 -0.43697883582025815 0.51278128693193559
-0.41864752411351264 0.51278128693193559 -0.39833444897901082 0.51278128693193559 -0.37603961041675277 0.51278128693193559 -0.35176300842673841 0.51278128693193559
-0.32550464300896781 0.51278128693193559 -0.29726451416344091 0.51278128693193559 -0.26704262189015776 0.51278128693193559 -0.23483896618911831 0.51278128693193559
-0.20065354706032262 0.51278128693193559 -0.16448636450377063 0.51278128693193559 -0.1263374185194624 0.51278128693193559 -0.086206709107397861 0.51278128693193559
-0.044094236267577067 0.51278128693193559 0.046075999695333339 0.51278128693193559 0.09413376281842295 0.51278128693193559 0.14417328936926885 0.51278128693193559
0.19619457934787102 0.51278128693193559 0.25019763275422946 0.51278128693193559 0.30618244958834412 0.51278128693193559 0.36414902985021513 0.51278128693193559
0.42409737353984239 0.51278128693193559 0.4860274806572259 0.51278128693193559 0.5499393512023657 0.51278128693193559 0.61583298517526175 0.51278128693193559
0.68370838257591415 0.51278128693193559 0.75356554340432269 0.51278128693193559 0.82540446766048758 0.51278128693193559 0.89922515534440872 0.51278128693193559
0.97502760645608622 0.51278128693193559 1.05281182099552 0.51278128693193559 1.1325777989627099 0.51278128693193559 1.2143255403576561 0.51278128693193559
1.2980550451803587 0.51278128693193559 1.3837663134308176 0.51278128693193559 1.4714593451090325 0.51278128693193559 1.5611341402150039 0.51278128693193559
1.6527906987487315 0.51278128693193559 1.7464290207102153 0.51278128693193559 1.8420491060994555 0.51278128693193559 1.939650954916452 0.51278128693193559
2.0392345671612047 0.51278128693193559 2.1407999428337137 0.51278128693193559 2.244347081933979 0.51278128693193559 2.3498759844620003 0.51278128693193559
2.4573866504177784 0.51278128693193559 2.5668790798013124 0.51278128693193559 2.6783532726126027 0.51278128693193559 2.7918092288516494 0.51278128693193559
2.907246948518452 0.51278128693193559 3.0246664316130114 0.51278128693193559 3.1440676781353267 0.51278128693193559 3.2654506880853984 0.51278128693193559
3.3888154614632264 0.51278128693193559 3.5141619982688108 0.51278128693193559 3.6414902985021511 0.51278128693193559 3.7708003621632482 0.51278128693193559
3.9020921892521012 0.51278128693193559 4.0353657797687106 0.51278128693193559 4.1706211337130759 0.51278128693193559 4.3078582510851984 0.51278128693193559
4.4470771318850764 0.51278128693193559 4.5882777761127107 0.51278128693193559 4.7314601837681014 0.51278128693193559 4.8766243548512485 0.51278128693193559
5.0237702893621519 0.51278128693193559 5.1728979873008107 0.51278128693193559 5.3240074486672269 0.51278128693193559 5.4770986734613984 0.51278128693193559
5.6321716616833273 0.51278128693193559 5.7892264133330116 0.51278128693193559 5.9482629284104531 0.51278128693193559 6.1092812069156501 0.51278128693193559
6.2722812488486035 0.51278128693193559 6.4372630542093132 0.51278128693193559 6.6042266229977793 0.51278128693193559 6.7731719552140017 0.51278128693193559
6.9440990508579796 0.51278128693193559 7.1170079099297148 0.51278128693193559 7.2918985324292054 0.51278128693193559 7.4687709183564532 0.51278128693193559
7.6476250677114566 0.51278128693193559 7.8284609804942162 0.51278128693193559 8.0112786567047323 0.51278128693193559 8.1960780963430047 0.51278128693193559
8.3828592994090343 0.51278128693193559 8.5716222659028194 0.51278128693193559 8.76236699582436 0.51278128693193559 8.9550934891736578 0.51278128693193559
9.1498017459507111 0.51278128693193559 -0.53557156635113268 0.53557156635113268 -0.53408524378031552 0.53557156635113268 -0.53061715778174201 0.53557156635113268
-0.52516730835541225 0.53557156635113268 -0.51773569550132625 0.53557156635113268 -0.50832231921948401 0.53557156635113268 -0.49692717950988541 0.53557156635113268
-0.48355027637253056 0.53557156635113268 -0.46819160980741942 0.53557156635113268 -0.45085117981455208 0.53557156635113268 -0.43152898639392839 0.53557156635113268
-0.41022502954554846 0.53557156635113268 -0.38693930926941228 0.53557156635113268 -0.3616718255655198 0.53557156635113268 -0.33442257843387102 0.53557156635113268
-0.305191567874466 0.53557156635113268 -0.27397879388730473 0.53557156635113268 -0.24078425647238713 0.53557156635113268 -0.20560795562971329 0.53557156635113268
-0.16844989135928318 0.53557156635113268 -0.12931006366109679 0.53557156635113268 -0.088188472535154133 0.53557156635113268 -0.045085117981455203 0.53557156635113268
0.047066881409211475 0.53557156635113268 0.096115526246179236 0.53557156635113268 0.14714593451090324 0.53557156635113268 0.20015810620338356 0.53557156635113268
0.25515204132362013 0.53557156635113268 0.31212773987161296 0.53557156635113268 0.3710852018473621 0.53557156635113268 0.43202442725086748 0.53557156635113268
0.49494541608212911 0.53557156635113268 0.55984816834114703 0.53557156635113268 0.62673268402792126 0.53557156635113268 0.69559896314245173 0.53557156635113268
0.76644700568473845 0.53557156635113268 0.83927681165478152 0.53557156635113268 0.91408838105258083 0.53557156635113268 0.99088171387813639 0.53557156635113268
1.0696568101314483 0.53557156635113268 1.1504136698125162 0.53557156635113268 1.2331522929213408 0.53557156635113268 1.3178726794579214 0.53557156635113268
1.4045748294222584 0.53557156635113268 1.4932587428143516 0.53557156635113268 1.5839244196342011 0.53557156635113268 1.6765718598818067 0.53557156635113268
1.7712010635571689 0.53557156635113268 1.867812030660287 0.53557156635113268 1.9664047611911617 0.53557156635113268 2.0669792551497923 0.53557156635113268
2.1695355125361795 0.53557156635113268 2.274073533350323 0.53557156635113268 2.3805933175922225 0.53557156635113268 2.4890948652618787 0.53557156635113268
2.5995781763592909 0.53557156635113268 2.7120432508844594 0.53557156635113268 2.8264900888373838 0.53557156635113268 2.9429186902180651 0.53557156635113268
3.0613290550265022 0.53557156635113268 3.1817211832626962 0.53557156635113268 3.304095074926646 0.53557156635113268 3.4284507300183518 0.53557156635113268
3.5547881485378143 0.53557156635113268 3.6831073304850328 0.53557156635113268 3.8134082758600081 0.53557156635113268 3.9456909846627393 0.53557156635113268
4.0799554568932264 0.53557156635113268 4.2162016925514703 0.53557156635113268 4.3544296916374705 0.53557156635113268 4.4946394541512262 0.53557156635113268
4.6368309800927392 0.53557156635113268 4.7810042694620085 0.53557156635113268 4.9271593222590333 0.53557156635113268 5.0752961384838144 0.53557156635113268
5.2254147181363519 0.53557156635113268 5.3775150612166458 0.53557156635113268 5.531597167724696 0.53557156635113268 5.6876610376605026 0.53557156635113268
5.8457066710240655 0.53557156635113268 6.0057340678153848 0.53557156635113268 6.1677432280344595 0.53557156635113268 6.3317341516812915 0.53557156635113268
6.497706838755879 0.53557156635113268 6.6656612892582237 0.53557156635113268 6.8355975031883238 0.53557156635113268 7.0075154805461803 0.53557156635113268
7.1814152213317932 0.53557156635113268 7.3572967255451625 0.53557156635113268 7.535159993186288 0.53557156635113268 7.71500502425517 0.53557156635113268
7.8968318187518083 0.53557156635113268 8.0806403766762021 0.53557156635113268 8.2664306980283531 0.53557156635113268 8.4542027828082595 0.53557156635113268
8.6439566310159233 0.53557156635113268 8.8356922426513425 0.53557156635113268 9.0294096177145171 0.53557156635113268 -0.55836184577032988 0.55885728662726886
-0.55588464148563455 0.55885728662726886 -0.55142567377318286 0.55885728662726886 -0.54498494263297503 0.55885728662726886 -0.53656244806501086 0.55885728662726886
-0.52615819006929043 0.55885728662726886 -0.51377216864581376 0.55885728662726886 -0.49940438379458074 0.55885728662726886 -0.48305483551559147 0.55885728662726886
-0.46472352380884596 0.55885728662726886 -0.44441044867434415 0.55885728662726886 -0.42211561011208609 0.55885728662726886 -0.39783900812207174 0.55885728662726886
-0.37158064270430113 0.55885728662726886 -0.34334051385877423 0.55885728662726886 -0.31311862158549109 0.55885728662726886 -0.28091496588445164 0.55885728662726886
-0.24672954675565595 0.55885728662726886 -0.21056236419910399 0.55885728662726886 -0.17241341821479572 0.55885728662726886 -0.13228270880273121 0.55885728662726886
-0.090170235962910406 0.55885728662726886 -0.046075999695333339 0.55885728662726886 0.048057763123089618 0.55885728662726886 0.098097289673935509 0.55885728662726886
0.15011857965253766 0.55885728662726886 0.20412163305889611 0.55885728662726886 0.26010644989301079 0.55885728662726886 0.31807303015488181 0.55885728662726886
0.37802137384450901 0.55885728662726886 0.43995148096189257 0.55885728662726886 0.50386335150703232 0.55885728662726886 0.56975698547992837 0.55885728662726886
0.63763238288058077 0.55885728662726886 0.70748954370898942 0.55885728662726886 0.77932846796515431 0.55885728662726886 0.85314915564907545 0.55885728662726886
0.92895160676075283 0.55885728662726886 1.0067358213001865 0.55885728662726886 1.0865017992673764 0.55885728662726886 1.1682495406623228 0.55885728662726886
1.2519790454850253 0.55885728662726886 1.3376903137354841 0.55885728662726886 1.4253833454136993 0.55885728662726886 1.5150581405196706 0.55885728662726886
1.6067146990533983 0.55885728662726886 1.7003530210148821 0.55885728662726886 1.7959731064041222 0.55885728662726886 1.8935749552211187 0.55885728662726886
1.9931585674658714 0.55885728662726886 2.0947239431383804 0.55885728662726886 2.1982710822386458 0.55885728662726886 2.303799984766667 0.55885728662726886
2.4113106507224451 0.55885728662726886 2.5208030801059791 0.55885728662726886 2.6322772729172694 0.55885728662726886 2.7457332291563161 0.55885728662726886
2.8611709488231187 0.55885728662726886 2.9785904319176781 0.55885728662726886 3.0979916784399935 0.55885728662726886 3.2193746883900651 0.55885728662726886
3.3427394617678932 0.55885728662726886 3.4680859985734775 0.55885728662726886 3.5954142988068178 0.55885728662726886 3.7247243624679145 0.55885728662726886
3.8560161895567679 0.55885728662726886 3.9892897800733773 0.55885728662726886 4.124545134017743 0.55885728662726886 4.2617822513898647 0.55885728662726886
4.4010011321897426 0.55885728662726886 4.542201776417377 0.55885728662726886 4.6853841840727677 0.55885728662726886 4.8305483551559147 0.55885728662726886
4.9776942896668182 0.55885728662726886 5.1268219876054779 0.55885728662726886 5.2779314489718931 0.55885728662726886 5.4310226737660656 0.55885728662726886
5.5860956619879936 0.55885728662726886 5.7431504136376788 0.55885728662726886 5.9021869287151194 0.55885728662726886 6.0632052072203164 0.55885728662726886
6.2262052491532698 0.55885728662726886 6.3911870545139795 0.55885728662726886 6.5581506233024456 0.55885728662726886 6.727095955518668 0.55885728662726886
6.8980230511626468 0.55885728662726886 7.0709319102343811 0.55885728662726886 7.2458225327338726 0.55885728662726886 7.4226949186611195 0.55885728662726886
7.6015490680161237 0.55885728662726886 7.7823849807988834 0.55885728662726886 7.9652026570093994 0.55885728662726886 8.1500020966476718 0.55885728662726886
8.3367832997136997 0.55885728662726886 8.5255462662074848 0.55885728662726886 8.7162909961290271 0.55885728662726886 8.9090174894783249 0.55885728662726886
9.1037257462553782 0.55885728662726886 -0.58263844776034424 0.58263844776034424 -0.58115212518952697 0.58263844776034424 -0.57768403919095357 0.58263844776034424
-0.57223418976462381 0.58263844776034424 -0.5648025769105377 0.58263844776034424 -0.55538920062869546 0.58263844776034424 -0.54399406091909686 0.58263844776034424
-0.53061715778174201 0.58263844776034424 -0.51525849121663092 0.58263844776034424 -0.49791806122376353 0.58263844776034424 -0.4785958678031399 0.58263844776034424
-0.45729191095475996 0.58263844776034424 -0.43400619067862373 0.58263844776034424 -0.40873870697473125 0.58263844776034424 -0.38148945984308252 0.58263844776034424
-0.3522584492836775 0.58263844776034424 -0.32104567529651618 0.58263844776034424 -0.28785113788159861 0.58263844776034424 -0.25267483703892479 0.58263844776034424
-0.21551677276849465 0.58263844776034424 -0.17637694507030827 0.58263844776034424 -0.13525535394436561 0.58263844776034424 -0.092151999390666678 0.58263844776034424
-0.047066881409211475 0.58263844776034424 0.049048644836967754 0.58263844776034424 0.10007905310169178 0.58263844776034424 0.15309122479417206 0.58263844776034424
0.20808515991440865 0.58263844776034424 0.26506085846240146 0.58263844776034424 0.3240183204381506 0.58263844776034424 0.38495754584165598 0.58263844776034424
0.44787853467291766 0.58263844776034424 0.51278128693193559 0.58263844776034424 0.57966580261870981 0.58263844776034424 0.64853208173324028 0.58263844776034424
0.719380124275527 0.58263844776034424 0.79220993024557007 0.58263844776034424 0.86702149964336939 0.58263844776034424 0.94381483246892495 0.58263844776034424
1.0225899287222369 0.58263844776034424 1.1033467884033048 0.58263844776034424 1.1860854115121293 0.58263844776034424 1.27080579804871 0.58263844776034424
1.3575079480130468 0.58263844776034424 1.4461918614051401 0.58263844776034424 1.5368575382249896 0.58263844776034424 1.6295049784725952 0.58263844776034424
1.7241341821479572 0.58263844776034424 1.8207451492510756 0.58263844776034424 1.9193378797819503 0.58263844776034424 2.0199123737405809 0.58263844776034424
2.122468631126968 0.58263844776034424 2.2270066519411116 0.58263844776034424 2.333526436183011 0.58263844776034424 2.4420279838526673 0.58263844776034424
2.5525112949500794 0.58263844776034424 2.664976369475248 0.58263844776034424 2.7794232074281724 0.58263844776034424 2.8958518088088536 0.58263844776034424
3.0142621736172908 0.58263844776034424 3.1346543018534843 0.58263844776034424 3.2570281935174341 0.58263844776034424 3.3813838486091403 0.58263844776034424
3.5077212671286029 0.58263844776034424 3.6360404490758214 0.58263844776034424 3.7663413944507966 0.58263844776034424 3.8986241032535278 0.58263844776034424
4.0328885754840149 0.58263844776034424 4.1691348111422588 0.58263844776034424 4.3073628102282591 0.58263844776034424 4.4475725727420148 0.58263844776034424
4.5897640986835277 0.58263844776034424 4.7339373880527962 0.58263844776034424 4.8800924408498219 0.58263844776034424 5.028229257074603 0.58263844776034424
5.1783478367271405 0.58263844776034424 5.3304481798074344 0.58263844776034424 5.4845302863154846 0.58263844776034424 5.6405941562512911 0.58263844776034424
5.798639789614854 0.58263844776034424 5.9586671864061733 0.58263844776034424 6.1206763466252481 0.58263844776034424 6.2846672702720801 0.58263844776034424
6.4506399573466675 0.58263844776034424 6.6185944078490122 0.58263844776034424 6.7885306217791124 0.58263844776034424 6.9604485991369689 0.58263844776034424
7.1343483399225818 0.58263844776034424 7.310229844135951 0.58263844776034424 7.4880931117770766 0.58263844776034424 7.6679381428459585 0.58263844776034424
7.8497649373425968 0.58263844776034424 8.0335734952669906 0.58263844776034424 8.2193638166191416 0.58263844776034424 8.4071359013990481 0.58263844776034424
8.5968897496067118 0.58263844776034424 8.788625361242131 0.58263844776034424 8.9823427363053057 0.58263844776034424 -0.6064196088934195 0.60691504975035859
-0.60394240460872417 0.60691504975035859 -0.59948343689627248 0.60691504975035859 -0.59304270575606466 0.60691504975035859 -0.58462021118810048 0.60691504975035859
-0.57421595319238006 0.60691504975035859 -0.56182993176890328 0.60691504975035859 -0.54746214691767037 0.60691504975035859 -0.5311125986386811 0.60691504975035859
-0.51278128693193559 0.60691504975035859 -0.49246821179743377 0.60691504975035859 -0.47017337323517572 0.60691504975035859 -0.44589677124516136 0.60691504975035859
-0.41963840582739076 0.60691504975035859 -0.39139827698186386 0.60691504975035859 -0.36117638470858071 0.60691504975035859 -0.32897272900754126 0.60691504975035859
-0.29478730987874557 0.60691504975035859 -0.25862012732219358 0.60691504975035859 -0.22047118133788535 0.60691504975035859 -0.18034047192582081 0.60691504975035859
-0.13822799908600003 0.60691504975035859 -0.09413376281842295 0.60691504975035859 -0.048057763123089618 0.60691504975035859 0.050039526550845891 0.60691504975035859
0.10206081652944805 0.60691504975035859 0.15606386993580648 0.60691504975035859 0.2120486867699212 0.60691504975035859 0.27001526703179218 0.60691504975035859
0.32996361072141944 0.60691504975035859 0.39189371783880295 0.60691504975035859 0.45580558838394275 0.60691504975035859 0.52169922235683885 0.60691504975035859
0.58957461975749115 0.60691504975035859 0.6594317805858998 0.60691504975035859 0.73127070484206469 0.60691504975035859 0.80509139252598583 0.60691504975035859
0.88089384363766321 0.60691504975035859 0.95867805817709695 0.60691504975035859 1.038444036144287 0.60691504975035859 1.1201917775392332 0.60691504975035859
1.2039212823619356 0.60691504975035859 1.2896325506123945 0.60691504975035859 1.3773255822906096 0.60691504975035859 1.467000377396581 0.60691504975035859
1.5586569359303086 0.60691504975035859 1.6522952578917924 0.60691504975035859 1.7479153432810326 0.60691504975035859 1.8455171920980291 0.60691504975035859
1.9451008043427818 0.60691504975035859 2.0466661800152908 0.60691504975035859 2.1502133191155561 0.60691504975035859 2.2557422216435774 0.60691504975035859
2.3632528875993555 0.60691504975035859 2.4727453169828895 0.60691504975035859 2.5842195097941798 0.60691504975035859 2.6976754660332265 0.60691504975035859
2.8131131857000291 0.60691504975035859 2.9305326687945885 0.60691504975035859 3.0499339153169038 0.60691504975035859 3.1713169252669755 0.60691504975035859
3.2946816986448035 0.60691504975035859 3.4200282354503879 0.60691504975035859 3.5473565356837282 0.60691504975035859 3.6766665993448249 0.60691504975035859
3.8079584264336783 0.60691504975035859 3.9412320169502877 0.60691504975035859 4.076487370894653 0.60691504975035859 4.2137244882667746 0.60691504975035859
4.3529433690666535 0.60691504975035859 4.4941440132942878 0.60691504975035859 4.6373264209496785 0.60691504975035859 4.7824905920328256 0.60691504975035859
4.929636526543729 0.60691504975035859 5.0787642244823878 0.60691504975035859 5.229873685848804 0.60691504975035859 5.3829649106429756 0.60691504975035859
5.5380378988649044 0.60691504975035859 5.6950926505145887 0.60691504975035859 5.8541291655920302 0.60691504975035859 6.0151474440972272 0.60691504975035859
6.1781474860301806 0.60691504975035859 6.3431292913908903 0.60691504975035859 6.5100928601793564 0.60691504975035859 6.6790381923955779 0.60691504975035859
6.8499652880395567 0.60691504975035859 7.0228741471112919 0.60691504975035859 7.1977647696107825 0.60691504975035859 7.3746371555380303 0.60691504975035859
7.5534913048930337 0.60691504975035859 7.7343272176757933 0.60691504975035859 7.9171448938863094 0.60691504975035859 8.1019443335245818 0.60691504975035859
8.2887255365906114 0.60691504975035859 8.4774885030843965 0.60691504975035859 8.6682332330059371 0.60691504975035859 8.8609597263552349 0.60691504975035859
9.0556679831322882 0.60691504975035859 -0.63168709259731193 0.63168709259731204 -0.63020077002649477 0.63168709259731204 -0.62673268402792126 0.63168709259731204
-0.6212828346015915 0.63168709259731204 -0.6138512217475055 0.63168709259731204 -0.60443784546566315 0.63168709259731204 -0.59304270575606466 0.63168709259731204
-0.57966580261870981 0.63168709259731204 -0.56430713605359872 0.63168709259731204 -0.54696670606073128 0.63168709259731204 -0.52764451264010759 0.63168709259731204
-0.50634055579172765 0.63168709259731204 -0.48305483551559147 0.63168709259731204 -0.45778735181169899 0.63168709259731204 -0.43053810468005027 0.63168709259731204
-0.40130709412064525 0.63168709259731204 -0.37009432013348392 0.63168709259731204 -0.33689978271856635 0.63168709259731204 -0.30172348187589254 0.63168709259731204
-0.26456541760546243 0.63168709259731204 -0.22542558990727604 0.63168709259731204 -0.18430399878133336 0.63168709259731204 -0.14120064422763443 0.63168709259731204
-0.096115526246179236 0.63168709259731204 -0.049048644836967754 0.63168709259731204 0.051030408264724027 0.63168709259731204 0.10404257995720433 0.63168709259731204
0.1590365150774409 0.63168709259731204 0.21601221362543374 0.63168709259731204 0.27496967560118285 0.63168709259731204 0.33590890100468823 0.63168709259731204
0.39882988983594991 0.63168709259731204 0.46373264209496784 0.63168709259731204 0.53061715778174201 0.63168709259731204 0.59948343689627248 0.63168709259731204
0.67033147943855931 0.63168709259731204 0.74316128540860227 0.63168709259731204 0.81797285480640158 0.63168709259731204 0.89476618763195714 0.63168709259731204
0.97354128388526895 0.63168709259731204 1.0542981435663372 0.63168709259731204 1.1370367666751615 0.63168709259731204 1.2217571532117422 0.63168709259731204
1.3084593031760792 0.63168709259731204 1.3971432165681723 0.63168709259731204 1.4878088933880218 0.63168709259731204 1.5804563336356274 0.63168709259731204
1.6750855373109896 0.63168709259731204 1.7716965044141078 0.63168709259731204 1.8702892349449824 0.63168709259731204 1.9708637289036133 0.63168709259731204
2.0734199862900002 0.63168709259731204 2.1779580071041438 0.63168709259731204 2.2844777913460432 0.63168709259731204 2.3929793390156995 0.63168709259731204
2.5034626501131116 0.63168709259731204 2.6159277246382802 0.63168709259731204 2.730374562591205 0.63168709259731204 2.8468031639718858 0.63168709259731204
2.965213528780323 0.63168709259731204 3.0856056570165169 0.63168709259731204 3.2079795486804668 0.63168709259731204 3.3323352037721725 0.63168709259731204
3.4586726222916351 0.63168709259731204 3.5869918042388536 0.63168709259731204 3.7172927496138288 0.63168709259731204 3.84957545841656 0.63168709259731204
3.9838399306470476 0.63168709259731204 4.120086166305291 0.63168709259731204 4.2583141653912913 0.63168709259731204 4.3985239279050479 0.63168709259731204
4.5407154538465599 0.63168709259731204 4.6848887432158293 0.63168709259731204 4.8310437960128541 0.63168709259731204 4.9791806122376352 0.63168709259731204
5.1292991918901727 0.63168709259731204 5.2813995349704665 0.63168709259731204 5.4354816414785168 0.63168709259731204 5.5915455114143233 0.63168709259731204
5.7495911447778862 0.63168709259731204 5.9096185415692055 0.63168709259731204 6.0716277017882812 0.63168709259731204 6.2356186254351122 0.63168709259731204
6.4015913125096997 0.63168709259731204 6.5695457630120444 0.63168709259731204 6.7394819769421446 0.63168709259731204 6.9113999543000011 0.63168709259731204
7.085299695085614 0.63168709259731204 7.2611811992989832 0.63168709259731204 7.4390444669401088 0.63168709259731204 7.6188894980089907 0.63168709259731204
7.800716292505629 0.63168709259731204 7.9845248504300228 0.63168709259731204 8.1703151717821729 0.63168709259731204 8.3580872565620812 0.63168709259731204
8.5478411047697431 0.63168709259731204 8.7395767164051623 0.63168709259731204 8.9332940914683387 0.63168709259731204 -0.65645913544426537 0.65695457630120446
-0.65398193115957004 0.65695457630120446 -0.64952296344711835 0.65695457630120446 -0.64308223230691053 0.65695457630120446 -0.63465973773894635 0.65695457630120446
-0.62425547974322593 0.65695457630120446 -0.61186945831974926 0.65695457630120446 -0.59750167346851624 0.65695457630120446 -0.58115212518952697 0.65695457630120446
-0.56282081348278146 0.65695457630120446 -0.5425077383482797 0.65695457630120446 -0.52021289978602159 0.65695457630120446 -0.49593629779600729 0.65695457630120446
-0.46967793237823663 0.65695457630120446 -0.44143780353270978 0.65695457630120446 -0.41121591125942658 0.65695457630120446 -0.37901225555838719 0.65695457630120446
-0.34482683642959144 0.65695457630120446 -0.30865965387303951 0.65695457630120446 -0.27051070788873122 0.65695457630120446 -0.23037999847666671 0.65695457630120446
-0.1882675256368459 0.65695457630120446 -0.14417328936926885 0.65695457630120446 -0.098097289673935509 0.65695457630120446 -0.050039526550845891 0.65695457630120446
0.052021289978602163 0.65695457630120446 0.1060243433849606 0.65695457630120446 0.1620091602190753 0.65695457630120446 0.21997574048094629 0.65695457630120446
0.27992408417057352 0.65695457630120446 0.34185419128795708 0.65695457630120446 0.40576606183309682 0.65695457630120446 0.47165969580599293 0.65695457630120446
0.53953509320664528 0.65695457630120446 0.60939225403505393 0.65695457630120446 0.68123117829121882 0.65695457630120446 0.75505186597513996 0.65695457630120446
0.83085431708681734 0.65695457630120446 0.90863853162625108 0.65695457630120446 0.98840450959344106 0.65695457630120446 1.0701522509883874 0.65695457630120446
1.1538817558110899 0.65695457630120446 1.2395930240615487 0.65695457630120446 1.3272860557397637 0.65695457630120446 1.416960850845735 0.65695457630120446
1.5086174093794626 0.65695457630120446 1.6022557313409465 0.65695457630120446 1.6978758167301866 0.65695457630120446 1.7954776655471831 0.65695457630120446
1.8950612777919358 0.65695457630120446 1.9966266534644448 0.65695457630120446 2.1001737925647102 0.65695457630120446 2.2057026950927314 0.65695457630120446
2.3132133610485095 0.65695457630120446 2.4227057904320435 0.65695457630120446 2.5341799832433338 0.65695457630120446 2.6476359394823805 0.65695457630120446
2.7630736591491831 0.65695457630120446 2.8804931422437425 0.65695457630120446 2.9998943887660579 0.65695457630120446 3.1212773987161295 0.65695457630120446
3.2446421720939576 0.65695457630120446 3.3699887088995419 0.65695457630120446 3.4973170091328822 0.65695457630120446 3.6266270727939793 0.65695457630120446
3.7579188998828323 0.65695457630120446 3.8911924903994417 0.65695457630120446 4.0264478443438074 0.65695457630120446 4.1636849617159291 0.65695457630120446
4.302903842515807 0.65695457630120446 4.4441044867434414 0.65695457630120446 4.5872868943988321 0.65695457630120446 4.7324510654819791 0.65695457630120446
4.8795969999928825 0.65695457630120446 5.0287246979315423 0.65695457630120446 5.1798341592979575 0.65695457630120446 5.33292538409213 0.65695457630120446
5.487998372314058 0.65695457630120446 5.6450531239637431 0.65695457630120446 5.8040896390411838 0.65695457630120446 5.9651079175463808 0.65695457630120446
6.1281079594793342 0.65695457630120446 6.2930897648400439 0.65695457630120446 6.46005333362851 0.65695457630120446 6.6289986658447324 0.65695457630120446
6.7999257614887112 0.65695457630120446 6.9728346205604455 0.65695457630120446 7.147725243059937 0.65695457630120446 7.3245976289871839 0.65695457630120446
7.5034517783421881 0.65695457630120446 7.6842876911249478 0.65695457630120446 7.8671053673354638 0.65695457630120446 8.0519048069737362 0.65695457630120446
8.2386860100397659 0.65695457630120446 8.4274489765335492 0.65695457630120446 8.6181937064550915 0.65695457630120446 8.8109201998043893 0.65695457630120446
9.0056284565814426 0.65695457630120446 -0.68271750086203598 0.68271750086203598 -0.68123117829121882 0.68271750086203598 -0.67776309229264531 0.68271750086203598
-0.67231324286631555 0.68271750086203598 -0.66488163001222955 0.68271750086203598 -0.6554682537303872 0.68271750086203598 -0.64407311402078871 0.68271750086203598
-0.63069621088343386 0.68271750086203598 -0.61533754431832266 0.68271750086203598 -0.59799711432545533 0.68271750086203598 -0.57867492090483164 0.68271750086203598
-0.5573709640564517 0.68271750086203598 -0.53408524378031552 0.68271750086203598 -0.50881776007642299 0.68271750086203598 -0.48156851294477426 0.68271750086203598
-0.45233750238536924 0.68271750086203598 -0.42112472839820797 0.68271750086203598 -0.3879301909832904 0.68271750086203598 -0.35275389014061653 0.68271750086203598
-0.31559582587018642 0.68271750086203598 -0.27645599817200006 0.68271750086203598 -0.2353344070460574 0.68271750086203598 -0.19223105249235847 0.68271750086203598
-0.14714593451090324 0.68271750086203598 -0.10007905310169178 0.68271750086203598 -0.051030408264724027 0.68271750086203598 0.053012171692480299 0.68271750086203598
0.10800610681271687 0.68271750086203598 0.16498180536070972 0.68271750086203598 0.22393926733645883 0.68271750086203598 0.28487849273996418 0.68271750086203598
0.34779948157122587 0.68271750086203598 0.41270223383024379 0.68271750086203598 0.47958674951701802 0.68271750086203598 0.54845302863154854 0.68271750086203598
0.61930107117383526 0.68271750086203598 0.69213087714387822 0.68271750086203598 0.76694244654167754 0.68271750086203598 0.8437357793672331 0.68271750086203598
0.92251087562054501 0.68271750086203598 1.0032677353016131 0.68271750086203598 1.0860063584104376 0.68271750086203598 1.1707267449470182 0.68271750086203598
1.257428894911355 0.68271750086203598 1.3461128083034484 0.68271750086203598 1.4367784851232979 0.68271750086203598 1.5294259253709035 0.68271750086203598
1.6240551290462655 0.68271750086203598 1.7206660961493838 0.68271750086203598 1.8192588266802585 0.68271750086203598 1.9198333206388893 0.68271750086203598
2.0223895780252765 0.68271750086203598 2.1269275988394196 0.68271750086203598 2.2334473830813195 0.68271750086203598 2.3419489307509753 0.68271750086203598
2.4524322418483875 0.68271750086203598 2.564897316373556 0.68271750086203598 2.6793441543264809 0.68271750086203598 2.7957727557071617 0.68271750086203598
2.9141831205155992 0.68271750086203598 3.0345752487517927 0.68271750086203598 3.1569491404157426 0.68271750086203598 3.2813047955074488 0.68271750086203598
3.4076422140269109 0.68271750086203598 3.5359613959741298 0.68271750086203598 3.6662623413491047 0.68271750086203598 3.7985450501518359 0.68271750086203598
3.9328095223823234 0.68271750086203598 4.0690557580405669 0.68271750086203598 4.2072837571265671 0.68271750086203598 4.3474935196403237 0.68271750086203598
4.4896850455818358 0.68271750086203598 4.6338583349511051 0.68271750086203598 4.7800133877481299 0.68271750086203598 4.928150203972911 0.68271750086203598
5.0782687836254494 0.68271750086203598 5.2303691267057433 0.68271750086203598 5.3844512332137935 0.68271750086203598 5.5405151031496001 0.68271750086203598
5.6985607365131621 0.68271750086203598 5.8585881333044814 0.68271750086203598 6.020597293523557 0.68271750086203598 6.1845882171703881 0.68271750086203598
6.3505609042449764 0.68271750086203598 6.5185153547473202 0.68271750086203598 6.6884515686774204 0.68271750086203598 6.8603695460352769 0.68271750086203598
7.0342692868208898 0.68271750086203598 7.210150791034259 0.68271750086203598 7.3880140586753846 0.68271750086203598 7.5678590897442666 0.68271750086203598
7.7496858842409049 0.68271750086203598 7.9334944421652986 0.68271750086203598 8.1192847635174488 0.68271750086203598 8.307056848297357 0.68271750086203598
8.496810696505019 0.68271750086203598 8.6885463081404382 0.68271750086203598 8.8822636832036146 0.68271750086203598 -0.70848042542286749 0.70897586627980658
-0.70600322113817215 0.70897586627980658 -0.70154425342572058 0.70897586627980658 -0.69510352228551264 0.70897586627980658 -0.68668102771754846 0.70897586627980658
-0.67627676972182804 0.70897586627980658 -0.66389074829835137 0.70897586627980658 -0.64952296344711835 0.70897586627980658 -0.63317341516812919 0.70897586627980658
-0.61484210346138368 0.70897586627980658 -0.59452902832688181 0.70897586627980658 -0.57223418976462381 0.70897586627980658 -0.54795758777460946 0.70897586627980658
-0.52169922235683885 0.70897586627980658 -0.4934590935113119 0.70897586627980658 -0.46323720123802875 0.70897586627980658 -0.4310335455369893 0.70897586627980658
-0.39684812640819361 0.70897586627980658 -0.36068094385164162 0.70897586627980658 -0.32253199786733339 0.70897586627980658 -0.28240128845526885 0.70897586627980658
-0.24028881561544807 0.70897586627980658 -0.19619457934787102 0.70897586627980658 -0.15011857965253766 0.70897586627980658 -0.10206081652944805 0.70897586627980658
-0.052021289978602163 0.70897586627980658 0.054003053406358435 0.70897586627980658 0.10998787024047314 0.70897586627980658 0.16795445050234412 0.70897586627980658
0.22790279419197138 0.70897586627980658 0.28983290130935491 0.70897586627980658 0.35374477185449471 0.70897586627980658 0.41963840582739076 0.70897586627980658
0.48751380322804311 0.70897586627980658 0.5573709640564517 0.70897586627980658 0.62920988831261659 0.70897586627980658 0.70303057599653773 0.70897586627980658
0.77883302710821523 0.70897586627980658 0.85661724164764896 0.70897586627980658 0.93638321961483884 0.70897586627980658 1.0181309610097851 0.70897586627980658
1.1018604658324878 0.70897586627980658 1.1875717340829464 0.70897586627980658 1.2752647657611615 0.70897586627980658 1.3649395608671329 0.70897586627980658
1.4565961194008605 0.70897586627980658 1.5502344413623443 0.70897586627980658 1.6458545267515845 0.70897586627980658 1.743456375568581 0.70897586627980658
1.8430399878133337 0.70897586627980658 1.9446053634858427 0.70897586627980658 2.0481525025861078 0.70897586627980658 2.1536814051141295 0.70897586627980658
2.2611920710699072 0.70897586627980658 2.3706845004534411 0.70897586627980658 2.4821586932647315 0.70897586627980658 2.5956146495037782 0.70897586627980658
2.7110523691705812 0.70897586627980658 2.8284718522651402 0.70897586627980658 2.947873098787456 0.70897586627980658 3.0692561087375276 0.70897586627980658
3.1926208821153557 0.70897586627980658 3.3179674189209396 0.70897586627980658 3.4452957191542803 0.70897586627980658 3.574605782815377 0.70897586627980658
3.70589760990423 0.70897586627980658 3.8391712004208394 0.70897586627980658 3.9744265543652051 0.70897586627980658 4.1116636717373272 0.70897586627980658
4.2508825525372052 0.70897586627980658 4.3920831967648395 0.70897586627980658 4.5352656044202302 0.70897586627980658 4.6804297755033772 0.70897586627980658
4.8275757100142807 0.70897586627980658 4.9767034079529404 0.70897586627980658 5.1278128693193556 0.70897586627980658 5.2809040941135281 0.70897586627980658
5.4359770823354561 0.70897586627980658 5.5930318339851413 0.70897586627980658 5.7520683490625819 0.70897586627980658 5.9130866275677789 0.70897586627980658
6.0760866695007323 0.70897586627980658 6.241068474861442 0.70897586627980658 6.4080320436499081 0.70897586627980658 6.5769773758661305 0.70897586627980658
6.7479044715101084 0.70897586627980658 6.9208133305818436 0.70897586627980658 7.0957039530813351 0.70897586627980658 7.272576339008582 0.70897586627980658
7.4514304883635853 0.70897586627980658 7.6322664011463459 0.70897586627980658 7.8150840773568619 0.70897586627980658 7.9998835169951343 0.70897586627980658
8.1866647200611631 0.70897586627980658 8.3754276865549482 0.70897586627980658 8.5661724164764887 0.70897586627980658 8.7588989098257866 0.70897586627980658
8.9536071666028398 0.70897586627980658 -0.73572967255451627 0.73572967255451627 -0.73424334998369911 0.73572967255451627 -0.7307752639851256 0.73572967255451627
-0.72532541455879584 0.73572967255451627 -0.71789380170470984 0.73572967255451627 -0.70848042542286749 0.73572967255451627 -0.697085285713269 0.73572967255451627
-0.68370838257591415 0.73572967255451627 -0.66834971601080295 0.73572967255451627 -0.65100928601793562 0.73572967255451627 -0.63168709259731193 0.73572967255451627
-0.61038313574893199 0.73572967255451627 -0.58709741547279581 0.73572967255451627 -0.56182993176890328 0.73572967255451627 -0.53458068463725461 0.73572967255451627
-0.50534967407784959 0.73572967255451627 -0.47413690009068826 0.73572967255451627 -0.44094236267577069 0.73572967255451627 -0.40576606183309682 0.73572967255451627
-0.36860799756266671 0.73572967255451627 -0.32946816986448035 0.73572967255451627 -0.2883465787385377 0.73572967255451627 -0.24524322418483877 0.73572967255451627
-0.20015810620338356 0.73572967255451627 -0.15309122479417206 0.73572967255451627 -0.10404257995720433 0.73572967255451627 -0.053012171692480299 0.73572967255451627
0.054993935120236571 0.73572967255451627 0.11196963366822942 0.73572967255451627 0.17092709564397854 0.73572967255451627 0.23186632104748392 0.73572967255451627
0.29478730987874557 0.73572967255451627 0.3596900621377635 0.73572967255451627 0.42657457782453773 0.73572967255451627 0.4954408569390682 0.73572967255451627
0.56628889948135497 0.73572967255451627 0.63911870545139793 0.73572967255451627 0.71393027484919724 0.73572967255451627 0.7907236076747528 0.73572967255451627
0.86949870392806472 0.73572967255451627 0.95025556360913277 0.73572967255451627 1.0329941867179573 0.73572967255451627 1.1177145732545379 0.73572967255451627
1.2044167232188747 0.73572967255451627 1.2931006366109681 0.73572967255451627 1.3837663134308176 0.73572967255451627 1.4764137536784232 0.73572967255451627
1.5710429573537852 0.73572967255451627 1.6676539244569035 0.73572967255451627 1.7662466549877782 0.73572967255451627 1.866821148946409 0.73572967255451627
1.969377406332796 0.73572967255451627 2.0739154271469395 0.73572967255451627 2.180435211388839 0.73572967255451627 2.2889367590584953 0.73572967255451627
2.3994200701559074 0.73572967255451627 2.5118851446810759 0.73572967255451627 2.6263319826340004 0.73572967255451627 2.7427605840146816 0.73572967255451627
2.8611709488231187 0.73572967255451627 2.9815630770593122 0.73572967255451627 3.1039369687232621 0.73572967255451627 3.2282926238149683 0.73572967255451627
3.3546300423344309 0.73572967255451627 3.4829492242816493 0.73572967255451627 3.6132501696566242 0.73572967255451627 3.7455328784593553 0.73572967255451627
3.8797973506898429 0.73572967255451627 4.0160435863480872 0.73572967255451627 4.1542715854340866 0.73572967255451627 4.2944813479478432 0.73572967255451627
4.4366728738893553 0.73572967255451627 4.5808461632586246 0.73572967255451627 4.7270012160556494 0.73572967255451627 4.8751380322804314 0.73572967255451627
5.0252566119329689 0.73572967255451627 5.1773569550132628 0.73572967255451627 5.331439061521313 0.73572967255451627 5.4875029314571195 0.73572967255451627
5.6455485648206825 0.73572967255451627 5.8055759616120008 0.73572967255451627 5.9675851218310765 0.73572967255451627 6.1315760454779076 0.73572967255451627
6.2975487325524959 0.73572967255451627 6.4655031830548397 0.73572967255451627 6.6354393969849399 0.73572967255451627 6.8073573743427973 0.73572967255451627
6.9812571151284102 0.73572967255451627 7.1571386193417794 0.73572967255451627 7.335001886982905 0.73572967255451627 7.5148469180517861 0.73572967255451627
7.6966737125484244 0.73572967255451627 7.880482270472819 0.73572967255451627 8.0662725918249691 0.73572967255451627 8.2540446766048756 0.73572967255451627
8.4437985248125393 0.73572967255451627 8.6355341364479585 0.73572967255451627 8.829251511511135 0.73572967255451627 -0.76248347882922596 0.76297891968616505
-0.76000627454453062 0.76297891968616505 -0.75554730683207905 0.76297891968616505 -0.74910657569187111 0.76297891968616505 -0.74068408112390693 0.76297891968616505
-0.73027982312818651 0.76297891968616505 -0.71789380170470984 0.76297891968616505 -0.70352601685347682 0.76297891968616505 -0.68717646857448755 0.76297891968616505
-0.66884515686774204 0.76297891968616505 -0.64853208173324028 0.76297891968616505 -0.62623724317098217 0.76297891968616505 -0.60196064118096781 0.76297891968616505
-0.57570227576319721 0.76297891968616505 -0.54746214691767037 0.76297891968616505 -0.51724025464438717 0.76297891968616505 -0.48503659894334777 0.76297891968616505
-0.45085117981455208 0.76297891968616505 -0.41468399725800009 0.76297891968616505 -0.3765350512736918 0.76297891968616505 -0.33640434186162732 0.76297891968616505
-0.29429186902180648 0.76297891968616505 -0.25019763275422946 0.76297891968616505 -0.20412163305889611 0.76297891968616505 -0.15606386993580648 0.76297891968616505
-0.1060243433849606 0.76297891968616505 -0.054003053406358435 0.76297891968616505 0.055984816834114708 0.76297891968616505 0.11395139709598569 0.76297891968616505
0.17389974078561293 0.76297891968616505 0.23582984790299646 0.76297891968616505 0.29974171844813624 0.76297891968616505 0.36563535242103234 0.76297891968616505
0.43351074982168469 0.76297891968616505 0.50336791065009323 0.76297891968616505 0.57520683490625812 0.76297891968616505 0.64902752259017937 0.76297891968616505
0.72482997370185676 0.76297891968616505 0.80261418824129049 0.76297891968616505 0.88238016620848048 0.76297891968616505 0.9641279076034267 0.76297891968616505
1.0478574124261293 0.76297891968616505 1.1335686806765881 0.76297891968616505 1.2212617123548031 0.76297891968616505 1.3109365074607744 0.76297891968616505
1.4025930659945021 0.76297891968616505 1.4962313879559859 0.76297891968616505 1.591851473345226 0.76297891968616505 1.6894533221622225 0.76297891968616505
1.7890369344069752 0.76297891968616505 1.8906023100794842 0.76297891968616505 1.9941494491797496 0.76297891968616505 2.0996783517077708 0.76297891968616505
2.2071890176635489 0.76297891968616505 2.3166814470470829 0.76297891968616505 2.4281556398583732 0.76297891968616505 2.5416115960974199 0.76297891968616505
2.6570493157642225 0.76297891968616505 2.7744687988587819 0.76297891968616505 2.8938700453810973 0.76297891968616505 3.0152530553311689 0.76297891968616505
3.138617828708997 0.76297891968616505 3.2639643655145814 0.76297891968616505 3.3912926657479217 0.76297891968616505 3.5206027294090187 0.76297891968616505
3.6518945564978718 0.76297891968616505 3.7851681470144811 0.76297891968616505 3.9204235009588468 0.76297891968616505 4.0576606183309689 0.76297891968616505
4.1968794991308469 0.76297891968616505 4.3380801433584812 0.76297891968616505 4.4812625510138719 0.76297891968616505 4.626426722097019 0.76297891968616505
4.7735726566079224 0.76297891968616505 4.9227003545465813 0.76297891968616505 5.0738098159129974 0.76297891968616505 5.2269010407071699 0.76297891968616505
5.3819740289290978 0.76297891968616505 5.5390287805787821 0.76297891968616505 5.6980652956562237 0.76297891968616505 5.8590835741614207 0.76297891968616505
6.022083616094374 0.76297891968616505 6.1870654214550838 0.76297891968616505 6.3540289902435498 0.76297891968616505 6.5229743224597723 0.76297891968616505
6.6939014181037502 0.76297891968616505 6.8668102771754853 0.76297891968616505 7.0417008996749759 0.76297891968616505 7.2185732856022238 0.76297891968616505
7.3974274349572271 0.76297891968616505 7.5782633477399868 0.76297891968616505 7.7610810239505037 0.76297891968616505 7.9458804635887761 0.76297891968616505
8.1326616666548048 0.76297891968616505 8.3214246331485899 0.76297891968616505 8.5121693630701305 0.76297891968616505 8.7048958564194283 0.76297891968616505
8.8996041131964816 0.76297891968616505 -0.7907236076747528 0.79072360767475292 -0.78923728510393565 0.79072360767475292 -0.78576919910536214 0.79072360767475292
-0.78031934967903238 0.79072360767475292 -0.77288773682494638 0.79072360767475292 -0.76347436054310414 0.79072360767475292 -0.75207922083350554 0.79072360767475292
-0.73870231769615069 0.79072360767475292 -0.7233436511310396 0.79072360767475292 -0.70600322113817215 0.79072360767475292 -0.68668102771754846 0.79072360767475292
-0.66537707086916853 0.79072360767475292 -0.64209135059303235 0.79072360767475292 -0.61682386688913993 0.79072360767475292 -0.58957461975749115 0.79072360767475292
-0.56034360919808612 0.79072360767475292 -0.52913083521092485 0.79072360767475292 -0.49593629779600729 0.79072360767475292 -0.46075999695333342 0.79072360767475292
-0.4236019326829033 0.79072360767475292 -0.38446210498471695 0.79072360767475292 -0.34334051385877423 0.79072360767475292 -0.30023715930507533 0.79072360767475292
-0.25515204132362013 0.79072360767475292 -0.20808515991440865 0.79072360767475292 -0.1590365150774409 0.79072360767475292 -0.10800610681271687 0.79072360767475292
-0.054993935120236571 0.79072360767475292 0.056975698547992844 0.79072360767475292 0.11593316052374196 0.79072360767475292 0.17687238592724736 0.79072360767475292
0.23979337475850901 0.79072360767475292 0.30469612701752696 0.79072360767475292 0.37158064270430113 0.79072360767475292 0.4404469218188316 0.79072360767475292
0.51129496436111843 0.79072360767475292 0.58412477033116139 0.79072360767475292 0.65893633972896071 0.79072360767475292 0.73572967255451627 0.79072360767475292
0.81450476880782807 0.79072360767475292 0.89526162848889623 0.79072360767475292 0.97800025159772064 0.79072360767475292 1.0627206381343013 0.79072360767475292
1.1494227880986383 0.79072360767475292 1.2381067014907314 0.79072360767475292 1.3287723783105809 0.79072360767475292 1.4214198185581866 0.79072360767475292
1.5160490222335488 0.79072360767475292 1.6126599893366669 0.79072360767475292 1.7112527198675416 0.79072360767475292 1.8118272138261724 0.79072360767475292
1.9143834712125596 0.79072360767475292 2.0189214920267027 0.79072360767475292 2.1254412762686026 0.79072360767475292 2.2339428239382584 0.79072360767475292
2.3444261350356705 0.79072360767475292 2.4568912095608391 0.79072360767475292 2.5713380475137639 0.79072360767475292 2.6877666488944452 0.79072360767475292
2.8061770137028823 0.79072360767475292 2.9265691419390758 0.79072360767475292 3.0489430336030257 0.79072360767475292 3.1732986886947319 0.79072360767475292
3.299636107214194 0.79072360767475292 3.4279552891614129 0.79072360767475292 3.5582562345363877 0.79072360767475292 3.6905389433391189 0.79072360767475292
3.8248034155696065 0.79072360767475292 3.9610496512278504 0.79072360767475292 4.0992776503138506 0.79072360767475292 4.2394874128276063 0.79072360767475292
4.3816789387691193 0.79072360767475292 4.5258522281383877 0.79072360767475292 4.6720072809354134 0.79072360767475292 4.8201440971601945 0.79072360767475292
4.970262676812732 0.79072360767475292 5.1223630198930259 0.79072360767475292 5.2764451264010761 0.79072360767475292 5.4325089963368827 0.79072360767475292
5.5905546297004456 0.79072360767475292 5.7505820264917649 0.79072360767475292 5.9125911867108396 0.79072360767475292 6.0765821103576716 0.79072360767475292
6.2425547974322591 0.79072360767475292 6.4105092479346037 0.79072360767475292 6.5804454618647039 0.79072360767475292 6.7523634392225604 0.79072360767475292
6.9262631800081733 0.79072360767475292 7.1021446842215425 0.79072360767475292 7.2800079518626681 0.79072360767475292 7.4598529829315501 0.79072360767475292
7.6416797774281875 0.79072360767475292 7.8254883353525821 0.79072360767475292 8.0112786567047323 0.79072360767475292 8.1990507414846387 0.79072360767475292
8.3888045896923025 0.79072360767475292 8.5805402013277217 0.79072360767475292 8.7742575763908981 0.79072360767475292
